t\s,0,0.04347826082608696,0.086956521652173921,0.13043478247826087,0.17391304330434784,0.21739130413043481,0.26086956495652175,0.30434782578260872,0.34782608660869568,0.39130434743478265,0.43478260826086962,0.47826086908695659,0.5217391299130435,0.56521739073913047,0.60869565156521743,0.6521739123913044,0.69565217321739137,0.73913043404347833,0.7826086948695653,0.82608695569565227,0.86956521652173924,0.9130434773478262,0.95652173817391317,0.99999999900000003
0.0010000000000000002,0.8943367603613448,0.8130687780312531,0.87172896782290177,0.84391461115992872,0.8881698403377466,0.85928516614679085,0.88012681104543466,0.87062539747688761,0.87155308493800998,0.88459740448763147,0.89471145440830113,0.93384842178571947,0.92494003879254616,0.92801486296145175,0.88815434336453858,1.0452371187871519,1.0028594274670002,1.0917074479001694,0.96008556416568069,1.2315424371739105,0.90749041618576609,1.5108426494373646,0.35347371948222417,0.56829328728224482
0.0010363068525512035,0.89416944408359389,0.81291857738456752,0.87156670841930273,0.84375781592982158,0.88800396485334898,0.8591272893049321,0.87996377001948733,0.87046301025513229,0.87138915370019276,0.8844284369028701,0.89434894778605745,0.93344292311209731,0.92451128791517756,0.92747787022015959,0.88786340583317602,1.0449363963112759,1.0022740409482203,1.0913441739004832,0.95896211787533847,1.2303152890883631,0.90700545237084684,1.0477523284565025,0.35050087600522772,0.57273411224650772
0.0010739318926445826,0.89399811958693709,0.81276486159455796,0.87140058173445323,0.84359740673095696,0.88783413383605725,0.85896582500945573,0.87979697256337208,0.87029705545129388,0.87122169022613682,0.88425577377624376,0.89397535347766666,0.93302486205134194,0.92406933527442103,0.92692650792682763,0.88756563556604717,1.0446288336013043,1.0016694192286277,1.0909751088881734,0.95780160336003384,1.2290525411198923,0.90651165675012946,1.0452153210183761,0.34747151831932399,0.57733521237310015
0.0011129229795208641,0.89382274758221469,0.81260771390432307,0.87123066970778507,0.84343335151332266,0.88766042626734365,0.85880079781986618,0.87962658835906604,0.87012746289479148,0.87105064834491874,0.8840794506169849,0.89359046965120581,0.93259391715563567,0.92361382735083475,0.92636088237149838,0.88726093209487011,1.044314721735939,1.0010450036505714,1.0906006445969441,0.95660295868157608,1.2277535927003322,0.90600916159190348,1.0426187209733548,0.34438721375815362,0.5821035265005321
0.0011533297100391751,0.89364333543462515,0.81244717796092514,0.87105694847101278,0.84326573906432756,0.88748285271767435,0.85863224700825524,0.87945258331472775,0.86995434055899223,0.87087617127566763,0.88389963456173315,0.89319412864560488,0.93214982635980803,0.9231445005172686,0.92578074545880007,0.88694941144748329,1.04399408506336,1.0004003053252915,1.0902213065906834,0.95536534784518157,1.2264179894684437,0.90549863295820943,1.0399623466348156,0.34124950546834043,0.58704394695041628
0.0011952034817644893,0.8934599916540269,0.81228329198291638,0.87087956640756981,0.8430945647923469,0.88730150250572126,0.85846027432698957,0.87927504422916214,0.86977779589420345,0.87069827879599482,0.8837163226255329,0.89278599618598942,0.93169232640359789,0.92266101615154816,0.9251862247962821,0.88663113114439862,1.0436669395373248,0.99973485153791941,1.0898374162757944,0.95408775927337963,1.2250451856182849,0.90498037172933432,1.0372472700897433,0.3380611506410105,0.59216321682151829
0.0012385975583455986,0.89327271266532415,0.81211619385391143,0.87069848461758748,0.84291993658900122,0.88711643521291228,0.85828495061160281,0.87909411409993266,0.86959787271924172,0.87051715740004265,0.88352966689135859,0.89236599423161356,0.9312212052738662,0.92216322297069309,0.92457724144619124,0.89355946917771223,1.0433336497280083,0.99904808538851197,1.089449634175053,0.95276922393694452,1.2236348447879433,0.90445513459163562,1.034473775985703,0.3348247812746763,0.59746731630821159
0.0012835671372667327,0.89308164965336001,0.81194591785383607,0.87051381717724197,0.8427419221633291,0.88692769633276858,0.85810641666556364,0.87890984677071327,0.86941477566144165,0.87033289919795165,0.88333975254598074,0.8919339054595925,0.93073615062138781,0.92165090164881147,0.92395381150375933,0.89287625089552769,1.0429943890804065,0.99833959639236913,1.0890586859577107,0.95140869640627379,1.2221867471713113,0.90392354167596611,1.0316431923564569,0.33154263608317081,0.60296323422289788
0.0013301694200590472,0.89288688240488412,0.81177261366579301,0.87032574807999574,0.84256069346161033,0.88673552720622939,0.85792478757322455,0.87872247946211546,0.86922855869300442,0.87014570588053963,0.88314693283429846,0.89148960061551819,0.93023704482024039,0.92112369655604298,0.92331617289607859,0.89217357340726755,1.0426493947902391,0.99760885896005469,1.0886652411798372,0.95000530278190531,1.220700191465661,0.90338625798013361,1.0287565543804229,0.32821908992286808,0.60865641165469242
0.0013784636850612507,0.89268851391874904,0.81159645805103842,0.87013436557544321,0.84237634036458164,0.88653995017737186,0.85774021866607231,0.87853209071272209,0.86903948027566369,0.86995567905997928,0.88295121220089334,0.89103286500610002,0.92972363777174705,0.92058151581022907,0.9226643584435168,0.89145119022827557,1.0422990221099933,0.99685532163959178,1.0882701053003017,0.94855795345379157,1.2191753340927054,0.90284441100733714,1.0258154146329868,0.32485765936058897,0.61455501434295456
0.001428511362821959,0.89248671866099816,0.8114175605011249,0.86993979582792491,0.84218906666231974,0.88634123126816056,0.85755288920647432,0.87833886120506643,0.86884772492663465,0.86976319246213596,0.88275289485363495,0.89056367792491242,0.92919569201688645,0.92002414624512352,0.92199865866836728,0.89070884303526121,1.0419436728599625,0.99607869092823931,1.0878741978849944,0.94706589611937986,1.2176120414917877,0.9022988983223259,1.0228218264080438,0.32146320203032985,0.62066468619025272
0.0014803761142396545,0.89228170613881996,0.81123615939366922,0.86974232853834432,0.84199909795928285,0.88613949289845895,0.85736306579493249,0.87814312981305509,0.86865349492784016,0.86956835617822181,0.88255224331054061,0.89008184179232896,0.92865314514087061,0.91945144593960149,0.92131939340761893,0.88994646760648166,1.0415838402465361,0.99527845617897059,1.0874784696910464,0.94552821619686789,1.2160103629476442,0.90175080507184069,1.0197779145351524,0.31804018324068295,0.62699352225217808
0.0015341239115396782,0.89207363284362851,0.81105246874128367,0.86954211056960551,0.84180657217414456,0.88593502149974113,0.85717095184287118,0.87794513267193519,0.86845705642969584,0.86937151683792357,0.88234960970033782,0.88958738715145957,0.92809580755126131,0.91886330036717667,0.9206268591709259,0.88916384150183292,1.0412199238933693,0.99445416090532845,1.0870842959876248,0.94394392433135188,1.2143702606039728,0.90120162786922375,1.0166866508314187,0.31459463848503333,0.63354870760213089
0.0015898231221912246,0.89186275098948387,0.81086679169864273,0.86933947274450907,0.84161184463603411,0.88572805101535723,0.85697682564398892,0.87774505625854848,0.86825879816682727,0.86917304367007131,0.8821452177893403,0.88908022782818086,0.92752366449311197,0.91825964893944456,0.91992159804073736,0.88836101033869597,1.0408526039888881,0.99360548637277957,1.0866929353143708,0.9423124935649847,1.2126921200539069,0.90065244554512436,1.0135508715720056,0.31113231342277459,0.61231123096649753
0.0016475445958711165,0.89164941557558164,0.81067936502082383,0.86913465274673984,0.84141516528240934,0.88551890355412888,0.85678111945522506,0.87754337738090449,0.86805901637392047,0.86897327153299286,0.88193963041666656,0.88856040911988043,0.92693659328392108,0.91764036667464921,0.91920404807904887,0.88753774709746225,0.98168473615400931,0.9927320804672749,1.0863055751959134,0.94063298066906942,1.2109763632764006,0.9001052260062895,1.0103741494592522,0.30766087333857683,0.61954401011792015
0.0017073617545849409,0.891433959943563,0.81049062268920602,0.86892801222717053,0.84121693072294912,0.88530794523811618,0.85658408571288669,0.87734046244353925,0.86785814315584231,0.86877269421498382,0.88173316351195608,0.88802790343303128,0.92633459543872032,0.91700550324726848,0.91847492096584382,0.88669424160276378,0.98097383285701234,0.99183370356980238,1.0859242632641268,0.9389046108509449,1.209223655273119,0.89956160433693877,1.007160576388745,0.30418751352763707,0.62703828622522906
0.0017693506860602217,0.89121662044932926,0.81030085554748688,0.86871993772616196,0.84101746354561513,0.88509558928597565,0.8563861860132298,0.8771367383629638,0.86765663276863736,0.86857172432338914,0.88152633298705874,0.8874828497905628,0.92571773286832304,0.91635514698527243,0.91773512894548048,0.88583076745853107,0.98025555702188916,0.9909099913497621,1.0105355915156906,0.9371269142001184,1.207434558703552,0.89902372836661781,1.0039149919826711,0.30072089103455824,0.63480310147599539
0.0018335902405303805,0.89099791528201999,0.81011057835265199,0.86851094465045287,0.84081732201654125,0.88488228976792316,0.85618790882246243,0.87693269235346427,0.86745491756581994,0.86837094459510022,0.88131976872642737,0.88692544685364072,0.92508603869302108,0.91568935504389115,0.91698530347735119,0.88494726239864263,0.97953139364867869,0.98996078498612228,1.0093190408153099,0.93529951466802785,1.2056102885733671,0.8984937048731545,1.0006427183025171,0.29726999558941003,0.64284635414605873
0.0019001621310326443,0.89077839973725759,0.80992027072623851,0.86830141945717387,0.8406169110332733,0.88466853528669953,0.85598982819787972,0.87672893853200218,0.86725374656813026,0.8681709142781503,0.88111407089488236,0.88635580381946233,0.92443974125493433,0.91500838759284164,0.91622673343505312,0.88404415917745882,0.97880252200798834,0.98898589519073177,1.008089655722797,0.93342195490436275,1.2037518710534689,0.89797402106971447,0.99734968132353374,0.29384600243583492,0.65117797137770594
0.0019691510373474265,0.89055854221091701,0.80973051620859393,0.86809199573004014,0.84041680686427589,0.88445492008736182,0.85579257517207141,0.87652605353043989,0.86705361637993295,0.86797235350489244,0.88090989330477254,0.88577432300091341,0.92377900890010611,0.91431236224404988,0.91546044929047099,0.88312176174064183,0.97807064082311124,0.98798553712513748,1.0068492998540997,0.93149395796462997,1.2018606420863653,0.89746727156499895,0.99404279515537941,0.29045913568086235,0.65980780671998218
0.0020406447137114505,0.89033894426941429,0.80954190556878314,0.8678832574024169,0.84021769945689295,0.88424209332643011,0.85559672118473395,0.87632474501235591,0.86685534533870623,0.86777602317344049,0.88070809374972625,0.88518128803267504,0.92310408690159429,0.91360171498856246,0.9146878231225255,0.88218067495804742,0.97733750304359246,0.98695946103081611,1.0056004484094876,0.92951535131243723,1.1999388996817331,0.89697678690187821,0.99072924655273775,0.28712231379084585,0.66874480909586964
0.0021147341004415644,0.8901203514419942,0.80935513584628183,0.86767600210672613,0.84002020025093682,0.88403077427022936,0.85540307702508167,0.87612580873132351,0.86665967403195399,0.86758274072859032,0.88050950400220585,0.88457706592068741,0.92241548682355567,0.91287689699122243,0.91391046321252656,0.88122154554869714,0.97660522699104568,0.98590791478610329,1.0043459135580859,0.9274861863334829,1.1979882198075957,0.89650561786779259,0.98741785888817191,0.283848509137961,0.67799911746260477
0.0021915134396113,0.88990345406713733,0.80917096822805601,0.86747088621659463,0.83982519635627628,0.88382180039395242,0.85521253698994504,0.87593012584740459,0.86646737449982481,0.86739344803040419,0.88031509961220156,0.88396224839246396,0.92171361884736669,0.91213836572991214,0.91313010741565037,0.88024504928790936,0.97587588022829674,0.98483094438290208,1.0030884262974542,0.92540668573241813,1.1960110887351068,0.89605772154494878,0.9841177276819566,0.28065302695919314,0.68758175943935385
0.002271080394927248,0.88968919547167058,0.80899032547575012,0.8672688734656826,0.83963349876084103,0.88361604922788417,0.85502584391582537,0.87573863057515622,0.86627967161724173,0.86720916993354535,0.88012590203138208,0.8833375038323461,0.92099908634408045,0.91138684993759655,0.91234863113319964,0.87925225654408967,0.97515215875984396,0.98372914330940953,1.0018315180005439,0.92327727859497877,1.1940103280974421,0.89563680306787063,0.98083941760258242,0.2775513152201512,0.72417029614052808
0.002353536175957802,0.88947846824841448,0.8088141315557944,0.86707089107651192,0.83944611725218843,0.88341447136696472,0.85484418206637558,0.87555239729079015,0.86609744353242379,0.86703099050977361,0.87994317407153222,0.88270360047374086,0.9202725523913089,0.91062302695284614,0.91156830603715333,0.87824423376657645,0.97443670684565964,0.98260288649453043,1.000578798704356,0.92109856483614827,1.1919892213499326,0.89524739770137318,0.97759447936017463,0.27456062672065684,0.73505021090340961
0.0024389856668722248,0.88927230335775853,0.80864337510015472,0.86687801306610923,0.83926403914208969,0.88321822519152149,0.85466863936911541,0.8753725914641759,0.86592202246992178,0.8668602831418033,0.87976810610121581,0.88206127890137886,0.91953489129270061,0.90984792925634528,0.9107916105756475,0.87722221627228547,0.97373276915913065,0.98145279232843941,0.99933453077985845,0.91887156900924261,1.0812755968011754,0.89489393184657118,0.97439546540501798,0.27170002798267845,0.74631672789996628
0.002527537559853855,0.88907195240012504,0.8084792659076051,0.8666914469379281,0.83908856241185448,0.88302855414921089,0.85450047949723462,0.87520051885794459,0.86575464631514287,0.86669829429697964,0.87960223221416156,0.88141167148854982,0.91878712714928223,0.90906252330894133,0.91002125810038192,0.8761878644945007,0.97304356416143589,0.98027976680428919,0.99810337797899784,0.91659720087557339,1.0804326340928587,0.89458250071105205,0.97125644730665206,0.2689891750685689,0.757981601837173
0.0026193044933570972,0.88887860230288718,0.80832311326551942,0.86651245176708103,0.83892096218759571,0.88284668881226069,0.85434102373079457,0.87503762685957676,0.86559677708140426,0.86654659346143614,0.8794470112638022,0.88075595620043967,0.91803032901156101,0.90826813492896685,0.96206710159471864,0.87514285562441263,0.97237312014321042,0.9790847075558059,0.99689051426070474,0.91427729478414843,1.0796457962076838,0.89431812249311371,0.96819266417410255,0.26645059451203323,0.76950582427366498
0.0027144031953841201,0.88869375198368061,0.80817629471268249,0.86634253923535942,0.83876250354300497,0.88267421750472053,0.85419184343871302,0.87488544373806021,0.86545008184188832,0.86640684508494803,0.87930426340673917,0.88009544536644913,0.91726583190874234,0.90746609724682947,0.96113659565955878,0.87408930264848705,0.97172549824708132,0.97786890013294836,0.99570166879983013,0.91191362826730327,1.0789238139465311,0.89410739539505357,0.96522149339434882,0.2641074238091754,0.78121280367417967
0.0028129546319634463,0.88851890953184021,0.80804032930118896,0.86618318929814331,0.83861497524314765,0.8825126810430427,0.85405453755376337,0.87474566399023179,0.86531620554339295,0.86628093832144826,0.87917577192205176,0.87943160859809288,0.91649518353363746,0.90665817509054802,0.96020200777092235,0.87302930426591352,0.97110518597206719,0.97663386235310834,0.99454308177742057,0.90950831641257235,1.0782759896678793,0.89395699859274336,0.96236092518849736,0.26198505474169309,0.79330013348749162
0.0029150841610193702,0.88835579279729704,0.80791695585699108,0.86603622022571258,0.83847994073392451,0.88236390506432638,0.85393089826443314,0.87462022131441464,0.86519710203048861,0.86617065073763744,0.8790636875683242,0.87876616370005178,0.91572015009442165,0.90584621417937972,0.95926563917683882,0.8719656595334877,0.97051745588230531,0.97538100221104018,0.99342183908041504,0.90706418210385298,1.077712784982126,0.89387445642544749,0.9596312126613662,0.260111055809503,0.80577494321983067
0.0030209216918278487,0.88820632301225699,0.80780802150086539,0.86590347537418433,0.83835947470977001,0.88222980629847014,0.85382301678511263,0.87451115369658028,0.86509486284553627,0.86607832294029896,0.87897019860249359,0.87810122948781544,0.91494265596418378,0.9050323112581582,0.95833045746785928,0.87090136837873089,0.9699677779811442,0.97411276785732581,0.99234561507333474,1.0167508191242252,1.0772454425619093,0.89386767274563916,0.95705493089160343,0.25851451640771828,0.84915923376206592
0.0031306018502617766,0.88807248099072444,0.8077155198720134,0.865787046376155,0.83825548240719583,0.88211256867074617,0.85373296100242202,0.87442069171216652,0.86501172965737494,0.86600625823289823,0.87889772104524777,0.87743884454722065,0.91416495355453842,0.90421896103665023,0.95739954009963224,0.86983963996917757,0.96946222866134768,0.97283107486458076,0.99132281769518293,1.0157052333559438,1.0768863161583524,0.89394538302611859,0.95465546661421108,0.37585509742365453,0.86274030607091845
0.0032442641500357553,0.88795661196068765,0.80764165022419732,0.86568919397645105,0.83817029273661092,0.88201448584117403,0.85366312532690336,0.87435123511814561,0.86495026624421179,0.86595706140378037,0.87884901605972876,0.87678157052621541,0.91338957510048768,0.90340879220885117,0.95647631851822812,0.86878430073230395,0.96900745799460775,0.97153880502595236,0.99036268854910592,1.0146684246660795,1.0766485420940055,0.89411721586969017,0.95245937114945844,0.37460606492902748,1.1602111721178971
0.0033620531701682613,0.88786107405275372,0.80758888126441164,0.86561242961327589,0.83810635063147632,0.88193808718494071,0.8536161237398312,0.87430548860160795,0.86491314537905373,0.86593356013668465,0.87882689328004338,0.87613214804591233,0.91261943894765807,0.90260490522426873,0.95556486814739117,0.86773956568980437,0.96861064757789395,0.9702390114384849,0.9894754192310069,1.0136445101441771,1.076546392001458,0.8943929845344778,0.95049501199046293,0.37372608375666072,1.1787005071541898
0.0034841187388868658,0.88778869089775503,0.8075597859394813,0.86555937493387092,0.83806633106347139,0.88188618202768609,0.85359471433906919,0.87428639124922469,0.86490322979484047,0.86593873237882779,0.87883462703391979,0.87549363286044568,0.91185748306908376,0.90181056983396457,0.95466940423914703,0.86671006433541675,0.96827976110313108,0.96893515816039522,0.98867202297605949,1.0126388052893818,1.0765957566929811,0.89478392947876406,0.948792681898877,0.37325270933913268,1.1978092428144009
0.0036106161242105187,0.88774226168710979,0.80755725295485992,0.86553302435749147,0.83805319372950948,0.88186171150495352,0.85360189945718368,0.87429704863983748,0.86492378826984795,0.86597593835211029,0.87887544389800976,0.87486946502678875,0.9111074508067456,0.90102978055335503,0.95379485690449695,0.86570103640273621,0.96802335892270519,0.96763116290651729,0.98796467964575374,1.011656699213501,1.0768134723221721,0.89530186376099108,0.94738629018844467,0.37322646832198147,1.2175536197585188
0.0037417062314512271,0.88772489492703688,0.80758433223976467,0.86553648698667818,0.83807002267661901,0.88186799440787189,0.85364102231359329,0.87434084264850997,0.86497823461089629,0.86604866531442948,0.87895318725645954,0.87426344727243688,0.91037318424240921,0.90026664193313832,0.95294654311322358,0.86471830460248866,0.96785081125684691,0.89322975449733955,0.98736657468802447,1.0107041742333291,1.0772177474116487,0.64649501520372088,0.94631144004875267,0.37368992291167302,1.2332337814698349
0.0038775558078864491,0.88774017437887531,0.80764435427575554,0.86557324580386652,0.83812027481313189,0.88190851917436797,0.8537156468324274,0.87442140784200584,0.86507032193350697,0.86616083298903934,0.87907174701283364,0.87367981701055553,0.90965911654695608,0.89952589807418259,0.95213044712151351,0.8637683037231163,0.96777213185099098,0.89283183127936816,0.98689187829690317,1.0097880300934086,1.0778280310769262,0.64574663945771971,0.94560679719913932,0.37468813545073093,1.254170051208348
0.0040183376548624441,0.88779175480752826,0.80774099824976309,0.86564701456023396,0.83820763694245337,0.88198710959543125,0.853829562654006,0.8745427351303614,0.86520410082825783,0.86631657419526287,0.87923554520000358,0.8731232263667551,0.90897010473193873,0.89881274046184623,0.95135305910666368,0.8628580080013345,0.96779837229536114,0.89250881398428161,0.9865562464310077,1.008915631159109,1.0786655629667248,0.64517407217755096,0.94531430506658332,0.3762695804368269,1.2757637368347332
0.0041642308475984867,0.88788354495260735,0.80787807828637648,0.86576178698332829,0.83833610477190945,0.88210789459195016,0.85398696434130561,0.87470912631153852,0.86538388532582322,0.86652039765318778,0.87944908900982244,0.87259864077684479,0.90831147449855765,0.89813285036830626,0.9506215430810121,0.86199537156668926,0.96794112423532597,0.89227000557329506,0.98637652805196974,1.0080950326250244,1.0797530750512423,0.6447979753039198,0.94547866840030537,0.37848448508824872,1.2980643823568698
0.0043154209629714174,0.88801999846115254,0.80805977380198135,0.86592187813851584,0.83851003332203189,0.88227528858108151,0.8541922964079548,0.87492517155106342,0.86561428866156365,0.86677696904254875,0.87971732777115952,0.87211189080633078,0.90768911229154092,0.89749251759308479,0.94994378763824328,0.86118873206862889,0.96821320268495348,0.8921260679312879,0.98637084078182302,1.0073350896799094,1.0811148098365844,0.64464119962344957,0.94614774598045237,0.38138633602726835,1.3210524251833249
0.0044721003155703968,0.88820570561473289,0.80829066367974911,0.86613195232205642,0.83873390499737588,0.88249405347106336,0.85445028644628174,0.87519573491316516,0.86590038329462304,0.86709161725678718,0.88004574123990975,0.87166896328728027,0.90710957182525997,0.89689876696200277,0.94932839273779068,0.92982132432559228,0.96862820074759548,0.89208826722790002,0.98655883227071461,1.0066455024910808,1.082776735974623,0.64472749403352347,0.94737304922119847,0.38503131913224675,1.3297889147031583
0.0046344682023220004,0.8884456652609023,0.80857547115419104,0.86639690527622726,0.83901276962355698,0.88276929207362209,0.85476613602808205,0.87552620113986401,0.8662474383353348,0.86746971856206145,0.8804398167805032,0.8712767502323483,0.90657979863948857,0.89635902884744734,0.94878478517762055,0.92921088391395257,0.96920077589064091,0.89216871685147314,1.0903370463496111,1.0060367728733264,1.0847665898297745,0.64508304184886001,0.94920925036354653,0.38947915565157909,1.3522985222352872
0.0048027311559969499,0.88874516999913933,0.80891944501100121,0.86672213412512455,0.83935187068063821,0.8831064700186505,0.8551452462844833,0.87592203095070653,0.86666120650677336,0.86791712156897449,0.88090568015027682,0.87094244504618512,0.90610768327072599,0.89588173341761879,0.94832313502489241,0.92865397105519121,0.96994654642308586,0.89238047063479353,1.0896491589980322,1.005520400142891,1.0871140781463486,0.64573507885694248,0.95171471813818442,0.39479128507222971,1.3754003066476344
0.0049771032079208013,0.88910996881566962,0.80932796492768921,0.86711327118957515,0.83975682499468107,0.88351135628839894,0.85559342798674343,0.87638930488535149,0.86714770297444321,0.86844012182582586,0.88144983630542106,0.87067408858012796,0.90570174775059575,0.89547578748402112,0.9479545397586806,0.9281589747507758,0.97088210346480053,0.8927376230255768,1.0891213184117965,1.0051085502681101,1.0898501628826738,0.64671302706335299,0.95495165111848479,0.40103297262682336,1.3990964846943825
0.005157806160222907,0.88954603323858861,0.8098069280651059,0.86757634262791927,0.84023362287165182,0.88399011897802715,0.85611690308097277,0.87693436565449978,0.86771340605111125,0.86904525458733839,0.88207901121390098,0.87048031798036962,0.90537107275864215,0.89515100887735599,0.94769104397221238,0.9277350548278489,1.0313576743643593,0.89325516215416201,1.088773155657258,1.0048146226192933,1.0930086398091712,0.64804817112662594,0.81470080467023909,0.40827221946418568,1.3565462333410778
0.005345069867969808,0.89005984423949891,0.81036246707263093,0.8681176802970012,0.84078866995633494,0.88454936662644235,0.85672214654482026,0.8775638257549998,0.8683650825852447,0.86973948048703453,0.8828004079762517,0.87037051956151146,0.90512572273616265,0.89491822110662422,0.94754545076804808,0.92739237486144166,1.0310756192627073,0.89394913691208355,1.0886260418503553,1.0046529620233506,1.0966243260047985,0.64977286429587799,0.81206462245761535,0.41658019369978216,1.3802391618601177
0.0055391325315420729,0.89065816217167038,0.81100105523817578,0.86874405654882081,0.84142854212122753,0.88519593985458433,0.85741609159693155,0.87828484772017856,0.86910989227319402,0.87053016351188972,0.88362163210599465,0.87035477242871584,0.90497648721466506,0.89478868093127273,0.94753189176561037,0.92714145423695293,1.0309336171622028,0.89483655143804519,1.0887030313105071,1.0046388105950859,1.1007341597542348,0.65192184822608734,0.81007004308688979,0.426030532985326,1.4046365446622531
0.0057402409996263441,0.89134809535467285,0.81172955467503871,0.8694624723184553,0.84216034052420741,0.88593703602224072,0.85820587654848923,0.87910470159006504,0.86995529895812407,0.87142483223923173,0.88455048198458641,0.87044387505693632,0.90493499796593024,0.89477481492966238,0.96200561660036277,0.92699413736177783,1.03094774200886,0.89593547250673033,1.0890283721889562,1.0047884440385413,1.1053770955740116,0.65453134530028034,0.8087890688941981,0.43669982544177266,1.3389680328637041
0.0059486510832081497,0.89213715113661185,0.8125550896058914,0.87028025782183827,0.84299134580557555,0.88678024789095344,0.85909901227465213,0.88003117129064357,0.87090909115323689,0.87243163383971056,0.88559527731556453,0.87064954468123235,0.90501373049005451,0.92108746005414788,0.96406495800757508,0.92696283100707544,1.0311350128882237,0.89726488897338985,1.0896280361684301,1.0051192088177179,1.1105928793506976,0.65763906019772556,0.80829858188078907,0.44866760634956648,1.3646607108644275
0.0061646278809647488,0.8930329652017821,0.81348495250619324,0.87120525677131178,0.8439291950611878,0.88773340506249243,0.86010329299232657,0.88107218595673142,0.87197937740947407,0.87355862109797677,0.88676444521912878,0.87098409748347738,0.9052260568381747,0.9214395085087167,0.96634262842681851,0.92706095596482063,1.0315135894115075,0.89884496214540199,1.0905297513609384,1.0056494223744963,1.1164242557366997,0.66128424683111575,0.8086800179011786,0.46201615889527403,1.3912943432785596
0.0063884461164719786,0.89404365903153937,0.8145268879626717,0.87224518555393804,0.84498181193394528,0.88880460871430478,0.86122686373524227,0.8822359220525382,0.87317445899624668,0.87481429539197819,0.88806675179043493,0.87146068981585267,0.90558623898283941,0.92190070582416661,0.96885325254740096,0.92730298524450416,1.032102488955803,0.90069640563442199,1.0917626380989174,1.0063982641592464,0.98917858889499599,0.66550740681843479,0.81001944923145819,0.47682989111135399,1.418842892853263
0.0066203904876540346,0.89517744544381006,0.81568864202651703,0.87340823345791174,0.84615719748498308,0.89000217789706437,0.86247780802668061,0.88353085099541118,0.8745028150321621,0.87620721027351933,0.88951098850271193,0.87209321165759113,0.90610926625464616,0.92248132988576392,0.97161162579942384,0.9277039696253091,1.0329217947062825,0.90284129193778195,1.0933573523869304,1.0073856573959965,0.9926651742205439,0.6703502855811756,0.81240757419182341,0.4931955773859471,1.362756930522437
0.0068607560289206783,0.89644268843698738,0.81697819655121273,0.87470259250690641,0.8474635736001469,0.8913345444420453,0.86386448108773273,0.88496527733505859,0.87597300265209155,0.87774620920703805,0.89110619319670281,0.87289634245765191,0.90681110525472119,0.92319213209915341,0.97463266223683132,0.92828002670886334,1.0339924078546854,0.90530195171917249,1.0953458157011426,0.87557927707588146,0.99688151088364352,0.78555725806599686,0.81594004208949844,0.51120208266167211,1.3919447528403452
0.007109848486452487,0.89784780019135368,0.8184034908476896,0.87613654869195357,0.84890915118353205,0.89281015802083641,0.8653952417661378,0.8865478674410241,0.87759356873193417,0.87943975407832431,0.89286124286481394,0.87388523884420688,0.90770844866196687,0.92404423945816461,0.97793106605706126,0.89825263626716101,1.0353358973808675,0.90810152287589929,1.0977614470057697,0.88026252116125825,1.0018850899483338,0.7865026458372657,0.82071642850582416,0.53094029939169118,1.421904268927392
0.0073679847071115197,0.89940126672146126,0.8199723649714914,0.8777182963652298,0.85050214586091033,0.89443739286201607,0.8670782634955968,0.88828676459133338,0.87937296146072996,0.88129639757717693,0.89478478918882853,0.8750758399972165,0.9088185483572826,0.92504916999959774,0.98152127229339781,0.90175625701008233,1.0369744222921708,0.84924348077533862,1.1006383751082576,0.88547209908566593,1.0077350759936401,0.78799447460403593,0.82684010882171366,0.54787570554516307,1.4100982359204863
0.0076354930414721384,0.90111121180012943,0.82169258188880934,0.879455874723159,0.85225046832153972,0.89622433571935811,0.86892155938816051,0.89019013998209007,0.88131933765607562,0.88332423515271619,0.89688528089774755,0.87648437636634224,0.91015946249188462,0.92621853331866899,0.98541710403016047,0.90559224314750519,1.0389305423491266,0.85089848136708879,1.1040115207119914,0.89123910818757235,1.0144914263088456,0.79007934252604861,0.83441767266936839,0.56963938045578644,1.4407109724349993
0.0079127137614846063,0.902985524772554,0.82357133588734588,0.88135676940047236,0.85416178446064517,0.89817889424902431,0.8709327114179467,0.89226561078449218,0.88344036762667078,0.88553100391975381,0.89917051224813294,0.8781275544726852,0.91174948448403559,0.92756432986387594,0.98963128176491666,0.90977703013411482,1.0903566168183174,0.85299030510830587,1.1079163104376408,0.89759375946984044,1.0222151363349026,0.79280476409061473,0.84355879645771603,0.5933884949569439,1.4691601464555788
0.0081999994933027124,0.90503158766710179,0.82561549504363974,0.88342817850254685,0.85624311616792381,0.90030816342632602,0.87311866669515259,0.89452005633689113,0.88574295452777707,0.88792351291809779,0.90164756045447381,0.88002197796790149,0.91360722786367088,0.92909831435000589,0.94080421187950691,0.91432593658049743,1.095229441115936,0.85555333572785353,1.15399561075278,0.90456497489030241,1.0309663826906972,0.79621811636330908,1.3027186826409478,0.61920233285349724,1.5032249357914225
0.0084977156658260031,0.9072559820334013,0.82783109073284666,0.88567634354906533,0.85850073362701218,0.90261863393536323,0.87548548306301288,0.89695961550419034,0.88823336744124526,0.89050775508077529,0.90432241266080837,0.88218430674222925,0.91575123645334755,0.90565804932275507,0.9463897647772993,0.91925298880616513,1.1004413807737801,0.85862201435310626,1.1611594254534801,0.91217974506975708,1.0408046097732067,0.80036658998817845,1.3180257994826343,0.64715509403779237,1.5375588568890635
0.0088062409755271989,0.90966428470692584,0.8302230425567021,0.88810649294819455,0.86093992041199552,0.90511551614452412,0.87803824269856412,0.89958904635802073,0.8909162855143764,0.89328827169250147,0.90719982651156583,0.88463075104954558,0.91819990819946251,0.91044042221861932,0.95245837401038802,0.92456996974880123,1.1059970227036704,0.86223089736004166,1.168866475906694,0.92046198253322942,1.0517869847836447,0.80529630391286033,1.3349690860083534,0.67731364553696238,1.7692339355348849
0.0091259678681560284,0.91226078827827795,0.83279505346399341,0.89072249389966296,0.8635646311427646,0.90780281953017461,0.88078040146887338,0.90241181401205317,0.89379513068175453,0.8962680868437054,0.91028265406492792,0.88737671284734865,0.92097063119660938,0.91555310961051806,0.95902388983956832,0.93028616050804924,1.111897317745695,0.8664133222765491,1.1771280495556919,0.9294323254716339,1.0639672876908755,0.81105111541142616,1.3536112773704749,0.70973737010666582,1.8155561108817437
0.0094573030379321976,0.91504810851580387,0.83554914949477976,0.89352653719949904,0.86637702233310754,0.91068261107383941,0.88371379611898471,0.90542928188856042,0.89687125227557607,0.89944808811614729,0.91357172513675489,0.89043660073311137,0.92408001853566468,0.92099804003472041,0.96609636310319436,0.93640721695855067,1.1181390507068483,0.87120147973825368,1.1859501426852592,0.93910603768322964,1.2059822039483978,0.81767171951608419,1.3740036990052618,0.74447237666352351,1.89138553163707
0.0098006679448624564,0.91802667417081629,0.8384852653696061,0.89651879533298162,0.86937729146607046,0.91375491987221513,0.88683786409050069,0.90864060512919598,0.9001435882990364,0.90282675738790463,0.9170651962921097,0.89382274961179409,0.92754280147537327,0.92677331200368562,0.97368143973808929,0.94293462173745457,1.1247135431268369,0.87662520526231358,1.1953329661429584,0.84912813562199685,1.2146954899016691,0.82519414046814032,1.3961847555006184,0.78155130896550418,1.9308244756807653
0.010156499350839883,0.92119462860252788,0.84160099041218783,0.89969670875242191,0.87256304851928923,0.91701710188476682,0.89014949061160054,0.91204206687741785,0.90360839111840985,0.90639951318985079,0.92075816675043332,0.8975455786204668,0.93137151805306095,0.93287199865654147,0.98177847700887411,0.94986465795741459,1.1316064348002359,0.95540389809124182,1.2052690044086649,0.85753724860268243,1.2243250148612972,0.83364849194687163,1.4201750790834309,0.82098641745418632,1.9425872713259196
0.010525249875207218,0.92454699823772046,0.84489085847904843,0.90305474364136962,0.87592893952980067,0.92046332588226409,0.89364235648711166,0.91562669289358123,0.90725833039812076,0.91015822671305613,0.9246420349226494,0.90161235599381084,0.93557558794037887,0.93928168724165739,0.99038012692636246,0.88451878467665068,1.138796036947304,0.96004189305821108,1.2157416647004817,0.86685896771378723,1.2348871710297813,0.8430566626580529,1.4459736898135196,0.99646335577056533,1.9830120289607294
0.010907388570490948,0.92807522054514024,0.84834597817330404,0.90658389667954553,0.87946598442548252,0.92408425254903925,0.8973064064398244,0.91938368476242227,0.91108219659057443,0.91409074144221236,0.92870393009617358,0.90602677354796113,0.94016072939656792,0.94598313991808536,0.98152996375528179,0.89262691405619421,1.1462521020328418,0.96516412788973305,1.2267236693756334,0.87711413963101981,1.2463875039519086,1.080795476762022,1.4735534656224374,1.0447441637582884,1.9613893039352206
0.011303401519038452,0.93176675573926804,0.85195352983871331,0.91027102070307953,0.88316130994026043,0.92786613991682865,0.90112729133399561,0.92329766840207939,0.91506435355152527,0.9181800543679457,0.93292592677559449,0.91078771294207073,0.94512779818662696,0.89296944143682255,0.98863620938960817,0.90144038549499239,1.100705863248608,0.97077429565143514,1.1247452461903857,0.88831378982059905,1.2588187438539467,1.0969873114187898,1.5028528042112264,1.095121588438154,1.993953795947391
0.011713792451317229,0.93560420868400929,0.85569598783205425,0.91409811316699752,0.8869970856635313,0.9317903814602928,0.90508577760572417,0.92734824491704915,0.91918382287698375,0.92240386649219874,0.93728467692938555,0.91588862412157801,0.95047174623687258,0.90021641004109143,0.99628541261134329,0.91095809175840436,1.1122405910818935,0.97686883037040695,1.1390348183712447,0.90045630613925898,1.2721577829295865,1.1136889366414575,1.5337726313522415,1.1474119003274481,1.9359645430095043
0.012139083386662601,0.93956483468171048,0.85955082133123029,0.9180418873010574,0.89095031639563993,0.93583288018916311,0.9091569909143935,0.93150918942530914,0.92341377506773381,0.92673379989898041,0.94175027458218885,0.92131623139383079,0.9561807473399222,0.90803879993794889,1.0044608985718564,0.9211676872534218,1.1241519719084505,0.98343562758760172,1.1539979423458249,0.9135246859387558,1.2863634472967937,1.1307849667673793,1.5635811819700649,1.2013687507858926,1.934278975596385
0.012579815297288934,0.94362007700290285,0.8634895173128303,0.9220731040951321,0.8949920562866196,0.93996343064564092,0.91330994527678933,0.93574796867533605,0.9277210702364862,0.93113474202902768,0.94628628313345686,0.9270495963405665,0.96223446443298588,0.91642088712977743,1.0131341028137866,0.93204324973219865,1.1363581450070253,0.99045287507588009,1.1695608866545024,0.92748370613214481,1.3013718268699228,1.148131131086795,1.6070634281093277,1.2566728561284073,2.0192953589997842
0.013036548796408986,0.94773461976785545,0.86747743587285497,0.92615590344340371,0.89908690352516574,0.94414510556332543,0.91750704832467123,0.94002512643451841,0.93206536115749783,0.93556456614936501,0.95084839141076338,0.93305869377594974,0.96860324019982336,0.92533468572979682,1.0222622223496944,0.97789461146183632,1.1487575133218348,0.99788662609807188,1.1856267315156688,0.94227681363350024,1.4495780455715011,1.1655508192215276,1.651506928195019,1.3129194696813755,2.1150524311594836
0.013509864851336774,0.95186611236218577,0.871472987688515,0.93024744062562836,0.90319239547278762,0.94833372607822164,0.92170327267179153,0.94429377540728121,0.9363988844954203,0.93997309851809852,0.95538462640188559,0.93930331721236859,0.97524625735450232,0.95192299166365946,1.0317864778539905,0.98639159484601358,1.1612264928298854,1.0458812371021873,1.2020718508520856,1.0732260298273097,1.4682336557997182,1.1828318579466508,1.6965365382981332,1.369608233762305,2.1858611520377167
0.014000365522480943,0.95596475661093661,0.87542748792336045,0.93429742556726481,0.90725867751052303,0.95247743715626021,0.92584613855259235,0.94849917548826401,0.94066588241239635,0.9443022984386148,0.95983435593286726,0.94573181716773003,0.98211066793740665,0.95791589206828009,1.0713087991223491,0.99530481605872367,1.1393690065648578,1.0570794100657865,1.2187434343141477,1.084870163220691,1.4866219414066277,1.0411894356023481,1.7416930309094596,1.4261285720640942,2.1923808009191248
0.01450867472916862,0.95997283213579387,0.87928477867113009,0.93824771271136553,0.91122820633172286,0.95651655896976295,0.92987529645239531,0.95257868279968627,0.9448025422961287,0.94848590476802608,0.96412881806055617,0.95227998579218243,0.98912993504878366,0.96413811373161717,1.0774413612047526,1.0045624407112796,1.1506950829020923,1.0680700886803729,1.2354557512128355,1.0965476949718704,1.5044694467491828,1.0679479135069592,1.7864246587416801,1.4667185441758905,2.1727787413379644
0.015035439043273929,0.96382476610765178,0.88298126023438683,0.94203260970588865,0.9150358525788781,0.96038341595658072,0.93372261716886484,0.95646171150932058,0.94873723859704417,0.95244957031533528,0.96819068050083568,0.95887009844265414,0.996222732749382,0.97052482597179346,1.083411758436825,1.014072500864508,1.162041970804228,1.0786776540489824,1.2096534599478648,1.108080059078858,1.5214604280321407,1.0942461506874999,1.8300783214636454,1.517413809253144,2.1143187644838406
0.015581328511660681,0.96744739507446609,0.88644623000544642,0.94557877599720064,0.91860905713346641,0.96400282928375591,0.9373125846947904,0.96007003231083121,0.95239050249979829,0.95611145055570401,0.97193516019333448,0.96541012435723839,1.0032923875578315,0.97699561352633557,1.0891094865471926,1.023720609548161,1.1732356849365746,1.0887032862377377,1.2215514683593338,1.1192585746554158,1.5372365891976023,1.1196513428461969,1.4375024435988806,1.5648643383031762,2.0596847384057639
0.016147037508485406,0.97076052248897637,0.8896022944946741,0.94880620963187101,0.92186855640287346,0.96729272829635982,0.94056289085420519,0.96331885264430184,0.95567639949867256,0.95938299399409999,0.97527076045036853,0.97179344555065028,1.0102258396185371,0.98345341340292836,1.0944093761204972,1.0624981370003186,1.1840743971521592,1.0979253259528718,1.233259824451763,1.1298446519786502,1.4538134009128827,1.143671562301904,1.4764129198936509,1.607880845775373,2.0178216081744011
0.016733285618444747,0.97367789724981058,0.8923667723346298,0.95162913133071192,0.92472930365601458,0.97016520797699746,0.94338589852866017,0.96611795383648624,0.95850359406402974,0.96217061488191935,0.97810071823038558,0.97789883976637215,1.0168942107153642,0.99482287215990073,1.1207394742528443,1.0704616052282294,1.1943285427892523,1.0499558887955005,1.24455104618471,1.1587613284215594,1.4741003090869231,1.1657585204772545,1.5139583223864186,1.645159987474571,1.9355618395146976
0.017340818552090808,0.97610916444085238,0.89465323232132743,0.95395783368247755,0.92710245305438421,0.97252851029802412,0.94569026351475327,0.96837364938949611,0.96077740943691392,0.96437769673254137,0.98032553650109344,0.98359161471853029,1.0231531519685353,1.0006730222305769,1.126754945246303,1.0775955956207386,1.2057789699370485,1.0631780380380338,1.2551673881835408,1.1723045504843852,1.492363573383225,1.1853140604875527,1.5493336323065776,1.6753054830135454,1.7908129858789934
0.017970409094378741,0.9779617677038186,0.89637360722132042,0.95570087869956077,0.92889753008268738,0.97428923520382205,0.94738347795083389,0.96999143456999615,0.96240250571825958,0.96590737765481183,0.98184581981485652,0.98872481737541962,1.0288447161029322,1.0057992025791904,1.1315167974273597,1.0836643063895144,1.2089040003067195,1.0750977410593499,1.313073100503924,1.1837534673615595,1.5080426043871491,1.1170787135933833,1.5816373512234545,1.6711971041006279,1.6602674962478581
0.018622858087653158,0.97914418660781588,0.8974413100542834,0.95676825002388621,0.93002521271806082,0.97535566222021863,0.94837517993715115,0.970879259176195,0.96328634624555098,0.9666665296132696,0.98256613571491314,0.99314256530119971,1.0337999344514792,1.0100123729569326,1.1347892586312125,1.0884171415536426,1.2106273526475606,1.0853440546282977,1.3126005745241791,1.1926409131004303,1.5205442847325079,1.1342147877942974,1.6098825188904176,1.6897800305311819,1.5858061181117193
0.019298995450323576,0.97956964763071297,0.89777496142079816,0.95707518792013468,0.93040177740030416,0.9756414620016568,0.94858116302275297,0.97095189850711372,0.9633435452921294,0.96656962778608213,0.98239963120498874,0.99668348364579584,1.0378431589991655,1.0175410524445061,1.1363362776382366,1.0785526208759659,1.2107377961928005,1.0935305874875092,1.3098792526811804,1.1984907754885672,1.5292583927540577,1.1486576513471431,1.8567914422309482,1.6970729069419974,1.6250289727316405
0.019999681232524824,0.97916111352077351,0.89730300655902584,0.95654692466140867,0.92995314810178287,0.97507105830630381,0.94792809116775556,0.97013592003992444,0.96250080145652972,0.96554455127578676,0.98127330056507178,0.99918647449347209,1.0407975092296504,1.0219689720366856,1.1136729374511212,1.0837557053564462,1.2108480903337595,1.0874709209994791,1.3046909854123339,1.1183824144881158,1.4804408962303142,1.1598165843270691,1.8524087907126265,1.6917803692732036,1.4723701859940683
0.020725806710105182,0.97785632240116016,0.89596895927932119,0.95512421805598413,0.9286206647712919,0.97358468250127961,0.9463594059954028,0.96837544801373121,0.96070300342164194,0.96353847188635156,0.97913464291453156,1.0004973661335912,1.0424921468745996,1.0248242288733571,1.1158122945941802,1.0868742765977555,1.2086206784938485,1.0889670985724769,1.3092098646477774,1.1284738325772705,1.4738850035406061,1.3251269144152431,1.8404013064639457,1.6728605821878801,1.300330807370758
0.021478295518333718,0.97561444946889753,0.89373756671169957,0.95276962122395581,0.92636723007955402,0.97114528517536036,0.94384162711391306,0.9656389414803962,0.95791980750786565,0.96052457599991126,0.9759583502015956,1.000477929505907,1.0427714839978632,1.0258775068715718,1.1164448982663295,1.0876163014150244,1.2036136074127528,1.0880614921668268,1.3014599439404479,1.1352041217669522,1.4633650756763013,1.3146645122276501,1.8201551498083752,1.6396364703789459,1.1100560266267094
0.022258104826769043,0.97242314168194777,0.89060148666275096,0.94947450093049302,0.92318438895340071,0.96774522595503198,0.94037145882094264,0.96192620014094654,0.95415279182945789,0.95650950783718069,0.9717538461412718,0.99901551874556005,1.0415059967824392,1.0218612023654237,1.0974829547689242,1.0636649607920483,1.1956712654294108,1.0845589131994986,1.2899950950950689,1.138095521971791,1.4487543658589708,1.2988555392155554,1.9086930765207955,1.6817756378088973,0.96063252658529075
0.023066226556783781,0.96830557660310745,0.88658835637836131,0.94526620289496488,0.91909907292612592,0.96341393191858105,0.93598293220105566,0.95727591248747967,0.94944298910273739,0.95154075031185636,0.96657273572131153,0.99603523724054344,1.0386048075341079,1.0206038415384402,1.0897644785929312,1.061827351809203,1.1847294727010347,1.0879937588636794,1.274773248735654,1.1608084749551635,1.5023333884724863,1.2776729110348928,1.85236104922744,1.6115031619265778,0.87748681021701458
0.023903688643293591,0.96332843758380404,0.88176789761729846,0.94021559739640137,0.91418146682987156,0.95822543659324222,0.93075506349719295,0.95177301433772854,0.94387821603231181,0.9457139817929785,0.96051636228892834,0.99151251811817476,1.0340290223403708,1.0177173180676791,1.0810339347969711,1.0579639626504727,1.167975612923204,1.0718185500687079,1.2559003738917358,1.1508343500223628,1.4624674929436665,1.2766370431619745,1.7855371603643917,1.5271778718947644,0.72953196394908115
0.024771556342295536,0.95760878312234343,0.87625864815001586,0.93444403356546224,0.90855141454170307,0.95230509260499074,0.92481830296936351,0.94555550591424786,0.93759974884312158,0.93917976425469707,0.95374234072954933,0.98548618590056636,1.027806751184948,0.97923129894258132,1.0715200890669312,1.0178784437887054,1.1606734415503901,1.0525407274181662,1.2271809423968385,1.1374359467992479,1.4186631256763622,1.2483205343162194,1.5758937366826977,1.3259892531897606,0.56891669287335045
0.025670933585879095,0.95132022256034743,0.87023349715971243,0.92812920457621417,0.90238456512174192,0.94583586432355826,0.91836050402574076,0.93882014894009203,0.93080814269459311,0.93214881303245545,0.94647013210131581,0.97807197528190482,1.0200469609298994,0.96665984631083723,1.0649484107504383,1.0026804765717774,1.1509742779484515,1.0305975365290398,1.2108671157921886,1.1208959515709198,1.3720584275782173,1.2134562087527412,1.5152740398751998,1.2253008117813238,0.46310675736447138
0.02660296438643335,0.94469745348560741,0.863923951335685,0.92150922021027604,0.89591635841362738,0.93906228195879571,0.91163064890863366,0.9318260016737252,0.9237665529202852,0.92489541491428351,0.93898388735889293,0.96947359612743056,1.0109526154376285,0.95359051037926612,1.0486746201186623,0.98652623207888412,1.0946509145900984,1.0322346886961147,1.1929189667269133,1.1057894117110258,1.3546502170184347,1.1730095023735068,1.3538461832861302,1.1192730187493396,0.39042596916311112
0.027568834291836514,0.93803777853800163,0.85762085123750353,0.91488400321430974,0.88944328555361452,0.93229167943323743,0.90493972786910026,0.92489533949777392,0.91680156508062605,0.91775768561187654,0.93163294825454868,0.95999219408991832,1.0008308275538371,0.97900076673504766,1.0636838741842869,0.96880965270761554,1.0835498198807887,1.0081388171728534,1.1563071300996102,1.0732745009594735,1.3105197193679654,1.1103732584371482,1.3847800101690488,1.0124287650897372,0.37075717338292691
0.028569771893478792,0.93169880617650147,0.85167209068333116,0.90861255109494943,0.88332054522863013,0.92589135157383984,0.89865777753619125,0.91840981665075783,0.91029961504555112,0.91113338948198752,0.92482743347253615,0.95003031132972704,0.99009840096957946,0.9594807274458228,1.0487521483415598,0.94643994520615538,1.0730805868465154,0.98216494835953649,1.1351815500893006,1.0397489520250778,1.2659792975731659,1.0842421033593155,1.3083495414855477,0.9097851958110823,0.37157608990253266
0.029607050389036851,0.92609081031843932,0.84647455524635085,0.90310490176700564,0.87795411108765475,0.92028057917070294,0.89320536663854821,0.91280185705944228,0.90469786535605623,0.90547062007341239,0.91902843892182728,0.94008997874741984,0.97928100368419368,0.9401515109378793,1.0340476390976834,0.92457748179150068,1.0355643705118149,0.9783443981520743,1.1168646810021414,0.99498955433657787,1.2415044147189178,1.0569576766763316,1.1742369906266248,0.91616783972057192,0.38075992552654725
0.030681989201987656,0.92166192852975515,0.84245986911564263,0.89880730452795787,0.87378597126899615,0.91591514121379047,0.88903779913269965,0.9085381832956122,0.90046802805210924,0.90125060769684195,0.93965251310981945,0.93076236694365455,0.9690030741532274,0.95812027032980485,1.013227147422846,0.93828900683545879,1.0196181684548975,0.96198118317359826,1.0803894734114445,0.96817909479365483,1.2173529872260191,1.0162906745147486,1.1074828714313463,0.84077705003935677,0.46220552633502621
0.031795955659921847,0.91887557674244746,0.8400715276016919,0.89617872719896063,0.87127168160205615,0.91326372830524272,0.88662155319295355,0.90609494427587611,0.8980913605275479,0.89896210228732398,0.93193424879239084,0.92270610809303144,0.95996660090055297,0.94776645052745911,1.0068261230498305,0.92687665176301959,1.0072495676140476,0.9476988210719699,1.059525899643077,0.94363227110679038,1.1993342682677426,0.99492356565340856,1.0659109147719825,0.7832402279879247,0.5988426878335531
0.032950366733791245,0.91817700473099428,0.83973314202970928,0.89565792869324112,0.87084711616859245,0.91277391613203118,0.88639981493966924,0.90592257287230016,0.8980230860996552,0.89906452426450922,0.9261118472467591,0.91661387463010513,0.9529164837078179,0.90536538579336945,1.003463970576449,0.91875069192429792,1.0434379634134481,0.9104277744037963,1.0449437765218488,0.92309594424283858,1.1892979795198189,0.98277315787332975,1.0415466193913914,0.69924363694438796,0.75448138950582688
0.034146690840303091,0.91995014460834068,0.84180583927804287,0.89761962464318845,0.87288576096965054,0.91482760815914566,0.88874755327328314,0.90839938900948325,0.90064527339127731,0.90193975230132772,0.92283981909988433,0.91316390476025944,0.94859066473478304,0.90334907011314436,0.96577603506606124,0.89458594603256136,1.0374944289628223,0.90914758693255404,1.1137732801342566,0.95621543642092588,1.1501434703872828,0.9817290497008011,1.082895306759629,0.67682959273818,0.92620228630494239
0.035386449709753513,0.92446341874000471,0.84653669836109369,0.90232090356437067,0.87764509767956667,0.91968576971026683,0.89391631475583566,0.91377464039338352,0.90620937816509095,0.90783278951156887,0.92269846402640443,0.91295765509988502,0.94765433330381932,0.88248829402031848,0.96988416217323614,0.90222198867463321,1.0363974277963133,0.88860561748945921,1.1102655813620648,0.96232237219649575,1.1630681334009907,0.87593658632609195,1.09985325129011,0.67994040806057487,1.1736595011723239
0.036671220321676121,0.93180882245202534,0.85399942370855808,0.90984011781586926,0.88520597617303565,0.92742597587192366,0.90197133628176707,0.92210368738677828,0.91476956734629244,0.91678346003306943,0.92612011180401954,0.9164435236721824,0.95061887642672971,0.88733871557198385,0.98157739579987968,0.88371714709456972,1.0786581222019769,0.89594755308709484,1.1133346867815925,0.90336809198074164,1.1164526453380768,0.88485885070028525,1.1079711541992729,0.72452423835673585,1.4411987737539675
0.038002636910767926,0.94183844492424251,0.86403415958593555,0.9200145194126973,0.8954101205334557,0.93787780665127285,0.91272705727091819,0.93318232563146952,0.92611562933664637,0.92855746017155172,0.93330647817545898,0.92383148951686644,0.95775034064667541,0.89913680461869161,0.98611907290426259,0.89852201833169687,1.0955554684164044,0.91197704801882784,1.1734304982361372,0.93106688641548452,1.1395802365937011,0.93172279299351835,1.166493145863484,0.79564339001605866,1.6169434049911615
0.039382393045644108,0.95410944925854768,0.87619482436113227,0.93238568440507286,0.90780557326311351,0.95056700704362473,0.92569156713967404,0.94648996757111048,0.9397149651685468,0.94258749059456326,0.94414439755150825,0.93500594082309374,0.96897427214868381,0.94235000984992356,1.0436166236477404,0.94007232622966486,1.069168530089502,0.98801376478261904,1.2012461844497322,0.88582288973339529,1.1752910105179817,0.96272723070829458,1.2453540575718094,0.9961088515808052,2.0709073577452273
0.04081224378306586,0.96785002493659211,0.88971800429487713,0.94616751314141845,0.921614110846811,0.96468267436240096,0.94003474319332136,0.96115792392578392,0.9546797403801992,0.95794106424740955,0.95813196193780992,0.94944937666234697,0.98379046465425479,1.0035917817011475,1.0579208974016272,0.96092470312760891,1.0997477171865979,1.0159447781193771,1.1555601696226336,0.91964497026407122,1.2953334822444631,1.0027123186724833,1.3746389594940496,1.0977937684457024,2.3056787153250298
0.042294007900381417,0.98196421516669252,0.90352949429613161,0.96025268217419713,0.93573717689857228,0.97908451831518484,0.95459748312696369,0.97598138932755774,0.96977973955669994,0.97333621128419456,0.97433302748676531,0.96619459682854025,1.0012171822401825,1.0269017155065643,1.0687056136048783,0.98535529686680534,1.0794644343775022,1.0888378080820731,1.1931434236163825,0.96100735147562721,1.3372120424618481,1.1984389481583206,1.4816856557423819,1.208000995635834,2.43862966940776
0.043829570209020015,0.99509132181195181,0.91630490602993764,0.97327486604578328,0.94881800920125015,0.99236798667895365,0.96796018325219335,0.98949200094450018,0.98351765843623962,0.98722326712148978,0.99137966701480285,0.98382704929733744,1.019786440948258,1.0202935575678387,1.0929826482087981,1.0768929508484404,1.106512749097496,1.1314971256808617,1.2011302855257622,1.0965525692884104,1.4799818677158956,1.2678639454110543,1.6147617860325454,1.1185920669432139,2.5934879473445562
0.045420883951981537,1.0057335243448078,0.92659561295324544,0.98373849968021765,0.95937036938663589,1.0029993965238213,0.97858151002247873,1.0001045817717555,0.99428064484520018,0.99794530261737391,1.0075459800495936,1.0005612973165232,1.0376180900052465,1.0463967146508462,1.0863894556350444,1.0786340527075975,1.188935836740969,1.0831399920452167,1.2218606442198292,1.1391296907287283,1.5256318472467829,1.199390562777424,1.6972826240304713,1.3305446129072369,2.9222665496968148
0.047069973288371467,1.0124508072297862,0.93302079692113127,0.99021670463474154,0.96597594974987677,1.0095207172067033,0.98500793528239894,1.0063354936471332,1.0005648785357,1.0039740689427246,1.0209099016998691,1.0144080528832975,1.0525912680799623,1.0455127074905559,1.1071339800599764,1.1020304511634995,1.2054265511540312,1.1169616924091574,1.3396779839002617,1.2323940469587167,1.5541197575541574,1.2656247025968668,1.7745606101344489,1.4223858704623371,2.9978379839691911
0.048778935868141471,1.0141092943535859,0.93450892526983109,0.99160018117368554,0.9675321421160783,1.0108061026040931,0.98613312890488403,1.0070713950012284,1.0012510328202624,1.0041957281772791,1.0296077505359287,1.0234379226176922,1.0626201047554749,1.0533557631990873,1.134050827820082,1.0737121991102363,1.2441583178059841,1.1189373505506248,1.3399659274358962,1.2652238960916411,1.4414470505297556,1.1851003582029118,1.8022597885815597,1.3932303431251611,3.1700068442810903
0.050549945500310701,1.0101466455542496,0.93055412700038831,0.98736180626489822,0.96351495570056733,1.0063329604211038,0.98146954704841827,1.0018476335256994,0.9958860110850799,0.99819924975117758,1.0321638372256368,1.026123944073366,1.0673750384639213,1.0889030541595979,1.1803389194055842,1.0704664896262241,1.2500921486319023,1.1194933146016748,1.3360287030415854,1.1365582158196179,1.3986248949900002,1.2034379434992797,1.7901450070233818,1.447494291361366,3.049037357618225
0.052385254918061869,1.0008042172342986,0.92143663267928755,0.9777846250115505,0.95420432812861211,0.99641198638938844,0.97137496725293349,0.9910765735813416,0.98491138962151892,0.98650336368025682,1.0278521354004311,1.0217151804996887,1.0810390308932301,1.0742775470494728,1.1653801871357565,1.0959896559943392,1.1862570534964685,1.1692446299923174,1.3202373794341991,1.1329607921762674,1.3585072950310693,1.3872811077712726,1.7777781795444314,1.3820440480665752,2.7432528819803821
0.054287198644229165,0.98726681047609377,0.90835102916921584,0.9640953594895415,0.94081543104323828,0.9823192467649875,0.95717611427374294,0.97616668878171586,0.9697773134886275,0.97066097463665235,1.017016485731479,1.010568236102513,1.0568031315435928,1.0428518018251132,1.1365852149911992,1.0613070657824313,1.1704209275503059,1.1322796957695904,1.2520684993719238,1.1082545499493168,1.4621245127141673,1.3380849348017492,1.621058333128147,1.2810780452272894,2.3575474884553338
0.056258195960823126,0.97165952227425367,0.89339314308184781,0.94845200243885153,0.92548504530252174,0.96627726277891457,0.94113936949464283,0.95948253896498337,0.95289417027195644,0.95319389728625459,1.0012609532731354,0.99434194630277495,1.0598596873610389,1.0178328925356261,1.11317448149084,1.0357732384008373,1.1431583883958707,1.0760172635145118,1.2193635763349355,1.0614175214284174,1.3784163680172608,1.2874193553891562,1.4850135140857041,1.2211205574436548,2.1668969305820514
0.058300753986369434,0.95686372489537375,0.87937130977860756,0.93375083343255416,0.91108047397602454,0.95125362996558249,0.92625880922962567,0.94411709726063398,0.93739716432866715,0.93733876089453128,0.98342119122153948,0.97596420099950221,1.0349959099213608,0.98573769111193055,1.0707077978884358,0.98270145423986532,1.130971770979448,0.99477581060224152,1.2202038155654922,1.0934320767827721,1.3071523569443548,1.2167100397736039,1.4167356138047111,1.0568094169117046,1.7167560411685221
0.060417470864976577,0.94613169844357614,0.86942673931066183,0.92323527663112392,0.90081443175774667,0.94056041511019162,0.91584834395842074,0.93346787807509624,0.92671811152796468,0.92660054595888675,0.96725109396990594,0.95930557529254901,1.0105988963864059,0.95402446677382735,1.0436923184511562,0.95838185161081746,1.1014402372282386,0.97257475656268899,1.2105709876797848,1.0015450725225952,1.2477864244992976,1.0164746886763218,1.3155263088822524,0.99033596014914593,1.4693568413929539
0.06261103907118791,0.94250051212132024,0.86646273399942941,0.91990643785701964,0.89766486352940711,0.93725439747673889,0.91294026991198574,0.93061794397394126,0.92396423543303752,0.92411740531250652,0.95680301683421642,0.94853825903195799,0.99144532217116543,0.93835085922682038,1.0209454081505878,0.96271674738521029,1.0726930576448508,0.97451174943008034,1.1693170564502522,0.9738864591286388,1.152863385914229,1.0080722145945096,1.2071391873224635,0.90624731172450268,1.3246646645208529
0.064884248834823202,0.94803115745582989,0.87241143163666024,0.92576583450278083,0.90362657188895068,0.94336533252994736,0.91951553287829046,0.93754790769271823,0.93112699644103192,0.93185541057120314,0.9555414082014746,0.94722400134945839,0.98180902881312682,0.95679137409501813,1.008712901836748,0.96714729930302012,1.0779504830459099,0.98970428172607261,1.1648899302450062,0.95129599864529091,1.1909364637287818,1.0009288474886677,1.1913913604246382,0.93574141283295142,1.2483677093082122
0.067239991690164716,0.96298206491278937,0.88744159540179257,0.94099602093893686,0.91889698271562203,0.95905901112977388,0.93566985894557453,0.95428476081295566,0.9482201540411942,0.94973144092905226,0.96531145786986727,0.95725635475037241,1.0063158127439102,0.9873314052442751,1.0404585756266365,0.99853503803925436,1.0820636839254059,1.0129157129570645,1.1949676031979155,0.99994666064752202,1.2505466351854497,1.0152257923494379,1.2651878130997893,0.97389525574307867,1.4008907472831567
0.069681264154003733,0.98515945756308787,0.90934274336443777,0.96332487516548782,0.94123778019666393,0.98198363996064075,0.9589673731261712,0.97824606052188723,0.97260928095998134,0.97493442323919788,0.98539237737585883,0.97789001982175305,1.0365888569091386,1.0024452355699678,1.0801512304634016,1.0621360039722947,1.1060826169119586,1.0584009452727767,1.2376421530692794,1.0662190337245203,1.2945013216885353,1.0122620380392511,1.4332919290291475,1.1069496082587806,1.5759355909274859
0.072211171537224589,1.0098365482975484,0.93346675105438615,0.98796420102801419,0.96590560697868666,1.0072093754968243,0.98439526016753021,1.0042101086043618,0.99897902990837883,1.0019115491258239,1.0119930738731697,1.0052232828415353,1.0300995898039018,1.0234150693374424,1.0983522260479679,1.105879114467277,1.1453612253543324,1.1368049340793769,1.2611494889663413,1.1052815440857406,1.3563407157317582,1.1329474206503636,1.4710888525864405,1.2202893282671501,1.8312019767358549
0.074832931894776314,1.0306359869577451,0.95360926216004605,1.0085176704006276,0.98655039935731492,1.028169890317995,1.0053363065330847,1.0253444361723434,1.0203871722695199,1.0286100703367873,1.0386199309017943,1.0325736894093982,1.0797368527450397,1.0778124210411344,1.1534451648536277,1.1270741226351459,1.2195919548268646,1.1586512531078967,1.2814146819686292,1.1984130422171475,1.4487181801542639,1.2414576172909624,1.595644599197751,1.3854351154324678,2.1318298926220365
0.077549880119054199,1.0414635304683901,0.96390946461589078,1.0189370807289351,0.99716304715557658,1.038686741468529,1.0156330987623094,1.0353587088960559,1.0304734960488895,1.0467732128238074,1.0576283370003623,1.0520740283314638,1.1341319888587595,1.1170143630969684,1.2266698198486106,1.1115848844940692,1.2814651640733228,1.1440901361371072,1.3774872071514768,1.2881991917292575,1.4940852264691744,1.2818539984491768,1.8267273684838936,1.457915423756508,2.3106455964900157
0.080365472181900266,1.0389811303053091,0.96125537830819097,1.0160002822220557,0.99454235496571319,1.0355175403833035,1.0121583810251065,1.0311578592227044,1.0261661525593428,1.0514308734712334,1.0628402769733201,1.0573694169044783,1.1306357474302846,1.0825374538223915,1.2172566899689212,1.1331680119995742,1.2557224465528529,1.1378702712087776,1.3947657205416655,1.227168156970645,1.4542495681374592,1.3443236194327151,1.7229266640913616,1.4205608405128025,2.2459708795235311
0.083283289530616339,1.0245626717962071,0.94715119343852483,1.0012376796144267,0.98020548364516713,1.0203085172195452,0.99674211941445856,1.0147881856547643,1.0096301863651158,1.0409755524049253,1.0524383833256816,1.046601538025945,1.0901046716554523,1.0717455347139064,1.1615204991657961,1.1410654172707035,1.2186301167734364,1.1402309020304306,1.3057960586754098,1.1951935453331184,1.3892875307520627,1.3072225811483111,1.6525416430784929,1.3619374501897141,2.1010900825334335
0.086307043643583686,1.0046623227930933,0.92801005937666159,0.98124002754461892,0.96068182576374728,0.99986083137061255,0.97636100224601619,0.99355594868131991,0.98832701856302085,1.0198089829464241,1.0307999888483828,1.0242935300469591,1.0619471047871336,1.0737057128313885,1.1216409573399506,1.0540574534947293,1.212605896687343,1.1092441111891567,1.2577411275605717,1.095793155284289,1.4002510896734179,1.1755956940479528,1.5063525447791033,1.2315628278714783,1.8071676124283398
0.089440580751281543,0.98912360131355737,0.91344335510828678,0.96590133991743887,0.94576790203232819,0.9842936724295992,0.96121836351536794,0.97797950042602921,0.97289355169408664,0.99778364581599488,1.0079830380262742,1.0008041057989634,1.0423043122205069,1.0231920396195886,1.0836538804770086,0.9985894116211198,1.1445918104283579,1.0062966924786441,1.277644466868451,1.0998366987978292,1.3503688798091793,1.1381454419160502,1.3105903809911617,1.0975376686834988,1.5154702080211884
0.092687886728712393,0.98764472324465191,0.91279625762350114,0.96485051275048184,0.94500736946877451,0.98339920496812461,0.96105842655488694,0.97798094124756774,0.97329979992644744,0.9868858657236832,0.99635467980970394,0.98884331174326268,0.99467477152056494,0.98876609519187475,1.0312404889441917,1.0309729710292825,1.0723038205994522,0.98705947885156065,1.2251813454487697,1.0461495362753155,1.2486310613051774,1.0170189894194426,1.2966854494349973,1.0243444704162716,1.368376465368824
0.096053092165454393,1.0050536269399624,0.93057719394533656,0.9827403049549146,0.96303495411416273,1.0018562877162807,0.98038733665386602,0.99800992418766588,0.99395698513406305,0.99584503805903091,1.0050531285517161,0.99647462586050173,1.0208321136201417,1.0020555062153957,1.0409829031835167,1.0350332056553686,1.1063676295969374,1.0629823992325727,1.1994937376368622,1.0057503605661042,1.2952216432121904,1.0379573434456038,1.3555280483726353,1.0719672241322913,1.3755892224945576
0.099540477619792678,1.0369265429491081,0.96225301921192674,1.0149208641143257,0.99526149688059651,1.0348193047992922,1.0140870254795331,1.0325954054162565,1.0292161802422528,1.0245983718489411,1.0342531763274236,1.0061179197865358,1.0496427949557596,1.0294975930999621,1.1080392242083832,1.0567310007272974,1.1802240420375303,1.0989989776867342,1.2161933491030763,1.1288850377269646,1.4069590781547789,1.1249196844074425,1.4377356795680889,1.2039303300980988,1.5521206106193404
0.10315447906361094,1.0688851096670113,0.99364984496460351,1.0468289955221868,1.0272229460995546,1.067303586182095,1.0468741649605497,1.0658705486251341,1.0628806314546353,1.0617643226047571,1.0724577740627415,1.058248116647633,1.1264552501382599,1.090403988848343,1.1679292451643024,1.1352704527468813,1.2492375671602429,1.1648174484033074,1.3126729413369422,1.2486789001694589,1.4522461439477501,1.2057994110591981,1.6145833362446687,1.3853837565071867,1.7852450448489883
0.10689969352496964,1.0831169142105632,1.0074151615547395,1.0606326713039793,1.041184301651201,1.0810590352910683,1.0603614659259317,1.0789568564654421,1.0757887625627383,1.088531708384799,1.1003458182673518,1.0956333374210601,1.1404184223246348,1.1230077440839072,1.2203637275174393,1.1512864754488803,1.3256942507337341,1.1939697462645131,1.3700654892204662,1.2618325672648898,1.518542149490961,1.3885112109463422,1.7193674252756168,1.4986446908283249,1.9659974513639806
0.11078088493554963,1.0705634748060604,0.99496106736477918,1.0474978769707393,1.0283835206240302,1.0672156879805641,1.0459053088918688,1.063255904027969,1.0594329833261846,1.0895044796618178,1.1018474586142699,1.0929536734013527,1.1466854261365258,1.1201772316774266,1.1994320507634537,1.1834399417085657,1.3200828343708695,1.177579001306907,1.3986847848782222,1.272190725569974,1.5292636005144939,1.3479169332767862,1.7017883640102145,1.5016553862650923,1.9423531599639485
0.11480299019039646,1.039793786784867,0.96499837188193316,1.016360797658459,0.99774659183329795,1.035181599542158,1.0134338536289773,1.0293793867554022,1.0249222556786597,1.0648090529127994,1.0767130052193716,1.1000719334812923,1.1206829387163144,1.1272027259694013,1.1572913875236379,1.1398999505073646,1.2681569284829184,1.155282583903902,1.325409379186218,1.1585413447667201,1.423955877548793,1.3096375403416447,1.5171912357883706,1.3690006874623251,1.7154194314412523
0.11897112542767653,1.0139389146906987,0.94027370027620238,0.99059197860060499,0.97249739633519283,1.0089809682743025,0.98739477656431007,1.0026406378180905,1.0125592471163496,1.0336066401317829,1.0443874155705357,1.0351801133849823,1.0601821546561481,1.0382009718755412,1.1178626655891888,1.064217066652259,1.2005090922987369,1.0799888187543012,1.230261606277387,1.1076725021911349,1.3818534620538143,1.1815517129631488,1.3611167307209084,1.2256007816150234,1.43442997629404
0.12329059253642989,1.0165358927680324,0.94360200017063711,0.99363698309592863,0.97589961811378645,1.0124573337153657,0.99164799368746925,1.0073362661819116,1.0031666192340183,1.0233512176479742,1.0331653339100606,1.0316879818053506,1.0509866508929147,1.0127161586435127,1.0815924629035405,1.074337019399306,1.136566455313593,1.1150142335226054,1.2291839928583257,1.1002861236951511,1.2910498903250534,1.1353086969882371,1.2986982027991221,1.1331132885181219,1.3207602613160248
0.12776688590060065,1.053625897281298,0.98052047474750992,1.0311626677418162,1.0136036411965319,1.0511466939794631,1.0313518924672496,1.0482814639141238,1.0291059252897463,1.0493880639176181,1.0592298665018818,1.0477022613122542,1.0828726018029491,1.0634616930936294,1.1370690455429653,1.0779673664287373,1.2299026222996732,1.1470622502779944,1.2204539154185483,1.1124631995494125,1.359948368914806,1.1579389892577332,1.4118098184478765,1.2753617370163155,1.4578138519840635
0.13240569938792018,1.1025166459065916,1.0285580421132539,1.0800589250683292,1.0626518335094481,1.101148301777725,1.081995279813913,1.0998442672358717,1.0771833543062805,1.0984436035573053,1.1094749540039839,1.1102057924129247,1.161864841059681,1.155061663309757,1.2235731736918087,1.1801159863594139,1.3194593384221178,1.1875563923581769,1.3636188692341353,1.3109011971200941,1.4618448116201219,1.329681562222087,1.623895906528527,1.4796563009636909,1.7305459763705784
0.13721293359253647,1.1244188784778033,1.049816459081371,1.1014230989940499,1.0842984416406554,1.1225820280126957,1.1032701497496866,1.1205901713082733,1.1111646967877289,1.1334020837227208,1.1308171479882714,1.1695933781237851,1.1985928363906886,1.216922742322192,1.2573474987087878,1.2352899765457885,1.371798412453606,1.2878408842665756,1.4349792643294057,1.3311540940985787,1.5599002226015088,1.465921717484981,1.7160940086574139,1.6252089856934067,1.9646382705001884
0.14219470334059872,1.1028969920494589,1.0286737164396846,1.0792605127559589,1.0626303355124949,1.0994514945093705,1.0795648275266496,1.0951435923047157,1.1034815476952704,1.1256510614268085,1.1534671962247713,1.1511389669023675,1.1990758438733904,1.2016165470643216,1.2427273120859628,1.2170043282055998,1.3294177561775644,1.2346028925387948,1.4321087871263405,1.2665007283850596,1.5220889447661232,1.4492023354721697,1.6637667238534437,1.5411827282664916,1.888367262243086
0.14735734546834808,1.0674442571262337,0.9944609733379931,1.0437111434083921,1.0276798332969568,1.0630918430560463,1.043172653076528,1.0574584417083335,1.067916994363453,1.0888844750248847,1.1055485336478865,1.0963205698304856,1.1520913443765215,1.1284946748289413,1.1890822343636041,1.1368992694790625,1.2292539496737982,1.1876422765940133,1.3352402090967859,1.1876784512890699,1.3852230290431624,1.3116261539756415,1.4439182323126127,1.3458833755339406,1.6224021777912681
0.15270742688260411,1.0673068551467921,0.99526609560365731,1.0441276707303644,1.0284980272803115,1.0639434866309645,1.0449303706339816,1.059696091549148,1.0521429505098134,1.0719593256667417,1.0829251066694603,1.0565424722636492,1.1153972959656739,1.0835336409181735,1.1425246679395835,1.0930846055870775,1.1870192951300322,1.1220608342527154,1.2582065233580171,1.1823361917580166,1.3375598181499582,1.2021062390243169,1.3419380612536176,1.2469884568751386,1.4319843571242661
0.15825175291390461,1.1177401098273791,1.0454558471907001,1.0951634542718629,1.0796648146709629,1.1164895451599868,1.0987108715045317,1.1152513584197388,1.0867839675092661,1.1066970651179531,1.0968162568025823,1.1233241030265639,1.1361558288883042,1.1216322632927147,1.212796609894699,1.1259753009246911,1.2662942470663086,1.2096943887159251,1.2933186739051965,1.2436110356775001,1.4040399842648674,1.2503758778628153,1.475573413251297,1.3833008748599274,1.5434009444667467
0.16399737597291922,1.1687001314540084,1.0955986818212413,1.1460228861835904,1.1306326593014824,1.1682392185671266,1.150839843867645,1.1501706375220841,1.1416894867291791,1.1627781337734382,1.1629730447086546,1.1812079336131505,1.2072956099944672,1.2363659601068315,1.2669091158990542,1.2669562941083372,1.3392678762667689,1.2776608655761337,1.4502673797191172,1.3956755770967739,1.5150709584713185,1.444680127152383,1.6979962507695117,1.5958664094233415,1.8256871583627508
0.16995160452115241,1.1567277649287229,1.0837562468554047,1.1332541322527605,1.1182090515023597,1.1543713910166664,1.1361212683830684,1.1609107456455536,1.1538914772709943,1.1757679889066022,1.1995929071095373,1.2058112531534908,1.2582155353314939,1.2221130001830072,1.3187003196777629,1.2781341436178555,1.3790766221866675,1.3441274841510411,1.4840122652381154,1.381120951415659,1.5431193928576143,1.5027394628247825,1.7683021019970082,1.6291588851851664,1.9586516719412803
0.17612201236734229,1.1042888658969678,1.0327019184396926,1.0803429069421329,1.0659876365400911,1.0999373540448418,1.0811368062872369,1.1219832341892235,1.1156363212080125,1.1368255666531006,1.1493820111198136,1.150211831675644,1.1880172746045927,1.164976870994201,1.2471191375469157,1.2158283320473888,1.2809529779448106,1.2307198098081975,1.393901529784527,1.2743414901465209,1.502596770144569,1.3727645372500348,1.5690636913663392,1.4263132770943372,1.732403097364271
0.18251644830138475,1.1014856944426161,1.0308106705626225,1.0779546300296123,1.0642616475111517,1.0980260607965007,1.080246779592398,1.1053782727750809,1.0983765181600669,1.0953658692650625,1.1029688188732285,1.1139809856662288,1.1303806334601241,1.1294255690858663,1.200457373408649,1.1403151305602135,1.2495024726578006,1.2014525638010911,1.254694697736358,1.2142368126812979,1.4113389829523122,1.2557424634298595,1.4455534372505336,1.3080489701955684,1.5662713627397569
0.18914304607803245,1.1763396275015388,1.1048284849750498,1.1533359276354669,1.1400021659183774,1.1756100238375249,1.1595237736978308,1.1588789397433064,1.1513663479832281,1.1590905108472516,1.1820538452057752,1.1763592077556739,1.2089020981164662,1.1991130741532927,1.2681829458243157,1.2376313349526966,1.340398149609265,1.2716748608160802,1.3937996739164329,1.3413635589943682,1.4794308143735342,1.3496141437008897,1.6080157154688086,1.4918081577940931,1.7756204562175473
0.19601023476307319,1.2293693044799654,1.156826887351099,1.2059794149188392,1.1928885239335874,1.2289614855901725,1.2130955639346561,1.2161448140797471,1.209557366704668,1.2301609236064892,1.2711571121356959,1.261348240774032,1.3058159869238741,1.3003671123035552,1.3665291466399059,1.3783522277083973,1.4302725317551399,1.383262382847682,1.5156779445627717,1.4742286086999998,1.6414429998473885,1.5341250506060553,1.8321621690991092,1.6994317464444419,1.9888777815967467
0.20312674945514284,1.1861026210088679,1.1143914953184431,1.1618923650756585,1.1492122694545897,1.1830379857662126,1.1659725178008071,1.1958493323034589,1.1904899415916863,1.2195069554728248,1.2247526771582042,1.2396639032163361,1.2953893934992853,1.2649590631715162,1.3401863908845781,1.3011416116480188,1.4166843187908364,1.3852186687707784,1.5007720604606458,1.4246663274125302,1.6074471152945486,1.4995117580612582,1.7443810501029491,1.585461237925621,1.8977107807762241
0.2105016423968161,1.1554443615638146,1.0850876666172771,1.1314193758581625,1.1193790795683709,1.1522105756081857,1.1386886833633372,1.1611187236965954,1.15528545151248,1.1619231210199594,1.1700586272876432,1.1864686740052095,1.2152074919826443,1.1931590611482679,1.2654797577869559,1.1938078401552721,1.3337130741449243,1.280322504512988,1.3460193675497909,1.3134021188425602,1.4914473687919985,1.3577420858701297,1.5330129570178563,1.3735560279057175,1.7387804389080921
0.21814429448910344,1.2338180381985868,1.1629088979997733,1.2105669349311756,1.1989870827671569,1.2338745369400801,1.1923089735439767,1.2144386197510082,1.2076947315447513,1.2150393949804217,1.2423038870259291,1.2315884022087709,1.2700166319544453,1.2624797012767781,1.296521323960717,1.3066378452345422,1.3762304667597456,1.3134455822828563,1.4346880923831584,1.4131701851974745,1.5544464574372068,1.4348967803749169,1.6527193137944569,1.5577482163082732,1.9141050357502039
0.22606442722400577,1.2897006610953841,1.2181083870589104,1.2661719606992026,1.2548880121315387,1.2900816414130336,1.2558346683258377,1.2787709762010988,1.2890038449101358,1.313099655941957,1.314208318090933,1.3306988335020307,1.3741293348114532,1.3560170808262972,1.4160351491846104,1.4079700162016833,1.5095407030638301,1.4529527807539866,1.6018824296535799,1.5563456507323756,1.7098340213834793,1.6277923293153127,1.8906888210293242,1.8170495785298977,2.0889496425087586
0.23427211505029999,1.2178946571413465,1.1477971377535743,1.1933929095688376,1.1825742894679652,1.2145303482885672,1.218389153245089,1.2414362926406866,1.2527130365788728,1.2615383978632528,1.2774330244590342,1.2886036375774292,1.3024646339267498,1.3245387951300915,1.3786518720671301,1.3345141629799815,1.4373935671429647,1.4224337516078833,1.5381563612572116,1.4309976250722909,1.6264668855758933,1.5543436186174873,1.747820992378589,1.6348294214476624,1.8332183757899445
0.24277779818828998,1.2190085434793398,1.149439272290649,1.1946812415563726,1.1846727038751326,1.2165457110597169,1.2058222132113618,1.2277615452046025,1.2123220310530993,1.2202334803005539,1.247231212730612,1.2198964583123755,1.2847329456670575,1.2848371758598565,1.3283970463816259,1.2864963016753643,1.3923441851198222,1.338392299745645,1.4476464233088828,1.4010170012449132,1.5530405020571063,1.4528488586072088,1.583313167728996,1.5339471585342552,1.7657602670865917
0.25159229590981802,1.3477521750683967,1.2762592481391293,1.3238725977798633,1.3144044855068462,1.3176087334092199,1.301235631012895,1.3228553182991112,1.3143288894580532,1.3431776346271993,1.3428352285280367,1.3494997089316383,1.4167923259866424,1.3825383185235345,1.4705792700275524,1.4461058863687668,1.5268655825686008,1.4695718406737688,1.6133982523380794,1.5659500006942559,1.7085216060542032,1.6448385114433004,1.8519267095246124,1.9103390363789041,1.9803139393568912
0.2607268203004347,1.3292288809494328,1.2583763654567064,1.3045709588106702,1.2952394771278195,1.3264708991461618,1.3115682002837075,1.3338133236251219,1.3518261885601315,1.3530867472375461,1.3858332949182401,1.3907832075597932,1.4213272283621503,1.4355371236650429,1.5184844680105467,1.4693812238471304,1.5713972877777835,1.53722594930473,1.6835880756889798,1.5949463932096295,1.7556478551981387,1.7170515879112225,1.9191549880249701,1.9306889890765806,2.086315249099556
0.27019299052122669,1.2687727528794639,1.1997697151063629,1.2438583562556949,1.2352965480575504,1.2806096875229578,1.2670883335250318,1.2812067559293241,1.2728018476810061,1.2964897858249234,1.3186649766765353,1.2977894387744062,1.3507468847527593,1.3582739330835221,1.4004467077366334,1.3671002424713801,1.4995313378653179,1.4020344116578369,1.507562825134781,1.4727834836374716,1.6157555898972147,1.5528673573785818,1.6844420462619925,1.6151457262472277,1.8040502353041143
0.28000284758844979,1.4107035586115377,1.3398426878298169,1.3863975299150728,1.3788793024271215,1.3822959685636591,1.3673596917357103,1.3799746296676207,1.391257142677417,1.4080554016310607,1.4031741884984901,1.4295695350878082,1.4682630685445419,1.4469806429976597,1.5122303218644639,1.5053198442136344,1.6036047442615478,1.5442486712189289,1.7074666208508751,1.6562665027846146,1.7923280539354671,1.7047807901673413,1.8693840631417136,1.8640689751965707,2.0976483856829979
0.29016886968976069,1.4074587050054195,1.336938481036049,1.3825393458498252,1.3749540862648435,1.4024341876985476,1.3885589095428021,1.4342570832396588,1.4232155162658024,1.4423288655033983,1.4603127914560425,1.4648466456669533,1.4972436137946858,1.5115040644199491,1.5729180193606984,1.528416038325882,1.6521887619969693,1.6253618047690499,1.7541988256582979,1.7117605557690698,1.8539100356433726,1.8134922331716545,1.9895114349200518,1.9785897224968494,2.162284161274532
0.30070398805653642,1.3367795695687104,1.2678733104875743,1.3113762741919954,1.3166629379910519,1.3531274718350614,1.3409450340386806,1.3604667495508989,1.3506498003870024,1.3721078624988412,1.3763544964963055,1.3828881698849682,1.4330339889964701,1.4211753567274181,1.4704410744637468,1.4347293969528354,1.5619155191523153,1.5051249142590293,1.5997663584111479,1.5466923910761654,1.717670150612602,1.6511291298621096,1.8036047965537838,1.6912605608141824,1.898499903073279
0.31162160341246387,1.5253329986433801,1.4537072546041621,1.5002999813542695,1.4550266478038032,1.4903522586904989,1.4810395559019298,1.5000490796173553,1.4928938863625503,1.5044686410710826,1.5288159741883689,1.5614804038482935,1.5929562554789121,1.5777290423673695,1.6536936580085873,1.6322345587731526,1.7082129594008739,1.7005818861330346,1.8364303963746931,1.7866957420856437,1.9526821916004939,1.8539984686793756,2.0750611586985883,2.0810988503282548,2.2769492956122543
0.32293560301933,1.4601841427268631,1.3905475329307035,1.4344621985930324,1.4301110882951003,1.4661619210470214,1.4638894828206288,1.4770195806365578,1.4613986493860249,1.5019050598826587,1.5248534263731557,1.5112971685652665,1.5758710682782979,1.5798628798869352,1.6287106882090665,1.5912328783241256,1.7043401092482551,1.6624725212358502,1.8329434510751774,1.7469213745411469,1.9113675378734332,1.8565070867639797,2.0953861718094018,2.0348999054455135,2.219781563578378
0.33466037834168677,1.4846004726649875,1.414858179192988,1.4692498408857533,1.4515223692753114,1.4874353010130192,1.4541012879680144,1.4841483757218632,1.4858133946911007,1.4916161820353206,1.5125505668858128,1.5255095279768249,1.5784276319994222,1.5444161757623205,1.6068032569202824,1.6247539894629774,1.690959277496404,1.6313849457301033,1.7723872726690324,1.7123767308026769,1.8973943651979459,1.8038740742191859,1.996454159197727,1.9003622625633918,2.1152963911924743
0.3468108433528686,1.6472545219365999,1.57516185026027,1.6018206871711775,1.5821433954891495,1.6174619768266516,1.6130199662889726,1.6440710835161254,1.6363076972209227,1.6625070351033986,1.682607648466,1.6718802794287422,1.7206925548090757,1.7369319540818713,1.8081623881091629,1.7961827601166656,1.8842871157860435,1.8446989521841033,2.0083137960019002,1.9684744586289282,2.1281660005553711,2.075443507290573,2.2563820562332602,2.2430562554346558,2.5213550387511958
0.35940245350563965,1.5046580404442453,1.4358025325912198,1.5148439117556949,1.4995589962537719,1.5349369015009269,1.5068128556459208,1.5359071799949524,1.5501929475234761,1.5578733495618415,1.5558567718092751,1.5817967311685313,1.6289497273039952,1.6104528595922503,1.6507626335553516,1.6620006626493471,1.7654771508757259,1.73767645613364,1.8542435661018093,1.7823385275713908,1.9240266538054058,1.905758448098517,2.0549620378098048,2.0305143282416092,2.1790931894047247
0.37245122539160996,1.7703529650104244,1.6975484712558642,1.7120285782498081,1.6930633607995187,1.7430654813554958,1.7278294093817819,1.7523264664936944,1.7252042166894954,1.7702949504940326,1.8074987729878487,1.8104651546470714,1.8258256336202074,1.8513566283615956,1.9297531039698961,1.9078210591218832,2.0025442326359597,1.9647090894327854,2.1017430795766803,2.0967208954952654,2.2352319993223388,2.2460634764619791,2.3537709677521192,2.3705977179763948,2.5854340097988322
0.38597375711441811,1.6350480458635053,1.6011776518793841,1.6381449353757045,1.6233842133980554,1.6652706301214266,1.6311436896396518,1.6609711723502256,1.6734949552850535,1.6856037534861876,1.7011412112166759,1.7179243984719337,1.7662722711690222,1.7742578987894397,1.8329123260614608,1.8006776545459138,1.8890668311514798,1.8898749361657048,2.0159860467780195,1.9664703998481183,2.0813485011777839,2.0433738028187385,2.2143937240973095,2.250858564395319,2.4228921198904843
0.3999872494026056,1.8521555203436915,1.7726539076017818,1.8080662665606129,1.7934174421483853,1.8249268520884017,1.82557164428259,1.8433966496109138,1.8352343617592606,1.8631044209524639,1.8974301886032272,1.9014895188707812,1.930449743926868,1.9292186476022763,2.0258753892919756,2.0185247783872504,2.1077375507649778,2.0831342549448193,2.2016221598135033,2.1811159786237599,2.3652984858107047,2.355299860198742,2.5118532024407987,2.4964791031380553,2.6695552992563822
0.41450952748902736,1.8025745502158204,1.756949385893976,1.7930651529195121,1.7810324822794517,1.8144881119351162,1.7940051586213928,1.8336787761078064,1.8389431312570235,1.8359781227362468,1.8441434981154554,1.8713371096514955,1.9371491938635703,1.9318348667088046,2.002844936613144,1.9810082170664618,2.0680721269425533,2.0611514862166356,2.215649737006121,2.1644265551191175,2.3280688330927148,2.2462783376402875,2.4507374994640045,2.4421255571447418,2.6476162460664732
0.42955906378464082,1.9513534050596566,1.917836662153193,1.953405152947651,1.9347622587793207,1.9993299701830001,1.9880243747471935,1.9973874790661403,1.9943676973746465,2.0271886464034696,2.0646872281584221,2.0632817053577615,2.0974693078569526,2.0941752129543953,2.1862174015956368,2.1920830094660744,2.2937343977250251,2.2605521313636068,2.387603598417817,2.3270118004276217,2.5332602246921914,2.522262323534779,2.7380117346489645,2.7176885952327927,2.8976762358468049
0.44515500137550273,1.9729267875249761,1.9224223682824881,1.9571954996216192,1.9444519276260763,1.9696885278130072,1.9482233973529866,1.990602929954834,1.9963242798683041,2.0112749580210139,2.0242136620593421,2.0389468915569235,2.1226566985565078,2.1160581010456081,2.1722108746272468,2.1621315050304304,2.248624140918416,2.2306165393864781,2.4312716118514359,2.3656065993800173,2.5492541432668432,2.4760564615818552,2.6492865367980478,2.6164477625054801,2.8497503120667744
0.46131717837287423,2.1672160186594134,2.1328357138178351,2.1821132896679529,2.1671719018620532,2.2215465360271338,2.1890275236567174,2.2136248746806295,2.2131720352131872,2.2549287672858505,2.2920589824736854,2.2881237325728883,2.3256636869756253,2.3482159387335493,2.4481789402145733,2.431847085736937,2.5669335411086749,2.5510557164013221,2.6770688638957623,2.6278874476667866,2.8346466099111325,2.8083169511543478,3.0423663629418272,3.0632385755726474,3.3001045151626265
0.47806615314739531,2.1817480071418878,2.1439322549189583,2.1384043246443696,2.1043736082987081,2.1607255890663062,2.1548435978092328,2.1832597596662371,2.1687370458104773,2.1790616296043659,2.2128686600271124,2.2472216785581356,2.2995988863495729,2.3061648219957149,2.3681819935601744,2.3602485219174021,2.4492189451615936,2.4606923448542535,2.5808566598325129,2.5932983529415203,2.7310227617259066,2.7354062234266543,2.8775699438416851,2.8662381969192694,3.0592332741559787
0.4954232304794392,2.4217258618233366,2.3869111818075659,2.4838162577544907,2.4764237747677988,2.5121525799260098,2.4734748852467732,2.5219937058621689,2.5397242764974912,2.5624698286340823,2.5934589664400391,2.6003994822203893,2.6403485111267031,2.6552234358067288,2.7396091505223801,2.7601220933919919,2.8831283442718885,2.8928097691595767,3.0053380038602953,3.0072796046656833,3.173614690188856,3.1791158490827769,3.401974616415508,3.4714955239294696,3.6845083421439426
0.51341048865889705,2.5272290956066286,2.4741354610830761,2.5136418966283749,2.4473603032397708,2.500437484857521,2.487138889925701,2.498574297923323,2.5125118441309411,2.5308688600171934,2.5669777181077507,2.6084572853779093,2.659413306743172,2.672043649786394,2.7434047355820681,2.7383217774676094,2.8408493849589576,2.8461414882458271,2.9989037156796083,3.0236244925040054,3.1989631312786138,3.188408703909122,3.3576180641530122,3.3745701605375444,3.5822022854580986
0.53205080756887724,2.7074646486496547,2.67786668912278,2.7031284103150099,2.7145419350821527,2.7629836761757147,2.7622258760979008,2.8013809242842953,2.8134208641706024,2.8317789762846175,2.8343853127126977,2.8550035695332809,2.9222989926746834,2.9575770857967498,3.0352938155885525,3.0517592153189526,3.1981579120716219,3.1637501043530705,3.3017263927609832,3.2628981904614278,3.4547663102923991,3.4523891663361042,3.6934217694366254,3.765177764404271,3.9974867332814057
0.53669961580458514,2.7305616264923529,2.6637193967342583,2.6821654880697636,2.6831057586294946,2.7532276844903478,2.7477469799902252,2.7741852126421804,2.771296009224649,2.7753097031832965,2.7875700720929899,2.8262859842019168,2.9036237208467242,2.9444091766181799,3.0084486712493614,3.0048848563702961,3.1370151112401103,3.0989962754388074,3.2322810356212344,3.2364895745950619,3.41319809188726,3.4202505508721757,3.6671303383475973,3.6889080642031473,3.8811960821875218
0.54124036695023126,2.8102245976901656,2.7228418602691455,2.7647138856731281,2.7320158857496502,2.7897131387164436,2.7735906309415057,2.8003776408937995,2.7991812401462894,2.8191845840590517,2.8485333978597289,2.887632884220789,2.9609219700136897,2.9822322106073713,3.0693868529131834,3.0572076727095201,3.1935950473946306,3.1531351404885015,3.3181928732597257,3.2885369082621132,3.5174567991841528,3.53491907556608,3.7587534232088586,3.763384109241585,3.9649379324833447
0.54567557268926681,2.9092354567816443,2.8550087807040114,2.9101952211604782,2.8635096100810813,2.9105715629992481,2.8847590348677343,2.9023606726392757,2.9118988120957106,2.9481038833743796,2.9916994925960232,3.0273426971009414,3.104054680093455,3.1180321064223335,3.2027755776195264,3.1795313983449844,3.3173419383817269,3.311215908738447,3.5086028232892801,3.5131186109323806,3.7330976032502718,3.7569952336033339,3.9888989581161027,3.965548062334399,4.2029589096718283
0.55000768632346864,3.0224252409149983,2.9980408246655585,3.065326587538685,3.0080227672307345,3.0377072935699516,3.0011442978775449,3.0401078114356395,3.0623656168727109,3.1138247148677252,3.1570483752266085,3.1917659353814685,3.2488906634404486,3.2822462872059148,3.3522218791471232,3.3438762975444618,3.4947071945322676,3.4919627835010374,3.6977559145240164,3.7291273835005754,3.9499731801687972,3.9639289738918606,4.198024064508715,4.1949056073552313,4.4658633546814102
0.55423910412996691,3.1124554338198749,3.0626268166674393,3.133192716387093,3.0968711701822045,3.1264880624211884,3.1107729346147792,3.1413283311204481,3.1730781960588104,3.2371722102144815,3.2680016596659129,3.2806384371593396,3.342817164374992,3.3539292571589385,3.4477474534861585,3.4365302885379521,3.595188511128157,3.6147491181901756,3.7985375765767486,3.8250964199400244,4.0438060622279437,4.0591281076780206,4.2770857465149277,4.3234106601153002,4.6227633530111802
0.55837216668672762,3.1034966852596568,3.0754539958969076,3.1196255306311542,3.0781606415638549,3.1585797764195007,3.1474419654144015,3.1973774410513585,3.2126266069943341,3.2573369858850612,3.2867506226533294,3.2962154418028859,3.3457900714428916,3.3565109726210665,3.4471437982827524,3.4848137148045311,3.6305941383932065,3.6203480570529649,3.8230385893883891,3.8283974473046669,4.0152803876790273,4.0093355916506539,4.2225433196944806,4.3024246550045149,4.5991650285352677
0.5624091601672252,3.0978922086913485,3.0349719305450265,3.0814248976816003,3.035332384133909,3.1511139271656248,3.1607393129526429,3.1891666949555599,3.1971509137216572,3.2186258032962911,3.2481843634508891,3.2575409274573701,3.304243458962361,3.329376097569579,3.4381449425477797,3.4565740840426145,3.5923877283682657,3.5972047055821577,3.7717490744637701,3.7442127385716759,3.9164904513820602,3.9110842008234528,4.1189070844064304,4.2339353350050288,4.5230771048934741
0.56635231760502469,3.0637383216190557,3.03618173347067,3.0770562909345074,3.0400311845816788,3.1578908434563928,3.1600626543857331,3.1945297553495493,3.1849937624762816,3.1911275965029375,3.2289469270170201,3.2500620384317074,3.3049437179196985,3.3338111372519705,3.4530480423331511,3.459300881053835,3.5918472321597505,3.5780980338199129,3.7063872771811646,3.6987804356683824,3.8763911181914921,3.8851015157786293,4.111671333246619,4.2161258897841094,4.4672985905150284
0.57020382012896664,3.1276377679967879,3.1082256778684965,3.1483431259928309,3.1235231548240776,3.2125897098402945,3.2072200101790429,3.237777384243735,3.2145152558243737,3.2300278992931055,3.2717484294762968,3.3114461002357487,3.372251231118149,3.4080627520813493,3.5263824861315598,3.5222387570125662,3.6701328172544549,3.6380215783788543,3.8022437094022479,3.7757547468211854,3.9533683984804924,3.9846738310864325,4.2185930149227744,4.3158936525610585,4.543288156434798
0.57396579816964266,3.2508538794860442,3.2229916353669807,3.2906223135064607,3.2772124669733458,3.3187852848290689,3.3078915982070853,3.3261088648292159,3.3123498272346197,3.3317767545021368,3.3900187791335128,3.4482169375235188,3.5304267171422765,3.5565188715568823,3.6657306695308591,3.6730832019942383,3.8014778201402777,3.7896579360170648,3.9384622442146267,3.9508818991242336,4.1547258292071731,4.210715403588118,4.4730700996672894,4.5640886555921583,4.7838178469203001
0.57764033263782832,3.4115096351361416,3.3576315731838093,3.4425744205394935,3.4117987440730815,3.4277513439193896,3.4118955216759304,3.4421033056790762,3.4437462133902912,3.4777106650305782,3.5435726972786554,3.6030425654214753,3.6879010534041683,3.7142788934915174,3.8239684696603007,3.8214013629806658,3.9464611353912318,3.9715494361517187,4.1176146688250199,4.1678499342686308,4.3937179052004112,4.4646267360122849,4.7260867605579051,4.8212082092527737,5.0260960936846999
0.5812294560755239,3.5546233338236988,3.4978486487998026,3.5608679543001358,3.5168650694948411,3.5246054319725175,3.5058713913009143,3.547014210518654,3.5663750786633841,3.6014815154161539,3.6742283629569528,3.7243628021912656,3.8161721603969028,3.8300471198262187,3.9199111053181781,3.9369665974720647,4.0601711092665767,4.0892803862065392,4.3074195876941843,4.3356444050574794,4.5806381873070166,4.6567592968370519,4.9068037396660458,5.0099528739442007,5.2039517694859114
0.58473515378023855,3.6372353479394235,3.5464792639273526,3.6020415420519925,3.5620787105533367,3.5802859127380486,3.5601445686032918,3.6180269707028003,3.647506073484351,3.69113536936581,3.7521219410427733,3.7855222552390444,3.870172962111937,3.8837330689559479,3.9726177383063543,3.9875954760875771,4.1254550747931233,4.1686522890183966,4.3406245579067502,4.4151308554541799,4.6684491602852631,4.7376912937741338,4.9582474993634094,5.0468621061380929,5.2588898983282775
0.58815936490314524,3.647260109237024,3.5509395871253133,3.582817709669186,3.5402203495737012,3.5875751634845869,3.5803347673797816,3.6365615646331264,3.6774960875125231,3.7257291888023047,3.7623166419880363,3.7784845393520357,3.8794410961750714,3.8667383798214132,3.9664654466196225,3.9741712720786495,4.1204030003316632,4.1527344830962818,4.3661029491541967,4.396977749517788,4.6387751367848296,4.695121562097853,4.8986532276714456,4.9722184847908579,5.2184283907287181
0.5915039835217073,3.6021452611570339,3.52232863702136,3.5454249628570835,3.5072239529713158,3.5966631315797315,3.5924864034252977,3.6478718487380917,3.6883622793547772,3.7061279203865638,3.7412798698960898,3.75313063322983,3.8326101625857802,3.8263697802835566,3.9310196731411793,3.9468868042241922,4.0819624169224653,4.1198923489832282,4.3145369777489293,4.3531526807929595,4.5666106147894823,4.6004033790671315,4.7897005179555094,4.8727354700383501,5.1256564919524976
0.59477085968737287,3.560874794190994,3.4989963372091495,3.5379381023978596,3.5166880778887588,3.6120486098988636,3.6148258872348578,3.6625567385396351,3.6878175696200941,3.702703116390083,3.7274659403539658,3.7421862667579973,3.8225006351331103,3.8172475171930245,3.9056783813654619,3.9485918349577815,4.083375400554246,4.1180851536800276,4.3007108288609288,4.3246237309880371,4.5109957478012177,4.5288977842841689,4.7132053938311458,4.8028940108670781,5.0392687655045449
0.59796180044891845,3.5748219594385517,3.5354127087693996,3.5779950767488629,3.5704643950261357,3.6230152783810041,3.6706808712650769,3.7115422116907979,3.7159651723093674,3.7304135579436206,3.7594228306215172,3.7770681663908192,3.8544357713366111,3.8771274461701353,3.9898658474752438,4.0176237551324192,4.1441439915867733,4.1773423125783893,4.3358059200657806,4.3542817472493738,4.5302476002843548,4.5578867757090791,4.7459154247281106,4.8332611227805273,5.1165275232363001
0.60107857085200456,3.6553577818545051,3.6219710353015699,3.7034053171258847,3.6821348993024117,3.752663340809633,3.7605840275439419,3.792436443008441,3.8051987226443629,3.8119110395250431,3.850787422972715,3.8883300548392583,3.9399824506389507,3.9892418331382231,4.1161250602035011,4.1594613353775003,4.287000709718285,4.324002947480281,4.4789522563780082,4.4797622852063483,4.6579402547628206,4.6742180197023657,4.9307762750681547,5.0211672984733866,5.3372109160430767
0.60412289491549709,3.7956900868050667,3.7554475018957589,3.8608401607228728,3.8455786115838038,3.8924849987829191,3.8812693473563371,3.9169922922735481,3.9134572089286195,3.9404579377402058,3.9819551307564893,4.032601171822364,4.1059014376324541,4.155631730580609,4.2886741511716195,4.3417764927132083,4.4708266001927086,4.4783202514976779,4.6373233704663619,4.6545469305818727,4.8509577531245895,4.8844930179115806,5.178564675878377,5.294476598499088,5.6048819449669907
0.60709645658509692,3.950111246196542,3.9244908525666631,4.0153803043185547,3.9947446966072562,4.043229663466434,4.007915355804613,4.0330056101504255,4.0434775230427249,4.081071691327196,4.1375328603724313,4.190186974069448,4.2840657256884924,4.3405698198543803,4.4714776184873841,4.5162124333640321,4.6428749333486365,4.6774995067120955,4.8468412113068098,4.8568425708154024,5.0825453458967473,5.1233909861171014,5.4672101664558994,5.6040166152681934,5.9122250928884199
0.61000090066480195,4.1289193640127735,4.0809948942007708,4.1550169094116995,4.1125290338137148,4.1619692118858609,4.1098449596490525,4.1423934024316509,4.1708928357654713,4.2136146537189489,4.2790114506316144,4.3379572286201409,4.4362616404628454,4.4938055550892244,4.6216255554563475,4.6600211896485177,4.8007090283550156,4.8064158793813476,5.012466066274726,5.0390258910632326,5.279800684154651,5.3581662663413852,5.6915345460135711,5.8407770618586596,6.1750315049631581
0.6128378337267173,4.2502070735981476,4.1874514549373885,4.2308588237737013,4.1795842020939347,4.2244753132434028,4.1849421502716382,4.222468906066581,4.2615832449078255,4.3075797397290501,4.3812816211523966,4.4320609286778563,4.5426667317975387,4.5795693962944028,4.7005706676417844,4.7493152222783124,4.8811601938670321,4.9310499037495106,5.106900057390618,5.138201202033855,5.4026654852660556,5.5090735822088277,5.8468385664333766,6.0066164243087314,6.3188276805174155
0.61560882499972069,4.2746506335700758,4.2359538159144847,4.268119787620634,4.201252078880259,4.2486580672349419,4.2154585825500988,4.271933329569066,4.3100794346593716,4.3593362959058766,4.4382659370344868,4.4819057407212313,4.5741865511586468,4.5970426168117342,4.7237641697294919,4.7707271425447288,4.9000848600008453,4.9132008284900905,5.1405028728192974,5.183015123005049,5.4547629038219725,5.5590449708818994,5.9016136058242523,6.0257446442268474,6.3439432949365937
0.61831540723746925,4.3067549926495019,4.2386297647471167,4.2714001319095019,4.1938868129685147,4.2392329854891955,4.2387599167645931,4.2929434721349082,4.3329616722792252,4.3813701219585539,4.45500855060763,4.4820244844049455,4.5777905028131727,4.5903119909203838,4.7027429076323131,4.7316629392142602,4.887249889315882,4.9082357149584936,5.125337793404583,5.1742319491598039,5.4526244677631723,5.5516427027644113,5.871446742219689,5.9797528700950693,6.2506107998160587
0.62095907756623026,4.2553152825345535,4.212110423394563,4.2604789576571704,4.1772476420489397,4.2263071612297551,4.2460896860506523,4.30176789273807,4.3493745156859802,4.3867605602850972,4.4449280685309702,4.4744655563387141,4.5585612982273176,4.5734506687037992,4.6575914459893966,4.686026059760934,4.8335980089526061,4.8622898547596094,5.0814919482105267,5.1493312769297859,5.4138015839791933,5.4998002689901568,5.8091476319403341,5.8754864483291271,6.1444995647871679
0.62354129831300709,4.2090845942541648,4.1799541211785254,4.2572095780650443,4.1724256919996776,4.2439849652481882,4.2692391098163682,4.3237978790192244,4.3718287857772964,4.4011263332352542,4.4457577744433934,4.4684477103631082,4.5348584064466309,4.5177368186270428,4.6313395351329802,4.6628168801739776,4.8242617019380987,4.865611229162738,5.066849383350899,5.1288984061786493,5.3980144902576797,5.4592303986347019,5.7595189169917376,5.7754770403635121,6.0541593191516654
0.62606349781441384,4.2245971062704939,4.1726753435393675,4.2700598252184534,4.2143384354671412,4.2887727614029529,4.3172393891087495,4.3746598631242364,4.4118361471713001,4.4358461012359953,4.4681547793784375,4.4869168333993343,4.5580249332870437,4.551797500670915,4.6574806270483293,4.6851705096617593,4.8526951747683142,4.9076017272056731,5.1184132674116256,5.1509987656754106,5.4252573396471178,5.4674174364076293,5.7464050437341712,5.7841450813406823,6.0379280720364932
0.62852707120674933,4.2623492851832339,4.2280286468756287,4.3304229733181785,4.3152673410881448,4.3775993955217416,4.4218360426604875,4.464047545413905,4.47704839264631,4.503665260275568,4.5388235484400923,4.5563926425161867,4.6331016995725349,4.6538284209182734,4.7477214849857603,4.7886122327052192,4.9486503203627308,4.9687587060717817,5.2021472797996751,5.2542450860353824,5.5103154819220208,5.5267236412179557,5.8165637576455254,5.8126698101759757,6.141048186218967
0.63093338119770714,4.3789540535346418,4.3296183658251834,4.4420061515223779,4.4365941598514951,4.4996834588804688,4.5357738219693147,4.5625972103372305,4.5808598524021988,4.607630153161864,4.6418264191029834,4.6746870817106299,4.7519127777340486,4.766751277491295,4.8845400315709924,4.9305380839971349,5.0974654505198771,5.1655905106720752,5.371231371096286,5.3948225210723706,5.6615689849269302,5.6791376218144762,5.9422138288030055,5.9987387033267794,6.3009272242986754
0.63328375882014665,4.5124195966911884,4.4599914606908158,4.5637988675336487,4.5754536519014835,4.6565185760677821,4.6655621989893916,4.6881776518241622,4.7062582879019601,4.7344850328234998,4.766678819120358,4.8214368697396424,4.9061068581979725,4.9455975630841351,5.0562548075999985,5.1074363972078061,5.2849624687788435,5.3432230081546663,5.5759012677800115,5.5972898233006845,5.8638603683538975,5.8758368191156478,6.1605762156778496,6.2153450850564695,6.5655713787874959
0.63557950416834508,4.6817507884279621,4.6110585532069877,4.7249228089341386,4.7389503506349229,4.7943148552131447,4.7924271936046807,4.813834096479269,4.8326986453904794,4.8698569796211757,4.921161354887289,4.9777362008507851,5.065875191630937,5.1345548746453744,5.2511699992199965,5.2977744892588987,5.5122184410481623,5.5379459363262811,5.7744939016385217,5.7966208704788471,6.0701665568480792,6.0791387275472175,6.3667255331698982,6.4832744446396759,6.8494059468747537
0.63782188711713461,4.8598168859747091,4.7841334421570991,4.8631455832010317,4.8789806584095459,4.9275119245540964,4.9053374141895461,4.9429672924460419,4.9551017387993284,4.9937623812214156,5.0595495451174202,5.1271696328840051,5.2286783412149589,5.2750456057614201,5.4349450808481947,5.4902113968898334,5.6858154318203731,5.7423559661847605,5.9717352693926955,5.9940279698339225,6.269721135467023,6.3031755251278696,6.6004232016280184,6.7412518868881079,7.1242664819283448
0.64001214802432438,5.0332592282944972,4.9427827027899411,4.9844324114475285,4.9717351566477532,5.0264352998433992,5.0091866406460781,5.0208056041074087,5.0487291036550062,5.100084218792432,5.1716048001552792,5.2287401306537618,5.3649762943559551,5.4219832464767421,5.5875585372038472,5.6376127037856918,5.8538961815141874,5.8719216040789775,6.1204739631804728,6.147052799958999,6.4341362930090327,6.4652862241391063,6.780733622620744,6.9666656785134364,7.3723269217671259
0.64215149841679564,5.1181079810934875,5.0441605088425661,5.0656727219250115,5.034132688593786,5.087097505459667,5.0720020642415875,5.0803730850140028,5.1134808673073451,5.175956361004296,5.2554505767709543,5.3285297550613393,5.4642741676889841,5.5216897827835965,5.6907054137112709,5.7384294727796146,5.9261966558309496,5.9822913675596396,6.2147168195153313,6.2489542973387984,6.5141864802090481,6.5853307339226035,6.9168001366164731,7.1075602131199958,7.5470229105188196
0.64424112166064906,5.1928178497039994,5.0943132838143583,5.1095698740201669,5.0652329143329098,5.1196700598479765,5.1030327972052305,5.115825652620174,5.1549385216810037,5.2220060733466767,5.3140267426855985,5.3839767273154848,5.5128236562773623,5.5879131322521403,5.7433857893381628,5.7854036611163338,5.9823213248410525,6.0270780612826798,6.2554495017514569,6.286030960011999,6.5674214986288462,6.6446934169281349,6.9904490993430954,7.2157084648397927,7.6414525412287162
0.64628217361577467,5.2169770568901299,5.1316144162934734,5.1313797624842437,5.0646168387416424,5.1124204980103514,5.1071032556211549,5.1401146615637003,5.1710971270720734,5.2398292958520187,5.3410934909296088,5.3857713192606411,5.5194521836444892,5.6127677193782688,5.7573033208483366,5.793111518308649,5.993893500511831,6.0191505956163951,6.2415299804882807,6.2733476288554471,6.5517150917036702,6.6689474693898205,7.0079639791136401,7.2100884202728253,7.6407133397833604
0.64827578327520763,5.2026653839938035,5.1287564925130482,5.1186332411281228,5.0542471142554177,5.1024707710070629,5.1010578518136072,5.1397299454759491,5.1749612773675153,5.2423775598667817,5.3462497321992828,5.3947036931916159,5.5261067948084133,5.5811758735567309,5.7309797988193054,5.7607232862447404,5.9342431944942291,5.9636977734255083,6.2014579696177066,6.231320206597843,6.5091683443462784,6.6345206916584516,6.9853765749522836,7.2255046010983506,7.6465995105902493
0.65022305338962305,5.1834795327201277,5.099221467686732,5.1112265025864758,5.0267401257953566,5.0929487432172209,5.0942794093131738,5.1454423386115877,5.1839335008229455,5.2451476683085048,5.3416560123347381,5.399121658779336,5.4950975417109476,5.5498428065582175,5.7061105420610829,5.720648042814787,5.9157592105590879,5.9350303650806495,6.1348199232031675,6.1946361079203029,6.4637356451255528,6.6093679778878709,6.9679339743657351,7.1404914820919885,7.566950623881894
0.65212506107731316,5.1181636806779807,5.0639817862801806,5.0877423539815823,5.0244322056102533,5.0809497433224919,5.1081049685674884,5.1580258475889877,5.1968136051763736,5.2558934166569884,5.3473508249380188,5.3786881033146301,5.4955625057772295,5.5277474669986191,5.6717414575302314,5.6810466633594956,5.8765844681864223,5.8914500791705109,6.1115710703967352,6.1604342877350859,6.4423269003364112,6.5749773805113705,6.9106356903026835,7.1181501375961034,7.5321555470908379
0.6539828584199886,5.0859319114814525,5.0565621564514345,5.0949465180431162,5.0426083591579527,5.1090729263831349,5.1377535655329325,5.2013989696001204,5.229497829636216,5.2853078258767709,5.3597440481159992,5.3935420569667372,5.4943071045349257,5.530580474368378,5.6661508942693786,5.6786891992912274,5.8533008751584816,5.8672462950401041,6.0902975142937521,6.1510656112857305,6.4374639335186998,6.5838876983295904,6.9147848357230259,7.1054754683996748,7.481319992391434
0.6557974730447298,5.101096196737501,5.0725290587969312,5.1325769462430912,5.0840096338816352,5.1682239377665837,5.1955319241700408,5.2635102961070288,5.2889089710021722,5.3446318130559121,5.4080875627460614,5.4735245619498869,5.5501100705264435,5.5585628094554522,5.6918255998522795,5.7049143694794111,5.8824235804204363,5.9057367981247353,6.1311899716270091,6.1954786197859448,6.4874677132361853,6.6265097767697512,6.9761210059050427,7.1306876061044022,7.5102394713977674
0.65756990869241005,5.1342617045209522,5.1090694330586643,5.186290983517722,5.1661948004779674,5.2552057675486594,5.2804408328732393,5.3592378905108831,5.3741156937772416,5.431463504543899,5.4814282187538765,5.5222152303508665,5.5910546550232993,5.6271828772437402,5.7636929055389032,5.7626228978459153,5.932978162321831,5.9775244744839142,6.208738393662145,6.2724138064057797,6.5810066794602449,6.7321408259755913,7.0627277668104398,7.2413042764846978,7.5882565359689238
0.65930114577290932,5.2173520130433531,5.179241645636921,5.2969864112658911,5.2707622797627778,5.367745516145817,5.3931219723775143,5.4754950173719976,5.485862924409787,5.540518531798341,5.5799552867391071,5.6265116604524223,5.6893172780697796,5.7219044210718266,5.8653757379169633,5.8764140978596515,6.0374817489767452,6.0964703522926129,6.3356868910361754,6.4146780053937391,6.7307254860621697,6.8894212129525272,7.2175659081845538,7.3608811575174968,7.7090985277905588
0.66099214190741984,5.3165989675157448,5.2998245803898385,5.4124373837918824,5.3834659757490613,5.5081501013605134,5.5322706614252297,5.6183337901662753,5.6257940690222767,5.6747260676434621,5.7072909568537398,5.7588892979431989,5.812396175587196,5.8550467440912257,5.9919866579990639,6.0264356753991706,6.1978751059271531,6.2531674878306376,6.5108306239413878,6.6036925586251982,6.9200229623929204,7.0456085834894111,7.372470108713344,7.5518047844176976,7.905367153325642
0.66264383245814684,5.4606129594637309,5.4483994814145831,5.5516497146011261,5.5449279041346813,5.6506246678822549,5.6850696743346703,5.7667175398527775,5.7695242266373725,5.8203477622982973,5.8445669880251785,5.9139572051257119,5.9754861400167556,6.0039953268426984,6.1478720670176017,6.1866222378504858,6.3990323567207383,6.4609379023161182,6.7105638320095977,6.8075247934737035,7.1467104333337375,7.2980062948166733,7.6140082748899545,7.7745197271423763,8.1043221719601775
0.66425713104569861,5.6145850595506772,5.6126332443083697,5.7387856137358995,5.6799937381574637,5.8093740264782809,5.8472367994310162,5.9177155864107363,5.9200880507862053,5.9820609462926768,6.0011796655641092,6.065617360951876,6.1699435772995344,6.1777958317403545,6.3253379326362165,6.3811910431018077,6.5904774723824175,6.6579301454223696,6.9311258826908784,7.0413320963748447,7.3751358992399219,7.5155573085658602,7.8460008383602258,8.0158279976421909,8.3605196141071474
0.6658329300544481,5.7865039323734777,5.7725542484021162,5.8967828383644019,5.8380845457613191,5.979420161053099,5.9781549145220652,6.0667892494584521,6.0676323524619988,6.1264801430875764,6.1576555361403962,6.2242932538310924,6.314832055459533,6.3474856102146759,6.5134873698084448,6.560581409827364,6.7843954165879268,6.8727327591916492,7.151595469047777,7.2712983709320724,7.5959739606303174,7.7432033426933913,8.0615031114967337,8.251111466251416,8.6058931563370606
0.66737210112614909,5.9785104281593817,5.9396841450692364,6.0623020342283098,5.9830526997976676,6.1213186142933296,6.1176773015761228,6.1962617152476014,6.2071803700037549,6.2676502723024896,6.2925242795178633,6.3625913694074825,6.4565561817076969,6.5190526280914582,6.6921479523645644,6.7466259385125795,6.9953415407947546,7.0813591834667591,7.361787960752622,7.4891584849032142,7.8411101796245362,7.9770172344950083,8.2890067610588858,8.4996895263955139,8.8360452586221072
0.6688754956420786,6.1317752840294588,6.0979696157506282,6.205831297753889,6.1332832957631922,6.2377832535959215,6.2392462432027855,6.3136284221434948,6.3267656921047433,6.3857208590960113,6.4235574043792667,6.495644960960874,6.6133944491816123,6.6768127524238707,6.851996067331072,6.9299899032341727,7.1927872635315566,7.2951447064239119,7.5617669932515241,7.7024438792112733,8.0243590276230634,8.1564942229596227,8.4949042106916295,8.7077775142508926,9.0686626129028127
0.67034394519397233,6.2786956509070251,6.2325415693620698,6.3223663947448472,6.2418734724441265,6.3378126294643948,6.3317611295583447,6.4086742202840128,6.4283707137162764,6.4836045156254158,6.5350635341552561,6.6009450418158053,6.7524035186152105,6.8109228560148267,6.998773284675849,7.0814988761699738,7.3082589851495072,7.4483029001370937,7.7268462964178752,7.862311270784744,8.1923355045880726,8.3344271030138088,8.6599105602889495,8.8580862217527283,9.2349587971550591
0.67177826204401314,6.390346247302773,6.3277830274004145,6.4086036961743957,6.3362717990676742,6.4144961710045436,6.4062597768174783,6.4855076903111808,6.5041095464619616,6.5628360234475167,6.6197908758685458,6.7034455976911431,6.8672669754719777,6.9195751164662624,7.1154490894059563,7.1973719358006747,7.4317622750219243,7.5717255222398308,7.8583426736306592,7.9801918555897373,8.3218435838455207,8.4591568343917061,8.7651660418464417,9.0035436774065829,9.3815245973361243
0.67317923957412851,6.4886636210541155,6.424475408266062,6.5140799107772409,6.4012262080879054,6.4607286718628529,6.4617219308589711,6.5358510374059051,6.5579883036577939,6.622649014567628,6.6856256089365615,6.7747530452304545,6.9078653000193526,7.0118909738113189,7.2087035823265069,7.3044126625001127,7.5706473983599381,7.6554752750125772,7.9496108182806893,8.068460235961652,8.3844996146116273,8.5292969634801921,8.8763374928834082,9.1006649799712704,9.4971702666671263
0.67454765272484374,6.5422578533423348,6.4930159463037853,6.5518175881903744,6.4673107677007238,6.4902925336659791,6.4948114003414048,6.5578455500951804,6.5935703068470275,6.6596303583778536,6.7278265140882922,6.827808510095565,6.9658286796981201,7.0700593530389142,7.2756262422959708,7.3724167115435648,7.639800308581016,7.7184484867789251,8.018948495775021,8.1307986930411289,8.434258394987296,8.5740992343576181,8.9189493326703086,9.1396038946680846,9.5492450597962488
0.67588425842393451,6.6200154479117828,6.5190143194589609,6.5852506228221728,6.4892285584652427,6.5244473985801505,6.4925228917371669,6.5732845363504566,6.6120749610776102,6.6818392252916965,6.7561721296046926,6.861576048655138,7.0210440163550629,7.0964827581807413,7.298694358622015,7.4011627681998107,7.6760986792376116,7.754919421078057,8.0392379463993393,8.1605505554447291,8.4639654344333621,8.6024826970615322,8.922606028697146,9.1842989495219172,9.5712504697593204
0.67718979600511597,6.6260410546759658,6.5390054520526064,6.5844773587255077,6.5082621783052446,6.5264255027535683,6.4973206708997395,6.5839340760189771,6.6198045755502335,6.6925080367819874,6.7810219571338166,6.8752647570340741,7.0316633157763135,7.1117912768818314,7.3172590685505838,7.4081179668612549,7.675874762746389,7.7674604022771518,8.0487919079336052,8.1654795514632497,8.4473584866810825,8.5790532266779564,8.9243324577362273,9.1879930971388148,9.5803663366026512
0.67846498761700058,6.6259320310315388,6.5389845834434936,6.5868737885599558,6.4991453250758013,6.5217537577973417,6.4966425637987868,6.5645651857988696,6.6205228710455231,6.6964462651525309,6.7940953626192595,6.8767812356647937,7.0324961603773772,7.1197026521246016,7.3224032632535909,7.4341008592581375,7.6394618449576228,7.7544691435126651,8.0358975946330702,8.150010787854626,8.4213059051537584,8.5496139920746828,8.8872022464011025,9.1379420200062214,9.541924921593818
0.67971053862254782,6.6085642981863657,6.5106669906915613,6.5535833550377447,6.5233903494926153,6.5143830857873581,6.4952722025594767,6.575700987407231,6.6198000138710995,6.6937442003851402,6.7939420678155784,6.8795288388655536,7.0375052113382708,7.1212324304786989,7.3183565207029915,7.4225826170923028,7.6414391033553102,7.7357296941455616,8.0097405383546629,8.1009672892016624,8.3920561061013359,8.5206916249347842,8.848607483065507,9.1088882401741103,9.5125920545024201
0.68092713798923221,6.5865438653443107,6.4890919392937576,6.5437062515109119,6.5103022566242998,6.5106083876216871,6.4964448798220928,6.5765328037083464,6.6298071722545728,6.6998104549218169,6.792858939507596,6.8830003808958509,7.0375860177400682,7.1310638678974101,7.3046141146095351,7.4076262415724159,7.635056191976787,7.7064251238023189,7.9734757496976272,8.0684201645666462,8.3509983678545723,8.4850020277538079,8.8094059592102667,9.0971555389398873,9.489562033397533
0.68211545867013967,6.5911263016295152,6.4769616790055125,6.5360945256052219,6.5234883174643983,6.5150632368896595,6.5053238089803926,6.5771608816147591,6.6399278925262024,6.711369073305832,6.7981490802478675,6.8908233011671882,7.0363410397445705,7.1314529421812267,7.3183041891423954,7.3914562819572893,7.6116554239744119,7.6867020842819329,7.9528755951178027,8.0482747336018292,8.3208639188076177,8.4442042230778043,8.8303872739608096,9.0626964223486084,9.5004414636061938
0.68327615797620667,6.5734009766414374,6.4821371575550302,6.5394657825960394,6.524690257056136,6.5290320157504311,6.5289886988780381,6.6160383579467634,6.6600487870289271,6.737415880869662,6.8240925790565825,6.9083973430343804,7.0448589803080495,7.1393821548800815,7.320125524535797,7.3910799050074729,7.6054046381048011,7.6800712905354658,7.9377722400219,8.024354135049407,8.3136011839824278,8.4364467912225791,8.7953336970066403,9.0603964694078059,9.4835298676391631
0.68440987793980756,6.5773275405845197,6.4773995443355261,6.5485155512004667,6.535601804810085,6.5556559667087413,6.5621740724419624,6.6494627302640765,6.6903235881818546,6.769671453545584,6.8556931163094532,6.9343262260235861,7.0674994220411236,7.1609222258907721,7.332442080105352,7.4036386542785522,7.6077258211184926,7.6821073853061534,7.936560768384652,8.0195225290481176,8.3127497336540728,8.449992955684138,8.8098578334557942,9.0824045250817562,9.5159518135785675
0.6855172456698897,6.5859811614579939,6.4948183059395888,6.5541011254674686,6.5699222702767202,6.5962727602679934,6.6092832769180632,6.701492851279113,6.7361661376833126,6.8137642120429973,6.9002112281883683,6.9817377054127974,7.1089618615947074,7.1966958689117746,7.3628240418512405,7.420665217869896,7.6399251164986026,7.702995210232757,7.9501846981172548,8.0475056974028121,8.3251702715220972,8.4480320405589282,8.85094441029878,9.1127127007327999,9.5687566140668423
0.68659887369885386,6.6086060303750855,6.5175435425740034,6.5878805054102259,6.6105553871458369,6.6589159641799824,6.6705345472456656,6.7613613028623831,6.7957537928148213,6.8774784763683101,6.9670207030610527,7.0420801571262928,7.1616736669460579,7.2403843326889046,7.4083349224366657,7.4570713932801027,7.6850232090303052,7.7377842848150067,7.9808025281670325,8.0630074299606349,8.3702188583870338,8.4918290708806126,8.9181035217713998,9.1695972620861994,9.6417216621778152
0.68765536032137298,6.6462374889473494,6.5560297393296878,6.6370624408682488,6.6757253287599951,6.7283988084741395,6.743845412016185,6.8340327476350922,6.8686699632537511,6.9492955391079931,7.0416205336927078,7.1092927048565571,7.2285686657867245,7.3016303686541733,7.4676080959275168,7.5033310554171067,7.7365745124087653,7.7885583165325443,8.0392169118796346,8.1162833962388277,8.4322811381840665,8.5829099191595333,8.9982780099356887,9.2530997364234508,9.7052412690341043
0.68868728992533379,6.6936256989559979,6.6125949803273443,6.6917094051065078,6.7373116178570172,6.8224927537685289,6.8289213600316998,6.911637735396539,6.9543371677679033,7.0326097887741525,7.1195597349026229,7.1886574952110323,7.3061634251249643,7.3746793318636037,7.5376157436537596,7.571361130690434,7.8024874023712982,7.85996655806116,8.1114587438388526,8.1916738348210174,8.540454685458144,8.6821633083794723,9.1054309194394136,9.3759475598186555,9.8243055424818522
0.68969523331508664,6.7633767728410703,6.6819191326105738,6.7726900125445582,6.8200076142580883,6.9147736007386129,6.9276766154368943,7.0059377639834111,7.0502347219578496,7.1327894745346612,7.2056855410465914,7.2750241521306407,7.3958350826917467,7.4617552779627658,7.608880559770455,7.6661635159202888,7.8825925246964061,7.9460130678074847,8.1882263150337167,8.2889790831781056,8.6469001540182262,8.793073051410488,9.2326472721622395,9.5106668464674158,9.9986631947900833
0.69067974802718257,6.8624780605385922,6.7637024505075942,6.8604706058877127,6.8911247602057983,7.0157424689276695,7.0312256305163601,7.108304063610376,7.1545777505494925,7.2402918399690179,7.2950160562596693,7.3772160262205944,7.4951666121150993,7.556497113178807,7.7139601326394995,7.7802299995116755,7.9490830663303313,8.0312197160457117,8.2900706998201485,8.4016067616986447,8.7598732927958736,8.9006066282457823,9.3785818071285121,9.6627462512673219,10.144038116540855
0.69164137863876962,6.9602689286776922,6.8806396234074327,6.9717314037267215,7.0063916295340505,7.1231222494673148,7.1408593801619418,7.2164629877130437,7.2663701124372437,7.3538910522885317,7.4011077426432621,7.4898891377105201,7.5942764588284035,7.6618851474042913,7.8192589963719001,7.8809615310250365,8.0567712937970555,8.1393713104835115,8.4095697412428763,8.5164478083084987,8.9073545136542407,9.0517460495251498,9.545071342450683,9.8273082162603487,10.319266291946292
0.69258065706882233,7.066437669992979,6.9854412706254152,7.0674193931897662,7.1156189647792871,7.2351106875931919,7.2541500033485136,7.3290393472528876,7.380161728515759,7.4719305524101856,7.5489175986732562,7.575932150542485,7.7026930533852465,7.7763605583099888,7.9126551298091954,7.9854010625269893,8.2111338188346963,8.2755198258578275,8.5463619526634602,8.6572203099091212,9.0606489881739662,9.2169460761722348,9.7135629391591465,10.007455799314016,10.509812239408461
0.69349810287236879,7.1291530685349471,7.0960448880091462,7.1788807511447885,7.2064866737867987,7.3495983718664775,7.3686959279316397,7.4418322004082711,7.4953159543872516,7.5888235525312666,7.6567121924123285,7.689971282933584,7.8025744701477606,7.8858713937756875,8.029579832789409,8.1094046798068575,8.3328365717271708,8.3908224964318379,8.688317587097913,8.8014838455790141,9.2054163700057643,9.3825085213014745,9.8906450676153099,10.194772023103496,10.70758432173011
0.69439422352787861,7.249646044805786,7.2104872124308486,7.29674575004492,7.3217274783121411,7.46310830616369,7.4734000202562356,7.5534628176516208,7.6095603767959119,7.7076048065733858,7.76161359488367,7.803860139682115,7.9147980995580838,7.9985114128086252,8.1490049908298943,8.2365642180732266,8.4492139082409494,8.5238548430272658,8.8146114261131743,8.9416506952785539,9.3580157463569549,9.5455881919530157,10.051404655456736,10.376931476880372,10.901391854384656
0.69526951471797072,7.3713774496447968,7.3385967269581442,7.4105489889503815,7.4317463775979604,7.5735695933120724,7.5832209252445182,7.6619210988012583,7.7208111442374729,7.8187262865083085,7.8650603713567762,7.9562263143906193,8.0260458775358074,8.1147923862267817,8.2703781579374436,8.3646782159327131,8.570530789005943,8.655885847701029,8.9566492553371972,9.0873014480478105,9.5342997838853307,9.7101793647348131,10.229978651838223,10.561708301565659,11.072082601456032
0.69612446060359723,7.4919491564082819,7.4554972457937083,7.5251329474609747,7.5361649923615914,7.6740816559828318,7.6882953754590062,7.7672371167246865,7.8176396504748027,7.9242042220134863,7.961971243449284,8.0288814859479771,8.1378739504996247,8.2220047131621641,8.3905412816046692,8.4814776771113429,8.6943752521389115,8.7818886330977648,9.1044830551943505,9.2314527018737635,9.6995900872509537,9.8869080909457807,10.406657120492127,10.74273358349501,11.252150108604383
0.69695953409185274,7.6036205255132927,7.5689203325791823,7.6525493520304053,7.6467562137237337,7.7733380308732194,7.8048812167448887,7.8636963547767209,7.9181822326856945,8.0223436177901704,8.0618763648013783,8.1309638645810765,8.2484417351749926,8.3275605878656052,8.5006822588388786,8.5950870234378272,8.8148876336679223,8.9089695627912988,9.2409134991644351,9.3759415582397878,9.8521147010378627,10.048148044372738,10.575026603685728,10.915756344204965,11.434271419885363
0.69777519709756008,7.7155129681240169,7.6742095314129983,7.7551146578809949,7.7512935040027742,7.8651906806778698,7.8946279806656321,7.9527436523948154,8.0106811025398201,8.1109622597218731,8.1572464687244519,8.2280228528039743,8.3475426646222104,8.436193664717166,8.5906182452143867,8.7002374358578436,8.918590075354814,9.0285285270484792,9.3652480355958687,9.5156581376393206,9.9904520889967898,10.199499207941017,10.726066327201124,11.076029869315789,11.603618914818071
0.69857190079877507,7.8208392952064969,7.7784643580758939,7.8512604506489652,7.7998789012382304,7.9487929597165703,7.9759419884159115,8.0335841237251771,8.0978334111537151,8.196573680240931,8.2942839443259118,8.3569167968787497,8.4397409336331748,8.5296764238999003,8.6951180482471955,8.7714075147080166,9.0279495332838451,9.1382373440542324,9.4819424757854449,9.6479446594714773,10.095246110016205,10.331021507618061,10.862189533865148,11.221286235295338,11.767253826703154
0.69935008588635184,7.9183809056052041,7.8748197318911934,7.9457976072895917,7.8887745343505458,8.0370629781411935,8.0483481013652636,8.1082279737648832,8.1687640465827371,8.2715600144131258,8.3741793029103064,8.4399823881171869,8.5260528752176015,8.6156390483897667,8.7876421379125986,8.8668696118243133,9.1346007096212816,9.238940034514826,9.5927110574473318,9.7529240353303521,10.216520872773572,10.457159047892446,10.987640926130553,11.351313044258632,11.896831001883584
0.70011018280770843,8.010183598702497,7.962426985684715,8.0452897742010236,7.969538820464777,8.1026532111761753,8.1116600852627698,8.1718721753060208,8.2361037759308147,8.3419263049411256,8.4385398067051938,8.5056855205555166,8.600753859981296,8.693664290780589,8.8625334785911036,8.9523560072216242,9.2262516852783847,9.3382120008936909,9.6919383645310972,9.8584621381082798,10.3336726955431,10.570198201960466,11.125336511517617,11.482809453312711,12.010123471334055
0.70085261200492532,8.0934991154248337,8.0437791420337135,8.1189535432785078,8.0417462989011028,8.1589750949354993,8.1699741688594258,8.2266727738326608,8.293997091433539,8.389271397898483,8.4918492464389601,8.5582082233122492,8.6627860030928332,8.7587190941533208,8.9331577918405856,9.042914428903714,9.3056219933209832,9.4289526159263914,9.7918185362773329,9.9549509157584453,10.445392787217997,10.68995133950034,11.231281440686644,11.587921002847906,12.084680224844305
0.70157778414730998,8.1672863460025837,8.1156085653599348,8.1835206321661644,8.0878146684194689,8.2248552296691742,8.2153738478561991,8.2728902261676467,8.3430963672892631,8.4363452463817339,8.5328663129218967,8.5709348578118352,8.7119961766632059,8.8136064967463881,8.9982351150695195,9.104516697120971,9.3742014197359822,9.5046436382849606,9.8717253273548522,10.058857475526111,10.530602561972501,10.780753921490941,11.319931078381614,11.676349047928625,12.175314705228857
0.70228610035855554,8.2314521912730925,8.1779911591540895,8.2390811037655567,8.1556214634392745,8.2650964102581383,8.2524659668790719,8.3109714523693583,8.3820790313202451,8.4771080192747377,8.5473207780776193,8.6186174771812603,8.7570308677352386,8.8612034413633864,9.0551066827454179,9.15673470962588,9.4328202480883192,9.5758268121956007,9.9409226661759931,10.129196238231543,10.600216342072144,10.85907411536482,11.358006597597296,11.725021100456161,12.256116394846231
0.70297795243861949,8.2298170386084166,8.231093474406407,8.2824469301706358,8.2015215443580018,8.2974091280821085,8.2818710355657004,8.3331820410480759,8.4123177520973513,8.5133165226579877,8.5883670798898493,8.6585108211979787,8.8016002191609459,8.9026843323445064,9.0982700609285985,9.1986286843525704,9.4841038326037506,9.6293667328252468,9.9979063389278053,10.188534635773294,10.660927111636738,10.925519736708793,11.418238911621074,11.785236325764117,12.315154920085206
0.70365372308044494,8.2761421466486809,8.2760870148426875,8.3206701149790661,8.2397527129044192,8.3227290549464215,8.3043184105936234,8.3567489383149223,8.4343033263683083,8.5374848002900308,8.627461371611389,8.6917698328040842,8.8334496453114753,8.9386406563855871,9.1335364378023769,9.236045721891287,9.5300141976845225,9.673929121495803,10.046552933205476,10.234575392091529,10.71154219864502,10.953853707614144,11.464951897248966,11.831399796298683,12.349698312579903
0.70431378608164452,8.3143256544458382,8.2996293404255539,8.3511786263061367,8.2607755772589826,8.3752322493146494,8.3032542206144626,8.3743529905116247,8.4522119725315861,8.5509918041384481,8.6627337752788662,8.717593640037876,8.8466221348767249,8.9612045146755008,9.1629034160416722,9.2674963172310072,9.5681663478183054,9.7120976703367887,10.088030497356385,10.275124100185622,10.75479657361916,10.987946632869352,11.504286808983352,11.866252292390982,12.372730725879592
0.70495850655126391,8.3449516894506814,8.3295863830610415,8.3746732402751149,8.2647557151044566,8.3901733835530194,8.3132371150313702,8.3868210368257223,8.4710991199763157,8.5597433026759973,8.6853398200478296,8.7316169178216114,8.8671835814482165,8.9792042206668157,9.1905151690643834,9.2959736436203002,9.6146864878339784,9.7440995671245219,10.119372186245982,10.315843108354329,10.785454812566741,11.013103066541362,11.537353761163104,11.890549311590348,12.384660322877608
0.70558824111173868,8.3686986443367459,8.3526269300839431,8.3959860451345776,8.2829441963010595,8.3993395103070725,8.3188556266218256,8.3949991931049226,8.4796348259799288,8.5665593869089207,8.6945758505801223,8.7470345229171471,8.8803916266679153,8.9939593720412176,9.2082259954586334,9.3174439543311109,9.6409372033499494,9.7676735624472713,10.156272147343088,10.349912001536268,10.809105506835976,11.035203349138328,11.566123593572684,11.8977723596538,12.383336990325915
0.70620333809615832,8.3975536885998281,8.3695089128082145,8.4315825105977638,8.2965640290251486,8.4036476234743986,8.3209874854890131,8.4014654196541869,8.4818763906266668,8.5722468470687545,8.6941638705220612,8.7579224148125832,8.887392376994967,9.017900399236396,9.2162590066386656,9.3674146473397286,9.6621085080112152,9.7880860480670435,10.176028000404131,10.365180377136767,10.824482653848918,11.083646679221829,11.572124572611074,11.894723783500012,12.399957141459254
0.70680413774094331,8.4083863181563174,8.362276449200408,8.4398433294957158,8.3033517613744152,8.4085389139602285,8.3204857897339934,8.403417632674973,8.4804859455086898,8.57260029981353,8.689753510175251,8.7709951430163073,8.8928861486974711,9.0277665348965002,9.21990387497749,9.3760251433432131,9.6766941520465934,9.8050509133247488,10.1896323878575,10.374448341573498,10.834188551386433,11.08863462995555,11.568224998647111,11.889577635526166,12.393719899999724
0.7073909723740448,8.4148526923861482,8.3694074723439371,8.4439402904131384,8.3067147560966532,8.4100238281844213,8.3181624802807619,8.4036019923585172,8.4781148053616562,8.5644502761456351,8.6853697893754997,8.7684874429914998,8.8949145879967091,9.0330825646617541,9.2235268165561592,9.3807340113864939,9.6675326994641182,9.8187094695363157,10.191161101619173,10.378772309636588,10.838829507834134,11.08625342614323,11.554928061059854,11.873398454657945,12.375710132948825
0.70796416659876948,8.4177530879394453,8.3730334531253447,8.4447035781934119,8.3077845658922342,8.4090285970526111,8.3361756642382261,8.4027540051565666,8.4758521443609425,8.5581547393280744,8.6591836967959352,8.7612928173205091,8.8990088299410672,9.031670744491521,9.2466864898544827,9.3868139913774939,9.6755938410208273,9.8276430065695877,10.199900073403342,10.377990818003354,10.84140928823399,11.075858456501237,11.551977804977696,11.856082375427832,12.355269353020503
0.70852403747333148,8.4178626081786661,8.3739147835626682,8.4419411687920274,8.3072765332694871,8.4063177342259223,8.3324452555511925,8.4015519193867476,8.474485619889947,8.5554922401381646,8.6612081682044391,8.7547103307945235,8.9030095739437911,9.0286793763164042,9.2506497506535652,9.3745805786297751,9.6839973036967422,9.836192048090652,10.204293243103621,10.37719869176135,10.844817709118388,11.068588337835308,11.542904685811209,11.85233871524224,12.331948258304692
0.70907089468623041,8.4159203941464966,8.3727791877106483,8.4312586707089849,8.3002765124724647,8.402605504541043,8.3288854747731875,8.4006101479953941,8.4701202034780181,8.5525154853685308,8.6633967196271442,8.7551716671646318,8.9065045386296333,9.0283763787617772,9.2519210916902921,9.3796870549122104,9.6877725933825332,9.8417308874534228,10.207199347341884,10.407528986933812,10.842866853566193,11.037165801556057,11.529694908677357,11.836374655692453,12.304355891718842
0.70960504072755393,8.4009205706222474,8.348414211078989,8.4283750791325929,8.3066638252794291,8.4010581374216144,8.3260688377765746,8.4004760284651638,8.4667488576444612,8.5463266573265173,8.664819499244004,8.7493669767370648,8.9075390084769879,9.0283817822521542,9.2522808050589447,9.3845425549802712,9.6917362356102785,9.835843893436504,10.208851395079364,10.406598203950352,10.837908960288587,11.031575416225905,11.516078056194601,11.817058570748941,12.266927087782278
0.71012677105629751,8.3972718837560478,8.345449090400507,8.4250717790321232,8.3030761065379011,8.4011201294961211,8.3244969661302548,8.4007126670342132,8.4646582041557394,8.5445392224119132,8.6662808708356351,8.7680820071252583,8.9108910277677751,9.031501032052347,9.2543939855997905,9.3880658760858751,9.6950615107496105,9.8444933620505708,10.210348073321256,10.401131338272762,10.833522990575375,11.031144974512699,11.503034008299892,11.795513288327129,12.245079813099892
0.71063637426379578,8.3937584652549049,8.3392994295709286,8.4219079645295096,8.300285380660398,8.4018098308106346,8.3245991960604897,8.4031805283459562,8.4656147091077401,8.5361346978916117,8.667611373997488,8.7767990711231505,8.9113555780238585,9.0387885083443962,9.259677225034693,9.39773627624254,9.7014880111535149,9.8501398424764375,10.215152806938477,10.395403747587807,10.832763877928755,11.023451964179003,11.486953651708063,11.737761545736248,12.230051429378364
0.7111341322333542,8.3908783823319482,8.3363935907709674,8.4193816260308267,8.2987370366377036,8.4035532398313535,8.3301972959354771,8.4077086345496355,8.4673124102216661,8.5406854366269727,8.6876914454767302,8.7799148522242376,8.9137712219160221,9.0478008174648039,9.2619046145009634,9.4056577270432626,9.7083333302682604,9.859536792370136,10.219300159328895,10.384437901189358,10.827271607322245,11.022893756927715,11.475689231381239,11.725027707096615,12.217214656633132
0.71162032029617128,8.3890661375087348,8.3345120281671825,8.4179264881072413,8.3092583012792147,8.406714687048634,8.3349849641208493,8.4145741601241753,8.4704151206403822,8.5457580312588561,8.6808971944376481,8.7897790472190991,8.9214224000916147,9.0569983413474802,9.2672204922587298,9.4218147851465801,9.7164638655742692,9.874803937231718,10.229339514694402,10.387381984493004,10.826320479047126,11.01106125021056,11.468112139548793,11.71319754793376,12.19959995494537
0.71209520738363574,8.3611430721425677,8.3340256898472944,8.4066718215672154,8.3204126455541427,8.410299706831438,8.3423241048642467,8.4239929393918374,8.4770643744166136,8.5509164981983758,8.6859857681831727,8.8004093515478417,8.9331462199211273,9.0677361210043728,9.2745220508613784,9.4424712564964466,9.7470945925665546,9.8850817795012063,10.252230905301076,10.394453531033378,10.82716587236655,11.00812702424696,11.465157071078011,11.70945115711902,12.195519725129543
0.71255905617608395,8.3604118181085596,8.3352497805642543,8.4077785882393528,8.3233805854204093,8.4198366085297494,8.3523839034044158,8.436123578202114,8.4861567972006924,8.5569736697857479,8.684305418581971,8.8112822017310464,8.949873035712244,9.0839860015098566,9.2882398320045922,9.4566293304276314,9.7599454617807169,9.8910084539236323,10.261041096641293,10.404952420963355,10.829902268118985,11.003479727875856,11.463406664262038,11.709091313616682,12.194327537185472
0.71301212324809993,8.3618807290295081,8.3230168518180108,8.4108898405372656,8.3287133280516628,8.431536450479598,8.3652804445173388,8.4510720112680247,8.4984585535021324,8.570384854244594,8.6866906606428529,8.8221433363275992,8.9594872553909681,9.0992433173814788,9.3031353513988506,9.4818568502057587,9.7747648806009693,9.9003562641919416,10.269858848108015,10.415214313085244,10.836826917837243,10.999507474192114,11.48086717821252,11.708701843427207,12.172786250527224
0.71345465921043727,8.3657486553447598,8.3134760796085629,8.4162058462438836,8.3365696789348931,8.4448223389024406,8.3810796147590736,8.4596486847701726,8.513638372420246,8.5864829010397443,8.7009545830328534,8.8339952373912638,8.9758221474694437,9.1177041238693164,9.3413442270662017,9.4753734348514627,9.7916433410468926,9.917673240560589,10.281371725163808,10.433222695904988,10.869231012256932,11.006573473077879,11.488635261320269,11.713666640960582,12.175821781710056
0.71388690884864314,8.3721620728119888,8.3210761828479463,8.4238753338552215,8.3470583242087741,8.4616342076928959,8.3998042875789452,8.4804712897223453,8.5317265409807987,8.6052196278672,8.7131092365802942,8.8536721319776461,8.9947988842573068,9.1379447119722954,9.3655415577147778,9.4963765596073699,9.8096819677007261,9.9364048931995512,10.299349982798049,10.459829349567826,10.883427220693193,11.013565385033189,11.498036677357504,11.711252631276238,12.178412122096233
0.71430911125845908,8.3812210135288296,8.3312161530234334,8.4340018276457158,8.3602432730076544,8.48087971671589,8.4214387535132573,8.5041748880853447,8.5516062339743257,8.6270574967145421,8.7365063880638445,8.8751522749491869,9.0185049971048556,9.1623019680694142,9.3885943751022296,9.515543041872661,9.8326804254900253,9.9570659809462541,10.328127636057388,10.476544977869025,10.900571938186658,11.048227090344199,11.511096813079803,11.723479339541427,12.19184795664205
0.71472149997807566,8.3929806259059205,8.3439509889228702,8.4522429095845837,8.3761489135847569,8.4695943913079645,8.4459313681459207,8.5307022830425012,8.5701408501065544,8.6507764034970478,8.7618751121622154,8.9007304296308121,9.0431268376801199,9.1904284876404745,9.4159575960145503,9.5384196243876431,9.8380175519671411,9.982966163778201,10.352381123299892,10.491578145830999,10.919531269857998,11.067123099516721,11.528719834741878,11.736676868874383,12.211274121555562
0.71512430311731179,8.4074581249813036,8.3592981654655887,8.4692686228513594,8.4184166157194795,8.4952367282669456,8.4620580562616396,8.5599670278229496,8.597009964399831,8.6784570219572288,8.7961641995991613,8.9258176586706668,9.072444520563522,9.221648566048998,9.4440328733155638,9.567807529565016,9.8666278336306732,10.011537820195372,10.381108536200372,10.517006307768725,10.941962220844061,11.092818843132136,11.549030012699859,11.758329687023888,12.269314059951739
0.71551774348379282,8.4436721586819203,8.3628371534348389,8.4887775067645634,8.4187861528621397,8.5233566618919667,8.4917108895219826,8.591858688213506,8.6230617529076881,8.7114443972873232,8.8277660769176691,8.9547074459071609,9.1055861679917598,9.2539238914937414,9.4769174385157839,9.5974600585523149,9.8990403046664142,10.043164196291855,10.411024946365387,10.542115454953546,10.95168697509439,11.119150793279232,11.572148225890714,11.780478105129532,12.298617687016758
0.71590203870619395,8.4627272796244597,8.3832594844245705,8.4998258238804283,8.4412681878679905,8.5538551278571049,8.5238761397226881,8.6262486196105783,8.6554521294062852,8.7450417103243581,8.8633928305634981,9.0058590683881903,9.1556403863642117,9.2908548963118847,9.5083577921932374,9.6318438016551227,9.9324714162585224,10.082425839183543,10.444146371946772,10.575185977742876,10.984981312087029,11.150633487312689,11.602386334003768,11.811256876612788,12.326221115332828
0.71627740135462092,8.4844299257820239,8.4073115666592457,8.5244568235552833,8.4662406484399071,8.5926364481952078,8.5584157053965555,8.6629914627712878,8.6903021343523505,8.780398099975173,8.9001223427890181,9.043925497332566,9.1883075483303855,9.3279490388474642,9.5473225053569877,9.7072636098700968,9.9690799388758933,10.119247267219407,10.479666147861963,10.610224741509228,11.019068710814736,11.161956731518785,11.638568240695577,11.859804431524026,12.364841781085488
0.71664403905819096,8.508687225003996,8.4319886165333173,8.5513597332665086,8.4936017056086257,8.6275845848108474,8.5951798798698746,8.7019302806495489,8.727793019232422,8.8154645035854173,8.9358134539788807,9.0829496521853343,9.2273397939270581,9.373738673170692,9.5872066998040282,9.7466968429966983,10.009736834156456,10.153959789709234,10.518237559153249,10.647850902829077,11.058737530815051,11.19739712306,11.67675325180835,11.901545545384124,12.40320917109193
0.71700215461988159,8.5353884482290141,8.4590718763822679,8.5804284092521357,8.523234149845166,8.6645032562471442,8.6340092264117629,8.7428987903335837,8.7700440799244461,8.8445608174783956,8.9766354850348762,9.1254683897429913,9.2666546144198492,9.4154454163083301,9.6309703958268074,9.7913334266202128,10.051060195994523,10.195288325583078,10.558735315763442,10.689932180313917,11.098983623002141,11.237669084659956,11.717966880954009,11.945280690419168,12.450335498572258
0.71735194612870956,8.5644083295374003,8.4884353878405818,8.6115444355523323,8.5550092695848434,8.7032412059411399,8.6747370854870951,8.7865256965117169,8.8117491536756916,8.8833737160364308,9.0259598347390693,9.168896717929556,9.3097922614986146,9.4567607845149269,9.6751037550050114,9.8347798902052546,10.09701201217058,10.238434197270635,10.602373347432149,10.732585485085565,11.146345026700601,11.279722514205332,11.762946780012271,11.995928360680864,12.500266212695806
0.71769360706930252,8.595610572856458,8.5199439309076297,8.6227261551957781,8.6098195266579296,8.7194052553395522,8.7171927940605656,8.8307029437380606,8.8535899687585697,8.9268944907155401,9.0700103425617726,9.2129645143547805,9.3541847207454794,9.5019514897826411,9.7225589986173873,9.880635413161599,10.142358762423555,10.283863709646994,10.64837935282867,10.777877112441274,11.191791336278129,11.325886897933515,11.809146788776161,12.046401361632888,12.5550189615401
0.7180273264289232,8.6288486755290705,8.5534518519418725,8.6583560616159048,8.6454398825410408,8.7614665645335208,8.7798060633372188,8.8763954011546957,8.9000973999934558,8.9725309708378518,9.118979751571942,9.2597971124268952,9.4006977798665048,9.5467795957047201,9.7702958607148958,9.9273552343493066,10.194911714417231,10.331846286763266,10.696038707176513,10.824866037670972,11.244851212385583,11.376774820584615,11.859776850452363,12.098250020245359,12.607292759158554
0.71835328880200677,8.6566008104862249,8.5888086571567328,8.6956653829588504,8.6826975727151421,8.8049906516832834,8.8257089078247191,8.9234279722138581,8.9451197701919227,9.0192912163406618,9.1660520899224593,9.3005227016881236,9.4504733161418244,9.5948996620959406,9.8194822030607156,9.9732053084012477,10.243870864298515,10.380615314347324,10.742276083460183,10.876318877613812,11.293537621355881,11.427954691731429,11.914639161253035,12.154337880059302,12.673292950662471
0.71867167449226776,8.6921598363887824,8.6258614149182904,8.7349317770974721,8.7227212897703339,8.8498117410842951,8.8728070148076768,8.9716287327978534,8.9931696183516578,9.0689321875377118,9.21598915837194,9.3500873565521943,9.4998646335343437,9.6433462022168897,9.8752464279964443,10.02283159202193,10.294238985829224,10.43885771649343,10.793173350745747,10.924873746939056,11.341313068788168,11.483109034749532,11.970692381494246,12.212994686248749,12.740833005321292
0.71898265961243357,8.7293835548400693,8.6444029481797315,8.7744770664328371,8.7626970401804556,8.895765873794744,8.9209330199944361,9.0208293892037545,9.0455411777213612,9.1182642883129574,9.2651838329675229,9.3876619439633942,9.5508640680995995,9.693726014231288,9.9268353929278419,10.07153907255065,10.349467640200373,10.490259112824788,10.845453719326088,10.97576142088019,11.394428254120157,11.538203323747439,12.033900950139241,12.267678165484995,12.80805751845719
0.71928641618166045,8.768115120691391,8.6834569225541145,8.8152929619661791,8.8038605839990396,8.9335011830864914,8.9699252107011489,9.0708674290415274,9.0957343794209464,9.1685780224129303,9.3132459635351097,9.4390018418353065,9.6022267590608408,9.7471301349132773,9.9843144787905658,10.123133010642732,10.402135213017573,10.546908208511923,10.90438172324798,11.029245327685203,11.449028218581361,11.611448606349995,12.093978088185168,12.306862622367589,12.885242115771234
0.71958311222068394,8.8081992745285334,8.7238058283712689,8.8572303118232867,8.8460684129086076,8.981986857820857,9.0196275794273788,9.1215848649692362,9.1483699807517951,9.2191665874338469,9.3641130767205141,9.4911155637912543,9.6543265296577374,9.7996335506377363,10.037345258304185,10.173204203254727,10.448722220327909,10.600154256459518,10.958933722831716,11.080937971654748,11.499935704437803,11.669265931499012,12.155682707504411,12.372327985847733,12.956864531985957
0.71987291184475888,8.8494819961638314,8.7587628031681106,8.9001436076807749,8.8891792230440387,9.0033445591186592,9.0698905330948492,9.1728318694772497,9.199974266701247,9.2710522470360957,9.4182663960427817,9.5471521524937089,9.7069513655660558,9.8527398523601732,10.092466757281272,10.226319163600465,10.502613519992337,10.654121819459988,11.021400176680118,11.13628292546241,11.556876951005052,11.726549520721392,12.221024131215017,12.4391201750459,13.030149019986311
0.7201559753544382,8.8918148087445843,8.8011879148741627,8.9438913032702203,8.9330567849003728,9.0525104393684614,9.1205714071265902,9.2244663030464835,9.2520566885623339,9.3343000062891406,9.4702992348134103,9.6002154650445846,9.7633931572981965,9.9017452526281886,10.146364670570847,10.27992214302617,10.561214025044364,10.707723955164283,11.079598577382058,11.192399458394675,11.609090512415378,11.786723825672425,12.285392713731198,12.51064190267698,13.112974540057166
0.72043245932424249,8.9350536522263155,8.8444720564903037,8.9783015662305843,8.9775694719451167,9.102185833437261,9.178038785318904,9.2796047441740939,9.3055995748175064,9.3866990209205596,9.5314831209379918,9.6569152529841631,9.8171253146815616,9.9556057320112359,10.20059914809849,10.330047204347693,10.616284262993304,10.76264624687019,11.134849658224994,11.245956581241671,11.677510465462547,11.847732739599678,12.351068008355696,12.580109984147839,13.188713641035065
0.72070251668926744,8.9790577709802619,8.8884794786156363,9.0238884530847372,9.0370521537940931,9.1522352764034167,9.2287444429753123,9.3313896137879055,9.3582673078731204,9.4393101864741311,9.5838854821761288,9.7103773306871517,9.8710597821586816,10.005287495811899,10.251884818542294,10.384025001013697,10.671643494660884,10.814169384243087,11.191373302900047,11.303095176571105,11.743843203720417,11.909578722056494,12.417103831469831,12.650456451054197,13.237673176338831
0.72096629682977909,9.0236953839028047,8.9330790923331733,9.069939433706395,9.0827684755290647,9.2025311548172795,9.2794709934223647,9.3831835320199843,9.41080901353439,9.4901308499809147,9.6371885777200532,9.763915117307306,9.9247100987165595,10.059306892879704,10.29079325227076,10.401601901018239,10.730873123551191,10.869520118249966,11.248135176743062,11.357697494533795,11.80388900913772,11.971935809619254,12.483707308958401,12.728262628123503,13.314051772493258
0.72122394565384274,9.0688378137494965,8.9781459435198485,9.1163343791320131,9.1287010537662354,9.2529541575770509,9.3301110502104621,9.4348767559101816,9.4632817409194558,9.5429521406508684,9.6904623976436142,9.8199126354561486,9.9748998349552949,10.113269701735589,10.341158613235848,10.457387523500984,10.786339917880241,10.924910813945189,11.303170405825767,11.415244688405892,11.864165387468574,12.034846300254458,12.553268685308012,12.79976718949456,13.390901834575288
0.72147560567803015,9.1143663766858936,9.0235620492976523,9.1629593099974045,9.1747464309598854,9.3033921542473763,9.3805626993491842,9.4863680585990551,9.5156241874346961,9.5948180413893169,9.7411093483033255,9.8733610730471355,10.028530832295701,10.166643735655498,10.395220344346853,10.511627774475983,10.843931408672688,10.976681765492003,11.360012258854795,11.47282743714959,11.928915893866133,12.087752510863766,12.609982742494822,12.871574766565573,13.464013618955505
0.7217214161062524,9.1601661990098364,9.0530331811787619,9.2097061297010896,9.2208055235048505,9.353741251163683,9.4307356091594556,9.5375615936238773,9.5623197668251123,9.6472843782514701,9.7939658011239317,9.9265522498710652,10.077959889320482,10.220268699087001,10.449036960609419,10.56770510806291,10.890875836779287,11.031663076956647,11.416717669643958,11.541422365087783,11.989173159042821,12.150996601063753,12.671909122364923,12.947736845861982,13.541333023674724
0.72196151290675892,9.2063864295182611,9.0985482343405693,9.2564757696998186,9.2667896028310679,9.4039056490498751,9.4877780065376101,9.5883738593674934,9.6139693168945541,9.699430365274111,9.8436390124502395,9.9852308983545299,10.130904965853915,10.273544578004703,10.502178038507736,10.621551872816781,10.945554250204395,11.086359273080916,11.471081656889282,11.599154812102597,12.049277528807579,12.216485336390861,12.73830430728276,13.018686186186187,13.618596683816577
0.72219602888734757,9.2513720400474995,9.1441126678600995,9.3031745532646255,9.3126140063509411,9.4537955991722811,9.5377912363726409,9.6387270225636712,9.6652224961997035,9.7517188157614783,9.8957243427187223,10.037627855848768,10.183443018794378,10.325603033773177,10.55521950330899,10.674982175234845,11.000127291825947,11.134970104519425,11.527216691807553,11.656574491439414,12.112041888399744,12.279284596781054,12.804505186989445,13.08944606188561,13.694489677503043
0.72242509376882647,9.2963225666162543,9.189635695319339,9.3454305040556847,9.3580078961235813,9.503331728262765,9.587290128233235,9.6885499943387003,9.7126310872745307,9.8030521944651809,9.9473247380731209,10.089527508964466,10.236175297055297,10.378007272398918,10.607780462773007,10.730297744029485,11.053981650741434,11.188859920603818,11.582916984012172,11.714923888544263,12.17151166066833,12.341733542167049,12.863486455883503,13.152215665581934,13.771248131563425
0.72264883425676774,9.3411551589074406,9.2388464842538269,9.391449122694894,9.4035281839405798,9.5524394789877078,9.6362112791789514,9.7377798151628667,9.7629397912676268,9.8538411955100855,10.00191387109362,10.142766050044656,10.287759492468922,10.429838094459228,10.663442994234401,10.782851375406153,11.107301359022586,11.242220537786807,11.635962474463213,11.771441224955652,12.230514359629979,12.403661194010965,12.929028510983244,13.222207912735939,13.847516377817556
0.72286737411159396,9.385793666427162,9.2835687072188193,9.4371505152350892,9.4486846027234606,9.5712664734498958,9.6844979257512023,9.7863594759987791,9.8126460511168716,9.906111915935071,10.052351093781681,10.193416031549759,10.338738669191343,10.478729963552041,10.714979242382242,10.834778879592022,11.160010692551168,11.291471306997209,11.690550148069406,11.827395022952487,12.2899372101474,12.464994004299115,12.994042643132161,13.291652205788068,13.923288689340552
0.7230808342170354,9.4301683841231352,9.3280265005296314,9.4671357075744709,9.4934183352145283,9.6181598291764203,9.7258097934379748,9.8342401468128173,9.8622957263751232,9.955574620892321,10.102118102489385,10.243385370170245,10.392380586583386,10.529146107430506,10.765834398200695,10.888974090744341,11.21399748342651,11.34367641764743,11.76125589573553,11.884988457406962,12.347691171067027,12.525703906323542,13.05843473857567,13.357082588292997,13.998337301776701
0.72328933264699602,9.4742146613975819,9.3721562641048877,9.512421475777046,9.5529130541679024,9.6691266111606637,9.7721516094727576,9.881376548392609,9.9106431349932791,10.004332759192948,10.151166685589715,10.291635718735279,10.442032687373967,10.578824884021287,10.822519420997878,10.939455038124834,11.265562696800998,11.395170795916329,11.813411281921844,11.939555145563872,12.404753661227005,12.585717027077408,13.121270797900706,13.425214737635542,14.072563846036246
0.72349298473086499,9.517874627763149,9.4158990046591953,9.5572391693026475,9.5974973433897048,9.7146907193096013,9.8177308061826807,9.927731977201347,9.9582485559944871,10.052330978652435,10.198327554045591,10.340104790408986,10.490914032742467,10.626392925899381,10.871955927151248,11.019585858040273,11.316368917690625,11.453130909599395,11.865928349516025,11.993364498214532,12.419515016214064,12.643902542348769,13.184441168279591,13.49252713690521,14.149585579414179
0.72369190311731035,9.5610953158131906,9.4592026582506605,9.6015385347677693,9.6414770361723185,9.7596365496199269,9.8625150366026446,9.9732733516750613,10.005075147822481,10.099364490285552,10.245805277329737,10.387765860018135,10.541409606135403,10.674684649232404,10.920579723251649,11.068200496309828,11.371803737590653,11.503175472235171,11.917617937192745,12.030856928277899,12.475109149957007,12.702255527818579,13.254091839514331,13.5559751372557,14.221970104256343
0.72388619783659014,9.6038304241599235,9.5020190689651827,9.6452752469092502,9.6848144647619847,9.8039258645615064,9.9064770480497373,10.017972605651721,10.050349141652532,10.145733714170547,10.292453522811002,10.434491331896879,10.588645182489472,10.722121375200231,10.9683598332158,11.112489124486274,11.420835105898504,11.552379788741291,11.96842573637241,12.082917149044533,12.529851992505883,12.759734083264448,13.318390194366202,13.621515218382683,14.293299466582539
0.72407597636141408,9.6460372318690588,9.5443066108423409,9.6884097759668748,9.7274764267674527,9.8475244478238437,9.9495942943692626,10.061807595653818,10.095506085759325,10.191257018883562,10.3376196844074,10.480413423596019,10.635017141604067,10.7686720892018,11.023337075332392,11.159319077956297,11.46899317825978,11.600369073296179,12.018353418862944,12.134099068460273,12.583703777338542,12.81863391028628,13.379219833930165,13.686046909175275,14.364729803045975
0.72426134366639228,9.6876780897869139,9.5860277147985471,9.730907184061607,9.7694350722651961,9.8904032392010777,9.9918481322883963,10.104759681659516,10.139800265807025,10.236114639740208,10.382528052375619,10.52544682799703,10.678781100358492,10.817692592274625,11.069378492058377,11.205251529610223,11.51625485017189,11.647803553156336,12.06736235666358,12.184368976343194,12.63465365467755,12.874277447692748,13.439037732219276,13.749521720492339,14.43271770033698
0.72444240228610046,9.7287204477370324,9.6271486489379186,9.7727375113818198,9.8106647962204079,9.9325378115856893,10.033224247051976,10.141433555710137,10.180587958222759,10.279899192625635,10.426542011263336,10.569581138264994,10.72589619197629,10.862413717192339,11.114494120234212,11.250269249320354,11.564465679056184,11.694322678264371,12.11542817027339,12.234540722691236,12.686682993214163,12.928928886386984,13.497797300504317,13.811605328431597,14.500468068737518
0.72461925237179625,9.7828792878469812,9.6676410954044059,9.8138747119021446,9.8511466159770862,9.9739073750590705,10.073711579672135,10.182388680092117,10.224784574214027,10.322784694093798,10.469645965951713,10.610013524672922,10.769488731624961,10.910960565104233,11.158676644528214,11.290078776667997,11.60981863337156,11.739907275806445,12.160932363450684,12.283045575704818,12.737728854307079,13.003179394498602,13.557330692508003,13.872972223951365,14.566964116148938
0.72479199174681785,9.8227213016139103,9.7074808206664329,9.8542969519119197,9.8908631783599503,10.014493627904585,10.113302648824401,10.222427606799329,10.266607974553835,10.364760035262634,10.512801789275954,10.652556713244849,10.812151344961194,10.953658235286184,11.207167626875389,11.33322247642127,11.654220376312651,11.784951973522084,12.206937559006747,12.330571044228236,12.787771168908876,13.056542437662756,13.613799218434906,13.933175125865546,14.63217578747026
0.72496071596069322,9.8618825432617996,9.7466451215036614,9.8939857679583838,9.9298014207324741,10.054284467705656,10.158411066352528,10.261545669229463,10.307518632295114,10.407047046833213,10.554086796061483,10.694164906549076,10.853874711720437,10.993879831161621,11.249465214062184,11.375422583814725,11.697660776747625,11.828796310438975,12.234646601372788,12.377103406015976,12.842159798873126,13.108457023049596,13.669133656457234,14.032355028095481,14.694726089697724
0.72512551834199346,9.9003459427979124,9.7850982127595216,9.9329262726598699,9.9679510397725153,10.093268238887049,10.196822364291393,10.299742937356314,10.344142369294332,10.447069072953127,10.594440848506792,10.734831878429532,10.897888988832619,11.034614574661191,11.290811731219492,11.416674825096607,11.740985329345676,11.871674677126293,12.278802608207116,12.425392588754676,12.89034393205111,13.159323957891047,13.723317003175907,14.090422200239573,14.757182050259871
0.72528649004995649,9.9380974463140319,9.8224153827668488,9.9569041875886342,10.000250928758305,10.121133730592646,10.234308998744154,10.337020047281158,10.383183226609617,10.486169352858496,10.63386216948561,10.77606757360104,10.937774005201845,11.074404270955483,11.331202691641693,11.451191462233965,11.782626325610408,11.913582309958883,12.322005017743777,12.469919659200514,12.937496372079295,13.20910357201592,13.779925575883681,14.147331952856348,14.818303443640161
0.72544372012491098,9.9751255068326827,9.8590290869535693,9.994197179887351,10.036381537546958,10.157637308667972,10.270873513624792,10.373380960096256,10.421303635286904,10.52435087563299,10.669988482079589,10.814829647719762,10.976714369606498,11.113244727739129,11.370630899477192,11.490662160905458,11.823295832498161,11.948010925075323,12.364247673234331,12.513445716128444,12.983599019904432,13.259691758795725,13.831783181613446,14.202999616359193,14.878079309006807
0.72559729553752883,10.011422045843801,9.8949330182572339,10.030723119906725,10.071718187341276,10.193341295435175,10.302261499455881,10.408831652851404,10.458506266187214,10.561615766912837,10.707555010004626,10.852648633278477,11.014712369355948,11.148162054606928,11.408986530058201,11.529184225740892,11.862993678686507,11.986464288808293,12.405495667856485,12.555962799253848,13.043659205953645,13.307308132462367,13.882470945826753,14.257416032899982,14.93933753694273
0.72574730123693165,10.046980382122229,9.9301188376537084,10.066477911051379,10.106259596493601,10.228246671640136,10.33658677647054,10.443379355999468,10.54956612445767,10.59768209025583,10.744198870352875,10.889534839289354,11.055508413897542,11.185175848414019,11.44639938219666,11.566762597188244,11.904097297036515,12.02533589583345,12.445748971820649,12.597471915511051,13.087377584974547,13.353826327457682,13.931979833657806,14.310224123760236,14.996386281482955
0.72589382019768056,10.081797153802881,9.9645820098983222,10.101458901023534,10.140008121588608,10.262355174276536,10.370030634682735,10.477033353825163,10.583254933010267,10.633138381913113,10.77992590450549,10.925495397816348,11.09158480947417,11.221257833872187,11.48287692230042,11.598180405008634,11.941850151217295,12.063255015223604,12.485015784996449,12.642307266211446,13.130056422166035,13.399246989963103,13.980293201819677,14.362015185070049,15.052091338836817
0.72603693346567244,10.115870589665747,9.9983214461594798,10.135666788253047,10.172967757838251,10.295670314756535,10.402603495238054,10.509803144009311,10.616513989335999,10.667700529832473,10.81474588777246,10.958317536898448,11.12674641469448,11.256414560955818,11.518428401803249,11.633861739116583,11.978653940102504,12.100228802835773,12.52631377598891,12.681854365631807,13.171702310995897,13.443574784529119,14.02936293724315,14.412564825858681,15.106457803403828
0.72617672020296986,10.149200837966646,10.05566398242604,10.150816981465823,10.205143355316295,10.335132382621623,10.43431805268574,10.541702716445116,10.64887695283528,10.701380924527029,10.84779500919467,10.992497202796358,11.161002413176902,11.29065189851508,11.533414793969996,11.668625462484442,12.014515423967623,12.133129982465562,12.563681409632864,12.720415128194418,13.212322681052228,13.487823145649145,14.075201823125099,14.461880715648476,15.159489590172598
0.72631325773158939,10.181789693580185,10.087894621123951,10.183366967961092,10.251947405885858,10.36707132908532,10.465185426030985,10.572743383362422,10.68035654299365,10.734186208360597,10.856972466704974,11.025781728829543,11.194362275695994,11.324777522788509,11.56696009735424,11.702481687450472,12.049449103380539,12.168285742874559,12.600087848951716,12.75799746128132,13.249398638999082,13.529846328360236,14.119888882957184,14.509973893117603,15.212178523738658
0.72644662157627127,10.213639847156401,10.119395756961239,10.215167635445596,10.28299944512014,10.398230119120171,10.495218970117776,10.602939847866537,10.710970416721011,10.756559576377867,10.88876786666151,11.058186372265482,11.227851673955456,11.357363141562018,11.599620012213109,11.735442894019343,12.085698588687137,12.202527252407435,12.635544647790994,12.79461416239883,13.288066098459694,13.570810210076161,14.163443376505256,14.557110119068057,15.262943795919455
0.72657688550625554,10.24475715401195,10.150171993919685,10.246226392922836,10.313277865969212,10.42861865548366,10.524432947197965,10.632306629601999,10.741108196700225,10.787809038856722,10.919756199465837,11.089723573562196,11.259444987236066,11.389073395770538,11.63140909404774,11.761458418101029,12.118824469363062,12.235867921482168,12.670083362439073,12.848557961583992,13.325742281126168,13.610727350723664,14.205884890673588,14.602735829599169,15.312421035872376
0.72670412157608721,10.275147066614636,10.180228728673228,10.276548717229844,10.342792612267885,10.458246377026171,10.552842580450488,10.660859055071114,10.770059166631199,10.818218177270637,10.949909236194571,11.12010384232849,11.290192098795615,11.419922553004881,11.662340133474117,11.79271513796084,12.142016970198711,12.268321653671592,12.708636549223684,12.883178575005331,13.362441430281251,13.633766568235842,14.24227760959684,14.647183610498814,15.360626469742328
0.72682840016547245,10.30481668881248,10.209573797902749,10.306141665549603,10.371554397454702,10.487124334061264,10.580462828841291,10.688612493676828,10.798190877557317,10.847803624423022,10.971706714504762,11.149987502520389,11.320100756427109,11.449926449103032,11.688737892307472,11.823118870532198,12.173217334121091,12.299902871162885,12.741280677344548,12.916899065154666,13.398178196130175,13.671389321188599,14.257974358769843,14.690470934523546,15.407586761219591
0.72694979001820825,10.333773714657127,10.238213703331894,10.335014933242292,10.399574876069664,10.515262523682622,10.607310242408857,10.715584304072081,10.825519323082972,10.876580134915912,11.000387969269923,11.179047625476642,11.349185213662167,11.483638024798438,11.71804752495882,11.852686527236528,12.203572860404165,12.332422370509448,12.77303565929833,12.949736082298841,13.43296858114627,13.708220673523556,14.297559192212248,14.732615480006189,15.455748239947752
0.72706835828020844,10.362027072804949,10.266158397279014,10.363177794648891,10.426866780631144,10.542675262252033,10.633400971534911,10.741791058259423,10.852063348316051,10.902472405111894,11.028274959336386,11.207297549900659,11.377461720665451,11.511949690416714,11.746547219076092,11.881433508947794,12.231997855364625,12.362371551043907,12.803920344816106,12.98168320533614,13.469545136611941,13.744073049945655,14.336095588821081,14.764193318503658,15.500298741585084
0.7271841705366443,10.389586703908662,10.293417535490335,10.390640410488231,10.453440846215926,10.569372727432665,10.658751805705833,10.767248819355473,10.877839508131274,10.929730417415158,11.055389494133806,11.234722308747678,11.40256105100616,11.539467472263368,11.774253028178919,11.909376415959741,12.260755471361335,12.391494834625064,12.833950931881191,13.006649722743077,13.502497184179447,13.778960205467229,14.373602440489776,14.805672594505722,15.54364288157376
0.72729729084822248,10.416462793892833,10.320000495531303,10.417413658462692,10.479312576502707,10.595369948340476,10.683378200963944,10.791975741934948,10.899991875023716,10.956225845452536,11.081741513121415,11.261375486594943,11.429226849467341,11.566207723707521,11.801181365862249,11.934146959371901,12.288710552013072,12.419810529340793,12.863145076309138,13.036811935435708,13.534554309877876,13.812905839127325,14.409341092472005,14.844644177800546,15.585816234327922
0.72740778178662024,10.442665672751218,10.345918714704567,10.443507760491457,10.504494621925232,10.620679543446158,10.707299220290906,10.815988588650271,10.924261254552221,10.981975486914507,11.107360892965289,11.288385724976933,11.455137473955347,11.597390715870915,11.827350718385333,11.96051029591672,12.315880536850273,12.447338227564614,12.894624802333055,13.066139017538717,13.565734488381622,13.845926272927045,14.444899453478229,14.8825605589318,15.626841070524279
0.72751570446909608,10.468208016223571,10.371183156373718,10.468935889677368,10.529001075966335,10.645315271499385,10.730530510218387,10.844270732674886,10.947817194251911,11.006996168018986,11.132267539959457,11.313630372773332,11.480305760312604,11.622734804588163,11.85289704987008,11.986122524957864,12.342283323085667,12.474093094718228,12.922220599843968,13.094647561776128,13.596057026376911,13.876568211212998,14.479487738577518,14.919444878081777,15.666741116146113
0.72762111859229639,10.493099703241114,10.395804817696444,10.493709474425486,10.552846158337843,10.669291277968796,10.753089430955697,10.866880391787845,10.97067679834845,11.03130555350117,11.152866390260442,11.328167518931423,11.504750343111482,11.647349087337716,11.877663735474471,12.011002209244907,12.36792789278843,12.499449017474944,12.949035402909885,13.122355902005438,13.625539046377526,13.907828845564836,14.513126437939718,14.955318060267928,15.700528612035669
0.72772408246527609,10.517354227446958,10.419796127727977,10.51784149873879,10.576043550925306,10.692620635592448,10.774992441458153,10.888827136059035,10.992858774832257,11.059554516667276,11.176434512777178,11.351784245784529,11.528492270043898,11.672189976477966,11.901721683870164,12.03516102326239,12.392839184228251,12.524723722167892,12.975086934346564,13.149285288762712,13.647597676672831,13.938224432006336,14.545836981329558,14.99020287748499,15.738278845991317
0.72782465304175248,10.540983120660712,10.450619550263355,10.541344037978888,10.598608588423986,10.71531901503613,10.796257300795105,10.910129170214759,11.014383464704451,11.082523269584499,11.199344398953144,11.374720679210895,11.551549173863805,11.695356224883653,11.925088027122911,12.058619648431431,12.415533523330396,12.549279270199804,12.999311912446956,13.175450480090149,13.67541104936754,13.967773643441888,14.577638880579798,15.026152991333674,15.774976987648188
0.72792288595160781,10.563998641531271,10.473101507176352,10.564230442751523,10.620554757739455,10.737399864985036,10.816899968622465,10.930804171228601,11.034431971395406,11.104831570905844,11.221596709935966,11.396995041357059,11.571467448393378,11.717849682871019,11.94777523611765,12.081398561555488,12.439083611936894,12.573132880168032,13.023975356390565,13.192055674524454,13.702444149875191,13.996497307790833,14.608556355912697,15.059238115980861,15.810646816118151
0.72801883553166136,10.586414341726822,10.494992831311265,10.586513469437705,10.641897472308756,10.758877733812142,10.836937874357318,10.950868373656022,11.054666792456828,11.126495375654031,11.243207887774133,11.41862006730571,11.593223077246421,11.739687765172221,11.969805231876762,12.099202509413317,12.461955066759401,12.596303266470386,13.047930170626387,13.216739626479466,13.728715089923298,14.02441593011099,14.640999031183128,15.091399971641749,15.845312330538036
0.72811255485572512,10.616029923693532,10.516305590552292,10.60820655436396,10.662650012252925,10.779766864696285,10.856387477523185,10.97033767376297,11.074296335242479,11.14753175486203,11.264174105930124,11.433957893942079,11.61434506689011,11.760887002876188,11.9911963727086,12.120648162862381,12.484166577131418,12.618806938863145,13.073613389470665,13.240718187244511,13.754243678682542,14.051551029340771,14.670222440436646,15.122661038875776,15.878998682732345
0.72820409576396117,10.636861035828588,10.537053395437169,10.629322426714452,10.68282784366761,10.800081198188536,10.875264182509,10.989230253075448,11.093336411467135,11.16795776171557,11.284528075392245,11.454416498715545,11.634850963086592,11.781464484761273,12.013169170204492,12.14146642887772,12.505734678227782,12.640663887431401,13.096199440014971,13.26400841311397,13.779048340623376,14.079468723904483,14.698624408988508,15.153043377248196,15.911730799624365
0.72829350889155664,10.65713553042815,10.557248509873489,10.649874125193264,10.702444759115224,10.815572099759265,10.893584294575248,11.007561801575775,11.111804500863855,11.187789980275284,11.301781135890906,11.474278590118502,11.654755789907995,11.801437986793644,12.033387521699751,12.161677154570043,12.526675650498419,12.660781149651029,13.118130262385876,13.286629122042996,13.803146782764088,14.105170950416323,14.726221723416529,15.182568325754346,15.943533159916569
0.72838084369673239,10.676865243510747,10.576904431539106,10.669875451704002,10.721515524759752,10.834227692765808,10.911363164560044,11.025347614182465,11.129716156648101,11.207043635948594,11.320944047451121,11.493560488518142,11.674077453415521,11.818403579904952,12.053015856797174,12.181295213517387,12.547002834844989,12.68137237016299,13.139426010531679,13.308598051758054,13.818232288595482,14.130142680417066,14.753037679399313,15.211258184391681,15.969567322034891
0.72846614848810021,10.696064679765868,10.596033184838689,10.689339303325823,10.740053775852402,10.852364224255552,10.928616997873405,11.042604489914993,11.147098017127746,11.22851157294599,11.339548786211708,11.512277409747185,11.692832473940143,11.837171418271737,12.072070884818913,12.227540129712452,12.566745028842433,12.701366876295651,13.160101996186313,13.329931459288218,13.841006283932529,14.154404707606773,14.779092777096139,15.239136001793668,15.999514358819852
0.72854947045138485,10.714745733435166,10.614648074052639,10.708278179667332,10.758073036024598,10.869994217953945,10.945360467966111,11.059346729414074,11.16395514540045,11.246661272216897,11.357611923829154,11.530445633284671,11.712430956840763,11.85538550743604,12.090569070232959,12.246299702494071,12.585915037860104,12.720783057122844,13.180176240194214,13.350648230378738,13.863128798842354,14.177974843993979,14.80440570527071,15.276449238023815,16.028603910642232
0.72863085567552377,10.73292223873068,10.632761394019781,10.726704614188748,10.775586645965859,10.887132540660332,10.961608425227041,11.075589880331563,11.179319440103882,11.26425930097912,11.375147881563407,11.548081347716561,11.730162351397666,11.873061997338027,12.108524451734411,12.264509118077967,12.604525484056467,12.739635144084787,13.199666611715202,13.372688879673206,13.870220718995824,14.200872532298035,14.828997306847214,15.302871890198276,16.056858191402171
0.72871034917816158,10.750605833168265,10.650386149218548,10.744632459336572,10.792609702210939,10.903791260343496,10.977375658402707,11.091349507503537,11.195188179778143,11.281334005096596,11.392172101966935,11.565199058102735,11.747378300424316,11.89021719493212,12.125954366633323,12.289931631504714,12.62259017451106,12.757937476882489,13.218587841255612,13.392448714302191,13.891235673293977,14.223116162148472,14.854941480644811,15.328541522213072,16.08429949743504
0.72878799493055058,10.767809625998552,10.667533546112736,10.762073764067964,10.809153566525993,10.919983879264464,10.992676674960421,11.106638964321519,11.210578805808382,11.297906831913679,11.408699121029713,11.581543243755732,11.764096019912813,11.906864977580426,12.165665702222213,12.30698909273724,12.640127154000311,12.775706449341669,13.237968194295263,13.411639596438818,13.911647284246101,14.244723764446007,14.878135778932119,15.353478782678394,16.110952437269589
0.72886383588187365,10.784545104825611,10.684216583707894,10.761756842672185,10.820099271262507,10.935722890036686,11.007523396695433,11.121472541487037,11.22550564181347,11.313993315378866,11.424743546512673,11.59767410061113,11.780322798718771,11.923021175047779,12.183684654371518,12.323545857431327,12.657150288249341,12.792957184904935,13.255774773180292,13.430276303097344,13.931473236015336,14.265713064969987,14.900664354487162,15.377703964769807,16.136836285349546
0.72893791398300123,10.800825092311698,10.70044740160165,10.778241147350855,10.836187858943958,10.951020678593295,11.027526045975719,11.135864545674849,11.239982333308035,11.329608402644226,11.445360514127515,11.613330720909744,11.796071316677171,11.938704164316732,12.199585639330053,12.339615220551877,12.683795000127702,12.809704836422043,13.273061988211794,13.448376199859922,13.950729826744464,14.290314761510672,14.92254933604454,15.401236375494591,16.161975600368805
0.72901027020969578,10.816661572597695,10.709279493357599,10.823522609571,10.851825887499217,10.9658893697856,11.041451828082245,11.149827962837207,11.254022977399472,11.344763086261537,11.460468011295234,11.628528266453486,11.811357359025351,11.953924661001565,12.215019361219674,12.355212780461443,12.699835303893451,12.827933627799666,13.289843613013545,13.46595377390986,13.969433327757088,14.310143893145778,14.944074826809356,15.424099099959676,16.183539411197216
0.72908094458527739,10.832065590245975,10.724637040031212,10.838882085248315,10.863633832159167,10.980341400717407,11.054964019965155,11.163375568630272,11.267641050869315,11.35947296158929,11.475133865661974,11.643279631057339,11.826194066412882,11.96591467587541,12.230000014732468,12.370352531656408,12.715406570004234,12.843777411916108,13.30613459228789,13.48302355820806,13.990454378812501,14.329406046064832,14.964535610323765,15.446307869399334,16.207223931098724
0.7291499762027629,10.84704872778866,10.739576655089195,10.853822264182327,10.878414016102397,10.994387964695761,11.068076735956311,11.176520028602681,11.280850118808758,11.376381759276228,11.489370080186745,11.657597548240574,11.840593393263589,11.980254766450344,12.24452785191761,12.385046948175386,12.730521700418194,12.859159885178997,13.321950148710584,13.499601321988848,14.008089857552477,14.348117049805751,14.984409281324588,15.467882155468487,16.230225982857064
0.72921740324648887,10.861623086802638,10.754108826041602,10.868354363465642,10.892779130956114,11.008040615244681,11.08080151688182,11.189274332649347,11.293661949064699,11.390242129662056,11.503191146798599,11.671496490570917,11.854569925993474,11.994172379279917,12.258611129493147,12.399311069436862,12.7469756137275,12.874093918873768,13.337303810396861,13.515697966703101,14.0252178798969,14.366292205045283,15.003710924343068,15.49649924932146,16.252564456997789
0.72928326301323387,10.875799571205562,10.768244633531367,10.882489065197888,10.90674154929934,11.021310504558642,11.093150669086299,11.20164959282647,11.306089568375683,11.403694975533654,11.516607956756616,11.684988049676122,11.872420295781922,12.007678675883653,12.272282155695848,12.413156096466082,12.761238730550303,12.888593861626759,13.352209980979296,13.536964249203265,14.041854935072024,14.383947029207775,15.022458392531462,15.516798525776267,16.274259418957627
0.7293475919328487,10.889588546231835,10.781994743620544,10.896237093731088,10.920312676591266,11.034208983084227,11.105134854101379,11.21365883784938,11.320293953850978,11.416753851744488,11.529633726799148,11.698084623444629,11.885546710666858,12.020788261034795,12.285552220197133,12.427545469680354,12.77508681467134,12.902671795011429,13.366681731864446,13.552162185284942,14.058014582511078,14.40109626917183,15.040667386941095,15.536516413875233,16.295329369831961
0.72941042558840696,10.903000757378095,10.795369929449407,10.909609036391657,10.933501718676325,11.046745391261538,11.116766021516469,11.225312867925823,11.33200331054195,11.429430321565633,11.542278993187665,11.710798284038901,11.898288388095352,12.033512141900246,12.298433605517403,12.440556925502733,12.788529886318429,12.916341445983107,13.380731339354043,13.566923375197803,14.073711808387998,14.417755286674492,15.050454479378004,15.555670346848274,16.315791784578778
0.72947179873588819,10.916045156548307,10.80838044821121,10.922616076448094,10.946322471524581,11.058931926475907,11.128055158596908,11.236621736355573,11.343362258767229,11.441736500255047,11.554555995129704,11.726900752662004,11.910656716094763,12.045861971245358,12.310938363551031,12.453188343484726,12.801573989603639,12.929614605393454,13.39085816057559,13.581259449521895,14.088958325455678,14.433939388751696,15.067618247403516,15.574276229531733,16.335665521051396
0.72953174532340193,10.928734753681056,10.821035686681853,10.935267116925388,10.958783012222739,11.070777100762371,11.139012458159414,11.24759756129788,11.354383035432875,11.453683121041195,11.60370250127653,11.738884962046541,11.922662827031672,12.057849914182498,12.323078714632175,12.46545079681664,12.81423640808589,12.942502504259664,13.404063828714698,13.595183981639366,14.103768483713793,14.449662498243015,15.084291433311137,15.592352671108983,16.354969411853745
0.72959029850996704,10.941076538894322,10.833346416417498,10.947572512242004,10.970895080323771,11.082291654414803,11.149648660990351,11.258249628010617,11.365077351348646,11.465281134447196,11.615247752153664,11.75051982920877,11.936002331603049,12.069486557614709,12.332259834667639,12.477356596779828,12.82653015512733,12.955017537461117,13.416885664847086,13.608709041969178,14.11815584244232,14.469158321870964,15.100487903103385,15.609911775883575,16.37371890004124
0.7296474906838526,10.953082219046109,10.8453213168616,10.959542750053515,10.982668366140388,11.093484566747065,11.159973012352111,11.268588233083847,11.375453208614999,11.476541110889229,11.627591000548364,11.761816922371509,11.947300573858683,12.080783369175606,12.343693748681289,12.488914454206679,12.838467542690978,12.967171191313355,13.429336349759524,13.621846899817683,14.132132447524327,14.484017791257429,15.116221720608792,15.626970539705781,16.391930142473484
0.7297033534804932,10.964760266995654,10.856970435587755,10.971185276081997,10.994112002440943,11.104365493949444,11.16999574460533,11.278623886507376,11.385522009930355,11.475484967062584,11.638453553317959,11.77278577514835,11.958268876370767,12.091751234223011,12.354796459992031,12.500136934284001,12.850058552521205,12.981709378468622,13.44142570276108,13.634608412890884,14.145710970840355,14.498456066671224,15.131507363479614,15.64354378530561,16.405337661090471
0.72975791779998833,10.976119751559054,10.868302287696679,10.982510703346634,11.005236565021733,11.114943716695507,11.179726112590288,11.288365393483218,11.395293148104884,11.485947441541612,11.648999784023999,11.783436194810292,11.968918355965343,12.100406719301645,12.365576755016264,12.511033370238238,12.86131369675968,12.993146990407695,13.447510820275511,13.647005231877301,14.158902523376128,14.526275470556357,15.146356604180255,15.659646364967557,16.42241050299117
0.72981121382419423,10.987170245553898,10.879326273049173,10.993527487514257,11.016051143356435,11.125227136733884,11.189173239003139,11.29782207617518,11.404775574561427,11.496106446912563,11.659238375731093,11.793778104549347,11.97925899347365,12.110780022663675,12.376045050692937,12.521614815623252,12.87224410209592,13.004255089560047,13.459005654465273,13.659048417040594,14.175745215730785,14.539833123355038,15.160784461437743,15.675291174525228,16.438996488537214
0.72986327103341886,10.997920209637414,10.890050711245067,11.004244633467351,11.026563753094706,11.135225386125512,11.198345222294847,11.307003286596228,11.413978086036877,11.509333543256616,11.669180307318584,11.803821086005883,11.989299631361519,12.120851665802547,12.38621001157253,12.531890073674276,12.883279969327305,13.015044590139041,13.470169434097443,13.670748257333344,14.188194817527801,14.553005797095011,15.17480180250277,15.690493691235588,16.455108181090964
0.72991411822272856,11.008377138239666,10.900483724273727,11.014669802230856,11.036784553697544,11.144946636650275,11.207252395613978,11.315916975660002,11.422907831051816,11.518973384710534,11.678834055292555,11.813573067222023,11.999049982750421,12.130631622441797,12.396079350058244,12.541868338897984,12.893582799961223,13.025524199543725,13.481012972667941,13.682116145762393,14.200292348686162,14.565806222183255,15.188422184616684,15.703248232751776,16.470762212188674
0.72996378351787616,11.018550486692675,10.91063426488472,11.024811996559492,11.046720978958547,11.154397733278529,11.215901121546722,11.324571513194769,11.431575482780772,11.528335294065528,11.688208126495283,11.82304306804599,12.00876209243188,12.14012863041944,12.405664451219309,12.551563807931416,12.903590798108326,13.035703828495571,13.491546820864187,13.693160270339376,14.212047702784275,14.578244201120015,15.201656349743644,15.717579452512382,16.485971282630999
0.73001229439085824,11.028447670961668,10.920509988659887,11.034679089118526,11.056382193707577,11.163588153536239,11.224300502884034,11.33297564420991,11.442396916993403,11.537430373776715,11.697311547455683,11.832241481787605,12.017973310534217,12.149351781024052,12.414973921362161,12.560992249172614,12.913311566795073,13.045593875963277,13.501778630426543,13.706903883784889,14.223471167566458,14.590331968647661,15.214516956766602,15.73150590974592,16.50074894617137
0.73005967767511115,11.038077322017216,10.930118394350757,11.044278416955876,11.065775474857674,11.172525244937333,11.232457477013213,11.341135937082981,11.450526809384883,11.546263638839264,11.706152706349258,11.841175080286121,12.026920630244149,12.158309791640932,12.424016398599633,12.572158278203915,12.922753939796621,13.055199951937993,13.511719202224413,13.717306388006364,14.234572741783268,14.602079261077506,15.227014111775588,15.74504012380612,16.515108012262317
0.73010595958035363,11.047445548166706,10.939467273819446,11.053617930916516,11.074909010854753,11.153143606417871,11.24038065517334,11.349061530093877,11.458419655506077,11.554845534248216,11.714739826362347,11.849848222183937,12.035611274022813,12.167007950924017,12.432799602008345,12.581050349937868,12.931927320008981,13.064532892377429,13.52137611639364,13.727415521679177,14.245361310333465,14.613495899456211,15.236462814554216,15.758194162632662,16.529061880266454
0.73015116570708494,11.056561612034784,10.948563465850839,11.06270518310339,11.083790151572884,11.161571631918832,11.248076085345019,11.356759060399781,11.466082963705048,11.563183055282025,11.723081030548656,11.864115175625102,12.044054208920443,12.175457937231386,12.441330735596239,12.58968861032281,12.94083857227497,13.073579877321208,13.530759857109842,13.737238051681288,14.255847023681781,14.624591761999909,15.248300556529102,15.770978361420475,16.542621540681921
0.73019532106074492,11.065430642335286,10.957414805597182,11.071547349119101,11.092426395704933,11.169767367643544,11.255551831697176,11.364234788822614,11.473523531171395,11.571283595606928,11.731182635449841,11.872289979503876,12.052255313098158,12.183665533304065,12.449620444244374,12.598080713278705,12.9494971813333,13.082369408931754,13.539062048818778,13.746785372780323,14.266039360910781,14.635377628096194,15.259807037436076,15.783404045562747,16.555799601762374
0.73023845006554611,11.074061753432034,10.96602786921585,11.080150559248978,11.100825933211127,11.177740004517545,11.262813900836136,11.371496761292747,11.480749016887785,11.579154127073707,11.739053225726821,11.880232370236172,12.060223931759083,12.191639400628446,12.45767233953984,12.606234226189827,12.957910092482962,13.095536455888578,13.547913958689605,13.756063975109555,14.275945842425244,14.645861430265086,15.270991550083181,15.795482924224871,16.568608194295393
0.73028057657798384,11.082459612320235,10.974409605211804,11.088522293018741,11.10899391550447,11.185496203512685,11.269869508336797,11.378551986497769,11.48776616749501,11.586802114839884,11.746699645964327,11.88794871402979,12.067965571575769,12.19938608328539,12.460594686159766,12.614156252876001,12.966084740612587,13.103891170250336,13.556515777854202,13.765082074804923,14.285575837856413,14.651711935972344,15.281863921165041,15.807224809437685,16.581056557907232
0.73032172390003169,11.090631955278241,10.982566666997627,11.096669199585449,11.116937945610061,11.193040796331843,11.276724969357474,11.385405421674022,11.49458066882471,11.59423411144553,11.754454935884041,11.895446341929528,12.075487964853892,12.206911446075992,12.468187408620906,12.621853262126024,12.974028193186768,13.112011476229327,13.564875431659402,13.773847012960687,14.29493740490534,14.66159593979728,15.292433316139523,15.818641288295112,16.593157311076084
0.7303619147920315,11.098585605151584,10.990505080347702,11.104597406655557,11.124664328142899,11.200379988120403,11.283385345284842,11.392063882778984,11.501200187979975,11.601457221325745,11.761677366755066,11.902732169219689,12.082797700410083,12.214224932803063,12.475566068508215,12.629333337180924,12.981748198691548,13.119489749370132,13.573001006624054,13.78236601928711,14.304038750496147,14.67120476713626,15.302710653512804,15.830705810104064,16.604919512518336
0.73040117148528261,11.10632624282016,10.998231411921097,11.112312917611234,11.132179903541328,11.207521091488161,11.289858431657194,11.39853406320799,11.507630283623712,11.60847606309153,11.768694685022638,11.909812099356259,12.089901545482917,12.221330135084827,12.48273584899016,12.636603181686951,12.989251036040059,13.127134212002602,13.58089754998764,13.79064762124608,14.312887680322547,14.680546785564275,15.312703302509362,15.84133293135983,16.618141655620548
0.73043951569433929,11.113859395258714,11.005750682400503,11.119822104049035,11.139490468428448,11.214469303238729,11.29614859935964,11.404820890982137,11.513876615169011,11.615299385421622,11.77551496973183,11.916694389170061,12.096806235032545,12.228070561509867,12.489704505291684,12.643667213964818,12.996543078533705,13.134565571278927,13.588573873184487,13.798699148263495,14.321491790044092,14.689631123090294,15.322419670922955,15.851665867440261,16.629268519908237
0.73047696862902167,11.121192137598882,11.013069869664832,11.127130682389634,11.146602136218917,11.221228990798863,11.302262621236423,11.410929809782374,11.519944729784129,11.621931034910176,11.782142193950222,11.923380813593667,12.103516015253717,12.234763870086681,12.496477288365895,12.650533969432672,13.003632054466379,13.141788877805993,13.596035541078436,13.806527854107117,14.335161916712423,14.698464069368129,15.331867842880456,15.861711225859381,16.640086464673914
0.73051355100614812,11.12832823867484,11.020193839714466,11.134244752084214,11.153520367092369,11.22780745557975,11.308204793818277,11.416867549321069,11.525841900684554,11.630152452389211,11.788583604777159,11.929881340562133,12.110038453589368,12.241269295038364,12.503060032302528,12.657209174707532,13.010522074176151,13.148811400771592,13.603289126887375,13.814138901608658,14.343286947890647,14.707053629369511,15.341055251503349,15.871479301459203,16.6506056726721
0.73054928306099409,11.135275596519932,11.027129231169056,11.141169147876099,11.160251472204436,11.2342081823017,11.313979995718,11.42263868330474,11.531569571714954,11.636420918809108,11.79484459980722,11.936199178794595,12.116379636372585,12.247592000972418,12.50945929730824,12.6636971887242,13.01722005939655,13.155639429263829,13.610342207335634,13.821540981630733,14.351189404415436,14.715406941782931,15.349991002658044,15.880978381272598,16.660836523503804
0.73058418455848595,11.142038069051523,11.03388028356494,11.147909382622402,11.166800864650213,11.240437751233003,11.319594808673173,11.428248190415616,11.537136532544991,11.64251399443765,11.8009307016614,11.942341524907533,12.12254228148231,12.253739608552223,12.515680039765812,12.670004455650087,13.022091873951922,13.162276443998962,13.617198710382127,13.828739225949448,14.358873544979815,14.723531205821018,15.358681023971258,15.890216239492929,16.670792019639975
0.73061827480413288,11.148621430076219,11.040452435423958,11.154470933969606,11.173172021383834,11.246500425957038,11.325053772314732,11.433700336114271,11.542546511379896,11.648439154874268,11.806846700656024,11.94831218124591,12.128534864254561,12.259713297218241,12.521728067488311,12.676136590897386,13.028410352320861,13.168731152013152,13.623866781732431,13.835738649105224,14.366348858001857,14.731433093582382,15.367132809065424,15.896964338289763,16.680473809934483
0.73065157265470626,11.155029576442303,11.046850234058638,11.160858889316387,11.179372175278331,11.252400590462912,11.330360598466086,11.439001392680439,11.547804183124754,11.654200092576502,11.812598560967672,11.9541177989895,12.134964411941837,12.265521740132954,12.527607962603724,12.682099077808743,13.034554582230157,13.175007835312044,13.630350029515284,13.842547007123812,14.359754962070838,14.739119138031583,15.375354944905666,15.905697599403993,16.689890504789673
0.73068409652866961,11.161270002638958,11.053080078032053,11.167077288742348,11.185405300160255,11.258143432817178,11.33552051380093,11.444154961519871,11.552914706087904,11.659802293057055,11.818190669048363,11.959763154161465,12.140595456381561,12.271168504427351,12.5333257044731,12.687896522982101,13.040529234773203,13.181111787954251,13.636655369556138,13.850408282080025,14.366827867183474,14.746596317652802,15.38335191668375,15.914192713951707,16.699049078011285
0.73071586441636738,11.167344500987838,11.059145685351268,11.173132130331396,11.19127678571067,11.287917967019439,11.340538194404871,11.449166061843243,11.555724476968408,11.665250369710975,11.82362819017635,11.965251145412367,12.146070808680633,12.276659190907594,12.538885282830961,12.693537635847861,13.046339082645773,13.187048077215877,13.642787668478377,13.856849677636092,14.373710165787998,14.753869927749292,15.391132207240389,15.922456175845127,16.70795857168423
0.73074689388997538,11.17325913876175,11.065051347022745,11.179027196998049,11.196990912779711,11.293146828152658,11.34541754781867,11.454038207644317,11.560550473587682,11.670548525307822,11.828915582457739,11.970589521818056,12.151394305802114,12.28199793635622,12.544291497132235,12.69794715246644,13.05199018235362,13.192821520063717,13.648751453169552,13.863115206117982,14.380405121464719,14.760945471454306,15.398701539887497,15.930492746420441,16.716623548239113
0.73077720211322106,11.179018571632696,11.070801867209866,11.184767950656351,11.202552479305723,11.298235588396892,11.350163202064323,11.458775919398704,11.565242455891621,11.675701662818938,11.834057400214533,11.975780685194877,12.156571813087794,12.287190782088601,12.549549543089597,12.703258833716063,13.05748607904934,13.198437928827389,13.654552260577475,13.869210259230385,14.386919465985102,14.767829741189871,15.406066188679688,15.938314561217339,16.725054318345428
0.73080680585087754,11.184626607803693,11.076402289445014,11.190356993785826,11.207965328224873,11.303187988635727,11.354777917378669,11.463383816070746,11.569804555312203,11.680714274204547,11.839058102526906,11.980829294963769,12.161607474678931,12.292239039689775,12.554663057101152,12.7084243604113,13.062831538144565,13.203900789698309,13.660195512701193,13.875140686793657,14.393257448259192,14.774527756090265,15.412466064065029,15.945921009684298,16.733255514136545
0.73083572147803688,11.190087959279481,11.081855727981747,11.195799934429942,11.213233927508099,11.308007818241549,11.359267145985086,11.467864722677859,11.574239639372536,11.685589652651288,11.843921254801444,11.988344132241309,12.166504665798129,12.297149785395959,12.559636571686951,12.713449448821848,13.068031789689485,13.209215293415127,13.66568461873976,13.880909980847264,14.399425091824469,14.781046406699716,15.419451164603743,15.95332418955104,16.741235126591164
0.73086396498916784,11.195406358054242,11.087166320642154,11.201100505466457,11.218362849681853,11.312699419083401,11.363634936121343,11.472223842542462,11.578552863396908,11.690333078081494,11.848652142724859,11.993126249092256,12.171269098297671,12.301926932116658,12.564475649369342,12.718338345330267,13.073090571064768,13.214385536856298,13.671616653941783,13.886524241965617,14.405427414982114,14.787389388895463,15.426248345783733,15.960526844643482,16.74899980244345
0.73089155200696299,11.216077762840541,11.0923388888923,11.206262289234019,11.223355157505466,11.317264490810885,11.367881870117799,11.476463796300322,11.58274772837558,11.694947445172147,11.853253974986274,11.997778200584889,12.175902606220461,12.306572497873731,12.569182058108254,12.723092699566678,13.078012143284468,13.219416620636821,13.676799557312279,13.891986546911994,14.411268924463457,14.793561803634475,15.432863335694037,15.967535601857435,16.756555282811405
0.73091849779098061,11.221084318568955,11.097376762631484,11.211290127722805,11.228215830273257,11.321709220556841,11.372014420160212,11.480588163322409,11.586827346341579,11.699436849648009,11.857730710717533,12.002303873785422,12.180411142084267,12.311091997401036,12.573761130508046,12.727717041680535,13.082799839408381,13.224311325438975,13.681842770342882,13.897302582498924,14.416953762103731,14.799569089110719,15.439301325811357,15.97435708959847,16.763908068498949
0.73094481724608495,11.225960571352061,11.102283207227629,11.216186662640212,11.232948222770574,11.326035945385684,11.376035491810399,11.484600589252295,11.590794042105699,11.703805282040776,11.862085690141612,12.006707431597079,12.18479710932661,12.315488660683513,12.574038644958364,12.73221474284037,13.087458563704331,13.229074073857191,13.686750552699777,13.902476440401642,14.42248742093534,14.805416448407414,15.445567540998127,15.980995696811078,16.771064029197532
0.73097052493069092,11.230707407505179,11.107063380201453,11.220955978511938,11.237555534505645,11.330248262827354,11.379947734979851,11.488504767260565,11.594653371055756,11.708056837271215,11.86632279828973,12.01099132317313,12.189064243736993,12.319766808762779,12.578377716578871,12.736588023587956,13.091992123238924,13.23370911586062,13.69152636289482,13.907510974021079,14.427874125946346,14.811107379677196,15.45166747183066,15.987456012780058,16.778028481272941
0.73099563506481746,11.235331935409249,11.111719442485992,11.225601847347207,11.242041830267681,11.334349573654436,11.383754386067721,11.492302952816772,11.598407704333113,11.712192266509646,11.870445557507082,12.015160419960011,12.193216987441247,12.323929140246037,12.582610005449169,12.740845124801581,13.096403537908373,13.238220353475754,13.696173795499362,13.912412036580463,14.433116766567764,14.810996307418918,15.457604010845444,15.993745597606448,16.784806172536719
0.73102016153795224,11.239835049084377,11.11625422374027,11.230127523106603,11.246410296445447,11.338342768457096,11.387458939057979,11.495998872470409,11.601176192594721,11.716217860131565,11.872256505227142,12.019217763990127,12.197257670102317,12.32797895742533,12.586729633980212,12.744987643018248,13.100697608565952,13.242610287501975,13.700696995530052,13.917182176549431,14.438220998764336,14.816392034622368,15.463382453273425,15.999867077598992,16.791404581760617
0.73104411791673563,11.244222954518136,11.120672746150831,11.23453579453826,11.250664222814521,11.342230888028098,11.391064303662915,11.499595617184241,11.604754165753548,11.720135825978559,11.876153590242666,12.023165386589426,12.201191329758785,12.33191990693922,12.590738407717254,12.7490191131551,13.10487655719453,13.246882883207036,13.705099667522063,13.921825504160097,14.443191180229405,14.821644656234184,15.469005649961673,16.005826298209286,16.797827348314968
0.73106751745246401,11.248493851675448,11.124977274085722,11.238830861645056,11.254806946397366,11.34601713159509,11.394572936680106,11.50309571805019,11.60823610021589,11.723949365358749,11.879946497353103,12.027007984025204,12.205018700290111,12.335755435993633,12.594640392534984,12.752942893352611,13.108944127017821,13.248530348442728,13.709384710789436,13.92634589213958,14.448028566519042,14.826758851908835,15.474480364121973,16.0116273340318,16.804079338420706
0.73109037308842029,11.252655467479599,11.129171235106242,11.243015021248993,11.258841497739922,11.349703548280104,11.397988619246917,11.506502539248686,11.611623447543479,11.727660580542761,11.883637248077775,12.030747987102131,12.208743733999654,12.339488034374881,12.598437908603501,12.75676159767454,13.112903475854637,13.252569507662429,13.713555614587676,13.930746655559687,14.452739558309531,14.831738043714722,15.479811463646456,16.017274941204505,16.810166412960371
0.73111269746703333,11.256709635951211,11.133257225973011,11.247091565096525,11.262770892539265,11.353294130797622,11.401312769304241,11.509818279999763,11.61492040201756,11.731273869867891,11.887230139976509,12.034388156974273,12.212369911946098,12.343121543461166,12.60213487822557,12.760478890840659,13.116757272644918,13.256501971248781,13.717616504722173,13.935032153736756,14.457325679437417,14.836586758232897,15.485001932466275,16.022774338850468,16.82088657729355
0.73113450293687066,11.26065898682873,11.137239045139268,11.251063336411335,11.266597840615759,11.356791500566032,11.404549018583111,11.513045659560703,11.618128809443988,11.734791111010509,11.89072734457659,12.037931747188395,12.215899086624177,12.346975545809983,12.605733190406227,12.764096981798048,13.120509319381654,13.260329953803193,13.721569619689035,13.939203920566797,14.461791758353229,14.841308289733661,15.49005539515656,16.028128264896623,16.826672898116158
0.73115580155946902,11.264506278088902,11.141118304976317,11.254933420598718,11.270325799064722,11.360196457433176,11.407699149346172,11.516187582957627,11.62125180613566,11.738215619971015,11.894131176127303,12.041380946474419,12.219334980692565,12.350423745758235,12.609237156620566,12.767619504613776,13.124162442745728,13.264057068999591,13.725417476987332,13.943265761661223,14.466141273795984,14.845905486933589,15.494977420495161,16.033341517634199,16.832305346926205
0.73117660511600679,11.268255527605106,11.144898877844753,11.258704526440397,11.273956930755503,11.363514377079355,11.410766215814874,11.51924541814833,11.624292108181635,11.741549464864875,11.897444529852237,12.044739631147422,12.222680145198865,12.353780106642262,12.612647226706031,12.771049224478702,13.127718558931065,13.26768606999849,13.729165353440294,13.947220734323764,14.472427254439026,14.850382881141286,15.499770562386402,16.038417652224325,16.837790559611221
0.73119692511381973,11.271907389566422,11.141029070987315,11.262379587026771,11.277494730437411,11.36674542460878,11.413752316118462,11.522223626813229,11.627250311196349,11.744796050752939,11.900670280060694,12.048009490501954,12.225936464932602,12.357048309359016,12.615967932067178,12.774388092274876,13.13118166188724,13.271220022350008,13.732814303240502,13.951073382120285,14.476572518936791,14.854743147309364,15.504438263918018,16.043362123343286,16.843132830184459
0.73121677279276664,11.275465943577728,11.144573059145841,11.265960643360813,11.280940529481086,11.369893222439714,11.416659923831048,11.52512217129788,11.630130798164828,11.748072019099709,11.903810847568366,12.051192444375829,12.229106947434047,12.360229245970004,12.619201286632688,12.777638580136681,13.134553156888614,13.274661109156568,13.736367164556214,13.954825079079001,14.480610147275002,14.858989378768001,15.508985673584448,16.048176316844092,16.848335501840666
0.73123615913144691,11.278933938833688,11.148027282218663,11.269450269108347,11.284298254908208,11.372959289568826,11.419491619236396,11.527945379838911,11.632935887781059,11.75116824818042,11.906868878787463,12.054292658988743,12.232194410511511,12.363328054711928,12.622350180663489,12.780803816936441,13.1378361308075,13.278011503848575,13.739826996455122,13.958479212977636,14.484543302762177,14.863125066669454,15.513413728041542,16.052866084426114,16.853403364539645
0.73125509485327256,11.282313533802608,11.151394027222977,11.272852261656226,11.287568905557237,11.37594712182181,11.422248423808469,11.530693796978994,11.63566581953819,11.754183917659702,11.909846099185415,12.05731142698005,12.23520048607179,12.366344201074298,12.625416432575093,12.78388587628524,13.13685940298501,13.281275203762107,13.743196917380374,13.962037684914321,14.488374057144483,14.867153697696722,15.517727164638927,16.057433353468241,16.858339062412597
0.73127359043240037,11.285605802591817,11.154674826013434,11.276166699557962,11.290756148290257,11.378857613365653,11.424933399018755,11.533370357137755,11.638324708709661,11.757120522792775,11.912745454144442,12.06025131743354,12.238128082462936,12.369281852779295,12.628402791855478,12.786887796223255,13.139966703884056,13.284453567038327,13.746479066351185,13.965503802587591,14.492105725580586,14.871078494744779,15.521928778742677,16.061883341639259,16.863146134055569
0.73129165609952529,11.288815094666006,11.157872372039947,11.279398048283383,11.293861079885119,11.381692930440749,11.427548331831986,11.535976831216885,11.640913991422167,11.759980804054521,11.915569870579475,12.063113605479884,12.240979394172882,12.372142260717283,12.631311145067684,12.789811089795421,13.142993229968397,13.287549730781393,13.749675119478525,13.968880372205149,14.495741020113655,14.874901456152656,15.526022502002434,16.062253929683266,16.867829698507194
0.73130930184753973,11.291942378139538,11.160988748489217,11.282547061924106,11.296887139456885,11.384456125036195,11.430095620494285,11.538515123413617,11.643435247630805,11.762767067665663,11.918319374909515,12.065902221392662,12.243755650177263,12.374929122537651,12.634143724114438,12.792658362540806,13.145940308566423,13.2905648685919,13.752788738975596,13.972170473879487,14.499283372841546,14.878625975907653,15.530010292801308,16.066468343596625,16.872391660827816
0.73132653743706055,11.294990583437993,11.16402647093355,11.285616575054519,11.299835519575481,11.387148876602623,11.432576083410368,11.540987831232542,11.645891411401408,11.765480695557926,11.920996958003798,12.068618633973983,12.244497166286237,12.377642376024596,12.636902313115115,12.795431510538037,13.148811538663267,13.293502870917564,13.755821815674608,13.975374373491832,14.502733780234394,14.88225488154194,15.533895572186339,16.070576201676886,16.876835414423113
0.7313433724018289,11.297961166228561,11.166988167891304,11.288608682355971,11.30270922190175,11.389772193975659,11.434992582455834,11.543395838406468,11.648282478260171,11.768124212580005,11.923605557328301,12.071263533561705,12.247127685998748,12.380284505497002,12.639591000584915,12.798132923103822,13.151608357494752,13.296364286782591,13.758775671705735,13.978496131129305,14.506096356565649,14.885790154129609,15.537680926086068,16.074576057060312,16.881165209313167
0.73135981605398293,11.300857038291724,11.169874520549911,11.29152557860516,11.305509352603167,11.392328678542981,11.437346670915304,11.545741935281967,11.650611465224756,11.770699375585991,11.926145928799997,12.073840112600919,12.249688616953335,12.382859291932164,12.642208294971624,12.80076406274884,13.154332786349642,13.299151965184592,13.761653710444989,13.981537627443231,14.509372873254961,14.889234728164865,15.541369964087153,16.078473874193605,16.885383872484454
0.73137587748920918,11.30367907757045,11.172688245641439,11.294368595637934,11.308238438778972,11.394819868080958,11.439639632254512,11.548027048497261,11.652879877759915,11.773208604594402,11.928620910740847,12.076350339398232,12.25218381464947,12.385367124732511,12.644758683955843,12.803327165319388,13.156987041075809,13.301868116933292,13.764458104345522,13.987372792895258,14.512566163035899,14.89259136356759,15.544965032067012,16.082272240086695,16.889494441487841
0.73139156559177365,11.306430076524975,11.175431872004992,11.297141247499439,11.31089818405826,11.397248090349422,11.441873966793992,11.55025339748272,11.655089889783994,11.77565269007755,11.931032089793462,12.078796022251936,12.254615010232556,12.387810121192615,12.647243440133479,12.805824129906341,13.159573076390188,13.304514142110293,13.767189567106925,13.990256156427222,14.515676630475809,14.895862356186171,15.548468357652382,16.085973158678371,16.893499813291783
0.73140688903943607,11.309112142782851,11.178106004548681,11.299843625403355,11.313490725395241,11.39961495512398,11.444050854125635,11.552421803702146,11.660293014254876,11.7780346675072,11.933380500212934,12.081178610463212,12.256983630223658,12.390189766907952,12.64966471876869,12.808257120344933,13.16209318635083,13.307092187615581,13.769851691290569,13.993065454213138,14.518708399870775,14.899049746228229,15.551882257204852,16.089579777378731,16.897402299593523
0.73142185630824996,11.311727076097213,11.180713524541716,11.302478409260402,11.316017876578371,11.401921754605155,11.446171082746787,11.554534336135475,11.662392707715298,11.780355119246451,11.935669182377751,12.083499607916565,12.259291268970173,12.392508935306978,12.652022806978039,12.810627562953869,13.164547364398459,13.309604477096855,13.772444945354891,13.995803097886892,14.521663159742729,14.902156161365383,15.555209399065461,16.09309444431301,16.901205796842532
0.73143647567725134,11.314275763324076,11.183255538276171,11.30504771285996,11.318480901032217,11.404170273320688,11.448237712445007,11.556592749444917,11.66443861955031,11.78261653720574,11.937898035662784,12.085761191130132,12.261539128564891,12.394767780560869,12.654320962311886,12.812937213576333,13.166939552852455,13.312052368147761,13.774972122846066,13.998471198934112,14.524543040241952,14.905183989206762,15.558452045843296,16.096519025537873,16.904911607107806
0.73145075523303749,11.316760612097823,11.185734735553069,11.307552372565169,11.320882110487219,11.406361413596187,11.45025126546534,11.558599429244168,11.666431453074892,11.784820019138806,11.940070225233285,12.087965415337294,12.263730166914684,12.396969677001834,12.656560264581003,12.812781034650015,13.169270040777974,13.31443877367883,13.777435418458026,14.001071593471806,14.527349448180757,14.90813403798802,15.561612315073035,16.099856988654665,16.908524099466376
0.73146470287424104,11.319183312763926,11.188150895965919,11.309995178235567,11.323223371649419,11.408497708858704,11.452213110653247,11.560553699082448,11.668373408975185,11.786967098672449,11.942186645869697,12.090112693874289,12.265864626426264,12.399114366346112,12.658742299239293,12.814975476827385,13.17154136841782,13.316762985510195,13.779835414661193,14.003605732085816,14.530085928601693,14.911010198909935,15.564692258439663,16.103110626543639,16.912045408371341
0.73147832631589815,11.321544960238043,11.190507767052623,11.312376258817494,11.325504797771373,11.410580538933118,11.454125969670258,11.562457939307023,11.670265181698596,11.789060514480752,11.944249211168426,12.092205361269407,12.267944746565263,12.401204185241568,12.66086884954575,12.817114899077296,13.173754932040083,13.319028473833441,13.78217413415905,14.006075569172936,14.541486151690606,14.913813007463887,15.567695275425649,16.106281336913071,16.915475694107045
0.73149163309371634,11.323848584988355,11.192805566119205,11.31469908541294,11.327729321888,11.412611085469962,11.455989683398457,11.564314432271658,11.67210940594714,11.791099376505372,11.946259068156905,12.094244742665069,12.269972209845037,12.403241792918834,12.662941555229736,12.81919939831414,13.175912456503283,13.321236420122204,13.784453909708645,14.008482849207667,14.544059639182251,14.916545584293544,15.568803070129434,16.109372160608473,16.918820758564834
0.731504630568243,11.326094365814242,11.195046593489678,11.316963355106054,11.329898169133685,11.414589671274825,11.457805132205522,11.56612349178431,11.673906215088664,11.793087322098017,11.948217475203364,12.096232471478288,12.27194800561665,12.405226580915041,12.664961401759683,12.821231321063351,13.178014479866761,13.32338967652413,13.786675762869436,14.0108299395215,14.54656792843798,14.919209950897312,15.571658560531432,16.112385449890553,16.922080376391932
0.73151732592893648,11.328284488170084,11.197231945163821,11.319172026204342,11.332012741489962,11.416519669528043,11.459575682636114,11.567886769459164,11.675657159785715,11.795024805204321,11.950126474341232,12.098170102179211,12.273873493318661,12.407160740217023,12.666929555246043,12.823211371339767,13.180062841360723,13.325486619027288,13.788841116541334,14.013117158696332,14.549013644005299,14.921805913919343,15.574442011219617,16.115321403218331,16.925257747035175
0.73152972619814327,11.330419659734162,11.19936272976247,11.321325849866298,11.334074593748028,11.418400727820426,11.461300775388736,11.56960500031164,11.677363396853707,11.796913086059249,11.951986535794731,12.099899510815249,12.275750096999218,12.409046547344587,12.668848704769971,12.825142110978504,13.182059301669597,13.327531649553293,13.79095227055268,14.015346693870015,14.551397682774677,14.924337368536726,15.577155941050933,16.118184127577933,16.92835478521738
0.73154183823498198,11.332501923698146,11.201441527813586,11.323426470560207,11.336084826755723,11.420235233267249,11.462983079657079,11.571279463984411,11.679026342228553,11.798754055401787,11.95379960018272,12.101742813655619,12.277578896263094,12.410883876877506,12.670718835530351,12.827022689962632,13.184006266127199,13.329525077399921,13.793010228996991,14.01752046560614,14.553721626354218,14.926805095912187,15.579801467047673,16.120975097416704,16.931375554163424
0.73155366873913763,11.334532275438505,11.203468403812622,11.325474867307548,11.338045221556968,11.422024133024934,11.464622013678309,11.572911780608592,11.680647498641065,11.800549049108213,11.955567004143177,12.103540231419174,12.279362359563493,12.412675402730201,12.67254196289332,12.828856447019007,13.185902936720595,13.331468301410951,13.795015772952411,14.001270345778266,14.555987843764342,14.929211489164572,15.582381722676473,16.123695647969271,16.934319175439214
0.73156522425456749,11.336512744380343,11.205445360823433,11.327473261786054,11.339956791733584,11.423768584757909,11.466220503780278,11.574503141133846,11.682227341333146,11.802298156091638,11.957290183680016,12.105290501582203,12.281100641472676,12.414421555770787,12.674318864136239,12.830644322194075,13.187753115914802,13.333362300349108,13.796543375178771,14.003325239121295,14.558196694166782,14.931557260109003,15.584896189052415,16.126348740753656,16.937188825966587
0.73157651117312095,11.338444014534616,11.2073732656022,11.329421810464737,11.341820696083687,11.425469032721139,11.467778228724455,11.576054246500462,11.683767386721229,11.804003619133709,11.958969347879247,12.106997588310605,12.282794992048366,12.416123836054794,12.676051234393981,12.832386940161541,13.189555448945612,13.335208976722697,13.79844811441626,14.005329275158147,14.560350851834301,14.933844701803991,15.58734838712553,16.128934861161724,16.939987399746769
0.73158753573807478,11.340328296175812,11.209253965940206,11.331322582511802,11.343638550064497,11.427127691943497,11.469297152469608,11.577567267386712,11.685268554306731,11.805666326638857,11.960605881508855,12.108662012721197,12.284446176465281,12.417783231433532,12.677741422738563,12.83408508558523,13.191313708110556,13.337009129017588,13.800304163466535,14.007282582659627,14.56245142629723,14.936074255836047,15.589739565844866,16.131457129361479,16.942715817473072
0.73159830404758674,11.342165652567473,11.211088775020471,11.33317667575875,11.345410865201302,11.428744757755339,11.470778127616541,11.589156036566237,11.686731769931157,11.807287564654871,11.962202204351343,12.110284690068056,12.286056849452052,12.419400236005913,12.679386878002333,12.835741608270382,13.193026702919269,13.338764102302321,13.802113941485004,14.009187635906528,14.564499156033435,14.938249269210701,15.592071146533726,16.133915348392293,16.945376100205976
0.7316088220580691,11.343957716370824,11.212878004176673,11.334985370766844,11.347140946670606,11.430322709735265,11.472221586720025,11.59058726586818,11.688158246442981,11.808868158012501,11.963757739082212,12.111866054612165,12.287626588034072,12.420978140145507,12.680992849509494,12.837356885414465,13.194698094045634,13.340475068924206,13.803878763861576,14.011044903313177,14.566496550727152,14.940369746229408,15.594344481454755,16.136313000115933,16.94797087370489
0.73161909558748262,11.345704638296411,11.214622905693432,11.336748971833003,11.348826179226762,11.43186047282461,11.473629167151103,11.591983936500583,11.689548947967523,11.81040899407617,11.965274542321367,12.113408732354401,12.289157321456514,12.422515374328214,12.682557692261071,12.838931216944729,13.196326842072267,13.342144261353951,13.805599721828912,14.012856540274242,14.559985859311382,14.942437405752571,15.596561344411839,16.138650990480528,16.950500564481899
0.73162913031855548,11.347409575218535,11.216325613652316,11.338469826519031,11.350471379398641,11.43336127193561,11.475001545879422,11.593344677251935,11.69090477099644,11.811911885833069,11.966753777637223,12.114912499539059,12.290649263164141,12.424014984208952,12.684083456993449,12.84046620594745,13.197915543708405,13.343771234981432,13.807277814240479,14.014622280582444,14.561903565650027,14.944454383313314,15.598723839901595,16.140931535799155,16.952967067436475
0.73163893180192596,11.349072323878318,11.21798666372888,11.34014885198485,11.35207421066707,11.434823918345501,11.476340231469749,11.594672116912079,11.692227279637336,11.813376891974258,11.968195181912506,12.116379079300259,12.292104763680072,12.425476582258852,12.684106887752932,12.841962907299603,13.199464441445798,13.345357606066045,13.808913713820857,14.016346198938209,14.563775293420804,14.946420569044221,15.600833005134973,16.14315408428547,16.95537196015357
0.73164850545921345,11.350694925836251,11.219607146197632,11.341787091331298,11.353639003702483,11.436251308664396,11.477645457158815,11.595966560798388,11.693515802393904,11.814805902057287,11.969601219598189,12.117808880021585,12.29352354497405,12.426901126447774,12.685558647425296,12.843422470216865,13.200975065968578,13.34690440650138,13.810509273888329,14.018025244286491,14.565599840415871,14.948338731042895,15.602888660804638,16.145322707357536,16.957718294096139
0.73165785658601667,11.35227728672271,11.221187641567212,11.343384227527167,11.355165132969887,11.437643370945352,11.478918049511321,11.597227970166841,11.69477229670747,11.816199247040458,11.970972292741862,12.119203470775119,12.294907049431458,12.428291280735266,12.68697414926055,12.844845585429539,13.202448026605907,13.348413138185606,13.812065129125131,14.019663712200327,14.567380731965841,14.950209230878954,15.604894185167268,16.147436744455717,16.960005815400109
0.73166699035484339,11.35382087924927,11.222729343697665,11.344942934711526,11.356653325499792,11.439000884319739,11.480158970504363,11.598459108775387,11.695997961694047,11.817558428102984,11.972309481035609,12.120562339808657,12.296256461296252,12.429646630481329,12.688355004608184,12.846233885016318,13.203883953210607,13.349884642846973,13.813582348973341,14.021261360244807,14.569116812802804,14.952033347165525,15.606851045983149,16.149499896300767,16.962237489467498
0.73167591181797142,11.355327556057546,11.224234424118549,11.346463734751069,11.358105514555064,11.440325279342233,11.481369098027244,11.599659094598792,11.697192741688923,11.818882849820511,11.973612604702794,12.121888447326,12.297572432197285,12.430968457600102,12.689700487126174,12.847587212231247,13.205285130275115,13.351319443359898,13.815063009361438,14.022819647137567,14.570810093391174,14.950693116099501,15.608758536096047,16.151511230984852,16.964413601842352
0.73168462591024319,11.356795984400833,11.225701789785035,11.347947095639483,11.359521594943999,11.441617447215776,11.482549770565129,11.600829008492838,11.698358189881674,11.820175750051476,11.974884730148005,12.123181437934818,12.298855422094221,12.432257063361703,12.691013270507483,12.848907168490314,13.206651193172092,13.352719313008492,13.8165057603278,14.024339673482245,14.572461861372631,14.952431084799628,15.610620464226486,16.153472550650349,16.96653610732119
0.73169313745179532,11.358229913287232,11.22713402796262,11.34939420470846,11.360903564924229,11.442877826025324,11.48370054056295,11.601970566118325,11.69949455204187,11.821435854562878,11.976124082169008,12.124443093554419,12.300106803702874,12.433514150533028,12.692293975797838,12.850194466482662,13.207983726345901,13.354084459066144,13.817913311204393,14.025822835390045,14.574072891705327,14.95412590801925,15.612434929637857,16.155386057771921,16.968606488427668
0.73170145115072505,11.359627595873917,11.228531046762782,11.350806442277189,11.36225150774726,11.444107467887534,11.484823584799415,11.603083556687125,11.700602652607813,11.8226641423621,11.977333063352035,12.125672574624787,12.301327119029793,12.43474028980927,12.693542754412647,12.851450387874593,13.2092836177967,13.355415373393953,13.819286250046844,14.027268606951111,14.575644770373856,14.955779936527051,15.614205955436319,16.157252884369427,16.970625942489278
0.73170957160569461,11.360991763100628,11.229894207376219,11.352184935612513,11.363566543117486,11.445306564832663,11.485918688547827,11.604169164695577,11.701684202388606,11.823862198640199,11.978512491274159,12.126872144808203,12.302517806214382,12.435935451997466,12.694760775107625,12.85267459009583,13.210550646788306,13.356714481096787,13.820625151480272,14.028678690187917,14.57717757200362,14.957393445904472,15.615933123364357,16.159073281004567,16.972595823152915
0.7317175033084744,11.362322842068806,11.231224247842874,11.353529163998246,11.364849037714521,11.446477304107702,11.486986959741898,11.605228036515655,11.70273795544108,11.825030997510567,11.984083691810156,12.128042352288048,12.303678666071391,12.437101556741709,12.695948472615328,12.853869219333774,13.211787559646837,13.357980531419344,13.821931399924779,14.030055166548209,14.578673617053482,14.95896726223009,15.617618047926044,16.160849348418651,16.974517004280187
0.73172525064642824,11.363621757918281,11.232521810328308,11.354841041134023,11.366100615580763,11.447618192179107,11.488028456587017,11.606260919396846,11.703766782416551,11.82617039841125,11.985212322591906,12.129183726407973,12.304811213054563,12.438238625994018,12.697107180641069,12.855034072322269,13.212992886606571,13.359216217992071,13.823205567101922,14.03139768789606,14.58013240982018,14.96050264853011,15.619262122273085,16.162582782462323,16.976391997789506
0.7317328179049396,11.36488860557256,11.233788864531562,11.35612139303521,11.367321734889629,11.448731922293973,11.489044645762078,11.607268143970032,11.704769071444389,11.827282265208396,11.986312203047873,12.130296559275848,12.305915106236625,12.439348380004958,12.698237467850049,12.856170497140738,13.214169323323404,13.36042124442065,13.8244481590541,14.03270712622907,14.581555826651766,14.961999694061888,15.620865463845348,16.164272167237868,16.978220033529396
0.73174020926978245,11.366125611857569,11.235024047063234,11.357370220611756,11.368513184018411,11.449818602311552,11.49003628941955,11.608250661862257,11.705746774287491,11.828366621411988,11.987385606928456,12.131382556644894,12.306992337053998,12.440430437938176,12.699340214694075,12.857278856669382,13.21531679247164,13.361597129584425,13.825660913137654,14.033984010744916,14.582944365450658,14.963461020855448,15.622430563182661,16.165920830196228,16.980004275291776
0.73174742882943666,11.36733137049896,11.236230357510067,11.358589301287338,11.369675553942216,11.450878570261921,11.491003146567436,11.609209423043012,11.706701462185265,11.829424321744227,11.988432398852183,12.132441228229709,12.308044401486768,12.441486060844909,12.700415716681619,12.858359901011227,13.216435936048583,13.362744161766841,13.826843259906127,14.03523033838519,14.58429942453904,14.96488666321784,15.623956322051527,16.167529293544249,16.981744195182728
0.73175448057734882,11.368508961824318,11.237407103713849,11.359779050759698,11.370809378931881,11.451913176830658,11.491947063082989,11.610144065708027,11.707632607240612,11.830456260325263,11.989453822760424,12.1334746027037,12.309069030178307,12.442515564645419,12.701464802765713,12.859415412070121,13.217528045612653,13.361079614290247,13.827997008485909,14.036445777968311,14.585621024627926,14.966277643736248,15.625445753247277,16.16909902051566,16.983441701437187
0.7317613684141423,11.369658157120739,11.238555999156233,11.360939892157603,11.371916299936856,11.452922389165451,11.492866933249843,11.611056306342562,11.708539779626335,11.831463375439853,11.990450051011067,12.134482259598826,12.310069119891068,12.44352043320805,12.702488150984209,12.860444561451914,13.218593254617645,13.362168654996822,13.829122618135898,14.037632389466125,14.586910049871676,14.96763415127225,15.626898357845675,16.170629612011908,16.985097548565591
0.73176809614977356,11.370778969864659,11.239675922201513,11.362073045217585,11.372996204606807,11.453907267553859,11.493765754208198,11.611946382510723,11.709425132385604,11.832445551562159,11.991421660157357,12.135465794461652,12.311045112467127,12.444500354804404,12.703486518439604,12.861448671065318,13.219632877329786,13.363229747173136,13.830221550338592,14.038789164237187,14.588168863278952,14.968957965314075,15.628316539216939,16.172123467955771,16.986714096552987
0.73177466750564091,11.371872271264692,11.240769681010988,11.363177967962656,11.374049325864689,11.454868080010328,11.494640935332427,11.612813928311425,11.71028919679793,11.833403845408156,11.992370028108326,12.136425016777594,12.311997357830023,12.445455898880482,12.704460687176834,12.862427427463444,13.220646442095585,13.364266184741609,13.831292974266034,14.039918906940329,14.589397431438556,14.97024989679494,15.629699628748767,16.173581079895484,16.988291191359167
0.73178108611664183,11.372940482808644,11.241836945995601,11.36425674078373,11.375077948644503,11.45580585550897,11.495495517856853,11.613661184034754,11.711131667511381,11.83433863522896,11.993294980513383,12.13736047740349,12.31292533525675,12.446388818662854,12.705410939993726,12.863382815687601,13.221635552641146,13.365276829264531,13.832337795900003,14.041020165409009,14.590594156139105,14.97150996302571,15.631048740841834,16.175003602209927,16.989828948244394
0.7317873555331843,11.373982228987643,11.24287845569097,11.365309950095707,11.376081422034986,11.456720449480144,11.496329776929542,11.614487181916502,11.711954556529236,11.835251330614938,11.994197436591548,12.138273781062253,12.313831350069904,12.447298639857763,12.706338554355625,12.864315062942751,13.22260095250067,13.366263314575008,13.833357561223693,14.042095138021523,14.591763215439187,14.972739397810983,15.63236543715675,16.176390247887866,16.991330174681934
0.73179347922315052,11.374998970135948,11.24389498084156,11.366337295020003,11.377060141739548,11.457613129491619,11.497143580374541,11.615294195718889,11.712756905355945,11.836141020567084,11.995077539314025,12.139164399120546,12.314714951089627,12.448186385511235,12.707243334526083,12.865224136554389,13.223542355632162,13.367225169103222,13.834352697263967,14.043144328777544,14.592903754888084,14.97393914014674,15.63365043673457,16.177744257659924,16.992092780434632
0.73179946057381495,11.375991083772533,11.244886876306737,11.367340213840635,11.378015672590209,11.458484455434245,11.497936842740273,11.616079466287829,11.713539334431971,11.848391051127237,11.99593656767729,12.140033562252029,12.315578054345679,12.449052368709999,12.708125818557164,12.866111432942034,13.224461318400699,13.368164122433427,13.835324382949693,14.044167680842293,14.594017623575382,14.975110105778185,15.634904197153446,16.179065348152562,16.993521639154096
0.73180530289371837,11.376958930600267,11.245854915986911,11.368318130741045,11.378947745468395,11.459334962938556,11.498711037913381,11.616846633427031,11.714302709579897,11.849229637460667,11.996774591633312,12.140881219348557,12.316419539274193,12.449897743970268,12.708986998447926,12.866977782406138,13.22535774754806,13.369080235685033,13.836270974471518,14.045166406715907,14.595103654327886,14.976253396746415,15.636127185253827,16.180354461654588,16.994916313121848
0.73181100941449728,11.377904231755565,11.246800434694251,11.369274069167659,11.379857551086843,11.460164677507692,11.499467346674464,11.61759519073712,11.715047307615805,11.850048446922756,11.997592209296727,12.141708795201339,12.317240376924474,12.450722381167452,12.709827392858642,12.867822583177713,13.226232509858164,13.369974758712488,13.837195458590031,14.046141008102495,14.596162886654383,14.977367454400792,15.63732168163051,16.181611484909808,16.996277334305887
0.73181658329267218,11.378826460578694,11.247722517486636,11.370206425086053,11.380745989863499,11.460974425685436,11.500204304522867,11.618326252658335,11.715774314238843,11.85084686303253,11.998390134541296,12.142516408005122,12.31804136673145,12.451526992596882,12.710648007694545,12.868647208976654,13.227086022046024,13.370846291654743,13.838097034902603,14.047091494126562,14.597197190126735,14.978455698502785,15.638486335802554,16.182839400598823,16.99760556012734
0.73182202761139326,11.379726811608634,11.248622422992867,11.371116336111299,11.381612540482365,11.461764702874007,11.500924070133806,11.619039055511166,11.716483423881527,11.851626688820943,11.999169243154938,12.143303767010821,12.318823189708382,12.45231143521687,12.711447643374868,12.869450908529871,13.227918918617434,13.371697120811859,13.838978295003926,14.048019632467458,14.598205705274268,14.979518155245387,15.639623502562245,16.184037086230546,16.998902150865888
0.73182734538214589,11.380605460916286,11.249501512444567,11.372004885859951,11.38245823415582,11.462535946349817,11.501626042705993,11.619734445377162,11.717175427185794,11.852387125006317,11.999928797592929,12.144072297613548,12.319585952799571,12.453077762645535,12.712228156027322,12.870236111828035,13.228731963612972,13.372527942482066,13.839836574379206,14.048925404591955,14.599190924833692,14.980554222031515,15.640733421322238,16.185205684683297,17.000165938802184
0.73183253954641614,11.381462861984801,11.250358846441941,11.372871394862159,11.383283891955671,11.463288680087317,11.502311251283118,11.620413103158171,11.717850935736806,11.85312950319485,12.000669856620334,12.14482245517911,12.320330333882794,12.454441781038895,12.712989670413663,12.871001983526639,13.229524982014482,13.373338892996344,13.840675033104162,14.049809302861831,14.600152108936072,14.981566346508316,15.641816102421672,16.186346344928552,17.001399333453264
0.7318376129773182,11.382300076014417,11.251196033945689,11.373717909935749,11.384089508874695,11.464023519767579,11.502979841692195,11.621075351880336,11.718509680354146,11.853853210859143,12.00139317754747,12.145554685400384,12.321056595424125,12.455170054307473,12.713733381349812,12.871750028651604,13.230298754754131,13.374129120328234,13.841492731864037,14.050671730502927,14.601090071727413,14.982552458372083,15.642872735435503,16.187459561519972,17.002603887254281
0.73184256848118345,11.383116538713693,11.252013030557919,11.374544082678767,11.384875850917524,11.464740651598731,11.503632049304997,11.621722084395515,11.719152755225878,11.854559762534791,12.002099320380694,12.146268809975936,12.321765431750464,12.455881466299161,12.714458919873778,12.872478766548738,13.231054007300372,13.37490174103641,13.842291024083352,14.051513168165457,14.602006042319772,14.9835157389698,15.643904332319835,16.188546078487434,17.003779180711263
0.7318474087991127,11.383913817909161,11.252811284035033,11.375350084028469,11.385643664490544,11.465439945801336,11.504268686322121,11.622352747700916,11.719780133746099,11.855249478483074,12.002788066832636,12.146966244044052,12.322457258109807,12.456576342966855,12.715167871625454,12.873190649849221,13.231791844315012,13.3756545209867,13.843070100560453,14.052334742654239,14.602899441277259,14.984455325370163,15.644910840204375,16.189606271957018,17.004926451904339
0.7318521366084928,11.384692466421711,11.253588986385239,11.376137269900482,11.386392270796932,11.466122698438994,11.504890379368135,11.6229676635744,11.720392405062285,11.85592251032449,12.003460441047082,12.147646139254903,12.323132234078912,12.457253090205995,12.715858040599869,12.87388616822227,13.232510230376647,13.376389703502355,13.84383011763066,14.05313613072849,14.603771700687957,14.98537333968352,15.645892829513286,16.190641069946651,17.006046367028375
0.73185675452447696,11.385452128825364,11.25434899871243,11.376905356088628,11.387123184863412,11.466789696434716,11.505496848596067,11.62356847823412,11.720989880105662,11.856580132101044,12.004116217801311,12.148310468227919,12.323791544873075,12.457914300044649,12.716532912753337,12.874563711076917,13.233212229245964,13.377107226684984,13.84457244640771,14.053918910048651,14.604622433830173,14.986268423162528,15.646852176616903,16.191651178301981,17.007138051475977
0.73186126510143179,11.386193665565315,11.25509058552052,11.384061661586657,11.38783673636317,11.467440317533146,11.506088673927025,11.624154539780648,11.721573226185228,11.857220488927851,12.004756279742651,12.148957999275808,12.324433820274407,12.458559422948383,12.717190341048536,12.875225613676321,13.233898397310895,13.377807526564993,13.845296449305806,14.054681844946117,14.605453513428074,14.987142447309452,15.647788432007928,16.192637105199083,17.008205404469663
0.73186567083435017,11.386918331523702,11.255814914516577,11.384798367520489,11.388533403454403,11.46807509690052,11.506666496087746,11.624727265822457,11.722141707540231,11.857846036320097,12.005381130179558,12.14959017977344,12.325061255419314,12.459189102829896,12.717832953770539,12.875871036340868,13.234566295992863,13.378490702770705,13.8460026558555,14.055428066475088,14.606264073043803,14.987995880077506,15.648701528824859,16.193598838381604,17.009245461652881
0.73186997416023125,11.387623859681753,11.256522245821088,11.385518016990773,11.389213430170003,11.468695253441638,11.507230613926822,11.625285122546302,11.722696811134028,11.858456263320932,12.005990904246573,12.150207312619841,12.325674817361232,12.459803526521227,12.718459445444296,12.876502044544395,13.235218567988795,13.379157621311606,13.846693142995264,14.056155467018471,14.605992100865024,14.989713710102478,15.649593555125193,16.194537811531063,17.010261381737564
0.73187417745942829,11.388313486153493,11.257211568289222,11.386221593124446,11.389876925351018,11.469300768744688,11.507780568962517,11.625829797824736,11.723239292019116,11.859052635508306,12.006586002567929,12.150809806058078,12.326271653946151,12.460403317574219,12.7190709836309,12.877116427935562,13.23585557181741,13.379808584905277,13.847365863385221,14.056865355651098,14.606759573792715,14.990536686329961,15.650462849271662,16.19545427562025,17.011253549092089
0.73187828305696567,11.38898755927994,11.257885611972597,11.386906163385902,11.390524823335909,11.469891251314493,11.508317229846398,11.626361907276532,11.723768209754326,11.859634024330717,12.007167250358634,12.151397403077226,12.326854651298163,12.460989190386499,12.719668293570521,12.877716378495734,13.236477805748109,13.38044434414951,13.848023217346508,14.057558375410736,14.60750914601158,14.991340616998059,15.651312541312564,16.196348433783896,17.012220534854805
0.73188229322382481,11.389643645589331,11.258543109908715,11.387575543269122,11.391157125893642,11.47046814074838,11.508841284686241,11.626880838783563,11.724284893850836,11.860201634534405,12.007733709413969,12.151970986954439,12.327424215204701,12.461559882793154,12.720251183238361,12.87830291565524,13.237084167436024,13.381064253410841,13.848664463977457,14.058234740347871,14.608240566967652,14.992125187775855,15.652141909781676,16.197222722722017,17.013165402639515
0.73188621017820044,11.390286394559553,11.259185007206725,11.388229009113275,11.39177474814187,11.471030619578869,11.509353430670217,11.627387621043454,11.724788638456175,11.860755534059081,12.00828734570905,12.15253126033349,12.327979682480873,12.46211735394354,12.72082008058851,12.878874352934872,13.237676369064047,13.381669585695363,13.849290337625007,14.058895921520161,14.608954307448585,14.992890317651472,15.652950687896919,16.198073697670679,17.014088202622133
0.7318900360867272,11.390912242001377,11.259811663930577,11.388867065853447,11.392377280516939,11.471580347341387,11.509852432986918,11.627881976131903,11.725279922708978,11.861296562563439,12.008827170869154,12.153078137263947,12.328522269760469,12.462662194644508,12.721375752091262,12.879432560590431,13.238254131454141,13.382260656409471,13.8499017689428,14.059539842720824,14.609651342163943,14.993637985774058,15.653740858198944,16.198905672297315,17.014987173689406
0.7318937730656786,11.391524012966784,11.260423354162867,11.389489820611288,11.392965930949686,11.472116600914887,11.510339711051529,11.62836481823706,11.725760151600298,11.86182418119688,12.009354233938666,12.153611859902867,12.329051667690692,12.463193147157654,12.721917173970724,12.879977746112218,13.23881918907,13.382837439865398,13.850497998439096,14.060169154752202,14.610331702948315,14.994367368559779,15.654512438804431,16.199717902562497,17.015865729541019
0.73189742318213735,11.3921206292016,11.261020877740521,11.39009762411979,11.393539645347118,11.472640270166266,11.510815860568528,11.628835813496153,11.726228679556698,11.862339387586417,12.009869067296677,12.154132299361663,12.329567698130631,12.463711521582354,12.72244587205023,12.880509828289178,13.239369466270091,13.383400251265357,13.851080262608775,14.06078272997047,14.61099616285901,14.995079092885135,15.655264578623701,16.200510512603614,17.016723044533592
0.73190098845513896,11.392703843971049,11.261603986029058,11.390690803689722,11.394100238323517,11.473151582119044,11.511280384346719,11.629296006913592,11.72668613538508,11.862842172296041,12.010371295669756,12.154640409285548,12.330072258928794,12.464217868976903,12.722962738866045,12.881028483081991,13.239906781514037,13.383950178976647,13.851648036374627,14.061382548781239,14.611643968296448,14.995774111202991,15.655999517502096,16.201284405823117,17.01756002662114
0.731904470856788,11.393272387321304,11.262172975818885,11.391270615591566,11.394647071231702,11.473650202607132,11.511733386181277,11.629744736752855,11.727132046746192,11.86333285547471,12.01086116561828,12.15513686096665,12.330565265830955,12.464711813508529,12.723466900733911,12.881535185413668,13.240431764258574,13.384486389901667,13.852203078316961,14.061967601693595,14.612276439313973,14.996452900003533,15.656717154259695,16.202039459407388,17.01837692418394
0.73190787231334975,11.393827512449661,11.262728918265111,11.391836155667079,11.395182015120554,11.474137363758473,11.512176190592982,11.630182703630908,11.727567892874958,11.86381220934436,12.011339442460667,12.155620639833614,12.331045109498518,12.465193952586105,12.723958820739426,12.882030163102627,13.240944144394234,13.385009512758188,13.852744149057344,14.062538101575228,14.612894061170664,14.99711654880366,15.657416853604445,16.202777034050087,17.019174542157998
0.73191119470631505,11.394370280298517,11.263271652211188,11.392388802883033,11.395703050460725,11.47461232702517,11.512608825956704,11.630610630516458,11.727993005558346,11.860650980451283,12.011807166166363,12.156093928178507,12.331515019339349,12.465665121247639,12.724438759695659,12.882513036118326,13.241443773383708,13.385520701044697,13.853272844943604,14.063096836488057,14.613497459748032,14.997762516594776,15.658100579698839,16.203496448986698,17.019953339148287
0.73191443987344151,11.394898955589269,11.263801570726173,11.392927751674506,11.396212448582446,11.47507708979856,11.513030160443577,11.631027601309142,11.728408426819442,11.861104865757625,12.012262680046661,12.156555478016799,12.331972632837733,12.466123877887185,12.724907472816994,12.882984349277649,13.24193213967601,13.386019684752227,13.853788725171398,14.063641577763065,14.614086144732937,14.998393783836946,15.658768534303817,16.20419933491894,17.020714195119581
0.73191760960976959,11.395416002736511,11.264319152260668,11.39345434958841,11.396709488600663,11.475530084063394,11.513441231911656,11.6314351031765,11.728813560577237,11.861548888633934,12.012707667102859,12.157006155241106,12.332419109905914,12.466572672416532,12.72536518285051,12.883444080559002,13.242408447548314,13.386506524272136,13.854292573273597,14.064172455234257,14.614660703661684,14.999010136085417,15.65941912872313,16.204884919278811,17.021455962322307
0.731920705668616,11.395920821581512,11.264823054134467,11.393968290969497,11.397194859860974,11.475972381770134,11.513843023531535,11.631833036898115,11.729208995895988,11.861982101087051,12.013142435308964,12.157445374147301,12.332855512933747,12.467009946993585,12.725811894760682,12.883893201223145,13.242873870018229,13.38698223908068,13.854784297888727,14.064690966213675,14.615222097580045,14.999611716629715,15.660055268509495,16.205555067349451,17.022180127154115
0.73192372976254316,11.39641323489468,11.265316437077217,11.394470196544262,11.397668357681596,11.476404559884031,11.514235346792702,11.632221592845781,11.729595995329419,11.862405155251054,12.013566218394317,12.157874622399504,12.33328110843695,12.467437746515316,12.726248435827983,12.884331909778666,13.243327704900366,13.387447098090888,13.855264280541178,14.065197890868149,14.615769231309514,15.00019909974435,15.660676336384768,16.206207689652274,17.022887734328378
0.73192668356430646,11.396894358027112,11.265798089793861,11.394959987024322,11.398130806406243,11.476826382934632,11.514618328938013,11.632600408814142,11.729972134633044,11.862818301307016,12.013980410044496,12.158293875886102,12.333697413522259,12.467855125800725,12.726673631598715,12.884760014004769,13.24377082441697,13.387899720155019,13.855733047914327,14.065691902720573,14.61630418293862,15.0007726454769,15.661282552632656,16.206846467235664,17.023577244645367
0.73192956870777992,11.397364050765646,11.266268345854769,11.395438475512947,11.398582671960412,11.477237920028074,11.514992130889368,11.632970732762715,11.730340154679652,11.863220792755783,12.014384553402579,12.158703215387504,12.334103501136724,12.468262855018565,12.72708928481552,12.885177965285493,13.244203718777499,13.388342007523079,13.85619010050732,14.066174608515212,14.616826262040377,15.00133232111375,15.66187408604128,16.207469948767994,17.024250940549791
0.73193238678885963,11.397822855073628,11.266726769118122,11.395905494156978,11.399023361997934,11.47763990281419,11.51535697089821,11.633331932310284,11.730699214213928,11.863614451406193,12.01477893871288,12.159102247796,12.334499428713571,12.46865971784473,12.72749487805595,12.885585181438273,13.244626243712901,13.388774104369986,13.856636793540929,14.066646272445269,14.617336037386849,15.001879032759916,15.662451755058555,16.208077852616952,17.024909127035698
0.7319351393663468,11.398270463819699,11.267174947033254,11.396361603132846,11.399453844610889,11.478032535481816,11.515713675297775,11.633684316946074,11.731049906149565,11.863998680714758,12.015165160485139,12.159492217931984,12.334886544917936,12.469048576592286,12.72789147893036,12.885983590386331,13.245038626255791,13.389196124209775,13.857073060007224,14.067106037896338,14.617833583449283,15.002412615019693,15.663016414733647,16.208672064404709,17.025551616277426
0.73193782796280948,11.398707065554845,11.267612189928968,11.396806684722833,11.399874127331714,11.478415320975728,11.516061545867615,11.634028826276335,11.731392678330394,11.864373609473205,12.015540311259429,12.159873051004979,12.335264531270695,12.46942731930676,12.72827756452034,12.886372464450687,13.245441253216995,13.389607362472361,13.857498505166404,14.067555343429376,14.618319712932134,15.002934619124972,15.663566702844037,16.209251696546289,17.026179172091815
0.73194045406542529,11.399133591037753,11.268039842864255,11.397241694518925,11.400284646163982,11.478789723892987,11.516400839936978,11.634364841509068,11.731726579187125,11.864740084716232,12.015907236776457,12.160244426750978,12.335633058983603,12.469797384190315,12.728655696587793,12.886751940466638,13.24583471533515,13.390008903346825,13.857914169086598,14.067994401209944,14.618794117199741,15.003442551031185,15.664104382040478,16.209818424992136,17.026791104812673
0.73194301912680371,11.399550336004722,11.268456380301814,11.397666006917461,11.400684960888611,11.479154943570848,11.516732221055008,11.63469338193454,11.73205299287838,11.865097418895402,12.016265739344362,12.160607471868389,12.335992810249081,12.470158608774909,12.729023742865593,12.887123040850838,13.246218615445287,13.390401141316033,13.8583195989454,14.068422439816004,14.619257674207347,15.003939302575873,15.664629655002045,16.210370490088735,17.027389196672175
0.73194552456578976,11.399957872309642,11.26886402122409,11.39808049732892,11.401076224693497,11.479511230620119,11.517056068615602,11.63501392708713,11.732371654278268,11.865446041687392,12.016615055535567,12.160961540825156,12.336344519222166,12.47051095570896,12.729383368340223,12.887484228670928,13.246593109002788,13.390784502709266,13.858715962209317,14.068840115831335,14.619709403134948,15.004424036262208,15.665141956224033,16.210909748113863,17.027972791498087
0.73194797176824899,11.40035459052342,11.269261215146344,11.398485184928631,11.401458154365173,11.479859849407148,11.517371943516991,11.635326517691738,11.732682539899542,11.865787087001991,12.016956967088845,12.161307378763922,12.3366871505782,12.470855276530983,12.729734721960995,12.887837547353683,13.241263605927543,13.391158586089205,13.859102320311649,14.06924879604594,14.620150971713429,15.004897582948161,15.665642356434546,16.211436804223467,17.028542420917347
0.73195036208783337,11.400742334156348,11.269649578856843,11.398880433233444,11.401831030647827,11.480200121688995,11.517680695626495,11.635631845580065,11.732986096814329,11.866119416118181,12.017290458904881,12.161645302019224,12.337022237379642,12.471191276360059,12.73007790551128,12.888182613987283,13.241619362579513,13.391523329531537,13.859479916682631,14.069647094252105,14.620582542442207,15.005360043721339,15.666130626500944,16.211951646228044,17.029098942279234
0.73195269684673103,11.40112082675887,11.270028709899179,11.399266131211334,11.402195342810501,11.48053148688814,11.517981754065204,11.635930455306152,11.733282392115598,11.866443917951528,12.017617064260321,12.161974992108753,12.337349076058672,12.471520130064619,12.730412841575799,12.888519043340693,13.241966857876832,13.39187945850199,13.859849001723433,14.070036245284882,14.6210028465307,15.005811265214106,15.66660761985122,16.212453560980066,17.029642230717855
0.73195497733639658,11.401490825338897,11.270398924216806,11.399642937274166,11.402550991208045,11.480855484578115,11.518275902121331,11.636221161721096,11.733571892981217,11.866761393700926,12.017933769144747,12.162296346362837,12.337668530474275,12.471840253263963,12.730739479433851,12.888847625839844,13.242306189117244,13.392227944025308,13.860208624886127,14.070416519024548,14.621414347793689,15.006251566454011,15.667073260215147,16.212943950989029,17.030172459738424
0.73195720481826654,11.40185194806736,11.270760601982602,11.400011143440679,11.402897754560399,11.481172166086253,11.518562805776583,11.636505967517678,11.733854628821518,11.867071038472204,12.018244374582082,12.162610711958223,12.337980237201918,12.472152506564271,12.731058914461755,12.88916836833323,13.242638087951946,13.392568367944023,13.860560110039387,14.070787038835078,14.621815295832675,15.006682367717985,15.66752761203179,16.213422363666723,17.030689589026679
0.73195938052445619,11.402204852578961,11.271113283645718,11.400370505587489,11.40323739378664,11.481481068444737,11.518843207415102,11.636782912663421,11.734130278031444,11.867372960081866,12.018547698550719,12.162917637378541,12.338284653399569,12.472457839893195,12.7313700756049,12.889481866186998,13.24296128602964,13.39289985129335,13.86090317404387,14.071149664513086,14.622207188310767,15.007102048784873,15.667972619015472,16.21388986971715,17.031196398794691
0.73196150565844154,11.402549363857361,11.271457812322296,11.400720882827045,11.403567750551247,11.481783335763339,11.519116854005915,11.637054015317972,11.734399494365789,11.867667786035781,12.018843360747724,12.163217453354264,12.338581193467235,12.472756657623449,12.731674861949614,12.889787712264024,13.243276489536584,13.393223417868739,13.861237855463969,14.071503387585381,14.622589791062637,15.007512287960708,15.668405867708316,16.21434644159126,17.031689619498138
0.73196358139572504,11.402884816630831,11.271794326654344,11.401063205897572,11.403890829062675,11.482077494748864,11.519384388766866,11.637318626644628,11.734662534827294,11.867956038181546,12.019132703490413,12.16350987586975,12.338871989669769,12.473047335176034,12.731971703347426,12.890086294809862,13.243585282461027,13.39354010971374,13.861564963131059,14.071848406079425,14.622963512499609,15.007912960866634,15.668828320080138,16.214792181627217,17.032171529187053
0.73196560888448559,11.403214072240644,11.272123140699932,11.4013978261587,11.404206516026534,11.482365941708849,11.519645200201467,11.637576378781887,11.734919384393379,11.86823712525802,12.019414066093304,12.16379543024641,12.339155066174953,12.473331724341278,12.73226206551044,12.890378175271053,13.243886135294815,13.393848437864108,13.861884810709853,14.07218556179896,14.62332829702018,15.0083039732217,15.66924227383879,16.21522727501042,17.032642251401285
0.73196758924621397,11.403534219079575,11.272443620353897,11.401724592176379,11.40451432266309,11.482645601979129,11.519899951612388,11.6378288408564,11.735169645541191,11.868512128367001,12.01968983852521,12.164073950794318,12.339432015955026,12.473609484737608,12.73254525076436,12.89066304514381,13.244180243606934,13.394150218668528,13.862196294500791,14.072515386266332,14.623684486479306,15.008685458624313,15.669646038728843,16.215651988782611,17.033100929047578
0.73196952357633271,11.403847062933892,11.272757553311294,11.402043646488437,11.404815382659308,11.482920853104133,11.520148679277099,11.638074934299766,11.735414556698288,11.868780229795448,12.01995819382546,12.164346647756702,12.339701962718664,12.473880497257596,12.732821879911171,12.890940738088375,13.244467029696807,13.394444382676738,13.862501210642222,14.072835990228214,14.624032124174391,15.009058519742212,15.670040101708764,16.216067266976097,17.033549970668901
0.73197141294480261,11.404152447274555,11.273063057133186,11.402354721304164,11.405109245436506,11.483188103916746,11.520391740272771,11.638315219724063,11.735653677596474,11.869041947911228,12.020220378255544,12.164612371369003,12.339965409153592,12.474145223786309,12.733091472456636,12.891212324909702,13.244747617250141,13.394732191610728,13.86279785086208,14.073149957815986,14.624371993466866,15.009422729152902,15.670424315794207,16.216472101919862,17.033988329900239
0.7319732583967139,11.404450514155542,11.273362109649042,11.402658908948979,11.405396125850984,11.483449559824294,11.520628981645586,11.63855021244126,11.735886867855243,11.869297809263117,12.020477051649323,12.164871994735677,12.340223461990718,12.474403386795984,12.733355532298447,12.891477418025261,13.245020753856807,13.395012628638142,13.863088307821727,14.073456313376028,14.624703353108998,15.009778615564755,15.670801032762483,16.216867402875778,17.034417093164393
0.73197506095286502,11.40474190515306,11.273653748040942,11.402955875799307,11.405675996005812,11.483704807222239,11.520860603342499,11.638779180427719,11.73611467567298,11.869547442621297,12.020727386333874,12.165125608059952,12.340474393879504,12.474655261727094,12.73361291027004,12.891736059953018,13.245287877519786,13.395286632866373,13.863371804876351,14.073755979723501,14.625027943601708,15.010125406479347,15.671167499235253,16.217253941676518,17.034834408918869
0.73197682161032684,11.405026761590307,11.27393892191003,11.403245423776752,11.405949510935443,11.4839539634213,11.521086830040986,11.639002817339133,11.736337361080587,11.869791254247502,12.020971824126264,12.1653728223705,12.34072031129017,12.474901868818506,12.733864177184842,12.891989143613046,13.245549356733591,13.395554417288622,13.863648951516097,14.074048163543011,14.625343119325407,15.01046455042615,15.671525798349194,16.217630521817227,17.035241459587724
0.731978541342994,11.405304754722692,11.274216812407758,11.403529895720567,11.406216711115121,11.484197555125775,11.52130736018853,11.639221363255729,11.736554217352932,11.870029049749519,12.021210209709807,12.165614578233999,12.340959930480494,12.475142383186721,12.734109661036655,12.892235324984085,13.245803820540914,13.395815596190459,13.863918622744222,14.074333447073968,14.625651904298593,15.010795942442201,15.671874973422746,16.217998867174629,17.035640166165649
0.73198022110212424,11.405576410855701,11.274488658738392,11.403805392690174,11.406477519657528,11.484435522802869,11.52152274018772,11.639435052731642,11.736766766489382,11.870261510503951,12.021443292702315,12.165850582046005,12.341193527222003,12.475376889145991,12.734349099825977,12.892476550313859,13.246052668223911,13.396071264293369,13.864182538094155,14.074612273032926,14.62595314072405,15.011118353932034,15.672217426023053,16.21835877174999,17.036028224562415
0.73198186181686409,11.40584135011477,11.274753627195423,11.404075475505579,11.406732156579892,11.484667086045192,11.521733268776643,11.6396431516755,11.736974008424568,11.870488556552118,12.021670711024399,12.166080752161633,12.341421874937168,12.475606255716229,12.734583176996694,12.892712095694606,13.246295131344596,13.396320074328742,13.864440292220024,14.074884190677949,14.626247711366887,15.011433816348472,15.672550904385844,16.218709839902658,17.036408036727607
0.73198346439476292,11.406099708531656,11.27501293745263,11.40433907162469,11.406980810616005,11.48489418350664,11.521938993614185,11.63984650458724,11.737175427642342,11.870710112758843,12.021893011970405,12.166305652408937,12.341645686663014,12.475830508046329,12.734811819630067,12.89294176278645,13.246532851950633,13.396563113417415,13.864692062953054,14.075149876905471,14.626535268496809,15.01174238261865,15.672876570514291,16.214485521720235,17.036779299955469
0.73198502972227519,11.406352534373127,11.275265981476423,11.404596367769955,11.407223587143562,11.485115774030419,11.522140111533645,11.640045039403503,11.737372933315328,11.870926411078017,12.02210964582855,12.166525431307036,12.341863107831159,12.476048986323804,12.735034865291709,12.89316608903664,13.246764375926887,13.396800611050367,13.86493768704895,14.075408807180338,14.626815875965804,15.01204301071175,15.673194234440416,16.214821905626195,17.037141494014122
0.7319865586652502,11.406599005921635,11.275513207967379,11.404848274840333,11.407460876391269,11.48533162660442,11.52233565092456,11.640239254467815,11.737565900602476,11.8711377128393,12.022321734199977,12.166740057308289,12.342075941759958,12.476262074974329,12.735252701142144,12.89338548536216,13.24699020084654,13.397032617212972,13.865177261319332,14.07566243435349,14.627089815295676,15.012336961830897,15.673504710610814,16.215150468599859,17.037494858300761
0.73198805206941175,11.406839608478094,11.275754441512163,11.405093360704086,11.407692488992325,11.485543019125089,11.522526970009949,11.6404286210186,11.737754243539257,11.871343832477123,12.022528571214025,12.166949165688493,12.34228366813204,12.476470924013029,12.735465300744636,12.893598821230626,13.247211741858337,13.397259187164309,13.865412166459919,14.075909477789082,14.627358277316034,15.012624551813587,15.673808071778694,16.215471253541637,17.037840427811716
0.73198951076082552,11.407074785211989,11.275989795861278,11.405333144157794,11.407918214744768,11.485749185280838,11.522714187383372,11.640613601481618,11.73793819739376,11.871545943249657,12.022730424521342,12.167153942872119,12.342487091053499,12.476674069393539,12.735673309208778,12.893807237035617,13.247426673020527,13.397480398376501,13.865640336874094,14.0761511025662,14.627619728026275,15.012904569990951,15.67410405790497,16.21578485080272,17.038177299801646
0.73199093554635597,11.40730492470766,11.276219894449241,11.405567759241876,11.408138868361675,11.485950696296641,11.522896436042174,11.640794012631886,11.738117230182525,11.871741869194466,12.022927413901471,12.167353570308023,12.342684835257387,12.47687316055044,12.735875904184013,12.894011367391613,13.247637452777781,13.397696712072047,13.86586354193787,14.076388078092805,14.627873614456348,15.013177604786506,15.674393562581827,16.216091200915798,17.038506316408984
0.73199232721411289,11.407529083734971,11.276444828042258,11.405796079513493,11.408354930828864,11.486147150632405,11.523075004884959,11.640970353574176,11.73829302365175,11.871934022956339,12.023119958850657,12.167548530438125,12.342877826582935,12.477067297440954,12.736073921143088,12.894210768467929,13.247842951021084,13.397907369727818,13.866081956644393,14.076617332638307,14.62812327519714,15.013446767061851,15.674675317133733,16.2163893699244,17.038828055149224
0.73199368653388719,11.407749001449702,11.276664500673178,11.406019939355701,11.408565565578556,11.486339097250493,11.523248694452377,11.641142835978826,11.738463986187526,11.872121751483974,12.023308301217639,12.167738816148358,12.343066566811103,12.477256716334068,12.736267901596875,12.894405151630053,13.2480437343429,13.398113310120152,13.866294903416474,14.076842731287343,14.628366755851857,15.013706068231841,15.674951200718169,16.216681575135226,17.039141572566677
0.73199501425757663,11.407962144885914,11.276878734865022,11.406237767142102,11.408771191596315,11.486526598480395,11.523418671023137,11.641311279212459,11.7386317500941,11.872304670753238,12.023491611910231,12.167924866083013,12.343251712811707,12.477442372582118,12.73645648818092,12.894595140904585,13.248239715826912,13.398314762144309,13.866502868330372,14.077062167941676,14.628605315036566,15.013961141790332,15.675220567376982,16.21696687306121,17.039448420473036
0.73199631111960206,11.408172028478475,11.277087603828022,11.40645038661205,11.408972230309701,11.486709436120691,11.523584517577092,11.641475092361816,11.738794526461788,11.872483815556734,12.023671977841786,12.168106232311857,12.343431492960462,12.477622701497239,12.736641336142384,12.89478115376869,13.24843162201023,13.398511394065281,13.866705783902944,14.077276518330564,14.628836270215288,15.014210215994808,15.675484446964674,16.2172445713054,17.039747752996391
0.73199757783731312,11.408376148915522,11.277291846492062,11.406658696454087,11.40916822747522,11.486888057523629,11.523746689941618,11.641635371898701,11.73895361570294,11.872658262378991,12.023846047271036,12.168284206561566,12.343608014952224,12.477799686470462,12.736821114388476,12.894961475634318,13.248618740610709,13.39870260870839,13.866904230875662,14.077486102535659,14.62906337977256,15.014452964336215,15.675740587295877,16.217516140638963,17.04004161085777
0.73199881511138543,11.408575036661659,11.277491543580254,11.406861792666405,11.409359913523986,11.487062638398129,11.523905030145215,11.641791646248294,11.739109358727546,11.872828825444685,12.024017000269396,12.168457660474814,12.343779270528557,12.477971478837389,12.736996808729145,12.895138779285844,13.248800784615923,13.398890379942259,13.867098371812972,14.077690292423995,14.629284484752588,15.014689941349843,15.67599084529229,16.217781020814982,17.040325905527425
0.73200002362620842,11.40876983737644,11.277686644350069,11.407060446911146,11.409546705943285,11.487233086570996,11.524059834779564,11.641945185604527,11.739261831193744,11.87299616938526,12.024184328886804,12.168626123597278,12.34394721263925,12.478139531437137,12.737169004493808,12.895311460767516,13.248979083640734,13.399073193367258,13.86728757067749,14.077891388306398,14.629501244098719,15.014922153711723,15.676235785741937,16.218040722334081,17.040604363936382
0.73200120405026303,11.408959779035285,11.277877140266355,11.407254182033739,11.409729802939637,11.487400527818863,11.524210221959493,11.642094247864861,11.739409625972712,11.87315804879745,12.024347328468593,12.168791001452519,12.344110502227977,12.478303874210269,12.737336328386846,12.895479336417338,13.249153286726596,13.39925132807457,13.86747215158357,14.078085510896472,14.629711557141945,15.015148526189932,15.676475352588568,16.218294290911672,17.040877335815821
0.7320023570364923,11.409145816198816,11.27806304868318,11.407443027223962,11.409908203876512,11.487562737045209,11.524358300116546,11.642240082639091,11.739555494267734,11.873317142602446,12.024506408959951,12.168952734740287,12.344270368053458,12.478464946143504,12.737500259815988,12.895644463538702,13.24932329963849,13.399426256202332,13.867652209697098,14.078275983887579,14.629917862398543,15.015369008060588,15.676709168556954,16.218541263968291,17.041142592508095
0.73200348322266218,11.409326682761275,11.278244162826013,11.407627710955239,11.41008190897719,11.487721261214574,11.52450141250938,11.642382777865805,11.739696007990915,11.873472961157404,12.024661872068464,12.169110342093518,12.3444269945835,12.478621217780528,12.737660208711077,12.895805098142773,13.249489234301109,13.399596356056463,13.867828071445274,14.07846189374186,14.630118871201375,15.015584940861572,15.676936896294137,16.218782535571791,17.041402637697502
0.73200458323171436,11.409503669079186,11.278422137326743,11.407808209682116,11.410252326066711,11.487876516807319,11.524642237146963,11.642521226210647,11.739834119462103,11.873623434067213,12.024813495170292,12.169264297222071,12.34457962360284,12.478774299513134,12.73781690050555,12.895962927188975,13.249652407336725,13.399762681486209,13.868000551987279,14.078643415302395,14.630315807266925,15.015795727636032,15.677159680291879,16.21901810602094,17.041655716211608
0.73200565767211079,11.409676950041103,11.278594914227597,11.407984538288019,11.410418369419403,11.488027959417195,11.524779367667179,11.642657289322869,11.739969398771336,11.873771554228369,12.024962028023765,12.169413844984319,12.34472863823612,12.478924189894315,12.737969331489694,12.896115695185472,13.249809620067026,13.399925582179094,13.868168273198989,14.078820952910064,14.630507421707534,15.016001710052933,15.677377390994934,16.219247802887821,17.041903685616489
0.7320067071381704,11.409845787092308,11.278763674025413,11.408156448826958,11.41058069059136,11.488176115365604,11.524913414222738,11.642789901733067,11.740100979329782,11.873916174648002,12.025107281653163,12.169560659184299,12.344874042540596,12.479069703765163,12.738117759810393,12.896265255463732,13.24996455184646,13.400084167027671,13.868332230098986,14.07899417750923,14.630694911364571,15.016202663632612,15.677589945737054,16.219472528628103,17.042145715137849
0.73200773221039772,11.410010702362342,11.278929201158917,11.408324633804114,11.410739080127314,11.488319904216951,11.525044425419765,11.642919247681675,11.740229643358816,11.874056825349726,12.025248308699702,12.169704054608246,12.345015603121738,12.47921231213104,12.738263150746661,12.896412208780475,13.250115168198136,13.400238828303372,13.868492949170104,14.07916326233908,14.630878683651645,15.016399451702,15.677798042982886,16.2196926861875,17.042382677796923
0.73200873345580408,11.410171767191514,11.27909040047598,11.408488758844214,11.410893926989957,11.488461183266736,11.52528733338022,11.643045748440727,11.740355351955259,11.874194680616256,12.025386609193447,12.169843774326182,12.345154715719218,12.479351853100979,12.738405157926536,12.896554450078838,13.250262816932718,13.40038997707461,13.868648910082356,14.079328771915243,14.631056782598989,15.016590891353644,15.677999870211352,16.219907086594503,17.042611777933416
0.7320097114282208,11.410328627836861,11.279247899630263,11.408649086254172,11.411045050367647,11.488599338208132,11.525411565867216,11.643169251200106,11.740478060633905,11.874329410544306,12.025520990748646,12.169980410957123,12.345290309863231,12.479487617886207,12.738544592215476,12.896694168595786,13.250407464105137,13.400537972449001,13.868802241840058,14.079490372991586,14.631231208302324,15.016777547609763,15.678197818263925,16.220116513611174,17.042837401854285
0.73201066666860659,11.410482375951688,11.279401745539417,11.408805608587954,11.411192468159697,11.488733568093267,11.525534364892792,11.643289977217592,11.740598429566489,11.874460508356606,12.025653091876848,12.170113698908153,12.345421821434684,12.479620158085254,12.7386792365769,12.896830679014329,13.250547129192455,13.400682012329071,13.868951326970091,14.079648715740859,14.631402743264516,15.016961302912932,15.678391234063383,16.22032037726558,17.043057188535386
0.73201159970534535,11.410632652241929,11.279551778220139,11.408958776484724,11.411336541787477,11.488865025774885,11.525654360360932,11.643408131443721,11.740714845038383,11.874588845227208,12.025781210396872,12.170244082453337,12.345551432903903,12.479750116870036,12.738812040162884,12.896963144448819,13.250685481257733,13.40082286527695,13.869096815806643,14.079801456582118,14.63156864800203,15.017139457495432,15.678579617073865,16.220520715706698,17.043272379324208
0.73201251105453979,11.410778821468739,11.279698867805109,11.409107807640794,11.411477071213085,11.488993299868525,11.525770912136977,11.643522889838096,11.740829440917423,11.874714814207437,12.02590704201657,12.170371174678166,12.345677994231664,12.479876615446301,12.738940997728605,12.897093511928688,13.250819083342776,13.400960330203816,13.86923928465967,14.079951895651448,14.631731435902111,15.01731460141491,15.678764728021633,16.220715123258742,17.043481711119512
0.73201340122029612,11.410921954699006,11.279841964324532,11.409254328005318,11.411614703003124,11.489118409805087,11.525885262590236,11.64363511810825,11.740941007635229,11.874836796893305,12.026029516133804,12.170495015424422,12.345801018556813,12.480000313403707,12.739067034977325,12.897219690102247,13.250949887973547,13.401095177314346,13.869378175063503,14.080098533046112,14.631890082326663,15.01748435085301,15.678944106808103,16.220905584111733,17.043686921528661
0.7320142706950028,11.411061669716219,11.279982107839714,11.409396509817725,11.411749526420863,11.489241020715326,11.52599628789585,11.643744985764442,11.741049998116978,11.874956477625346,12.026149725553751,12.170616638312367,12.345922204289764,12.480121261534805,12.739191188642963,12.897344027724557,13.251077695916138,13.401226425886762,13.869513709381408,14.080242153235304,14.632045651858789,15.017650206661074,15.679120069165947,16.221092037325889,17.043886888674024
0.73201511995960367,11.411198679982135,11.280118823415705,11.40953565022528,11.411880269164612,11.489360576130366,11.526105726622063,11.643852525272905,11.741156931547721,11.875073083162988,12.026266437724644,12.170735467806935,12.346038934951139,12.480238695457956,12.739310900296005,12.897464997919087,13.251202602765716,13.401354739090948,13.869646249263042,14.080382025265408,14.632196787798421,15.017812834738379,15.679291572256261,16.221273228078644,17.044081634952363
0.73201594948386328,11.41133133578478,11.280252354575623,11.409671366620387,11.412008075467384,11.4894772000589,11.526212279981792,11.643956969200644,11.741260709128255,11.875186720986221,12.026381184379716,12.170851123746161,12.346154587678939,12.480353573097545,12.739429268202457,12.89758270901757,13.251324765329173,13.4014800108298,13.869775826360183,14.080518749900875,14.632344534895765,15.017971499701616,15.679459090437376,16.221450631348944,17.044272761178945
0.73201675972662672,11.411461702530232,11.280382624868253,11.409803571902557,11.412133432168957,11.489591529818426,11.526315997035454,11.644058875888277,11.741362071783897,11.875298162096442,12.026492017649616,12.170963950520672,12.346265745108667,12.480466210857685,12.739543040021545,12.897698685651449,13.251444370151603,13.401601816520269,13.869901954524721,14.08065205072171,14.632489139654808,15.018126444906557,15.679623099096716,16.221624071206406,17.044459596063007
0.73201755113607403,11.411588635579847,11.28050972508936,11.409933579695462,11.41225558678434,11.489702622982804,11.526417169148772,11.644158782497016,11.741460947862379,11.875406626702443,12.026601129793107,12.17107443840905,12.346375464845096,12.480576375246528,12.739655419046358,12.897810614963873,13.25156074466031,13.401721598127551,13.870025194399204,14.08078250323797,14.632630085818619,15.018277709191352,15.679783524190952,16.221793036237159,17.044641739807957
0.73201832414996759,11.411713531175337,11.280634313192422,11.410059671509316,11.412374773166448,11.489811475759325,11.526516048939357,11.644256299759036,11.741558253690528,11.875513172961746,12.026707704480486,12.171181438738131,12.346482056188052,12.480683220473566,12.739765150743551,12.897921353634501,13.251674443936281,13.401838262808724,13.87014637196944,14.080909717743907,14.632768279781885,15.018425453146847,15.679938855619639,16.221957955496691,17.044820038868238
0.73201907919589426,11.41183409919131,11.280756876489249,11.410183488095299,11.412490891452308,11.489918022335587,11.52661312156215,11.644352323319708,11.741652763525963,11.875616537193764,12.026811992640432,12.17128744808906,12.346586525270595,12.480788031974043,12.739871844204572,12.898029068319374,13.251785279635897,13.401952162842917,13.87026427366618,14.081034386003921,14.63290272654649,15.018569721435597,15.680091480786359,16.222120413626726,17.044993557370162
0.7320198166915024,11.411952385195946,11.280874002776727,11.410304290545355,11.412605274068937,11.490021279216762,11.526707456311669,11.644444025415396,11.74174495697298,11.875717725336017,12.026913227621662,12.171389805747822,12.346689161755876,12.480891031893407,12.739976296851182,12.898133649948704,13.251893329699669,13.402062890114394,13.870378825543867,14.081155497595773,14.633034639269681,15.018710315239332,15.680240454252726,16.222277666949594,17.045162286986397
0.73202053704473224,11.412068272587476,11.280990024501079,11.41042240150955,11.412716063678999,11.490122720103045,11.526800178479789,11.644534800272595,11.741835330969934,11.87581662045659,12.027012159994683,12.17149046353552,12.34678809755269,12.480990332656802,12.740078661998723,12.898236273138991,13.251999276708375,13.402171702492979,13.870491214973754,14.081274612716243,14.63316228349413,15.018848341506782,15.680385762425885,16.222431408674765,17.045327821886531
0.73202124065404206,11.412181548467288,11.281103002377222,11.410537279470191,11.412824447905678,11.490221740993547,11.526889173720974,11.644623554572263,11.741923353798938,11.875913237036457,12.027109085328448,12.171588661950864,12.346885423242384,12.481088597307007,12.740177921597478,12.898336351691796,13.252102698025737,13.402277327782031,13.870600821026528,14.081391180920946,14.633287554342132,15.018983208100963,15.680527972295749,16.222581698128579,17.045489842417282
0.73202192790862797,11.412291405216365,11.281213490743539,11.41064982969192,11.412930590721317,11.490318246608695,11.526977827426435,11.644710124758603,11.742009998403773,11.87600762973716,12.027203378275772,12.171684352660577,12.34698042699074,12.481183550378319,12.740275219433897,12.898434475619524,13.252203610977176,13.402381284325202,13.870708776010815,14.081503140519999,14.633410221177201,15.019114302927392,15.680666241881681,16.222728725614616,17.045647293927686
0.73202259918863999,11.41239891524765,11.281321423507507,11.410759656291248,11.413034397915908,11.49041231157662,11.527063539505889,11.644794930068201,11.742093605726495,11.876100025050164,12.02729596509198,12.171777970988387,12.347073243472551,12.481276977661764,12.74037001096076,12.898529725152002,13.252302120099557,13.402482730250085,13.870812813922385,14.081614540292776,14.633529545532383,15.019242302932071,15.680802429484629,16.222871547889099,17.045801633308201
0.73202325486539188,11.412504416943193,11.281427352918399,11.410867179624347,11.413135197449265,11.490504669763595,11.527147629665706,11.644877467688275,11.742175174382282,11.876189933610021,12.027386038869281,12.171869064050497,12.347163804750835,12.481367358658645,12.740463116466344,12.898622757244084,13.252398617629751,13.402581750670379,13.870914860704033,14.081722142590024,14.633646724768369,15.01936776001412,15.680934796037945,16.223012604680662,17.045952234533615
0.7320238953015662,11.412607776607274,11.281529595690245,11.4109716912767,11.413234019013089,11.490594298477845,11.527229580277435,11.644958312423569,11.742255719119839,11.876277641325032,12.027474088933559,12.171958637581156,12.347252170072352,12.481456700845683,12.740553300725423,12.898714090088106,13.252492563646229,13.402677825710271,13.871014641061265,14.081827841861013,14.63376107787326,15.0194910129253,15.68106353979465,16.223148421226597,17.0460994481341
0.73202452085141578,11.412707591788603,11.281630617818792,11.411073678188586,11.413330521992521,11.490682216799541,11.527309875380524,11.645036716622144,11.742333709099967,11.876363234730889,12.027560314782477,12.172045870253442,12.344830325870134,12.481542798116607,12.740642378404573,12.898802960777175,13.252584566419046,13.402771988823133,13.871111874304916,14.081930305304013,14.633872650658304,15.019609381160535,15.681189566519151,16.22328213118135,17.04624301176591
0.73202513186095897,11.412805526585998,11.281728497117001,11.41117389188048,11.413424441238931,11.490768588714218,11.52738789532259,11.645113642324759,11.742410219433623,11.876446985671919,12.027644218801925,12.172130588734944,12.344915094657154,12.481627361758001,12.740728400419357,12.898889883316315,13.252674764446965,13.402864047466664,13.871207025656076,14.082030676225713,14.633981066669094,15.019725771850972,15.681313720881008,16.223412034004014,17.046383718345623
0.73202572866817106,11.412901930096723,11.281824442733523,11.411271640542509,11.413516580456871,11.490852373374764,11.527464207622415,11.645189440494505,11.742484938363305,11.876529537249553,12.027725993540116,12.172213807581556,12.344997380932909,12.481710059396846,12.740812753281716,12.898974775650913,13.252761669327356,13.402954251699157,13.871300348922432,14.08212885438752,14.634087766858102,15.01984066677278,15.681433920696691,16.223540733801656,17.046520765660716
0.73202631160317178,11.412995020366452,11.281918995765409,11.411366848910802,11.399433323123958,11.490934201746768,11.527539093386167,11.645262381553039,11.742558282488972,11.87660898257991,12.027806222940853,12.172294456191139,12.345077805444362,12.4817912695421,12.740895086526052,12.899057418849225,13.25284707995479,13.403041880859746,13.871391356752156,14.082224891555143,14.63419071596627,15.01995155862005,15.681551189704805,16.223664299317079,17.046653958772822
0.7320268809884074,11.413086458524504,11.282009288998779,11.411459856355123,11.399524095862489,11.491014167148023,11.527611582817826,11.645333913105333,11.742629086733814,11.876687114707693,12.027884691054624,12.172374257377214,12.345156252427842,12.481869850356816,12.740975477367101,12.899138800805758,13.252930650332019,13.403127410788329,13.871479905646083,14.082318448107799,14.634292022772115,15.020060128881141,15.681666469695301,16.223785405259605,17.046785029389866
0.73202743713882912,11.413175102084551,11.282099040682624,11.411551002271153,11.399612369593797,11.491091953959767,11.527682732111771,11.64540444934255,11.742699051368163,11.876763034324085,12.027961047006102,12.172451355386784,12.345234144662754,12.481946868393607,12.741054820054615,12.899217878500167,13.25301250135135,13.403211109557105,13.871566193239687,14.08240982187408,14.634391235853855,15.020166811257695,15.681778283375024,16.223904821501947,17.046913317271446
0.73202798036206751,11.413262582448169,11.282186130541504,11.411639400784225,11.399698969208202,11.491168448626468,11.52775235760555,11.645472221337059,11.742766781343562,11.876837511744725,12.028036241421887,12.17252738269508,12.345308345323701,12.482022874282848,12.741131122647403,12.899295247617374,13.253092081340128,13.403292871965732,13.871650848152967,14.082499182609354,14.634487751744018,15.020270505329336,15.681887848827955,16.224020726825529,17.047038191321008
0.73202851095860255,11.413347297796918,11.282271209570808,11.411726701373937,11.399782831676475,11.491243152492189,11.52782037318957,11.645539029504107,11.742833111152322,11.876910617927024,12.028108430412885,12.172600938891264,12.345381612230995,12.482095704016047,12.741206136260644,12.899370126940084,13.253170671920543,13.403372778575886,13.871733465924535,14.082586589528546,14.634582109380517,15.020371393202367,15.681995214762992,16.224135280210248,17.047158992509139
0.73202902922192992,11.413430707535099,11.282354824376853,11.411811143875184,11.399865387420505,11.491316099254163,11.527886882927305,11.64560469546177,11.742897942003765,11.876981293498375,12.028180096897358,12.172672879239599,12.345453103004729,12.482167520356597,12.741279723149546,12.899443709005027,13.253246248061714,13.403450544596126,13.87181355867051,14.082671599766854,14.634674721821284,15.02047001424171,15.682098791852695,16.224243793569713,17.047278909564739
0.73202953543872318,11.413511849740644,11.282436059180782,11.4118938094839,11.399945890605522,11.49138677709243,11.527951327744631,11.645668269336511,11.742961012952492,11.877050547775525,12.028249656966182,12.172743418295795,12.345523371649506,12.482237449398326,12.74135109731742,12.899515977706415,13.253320355841424,13.403526954305562,13.871893307829851,14.082755207808532,14.634764523368631,15.020566550264448,15.682201634700959,16.224352185856787,17.0473943202378
0.73203002988899246,11.413591407970216,11.282515457516638,11.411974630597797,11.400024378262515,11.491456871733135,11.528014540655022,11.645731216953209,11.743022713954815,11.877118546041402,12.028317055548996,12.17281269392106,12.345591508400958,12.482306035236888,12.741420769806155,12.899586188844751,13.253392398771211,13.40360122019365,13.8719698558657,14.082837155172456,14.634852571157353,15.020661307706177,15.682301397289393,16.224457518279905,17.04750767686528
0.73203051284623921,11.413668393735861,11.282593052768334,11.41205369232739,11.40010244586756,11.491523840213631,11.528076325746042,11.645790627439965,11.743083139303508,11.87718441346351,12.028383556034441,12.172880227203677,12.345657970260163,12.482372794631374,12.741489156750504,12.89965461184147,13.253463835619186,13.403674437405243,13.872045141750732,14.082915414489889,14.634938720734226,15.020753002084348,15.682398206670769,16.224560738814944,17.047618822977711
0.73203098457760796,11.413744307655179,11.282668629890395,11.412130398592581,11.400176422941513,11.491590048306534,11.528136687254573,11.645850234639965,11.743142174433615,11.877249588004361,12.028448099623347,12.172945400200206,12.345723256295059,12.482437751459202,12.741555573643382,12.899722011609811,13.253533023925684,13.403745285000241,13.87211862263166,14.082993537766924,14.635022189224856,15.020842686993092,15.682493853046708,16.224660835873237,17.04772693158111
0.7320314453440333,11.413818163609903,11.282742374110057,11.412206029512163,11.400248854848542,11.491654853840828,11.528195330959534,11.645908304808927,11.743199684140563,11.877312316958978,12.028511779048131,12.17300943211103,12.34578660166153,12.482502150170149,12.741620999140196,12.899787043501419,13.253600671833283,13.403814654678172,13.8721900343171,14.083068588801325,14.63510472859798,15.02093066248608,15.682586449987411,16.224759610084675,17.047832728595495
0.73203189540038482,11.413890480617738,11.282814936427712,11.412279731452145,11.400320793998617,11.491718387318997,11.528253131118163,11.645965456039448,11.743255864795174,11.877373929909481,12.028573050986779,12.173072117788251,12.345848441207636,12.48256393151587,12.741684516390251,12.899850723584677,13.2536666580977,13.403882444169994,13.872260223816738,14.083142728786243,14.635184721752012,15.021016854152094,15.682677017246078,16.224855000258685,17.047935684418917
0.73203233499560805,11.413960523979767,11.282885804663692,11.412351055594627,11.400390509504177,11.491779762435272,11.528308895231021,11.646020064124514,11.743310668498907,11.877434161888232,12.028633309484576,12.17313285155069,12.345909379804652,12.482625098803965,12.741746421435437,12.899913259298501,13.253730972499852,13.403948667264558,13.872328524669683,14.083215178105092,14.63526257096737,15.021100362117068,15.682765360385929,16.224948964196756,17.048036660140951
0.7320327643728618,11.414029373579979,11.282954247942598,11.412421387073209,11.400459078424319,11.491839893191354,11.528363828791043,11.646074320599837,11.743364538543574,11.877493068207059,12.028692992283595,12.17319269009613,12.345968505000201,12.482684752830664,12.741807210861225,12.899975293248644,13.253793995542765,13.404013161897183,13.872395560633322,14.08328569307514,14.635338878715629,15.021182562180911,15.682852210587953,16.225040259305388,17.048135394746168
0.73203318376965298,11.41409678688251,11.283021674442352,11.412490036788313,11.400525502135224,11.491899288880632,11.528417441526926,11.646126830243247,11.743417056966337,11.877550393011916,12.028750285430306,12.173251073577376,12.34602656733432,12.482743001491599,12.741866334304632,12.900034057303856,13.25385526570517,13.404076065155095,13.872460638827306,14.083354656904248,14.635413565027648,15.021262751726226,15.682937061181292,16.22512972134291,17.048231456690246
0.73203359341796792,11.414162940740425,11.283087769982103,11.412556913203389,11.400590743992325,11.491956378780742,11.52846980070035,11.646178095922096,11.743468070823837,11.87760684973864,12.028806210505081,12.17330796618262,12.346082983262022,12.482798811999601,12.741924173840744,12.900092415786276,13.253915753300589,13.404137316029846,13.872524063628589,14.0834220616116,14.635486346420294,15.021340754324683,15.683018764962071,16.225217266306572,17.048324944333217
0.73203399354440046,11.414227087666404,11.28315176679962,11.412622061621278,11.400654429932729,11.492012319723017,11.528521066457415,11.646228603110103,11.743518308376679,11.877661332741354,12.028861106971817,12.17336334433503,12.346137953055404,12.482854268897881,12.741980971115026,12.900148715482374,13.253974286114044,13.404198054666722,13.872586259438776,14.083487817169498,14.635557662858446,15.02141707712326,15.683099848500206,16.225302217465924,17.048417232503652
0.73203438437027779,11.414288880724143,11.28321463548582,11.412685780231641,11.400716156745148,11.492067311935443,11.528570976039646,11.646277736681441,11.743567182318657,11.877714694112456,12.028914813928623,12.173417390429222,12.346192211336984,12.482908375161969,12.742035569482596,12.900204716976532,13.254031653844322,13.404256180105676,13.87264729755907,14.083552000453437,14.635627484418364,15.02149128550127,15.68317863520997,16.225385823618126,17.048506300256122
0.73203476611178231,11.414350371673663,11.28327637103348,11.412748244040358,11.400776476715691,11.492121065181891,11.528619509540931,11.646325373023046,11.743614628577689,11.877766713030724,12.028967260613626,12.173470726432697,12.346244573058357,12.482961154291843,12.742089700109318,12.900258524114633,13.254087456671186,13.404314117771719,13.872706613692571,14.083614954400218,14.635694929250349,15.021563839102328,15.683255633383396,16.225466943542415,17.048594182538181
0.73203513898007155,11.414409822346443,11.283335461468596,11.412809140776517,11.400835821876626,11.49217320364869,11.528667656709331,11.646371940392328,11.743660889532748,11.877818864938945,12.029018464081673,12.173522374482673,12.346295853807533,12.483012625616084,12.742142682247959,12.900311349433196,13.254142048665926,13.404369895868967,13.872764874355198,14.083675751755891,14.635761260996333,15.021634775453549,15.683330071321961,16.225546186651627,17.048679081975024
0.73203550318139499,11.414468072990985,11.283393799688838,11.412869053995564,11.40089376939477,11.492224461132082,11.528713293410419,11.646418101884592,11.743706612632195,11.87786776032226,12.02906921350359,12.173572969837096,12.346346335183625,12.483063364795271,12.742194109654065,12.900363184488924,13.254195384326522,13.404424393293539,13.872821000068598,14.083735849835648,14.635826012208781,15.021705195164486,15.683403711320807,16.225624647436234,17.048763029746169
0.7320358589172079,11.414525012755803,11.283450877933774,11.412927120951736,11.400949882215627,11.492274258941052,11.528759134979737,11.646463314962602,11.743751074558531,11.877916662164353,12.029116903309841,12.173622863215314,12.346395104773364,12.483112181946581,12.742243815584516,12.90041353506831,13.254247323431173,13.404478187035693,13.87287659052754,14.083794053773545,14.635889143618442,15.021772193541892,15.683475620819536,16.225700295157822,17.048845170084405
0.73203620638428279,11.414580771994679,11.283506783026041,11.412983854093454,11.401005304725913,11.492323199127441,11.528803425103888,11.646506348391085,11.743794327680462,11.87796453596593,12.029165348294555,12.17367045587298,12.346443036602523,12.483160447839055,12.74229330814569,12.900462825765317,13.25429830542862,13.40453080721818,13.872930906627971,14.083851167077682,14.635950915171634,15.021838706058588,15.683545854230942,16.225773809364455,17.048924534031812
0.7320365457748188,11.414635569022266,11.283561160867521,11.413038988741391,11.401059093889216,11.492370317645509,11.528847191678778,11.646548980064381,11.74383673069633,11.878010449718658,12.029211454002962,12.173718363362241,12.346490040752997,12.483207201351433,12.742341253297127,12.900510987127745,13.254348256986759,13.404581450254227,13.872983494891287,14.083906564839253,14.636011164111096,15.021903585714426,15.683613838809379,16.225846783894667,17.049001948291334
0.7320368772765472,11.414688628532531,11.283614485240832,11.413093193339591,11.401111921340998,11.492417412054692,11.528889467130739,11.646591145999082,11.743877870759206,11.878056057338654,12.029256680712479,12.173764038373974,12.3465358401304,12.483253960019283,12.742388438145099,12.900557907278198,13.2543969573303,13.404631754476668,13.873034690021996,14.083961566683683,14.636070651786667,15.021966428836095,15.683680539876605,16.22591689290266,17.049077801890689
0.73203720107283565,11.41474055015442,11.28366609500199,11.413145996867115,11.401163018862007,11.492462299579529,11.528930415438936,11.646631555128806,11.743918220264732,11.878100256384641,12.029301165317975,12.173808744544203,12.346580562922099,12.483299121129221,12.74243344163051,12.900604089062199,13.254444472618161,13.404680210772767,13.873085473302126,14.084014182923966,14.636127868597669,15.022028082052202,15.683745950339926,16.225985726044655,17.049152213899106
0.73203751734278999,11.414790885531147,11.283717161846198,11.413197480120743,11.401213590606858,11.492507135737014,11.528971359846764,11.646670704918506,11.74395799771537,11.87814360836137,12.029344895560826,12.173853171574137,12.346623900135,12.483341225762615,12.74247827148065,12.900648626758084,13.25449031155722,13.404727574049502,13.873134177619249,14.084066323632214,14.636183761698703,15.022088663321938,15.683809555703192,16.226053100393074,17.049224218244035
0.73203782626135239,11.414840823059876,11.283766897025089,11.413248134575952,11.401262628044606,11.49255014033497,11.529009950839281,11.646709831545195,11.743996332167171,11.878185617161307,12.029387660537395,12.1738959857189,12.346666343114521,12.483385571181771,12.742521424852839,12.900692531537061,13.254536046674275,13.40477378343121,13.873182256121709,14.084116256664402,14.636238941081501,15.022146799940856,15.683871461498711,16.226118938207946,17.049295198166419
0.73203812799939905,11.414888487078315,11.28381515604724,11.41329746739757,11.401310393630865,11.492592596015129,11.529048883910491,11.646748254872364,11.744034008826475,11.878227113222238,12.029428044229917,12.173937840263079,12.34670794467911,12.483426115480597,12.742564430301627,12.900735730227552,13.254580243288729,13.404819150815456,13.873229166610145,14.084166634012945,14.63629220207531,15.02220449389506,15.683932351095791,16.226183181660872,17.049364777637948
0.73203842272383413,11.414935679623341,11.28386225045233,11.413345388660673,11.40135708043681,11.492633574778665,11.529086580802414,11.646784716109778,11.744070994933281,11.878267455902915,12.029468891956185,12.173978832572175,12.346748713334364,12.483466885413236,12.742605568709223,12.900777250254123,13.25462312331274,13.404863415367345,13.873275044493766,14.084215161057728,14.636344989061399,15.022260649121563,15.683992106326514,16.226245815381844,17.049431750068379
0.73203871059768233,11.41498216515356,11.283908259989403,11.413392712384848,11.401402794635942,11.492673962639401,11.529123861297649,11.646821600680596,11.744107020099364,11.878306569408778,12.029508137940866,12.174018635684206,12.346788377487883,12.48350687630591,12.742646235079064,12.900818693779456,13.254665151694553,13.404906679334545,13.873319803069535,14.084262640101315,14.636396088285437,15.02231609627097,15.684049702234461,16.226307633771739,17.049497931648148
0.73203899178017895,11.415027379919138,11.283953667390506,11.41343836280339,11.40144756253585,11.492713699448814,11.529159470606373,11.646856552197278,11.744142159269359,11.878345325021655,12.029546526026024,12.174058039553529,12.346826993532886,12.483545273033087,12.742685918876305,12.900858546695872,13.254706125844223,13.40494908276969,13.873363549129408,14.084308617604165,14.636445598265254,15.022369573621745,15.684106953272021,16.226367586937158,17.049562208934731
0.73203926642685802,11.415070730921343,11.283997605350578,11.413483125130369,11.395965807652374,11.492752009730793,11.529194569925039,11.646890959743359,11.744176026829791,11.878382871891517,12.0295847867269,12.17409589001727,12.34686529782357,12.483583763727893,12.74272501084306,12.900896800737883,13.254746520874505,13.404989994436164,13.873406434098342,14.084353891948467,14.636494646282699,15.022422202377584,15.684162486527839,16.226425908786041,17.049625078380814
0.73203953468963834,11.41511382373892,11.284040483786157,11.413527285932105,11.396008030420489,11.492789733719746,11.529228417746708,11.646924794809365,11.744209386953116,11.878419341303015,12.029621363231399,12.174133359155803,12.34690186995158,12.483620753762352,12.742762240269712,12.900934737794614,13.25478606102979,13.405030353681468,13.873447724992275,14.08439707170055,14.636542328797987,15.022472947025562,15.68421532286402,16.226483090862075,17.049687320133671
0.73203979671690755,11.415155915442028,11.284083026469489,11.413569493136038,11.396048859330222,11.492826882194095,11.529262154144817,11.64695771020979,11.744242449696685,11.878455047228726,12.029657399843472,12.174169875487223,12.346938920164121,12.483657089358076,12.742799538788404,12.900972267525049,13.254824839259527,13.405070347123001,13.873488372562861,14.084440426246601,14.636588699043386,15.022522642289914,15.684268627514939,16.226538361857365,17.049746835872611
0.73204005265360417,11.415196863160418,11.284123836290291,11.413611449036125,11.396089026565278,11.49286194889919,11.52929488655127,11.646989322188347,11.744274392834086,11.878489962057301,12.029692137441543,12.174205429123958,12.346973588548735,12.483691805720809,12.742835657271826,12.90100839047409,13.254861888401592,13.405107910351944,13.873528232793433,14.084482526994634,14.636634229038464,15.022571522383714,15.684319482265892,16.226594469862903,17.049805888500032
0.7320403026412976,11.415237505388632,11.284164081395375,11.413652347916923,11.396128431947545,11.4928974845011,11.529326780502288,11.647020840182904,11.744305695265666,11.878524173028381,12.029726010314334,12.174239958456383,12.347008007896875,12.483726247058257,12.742870874098571,12.901043786920582,13.254898161620076,13.405145938926125,13.873567391863617,14.084523592853202,14.636678741757805,15.022619036615652,15.684369999941737,16.226646125096067,17.049862996139382
0.73204054681826691,11.41527583930656,11.284202812722924,11.413692131845437,11.396167308399072,11.492931526472148,11.529357503598476,11.647051215661577,11.744335790316654,11.878558278452601,12.029759787961666,12.174273471674496,12.347041350440577,12.4837604746549,12.74290562744909,12.901078819905251,13.254934736659834,13.405182487885213,13.873604923998755,14.084563705519486,14.636722164557341,15.022665635390695,15.684419276424251,16.226698698761538,17.049919117275294
0.73204078531957661,11.415314533046057,11.284241041158111,11.413731088029181,11.396204136715824,11.492964497551839,11.529388150463092,11.647081330072524,11.74436582405815,11.878590193126911,12.029792861450915,12.174306934318338,12.347074142759539,12.483793167767544,12.742939061771267,12.901112210931842,13.254969075338522,13.405218403275285,13.873642096607455,14.084603795877229,14.636765128817842,15.022710901473147,15.684467130357916,16.226749591724001,17.049973452678387
0.73204101827715207,11.415351753306823,11.284278549718238,11.413768808701207,11.39624104708173,11.492997348749213,11.529417883852602,11.647111046757345,11.744394674533851,11.878622031624673,12.029824443360667,12.174339240831614,12.347106172173881,12.483825552221788,12.742971850955655,12.901144930382998,13.25500294462563,13.405253637818532,13.873678284855032,14.084641234146147,14.636805850588644,15.022755384472475,15.684514904437947,16.226798951013734,17.050026081695705
0.73204124581985197,11.415388057543169,11.284314964077112,11.413805940868315,11.396276406214383,11.493029989481784,11.529446970901517,11.647139401471577,11.744423085402104,11.878653402929103,12.029855538203719,12.174370636609183,12.347137578165984,12.483856745654066,12.743003830875296,12.901177562961493,13.255035829433382,13.405287350697108,13.873713680909532,14.084678084474035,14.636846334935854,15.022799166198638,15.684559837792676,16.226846720855065,17.050078372406006
0.73204146807354009,11.415423341467886,11.284350456341599,11.413842353700602,11.396310955090939,11.493060772368153,11.529475195802661,11.647167298156546,11.744450911442073,11.878683574656861,12.029886270409861,12.174401822221171,12.347169181357913,12.483887598719775,12.74303546856936,12.901209459484562,13.255068613180811,13.405321126428134,13.87374798669498,14.084714793011699,14.636885287281984,15.022840911341063,15.684604467595818,16.226894812091359,17.050129566132
0.73204168516115431,11.41545776295925,11.284385530972031,11.413877428411524,11.396345042743633,11.493091573071069,11.529503370821658,11.647194986779141,11.744477707383794,11.878713371452704,12.029916395919827,12.174431817469667,12.347198361056599,12.483917432551152,12.743065947790456,12.901240047790452,13.255100386322738,13.405353952260157,13.873782105169539,14.084750268430071,14.636924363115668,15.022882010284775,15.684648114225638,16.226940697304599,17.050179331008167
0.73204189720277502,11.415492081941466,11.284419872296439,11.413912269966204,11.396378648527389,11.493120819669912,11.529530006325786,11.647220944018045,11.744504217980193,11.878742248713479,12.029944965979212,12.174460970248219,12.347227278918581,12.483947160942535,12.743095593758426,12.90126981684034,13.255131566468208,13.405385551361633,13.873814485368712,14.08478506940628,14.636961707579758,15.022922410753836,15.684690867550216,16.226986151819801,17.050227709910814
0.73204210431569161,11.415525165487452,11.284452749948741,11.413946480828145,11.396410868539078,11.49315099906471,11.529557001163084,11.647247317697747,11.744529950109154,11.878770655934204,12.029973726754179,12.174490211973534,12.34725568404474,12.483975466057018,12.743124742603868,12.901299166307581,13.255161736089576,13.405416827441968,13.873847015997853,14.084819048870031,14.636998653729734,15.022962288163399,15.684732244021689,16.227029965626116,17.050275247071568
0.73204230661446701,11.415557898309089,11.284485376209432,11.413979218385066,11.396442769345413,11.49317787569862,11.529582129252049,11.647272246221746,11.744555485356614,11.878798326105425,12.030000912649484,12.174518181901476,12.347283906078246,12.484003399603353,12.743153397009337,12.901328537910103,13.255191482449845,13.405446959016899,13.873878152673115,14.084852120143296,14.637034234214298,15.023000606285677,15.684773358362236,16.227073251677211,17.050321614406585
0.73204250421100148,11.415588831894183,11.284516535612966,11.414011543472043,11.396473694941506,11.493205876775392,11.529607566373215,11.647297310625618,11.744580211493485,11.878825530036465,12.030028250118448,12.174546896391348,12.34731069748841,12.484030725032426,12.743181227583591,12.901356212298197,13.255220243843723,13.405476700800591,13.873909319266204,14.084884736123968,14.637069627890014,15.023038152430217,15.684813147091518,16.227115028209482,17.050367654208912
0.73204269721459381,11.415620011176088,11.284547862786894,11.414042891360623,11.396504257097604,11.493233149090884,11.529632457119988,11.647321241087866,11.744603961845314,11.878851458991903,12.030054447449402,12.174572521636037,12.347337778407564,12.484057346528971,12.743208359508571,12.901383253911717,13.255248922223927,13.405505831736718,13.873938770685982,14.084916524312575,14.63710403994628,15.023075594952388,15.68485198813687,16.227156145748722,17.050411255851031
0.73204288573200271,11.415650528494552,11.284577751638608,11.414073763211945,11.396534136067203,11.493259629107797,11.529656216608146,11.64734510545577,11.74462744437642,11.878877705915329,12.03008028377235,12.174598274626533,12.347363397663685,12.484083595756147,12.743235247993653,12.901410259947625,13.255275931404867,13.405534271078523,13.873968056693229,14.08494742777566,14.637137442243329,15.023111157136555,15.684889707474213,16.227196252394151,17.050454569817703
0.73204306986750523,11.415679780654045,11.284607568385582,11.414103542459543,11.396562643940797,11.493285526201817,11.529680272123187,11.647367799078893,11.744650641632688,11.878902426684817,12.030105500125046,12.174623714254267,12.347388696796315,12.484109026352598,12.743260940590972,12.901436192935762,13.255303647145411,13.405561438900804,13.873996937927586,14.084977406242615,14.637170112645435,15.023145790988565,15.684927439315743,16.227235332575674,17.050496313093845
0.73204324972295454,11.41570832630623,11.284636653600046,11.414133281681188,11.396590998613647,11.493310172201745,11.529702627946335,11.647390802055725,11.744672765507858,11.8789273754428,12.030130504521821,12.174648965572032,12.347413406328997,12.484133727071821,12.74328615928016,12.901461485190339,13.255329543083008,13.405588424099278,13.874024853870196,14.085007034933824,14.637201823440591,15.023180196056728,15.684962964142869,16.227273505975973,17.050538290287932
0.7320434253978364,11.415736463204212,11.284664212435473,11.414161692210655,11.39661822353446,11.493334692504959,11.529725022485763,11.64741275017559,11.74469481890128,11.878951550310376,12.030154252105604,12.174672819402986,12.347437241534863,12.484158030481922,12.743310666214711,12.90148645049976,13.255355082214464,13.405615287927958,13.874052052567549,14.085037064393418,14.637232871968536,15.023213553415644,15.684998339484082,16.227310786245198,17.050577649038587
0.73204359698932409,11.415764043169929,11.284692224002811,11.414189787387841,11.396645380782957,11.493358589108993,11.529746800113116,11.647434388274633,11.744716105898988,11.878975228786658,12.030178085064563,12.174696716165272,12.347461715580266,12.484181697551321,12.743335162367202,12.901510625106312,13.255381002154991,13.405641030336483,13.874078796566664,14.085063667983832,14.63726350681145,15.023245617501743,15.685033257120722,16.227347760488101,17.050617246050024
0.73204376459233211,11.415791164955408,11.284719135340765,11.414216901183863,11.396671547708593,11.493382525074594,11.529768275171136,11.647455157317836,11.744736926875703,11.878997740128398,12.030200597639123,12.174720774182333,12.347484770960818,12.484204582891834,12.74335982293087,12.901534808027918,13.255405113095549,13.405665758663872,13.874104847345734,14.085091544829993,14.637293357446651,15.02327819912216,15.685066288950566,16.227383473554255,17.050655424951401
0.73204392829956899,11.415817719439474,11.284745030554404,11.414243825692211,11.396697041790958,11.493405161827923,11.529789125720526,11.647476622522845,11.744757427034074,11.879019866014914,12.03022303779926,12.1747429202901,12.347506636113394,12.484227454044685,12.743381909132495,12.901557814465832,13.255429088590517,13.405690308998601,13.874130384026557,14.085118211185545,14.637322239007062,15.023310305351515,15.685099078234998,16.227417679269365,17.050692984692887
0.73204408820158806,11.415842678045465,11.284770667043176,11.41426964682114,11.396722529902036,11.493427528019765,11.529809836829372,11.647495941686884,11.74477763572304,11.879041591203077,12.030244881516865,12.174766068846566,12.347529204386319,12.484249239521887,12.743404969544827,12.901580371892578,13.25545237977758,13.405714435162281,13.874154908218316,14.085144221276096,14.6373505192023,15.023339851033143,15.685132325796985,16.227452342770903,17.050729663736547
0.73204424438683802,11.4158676730558,11.284795733039573,11.414295369749198,11.396746715715381,11.493449643684016,11.529829274279109,11.647515719887451,11.74479674952272,11.879063132331339,12.030266270880475,12.174786725086051,12.347550366162523,12.484271217458627,12.743426779465153,12.901602490486766,13.255475591779486,13.405737748010779,13.874179319296218,14.085170214307709,14.637378465868551,15.023369387439288,15.685162972604303,16.227485154957776,17.050765456493536
0.73204439694171164,11.415892758858718,11.284820081362795,11.41432010634162,11.396770733921585,11.493471220770061,11.529848988654066,11.647534570379321,11.744815803848269,11.879084248546405,12.030287641441646,12.174807831166618,12.347571898491879,12.484292125073807,12.743448105228708,12.901624050348801,13.255497485319665,13.405761281034756,13.87420289788497,14.085195619536989,14.637405991711603,15.023398403067858,15.685194085308012,16.227517327567966,17.050800446362246
0.73204454595059343,11.415916013612332,11.284843914497287,11.414344487200651,11.39679424572887,11.49349174863255,11.529867900340378,11.647554680483609,11.744834410235399,11.87910430327338,12.030307882479519,12.174828688031084,12.347592437861749,12.484312685405257,12.743469107645524,12.901645309222658,13.25551906759847,13.405783351210175,13.8742264487787,14.085219143443283,14.637432195379461,15.023426937868862,15.685223573867006,16.227549344219369,17.050834520427088
0.73204469149590667,11.415938859498965,11.284867601415044,11.414368203512822,11.396816957052124,11.49351196131056,11.529886212200381,11.647571525784315,11.744853033599156,11.879123950675876,12.030327593647598,12.174849362462737,12.347611724757371,12.484332940374316,12.743489926716848,12.901666296675103,13.25554049909988,13.40580506850074,13.8742485231096,14.085243555431134,14.637457948889278,15.02345448823462,15.68525267819723,16.227580519709136,17.050867802977336
0.73204483365815864,11.415962028542253,11.284890202486622,11.41439159805077,11.396839690696197,11.493532009154933,11.529905155351571,11.647589262897782,11.7448702039419,11.879144003257807,12.030347518476901,12.174868547285314,12.347631319029006,12.48435259699545,12.743509778987573,12.901685961816838,13.255561429785303,13.405826308993255,13.87427111748093,14.085267109166125,14.637482738864492,15.023481165423618,15.685281507680884,16.227610600076787,17.050899687547371
0.73204497251598533,11.415984113667946,11.284912823133709,11.414414089441834,11.396861190739401,11.493551558255149,11.529922302542673,11.64760714365957,11.744887724014461,11.879162617890415,12.030366068580406,12.174887836867583,12.347650643874658,12.484371798610027,12.743529079264135,12.901705633548772,13.255581059201631,13.405847235631427,13.874292301998139,14.085289246949742,14.637507910203112,15.023507471727953,15.685309541399874,16.227640185470591,17.050932303589889
0.73204510814619506,11.41600576920473,11.284934192622586,11.414436538836071,11.396882354458739,11.493570463593642,11.529939730659862,11.647623853134519,11.744904557895552,11.879181279528439,12.030385183783437,12.174906881455172,12.347669212930214,12.484390647585769,12.743547733319247,12.901724887553428,13.255601594769814,13.405867768640746,13.874313325973617,14.085311401627223,14.637531940662029,15.023533697037692,15.68533718399658,16.227669733228595,17.050963145481546
0.7320452406238106,11.416026807080925,11.284955148620156,11.414457586270146,11.396902978023263,11.493588931522027,11.529956953964302,11.647640331560979,11.744921089511081,11.879199238343972,12.03040279645893,12.174925566802358,12.347687984264212,12.484408517677821,12.743566571210067,12.901743711046038,13.255621046732813,13.405887371149674,13.874333708984977,14.085334082641566,14.637555475712816,15.023558699820569,15.685363450073055,16.227697339647875,17.050994007181998
0.7320453700221109,11.41604747941301,11.284976006691522,11.414478713003973,11.396923150437942,11.493607073365638,11.529973038828302,11.647656818679025,11.744937042276888,11.879216944651944,12.030420553503973,12.174943018577778,12.347705327225412,12.484426441617416,12.743585300362156,12.901762156198401,13.255640126693834,13.405907020019185,13.8743537836217,14.085354662366626,14.637578017319356,15.023583646778206,15.685389530346583,16.227724913578641,17.051022551524511
0.73204549641267191,11.416067742806717,11.284996849750314,11.414499811448422,11.396942990515981,11.493624641275346,11.52998886695741,11.647672796670122,11.744952579264918,11.879233984657276,12.030438056298408,12.174961023316428,12.34772264921412,12.484443372356054,12.743602788545559,12.901779733687817,13.255658053637035,13.405925684892281,13.874374315444584,14.085375290688717,14.637600636400748,15.02360764895684,15.685414864399263,16.227751931690364,17.061264156978723
0.73204561986540539,11.416087829397384,11.285015856055907,11.414519565874343,11.396962442251152,11.493642333823118,11.530004733295755,11.647688138114972,11.744968205056921,11.879251183222095,12.030454548213584,12.174977482219219,12.347739730190369,12.484460538957137,12.743620353175629,12.901797892702234,13.255675993867953,13.405944263466608,13.874392399589397,14.085395719669577,14.637622226117401,15.023631320557342,15.685439805718488,16.227777818337927,17.061292232222513
0.7320457404485986,11.416107095923053,11.28503537610186,11.414540016803585,11.396981355107982,11.493659270832723,11.530019931596598,11.647703087677655,11.744983267130465,11.879267857644663,12.03047109937097,12.174994584700926,12.347756071377262,12.48447731748638,12.74363711883052,12.901814426327746,13.255694009380022,13.405962029593411,13.874411343179418,14.085415381235634,14.637644065063341,15.02365408553851,15.685463337772035,16.227804125426701,17.061319644362356
0.73204585822895096,11.416125789925445,11.285054581916938,11.414558595862218,11.397000388746619,11.49367542529717,11.530035172896987,11.647717660252511,11.744997634088122,11.879283706621209,12.030487838999761,12.175010829113035,12.347773045195481,12.484493465128253,12.743653909597924,12.901831268629394,13.255711015283396,13.40598012557939,13.874429579022035,14.085434567893572,14.637665036979797,15.023676591367348,15.685487606628612,16.22782861296082,17.061347764763013
0.73204597327161203,11.416144418718432,11.285072632915217,11.41457743939327,11.397018359016329,11.493691930452314,11.530049731974486,11.647732523898412,11.745011992562013,11.879299613861804,12.030503265531934,12.175026686707042,12.347788467989176,12.484509488264848,12.743669978135586,12.90184736006222,13.255727985707836,13.405997525918792,13.874447526403401,14.085453381285333,14.637685188320575,15.023698034371137,15.685511146217323,16.227853190684982,17.061372751324143
0.73204608564021667,11.416162088971305,11.285090599720661,11.414595369782546,11.397035352501916,11.493707639057448,11.530064106204463,11.647746492435999,11.745027167254648,11.879314414002693,12.030518608262355,12.17504249184185,12.347803574638419,12.48452537258845,12.74368591153825,12.901863365143072,13.255744332823724,13.406014005811357,13.874465183846496,14.08547178465642,14.637705126962828,15.023719704439372,15.685533745545854,16.227877238507517,17.061398360102885
0.73204619539692095,11.416179825020663,11.285108481592488,11.414613461648969,11.397052767510104,11.493722913756301,11.530078280960424,11.647759897751257,11.745040021328805,11.879329421845341,12.030533752559222,12.175057754188856,12.347818955857292,12.484539989184668,12.743701750225682,12.90187918760148,13.255760992723481,13.406031837048431,13.874482418979369,14.085489725476236,14.637724514264846,15.023740766345327,15.68555496545423,16.227900513584245,17.061424043243278
0.73204630260243586,11.416196806570497,11.285125504780353,11.414631471088342,11.397069646140153,11.493737889294607,11.530091563638962,11.647773509249873,11.745053538707452,11.879344231474533,12.030548129476301,12.175072503619504,12.347834243484158,12.484555147103038,12.743716442777895,12.901893788031884,13.255776180516023,13.406046164578129,13.874498492125895,14.085507774644611,14.63774395901828,15.023760756443153,15.685577102383377,16.227923171928524,17.061447973269878
0.7320464073160613,11.416213479043563,11.285142433404417,11.41464805950136,11.397086190626396,11.493752402999235,11.530105332980838,11.647786594148783,11.745066279452203,11.879358708820291,12.03056239284706,12.175086560657292,12.347847904437458,12.484569555072994,12.743731057259538,12.901909127642739,13.255791313710688,13.406062325706898,13.874514806513162,14.085524659540624,14.637762190183366,15.023781524381775,15.685598193386795,16.227945293078847,17.061471751833778
0.73204650959571893,11.416230047646422,11.285158796541964,11.414664915425874,11.397102261687451,11.493766603939548,11.530118139793558,11.647799498524364,11.745079183262987,11.879372189453989,12.030576355542053,12.175100967905109,12.347862009577057,12.484583607657896,12.743746039684538,12.901923314974738,13.255806602875509,13.406077935813755,13.87453120401733,14.08554159624191,14.637780548468527,15.023800633640803,15.685618799574513,16.227966969395766,17.061494768205648
0.73204660949798406,11.416246541714827,11.285174740820366,11.414680832479917,11.397117908850305,11.493780694154339,11.530130696800825,11.647812284521024,11.745091432227127,11.879386354579765,12.030590685521929,12.175114733759074,12.347875883597226,12.484597365639729,12.743759542680436,12.901937162776449,13.255820886888159,13.406092489055027,13.874546235097114,14.085557996905209,14.637797899068119,15.023819961549634,15.685639320590326,16.227988432827715,17.061517594459929
0.7320467070781167,11.416261428225425,11.285190954861719,11.414697206142591,11.39713323970409,11.49379424584049,11.530143354265419,11.647824340946954,11.745104743614775,11.879400120304126,12.030604108628268,12.175128262274484,12.347889443789882,12.484610959976635,12.74377353605496,12.901951530561746,13.255835545679474,13.406107473888369,13.874561372957032,14.085574395690855,14.637815258299725,15.023838212929149,15.685658028723537,16.228009349520107,17.061539963510313
0.73204680239009279,11.416277028608874,11.285205862645398,11.414712483909625,11.397148199800085,11.493807622930944,11.530155304383243,11.647836365586045,11.745115924096353,11.879412484976456,12.030616798777828,12.175141688134318,12.347902511285156,12.484624225386142,12.743787655072538,12.901965157478571,13.255849867380675,13.406122787786899,13.874575927477508,14.085589987410003,14.637832319458539,15.023856505523781,15.685677199915517,16.228030321349706,17.061561268254081
0.73204689548663338,11.416291516845831,11.285220462394591,11.414728061348796,11.397162674617448,11.493820483842228,11.530167250576142,11.647848030023397,11.745127305136066,11.879425282243574,12.030629349177616,12.175154532852503,12.347915121724327,12.484636766712356,12.743800452958112,12.901977969300788,13.255862943031389,13.40613629756399,13.874590544252897,14.085604933838113,14.637848966375714,15.023873504790572,15.685695547428168,16.228048934121034,17.061582454269683
0.73204698641923416,11.416306076610908,11.285235060905052,11.414743034702042,11.397176864993071,11.49383329593411,11.530178867037648,11.64785947431119,11.745138165977096,11.87943748462385,12.030641766435565,12.175167412468909,12.347927578709459,12.484649550393897,12.743812949058338,12.901990952599135,13.255876749178242,13.406148939706782,13.87460469405687,14.085620035936699,14.637865021338712,15.023891588532024,15.685714192225987,16.228068362072463,17.061603379267581
0.73204707523819379,11.416320311715936,11.285249886825568,11.414757070807809,11.397191009414655,11.493845962841988,11.530190551223768,11.647870680888445,11.745149659043818,11.879450130664281,12.030654203159429,12.17517940923608,12.347939890531052,12.484662118685719,12.743825683121941,12.902003405042706,13.255888922074519,13.406162571484401,13.874618461988121,14.08563409636281,14.637880849039902,15.023907934972613,15.685731910445611,16.22808767679453,17.061623815400708
0.73204716199264197,11.41633438427516,11.28526323863889,11.414771234852651,11.397204213345049,11.493858623296092,11.530201087162368,11.647881759143729,11.745160326043333,11.87946186862564,12.030665787330236,12.175191515848383,12.347952114348573,12.484673972235214,12.743837510838148,12.90201567631766,13.255901858585275,13.406175594628621,13.874632220655712,14.085648253194904,14.63789630035717,15.023925533819693,15.685750115070277,16.22810663817927,17.061643158340303
0.73204724673056609,11.416347993214913,11.285276632532714,11.414785220541489,11.397217466737857,11.493870198283275,11.530212094613944,11.647892033498465,11.745170832424265,11.879473188568682,12.030677547635605,12.175203398779558,12.347964077167944,12.484685350243581,12.7438495698716,12.902028182269078,13.255914086361372,13.406187816887723,13.874644978635388,14.085662141925695,14.637910992760681,15.023940825144109,15.685766613925352,16.22812375639387,17.061662697447446
0.73204732949883844,11.41636181755166,11.285289928338898,11.414798786040592,11.397230784803924,11.493881859489647,11.530222666434838,11.647902570778115,11.74518098959652,11.879484653199142,12.030688622971411,12.175214859937114,12.347974819838328,12.484697113002312,12.743861074166944,12.902039265592066,13.255926140297561,13.406200692274524,13.874658490405182,14.085676411266377,14.637925651588375,15.023956619030741,15.685783199222897,16.228141203640462,17.061681887123086
0.73204741034324161,11.416374465083663,11.28530354141003,11.414811552840547,11.397243346526011,11.493892619651888,11.530232886085741,11.647912326978712,11.745191146983871,11.879495582223626,12.030700168290878,12.175226027268309,12.347985633438384,12.484707805198013,12.743872451246261,12.902050762086219,13.255937827515481,13.406212930137372,13.874670467321721,14.085689154042939,14.6379400150322,15.023972412907369,15.685799278892773,16.228158876918314,17.061699448475792
0.73204748930849417,11.416386707996026,11.285315287350386,11.414824622775541,11.39725619097544,11.493904100072996,11.530243265665376,11.647922916310108,11.745200831489001,11.879506263256189,12.030710844738678,12.175237401625964,12.347997395325365,12.484719152100752,12.743883651514807,12.902062117589594,13.255949592796696,13.406224657096573,13.874682559473513,14.085702061890061,14.637954537693986,15.023986829940441,15.685815684530553,16.228175386449948,17.061717789528757
0.73204756643827518,11.416399013966384,11.285328220131305,11.414836760625349,11.397268002041073,11.493915147587359,11.530252707178988,11.6479321497618,11.7452107228778,11.879517108219261,12.030721514141078,12.175247500204023,12.348007459877408,12.48473064247537,12.743894520833237,12.902073130227109,13.255962413540601,13.406236351016105,13.874695208706271,14.085715106858515,14.637967674461379,15.024001555773339,15.685830740261281,16.228191584305023,17.061735371443774
0.73204764177524828,11.416410969791286,11.285340017084309,11.414849494649388,11.397279826654994,11.493925310467603,11.530262345649135,11.647941385968807,11.745220037621948,11.879527334613158,12.030731501592982,12.175258165772448,12.348018045155186,12.48473964875393,12.743904982795812,12.902083503974609,13.25597168796412,13.406247559748408,13.87470645563144,14.085727145887176,14.637981054367174,15.024016698419473,15.685846381689771,16.228208052929403,17.061752483270084
0.73204771536108582,11.416422934143156,11.285352045671516,11.414861419703357,11.397291583466995,11.493936027619384,11.530271763999735,11.647951057344926,11.745229476439818,11.879537191404324,12.030741674759156,12.175268127422896,12.348028199913188,12.484750426760911,12.74391577439701,12.902094367763311,13.255982542776565,13.406258764296581,13.874717638334459,14.085740005955358,14.637994039811929,15.0240300862406,15.685860535170377,16.228223635447648,17.06176963489861
0.732047787236491,11.41643450656602,11.285363048011732,11.414872891551568,11.397302563642825,11.493945587008056,11.530281060525795,11.647959850663938,11.745238588169286,11.879547127705337,12.030751798251003,12.175278338461339,12.348038045428439,12.48476082353136,12.743925591904372,12.902104477110697,13.255993427956128,13.406269563739443,13.874728808792497,14.08575115712847,14.638007163790007,15.024043573696417,15.685875452522851,16.22823910246052,17.061785688600139
0.73204785744122136,11.416445545708029,11.285374832170419,11.414884272511699,11.397313688588383,11.493955248215116,11.530289734230337,11.647968761869834,11.745247154666686,11.879556398770092,12.03076104536467,12.175287632751406,12.348048023482534,12.484770041794491,12.743935873279952,12.902114856740354,13.256003832565057,13.406281089616186,13.874739491442142,14.085762591444109,14.63801866456879,15.024056661266513,15.685889471577866,16.228253465788384,17.061801503825791
0.73204792601411006,11.416456710687271,11.285385473965562,11.414895709096072,11.397324170034608,11.493965599652256,11.530298439352464,11.647977030600032,11.745255675893986,11.879565911633108,12.030770488864619,12.175297521578614,12.348056921594434,12.484779769444685,12.743945257108408,12.902123902656513,13.256013685805101,13.406290302916204,13.874750518193196,14.085773815565517,14.638032324812684,15.024069775310636,15.6859030756832,16.22826842841323,17.061817239429729
0.73204799299308776,11.416466905124253,11.285396100468915,11.414906958290885,11.397334335470532,11.49397430406998,11.530307452350826,11.647985574836184,11.745264865422087,11.87957526979153,12.030779513461766,12.175306927711063,12.348065941051118,12.484788236452005,12.743954657689756,12.902133425368902,13.256023109174293,13.406300093842674,13.874760644832349,14.085784483256703,14.638043252577518,15.024083197765322,15.685916596928109,16.228282629364003,17.061833196695716
0.73204805841520326,11.416477523497178,11.285406802635407,11.414917001292451,11.397344843084738,11.493983585669866,11.530315683147819,11.647993677477189,11.745271888498792,11.879584028741647,12.030789011514571,12.17531578883154,12.348074796665514,12.484797744439675,12.743963418220119,12.902143009339397,13.256033376899268,13.406309672156112,13.874771008129301,14.085795096491438,14.638055182934295,15.024095006158859,15.685929870880955,16.228296541160034,17.061846642889577
0.73204812231664451,11.416487888931897,11.285417204836904,11.414927619478021,11.397354860558607,11.493992748803976,11.530323857631174,11.64800180147904,11.745279885856235,11.87959260730895,12.030797260580584,12.175324657433521,12.348084525452578,12.484805943727224,12.743973148223631,12.902151555317687,13.256041995956366,13.406319507359058,13.87478095946426,14.085805979121233,14.638066157668163,15.024107232283313,15.685942807226638,16.22830970069117,17.061861991785918
0.73204818473275801,11.416497476693621,11.28542700306707,11.414937857960922,11.397364878099324,11.494001277692405,11.530331359739648,11.648009610212284,11.745287487588485,11.879601199833814,12.030806114548795,12.175333412631517,12.348092614325196,12.484815580760824,12.743981981081106,12.902160636703229,13.256051118789856,13.406329320597251,13.874790630971347,14.085816055432133,14.638077184972644,15.024119539724779,15.685955114934131,16.228322891146036,17.061876117945758
0.7320482456980687,11.416507989557431,11.285436988129732,11.414947860296252,11.397374241567832,11.49400967689553,11.530339655235366,11.648017092938517,11.745295489365162,11.879609714253547,12.030814202193596,12.175341518417554,12.348100664415142,12.484822847851774,12.743990408016543,12.902169320301255,13.256060297855129,13.40633829104172,13.87479989568692,14.085825942913743,14.638088205210352,15.024131619454693,15.685967734698352,16.228336231145931,17.061889788845292
0.73204830524629927,11.416516867474456,11.285447215388103,11.41495739461925,11.397384405955563,11.494018115566632,11.530346968979302,11.648024758114843,11.745302828031981,11.879617422807314,12.030822252292637,12.175350181104932,12.348109212697182,12.484831326084986,12.743998772044961,12.902178215123058,13.256068884674733,13.406347156681477,13.874809315712355,14.085836176861903,14.638099008772315,15.024142101090092,15.68597977761965,16.228348951693988,17.061903428778805
0.73204836341038837,11.416526441978021,11.28545581168737,11.414967094152871,11.397392647975721,11.494026079029481,11.53035454236533,11.648032301232433,11.745310069250081,11.879625639963706,12.030830303291623,12.175357749967134,12.348116933494566,12.484839261177967,12.744006886873649,12.902185802035092,13.256077436882151,13.406355862561668,13.874818022600266,14.085845031147073,14.638109463941873,15.024153308536825,15.68599106363672,16.228361653553293,17.061916522539377
0.73204842022250893,11.416537602724929,11.285464693147787,11.414976331964226,11.397401544229979,11.494034323012784,11.530361637848728,11.648039296760999,11.745316712832391,11.879633418810499,12.030837994263948,12.175366100138035,12.348124898591323,12.48484733884834,12.744014954204431,12.902194164773391,13.256085292057833,13.406364462805868,13.874826967185072,14.085854956528692,14.638119289000315,15.024164664150248,15.686002079166883,16.228373553358779,17.061929559445616
0.73204847571408616,11.416544212220288,11.285473578554502,11.414985110377984,11.397410753643726,11.494042139576322,11.530368396084668,11.648045992621064,11.745323774132885,11.879641147175334,12.030846420224407,12.175373744728404,12.348132488729789,12.484855094745853,12.74402261612795,12.902201472827528,13.256094405143358,13.406373036554669,13.874835385522147,14.085863205789337,14.638129408085206,15.024174515276627,15.686014107002848,16.228385149381666,17.061942281467054
0.73204852991581504,11.416552952822258,11.285482177295762,11.414993773043534,11.397419023079692,11.494049805734903,11.530376175116999,11.648053117331528,11.745331120083847,11.879648522517982,12.030853203320476,12.175381581001602,12.348140027087538,12.484862255402277,12.74402980149398,12.902209549149575,13.256101476658387,13.406380799284761,13.87484413779066,14.085873036263365,14.638138616250671,15.024184783221699,15.686025022173908,16.228396983236507,17.0619542369177
0.7320485828576766,11.416561621294932,11.285490644720085,11.41500298243227,11.397427059617257,11.494057030887234,11.530382427967197,11.648059736402047,11.745337023208322,11.879655613332488,12.030860320702686,12.175388476804983,12.348147245216751,12.484869704525863,12.744037564590144,12.902216928156577,13.256109651719271,13.406388465086366,13.874852403085242,14.085881428681205,14.638148179970358,15.02419512869983,15.68603572785014,16.228407777221491,17.061966437943738
0.7320486345689553,11.416570342973955,11.285499139390595,11.415010923602495,11.39743539601659,11.494064104231256,11.530389155775538,11.648065961055636,11.745343775234232,11.879662578492571,12.030867519019466,12.175395573593505,12.348155198752465,12.484877002358189,12.74404504352151,12.902224185834257,13.256118565167981,13.406396512471929,13.874860497749523,14.085889636115553,14.638157071782643,15.024204660848227,15.686045673857279,16.228418818013779,17.061978593060758
0.73204868507825493,11.416577660145322,11.285507352837158,11.415019495918841,11.397443195647611,11.494071707781131,11.530395199530176,11.648072396887528,11.745350177887758,11.879669778732023,12.03087462242047,12.17540278257502,12.348161054395405,12.484884195647282,12.74405182782084,12.902231830932124,13.256124855624421,13.406404175340413,13.874868453527597,14.085897913855206,14.638166142922273,15.024213976195369,15.686056824044499,16.228429429333573,17.061990163349947
0.73204873441351437,11.416585856315123,11.285515450842922,11.415027483163158,11.397450893682162,11.494078006025575,11.530401864608848,11.64807847987322,11.745356954540057,11.879676562642544,12.030881151993981,12.175409443403169,12.348168008370067,12.484890542268658,12.744059327209015,12.902238109174959,13.25613149767014,13.406411194294833,13.874875821708429,14.085906071951285,14.638174644010178,15.024223470932611,15.686066560919244,16.228440753057839,17.062001080547361
0.732048782602023,11.41659340770957,11.285522876806681,11.415035396913026,11.39745838493036,11.494085423430533,11.530407768861096,11.648084590652616,11.74536236809854,11.879683007248786,12.030887544704456,12.175416272219536,12.348174646790085,12.484897301981619,12.744066021205072,12.902245916504853,13.256138785974599,13.40641877569351,13.874883270155806,14.085913887876814,14.638183734480208,15.024232997551735,15.686075435013208,16.228450351559786,17.062012106488964
0.73204882967043594,11.416600629184359,11.285530112072138,11.415042991272003,11.397465571043085,11.49409161080257,11.530413854846756,11.648090379110727,11.745367908519256,11.879688889929184,12.030894090161837,12.175422671291017,12.348181607146216,12.484903601038241,12.744072422604859,12.902252000347744,13.256145693906092,13.406425875696641,13.874890633951054,14.085921843246069,14.638191439976708,15.024241670537776,15.686085360800007,16.228460064850424,17.062022703462389
0.73204887564478882,11.416608398485096,11.285537628301427,11.415050454345874,11.397473217561128,11.494098531344662,11.530419903772327,11.648096454169263,11.745373820291661,11.879695347981851,12.030900578447017,12.175429470016297,12.348187700310973,12.484910423787369,12.744078521043775,12.902258563296527,13.256153441511742,13.40643241318412,13.8748979751158,14.085929027249676,14.638200147719544,15.024251036049918,15.686093982802959,16.228470125774493,17.062033505827003
0.73204892055051185,11.416615495606038,11.285545009311591,11.415058175502963,11.39748014179122,11.494104140494073,11.530425429721618,11.648101974071778,11.745379370146566,11.879702054197423,12.030906390178643,12.17543586149759,12.348193731651463,12.484916306144441,12.744084942656627,12.902264919970094,13.256158759870686,13.406439596306882,13.874904425773366,14.085936539381237,14.638208681618835,15.024259007611363,15.686103411306703,16.228479783930197,17.062043282276591
0.73204896441244449,11.416622882805768,11.285552048500449,11.415064875589451,11.397487307241136,11.494110546917,11.530430828547651,11.648107218999485,11.745384685173121,11.879707679232069,12.030912554091174,12.175441478495486,12.348199726976418,12.484922830176856,12.744091038837269,12.902271210869912,13.256165484030134,13.406446774844426,13.874911588824034,14.085943397771189,14.638215993294125,15.024267350439459,15.686111774462915,16.228489010063186,17.062052851700628
0.73204900725484845,11.41662933900534,11.285558797089834,11.415072072328257,11.397494004671444,11.494116798075993,11.530436282097526,11.648112717364711,11.745389929770226,11.879713427537808,12.030918184737402,12.175447311930384,12.348205492975922,12.48492828822873,12.744097622416575,12.902277372771096,13.256171604236442,13.40645223814272,13.874918092132702,14.085950595382201,14.638223179215856,15.024275423289964,15.686120700918309,16.228498613860211,17.062063046372259
0.73204904910142188,11.416635758218035,11.285565615957239,11.415078743860249,11.397500261676214,11.494122183940817,11.530441568143033,11.648117733077015,11.745395398219898,11.879718965139091,12.030924638242141,12.175453172012567,12.348211880221697,12.484934743266422,12.744103320088925,12.902282835754704,13.256177596495945,13.406458520576507,13.874924372863461,14.085957722559669,14.638231016115242,15.024284008388349,15.686129054125104,16.228507005935171,17.062072474239358
0.73204908997531182,11.416642365515145,11.285572508844325,11.41508545954548,11.397506819195314,11.494128063630342,11.530447249903318,11.648122913657971,11.745400463088572,11.879725087852421,12.030929790719256,12.175458903128856,12.348217150142773,12.484939977257454,12.744109330777064,12.902288702141504,13.256183451475863,13.406465356822991,13.874930960590063,14.08596426278018,14.63823803704463,15.024291159683344,15.686137042041537,16.228516645439413,17.062081450982987
0.7320491298991274,11.416649438097011,11.28557843382896,11.415091833026509,11.397513009026625,11.494133741991391,11.530451936092049,11.648127890871365,11.745405375975224,11.879730398362426,12.030934989187244,12.175464259096771,12.348222604300645,12.484945441353375,12.744114929685566,12.902294659110794,13.256189563377575,13.406470424429699,13.874936880403766,14.085970877536056,14.638244898342236,15.024298565891513,15.686145087446675,16.228524103378277,17.062091214724205
0.73204916889495208,11.416655629591787,11.28558470320786,11.415098625614974,11.397519205127082,11.4941388305092,11.530457049309462,11.648132649875151,11.74541020916331,11.879736524299915,12.030940946306146,12.175469511593747,12.348228132511395,12.484950402150844,12.744120807779836,12.902299645027597,13.25619542880986,13.406476763921091,13.874942951306366,14.085977468442252,14.638251730695174,15.024305961968821,15.686153641876899,16.22853251459992,17.062100556133373
0.73204920698435627,11.41666134790421,11.285590977362062,11.415104735705881,11.397525103767293,11.49414454529915,11.530461897751593,11.648137281728395,11.745414850466204,11.87974144294185,12.030945796233482,12.175475110961088,12.348233210937451,12.484955638184147,12.744125855079346,12.902304993919188,13.256200734790582,13.406482738573231,13.87494892930772,14.085983654446864,14.638259652917441,15.024313592208728,15.686160248238593,16.228541031129225,17.062108756537327
0.73204924418840889,11.416667245228837,11.285596463802449,11.415110536630436,11.397530993895998,11.494149328687854,11.530466475839148,11.648142265226397,11.745420134324831,11.87974629118753,12.030951021343753,12.175480013877859,12.348237966987199,12.484960767397297,12.74413106332895,12.902310945689351,13.256205960701664,13.406487709623889,13.874954527904265,14.085989584013532,14.638265615992623,15.024321001177668,15.686168430635917,16.228548980991945,17.062117039963141
0.73204928052768881,11.416673213987906,11.285602533896963,11.415116142415627,11.397536506448432,11.4941550493063,11.530471225433757,11.648147268416324,11.745424331162667,11.879750924822929,12.030955632131736,12.175485454425598,12.348243036516578,12.484965618824845,12.744135609158093,12.902315622886363,13.25621181699762,13.406493468855842,13.874960742083658,14.085995489647757,14.638272122979743,15.024327693418854,15.686175536771771,16.228556359514187,17.062125561180892
0.73204931602229706,11.416679136400035,11.285608364364634,11.415122177915237,11.397542298164808,11.494159576558559,11.530475872191346,11.648152071490586,11.745428490281938,11.879755486469548,12.030961013400429,12.175489795612066,12.348248476658682,12.484971199707616,12.744141091523488,12.902320909200625,13.25621644937155,13.40649888109192,13.874966686959851,14.086001364547428,14.638277874790219,15.024334636567801,15.686182899665255,16.228564041088248,17.062132969941558
0.73204935069186716,11.41668420203041,11.285613813402961,11.415127654618118,11.397547376746843,11.49416471787481,11.53048018471236,11.6481557870502,11.745433436716212,11.87976062936923,12.030965431700224,12.175494613591127,12.348252421477355,12.484975724327342,12.744145733701771,12.9023253524133,13.256221681683201,13.406504015540122,13.874971239560182,14.086007592325586,14.638285012545111,15.024340752948774,15.686189318187644,16.22857111681833,17.062141125208655
0.73204938455557644,11.416689367064464,11.285619695532205,11.415133760164736,11.397552698686013,11.494169040273391,11.530484608335428,11.648159670354744,11.745437143020354,11.87976504693188,12.030970077831171,12.175499382880844,12.348257508944243,12.484980493850799,12.744150611079931,12.902330803192854,13.256227193709492,13.406508947922703,13.874976680529926,14.086012842332821,14.638290370122377,15.024347325413146,15.686196296452636,16.228577922425757,17.06214854021573
0.73204941763215614,11.416695060564962,11.285624140832169,11.415138641248177,11.397558179708085,11.494173924643292,11.530489447508899,11.648164259768237,11.745441016995301,11.879769712533289,12.030974677109498,12.175504130053014,12.348262171878559,12.484985024985235,12.744155039892121,12.902336100998582,13.256231442263925,13.406514098323896,13.874982041867952,14.086018051832525,14.638296641676789,15.024353910235732,15.686202758624404,16.228585800282872,17.062156845989193
0.73204944993990251,11.416700327369654,11.285629730305573,11.415144257854081,11.397563191609152,11.494178579582695,11.530493108202791,11.648168263332991,11.745445017822476,11.879773966569701,12.030979379115252,12.175508587844433,12.348266360502748,12.484989131346083,12.744159789925106,12.902340136301063,13.256236271560738,13.406518665848125,13.874986645393619,14.086023189366188,14.638302189189744,15.024359403076232,15.686209556296944,16.228592430275512,17.062163756108021
0.73204948149668636,11.41670527657061,11.285634582036892,11.415149070405278,11.397568276803668,11.494182898381041,11.530496824625516,11.648172398381575,11.74544941384147,11.879778500402608,12.030983097602075,12.1755131753157,12.348270841894191,12.484993355283677,12.744164008692223,12.902344247352175,13.256240800240448,13.40652425963026,13.874991496807979,14.086028396406164,14.638307359055489,15.024365666631184,15.686215787502533,16.228598914327904,17.062171808985113
0.73204951231996296,11.41670995486129,11.285639947991967,11.41515402289815,11.39757304133127,11.494186878930577,11.530500627999572,11.648175973492016,11.745452942455358,11.879782552844063,12.030988839888323,12.175517156304977,12.348275188948719,12.484997860534349,12.744168498763884,12.90234853745369,13.256245809020129,13.406528684581644,13.87499646166998,14.086033181313269,14.638313195855972,15.024371534997954,15.686221914983889,16.228605505033556,17.062177465816148
0.73204954242678211,11.416714743212196,11.28564432788653,11.415159247116208,11.397577771614579,11.494191952964684,11.530504522327192,11.648179872379842,11.745456700775776,11.879787056148871,12.030991350541626,12.175522454253496,12.348279498643024,12.485002352310403,12.744172678840641,12.902353230154404,13.256249593070606,13.40653273463704,13.875000947670742,14.086038134831597,14.638317918463599,15.024377417991218,15.686228577103066,16.228611881866982,17.06218516207673
0.73204957183379704,11.416720580567016,11.285649659004775,11.415164410124817,11.397582036872791,11.494195375847085,11.53050820936096,11.648183795282876,11.745460163620919,11.879790595994564,12.0309955679013,12.175525516249763,12.348284207895631,12.485006490829619,12.744177226807096,12.902357101951111,13.256253956199544,13.406536850569864,13.87500599260602,14.086043182931462,14.638324252923212,15.024382837631038,15.686235569452492,16.228618451154034,17.062192011647312
0.73204960055727408,11.416723935040864,11.285654633776176,11.415168751727833,11.397586787426917,11.494199735313941,11.530511912324073,11.648186776115836,11.745464261145116,11.879794618432243,12.031000198818674,12.175529387382085,12.348287026745766,12.48500994791857,12.744181417700929,12.90236099822414,13.256258256561068,13.406541959231618,13.875010537082289,14.086047440688617,14.638328278255813,15.024388199629811,15.686239513607234,16.228624232471248,17.062197683778322
0.73204962861310152,11.416728767933364,11.285658667296957,11.415173353962928,11.397591477740207,11.494203280069996,11.530516016042384,11.648190356238047,11.745467662291048,11.879798264438705,12.031003484822577,12.175533602703126,12.348291001800135,12.485014031365608,12.74418518578841,12.90236486049389,13.256262121777581,13.4065455180139,13.875014723018921,14.08605280746724,14.638333317893739,15.024393547934324,15.686245052238519,16.228630326851999,17.062204762010879
0.73204965601679806,11.41673311748491,11.285662847782078,11.415177666989166,11.397596004051138,11.494207348156124,11.530518941890477,11.6481940351091,11.745471063125933,11.879802091019883,12.0310072951861,12.175537336139769,12.348294753209757,12.485017645511107,12.744189136535169,12.902368761860089,13.256267420337736,13.406549473433643,13.875019379327114,14.086057333720419,14.638338539014967,15.024399487543633,15.686250937485056,16.228635986738027,17.062210683620378
0.732049682783522,11.416737395035398,11.285666913201112,11.415182093321164,11.397600134086588,11.494211555424499,11.530522738712534,11.648197210565286,11.745474464167273,11.879805816518001,12.03101052482134,12.175540461271794,12.348298300351871,12.485021391300052,12.744192883333199,12.902372608534733,13.2562703024455,13.406554172729557,13.875022943341719,14.08606178599166,14.638343173754038,15.024403804861322,15.686256110238901,16.228641927985336,17.062217001052886
0.73204970892807919,11.416741810114218,11.28567140373525,11.415185989628753,11.397604012239754,11.494214515899785,11.530525862150625,11.648200647783597,11.745477455498531,11.87980923680152,12.031014402898563,12.175544634184917,12.348302292675726,12.485024671879728,12.744196198927511,12.902376215126424,13.256275087456743,13.406557654876451,13.875026761260415,14.086066705242501,14.638347642143344,15.02440965564665,15.686261430104423,16.228647879517212,17.062222204420323
0.73204973446493116,11.416745636054657,11.285675084337527,11.415190168293975,11.39760800804288,11.494218054154317,11.530528828627666,11.648203832040963,11.745481263070815,11.879812988888716,12.03101768495344,12.175547891811675,12.348305710925615,12.485028436813536,12.744200372887008,12.902379730296616,13.256277680497533,13.406561882886763,13.875031409610528,14.086069525173571,14.638352032543025,15.024414403610081,15.686266872287433,16.228652631373279,17.06222805100424
0.73204975940820338,11.416749922719191,11.285678889678366,11.415194679350861,11.397611652677369,11.494222124930729,11.530532396585841,11.648207131607251,11.745483912684904,11.879816553008823,12.031021557037548,12.175551600769722,12.348308710373203,12.48503199852621,12.744203321882651,12.902383764682781,13.256281173989009,13.40656529776652,13.87503453938416,14.086074242579343,14.638356379446577,15.024418522623819,15.686271905637568,16.2286580250734,17.062234286124294
0.73204978377169327,11.41675361165062,11.285683169115146,11.415198516368491,11.397615358593157,11.49422509185797,11.530535402323949,11.648210197362005,11.745486588894437,11.879819820370813,12.031024864701521,12.175554541489873,12.34831254844903,12.485034975932649,12.744206762243721,12.90238687368128,13.256284898643571,13.406569131617289,13.87503834542531,14.086078059320243,14.638360743964768,15.024423019877304,15.686276398640985,16.228663784181663,17.062240113390999
0.73204980756887716,11.416757947829865,11.2856869300158,11.415202529146882,11.397619406784088,11.494228656265477,11.530538449676442,11.648212809997858,11.745489585775886,11.879822897824852,12.031027907530188,12.175558062772325,12.348315660322896,12.485038588745283,12.744210031695275,12.902390246149935,13.25628866183115,13.406572616952417,13.875042051682613,14.086081856220062,14.638365265825996,15.024427631898106,15.686281680445063,16.228668409177317,17.062245184272342
0.73205180756887722,11.417077577290001,11.286006937777074,11.415528070504479,11.397932947762001,11.494508086883798,11.530793010563229,11.64846391235551,11.745739019799203,11.880096158934066,12.031301535310376,12.175835565668422,12.348590474399316,12.485314210886372,12.744492147977326,12.902673213511207,13.256580907473108,13.406872679243861,13.875352748584646,14.086409763157917,14.638720071973239,15.024807936589696,15.686683117251505,16.229093192668188,17.062700087190024
0.73205183136606111,11.417080643641384,11.286010849544255,11.41553196218274,11.397936283062791,11.494511488976514,11.530795982343989,11.648466380620448,11.745741516701855,11.880098903287035,12.031304893119795,12.175838589330397,12.348593802288633,12.4853176260076,12.744494819830834,12.902676476089709,13.25658422771221,13.406875754469183,13.875356279650987,14.08641348369656,14.638724048354106,15.024812481610297,15.686687611725119,16.22909847423989,17.062705147195629
0.732051855729551,11.417084564952347,11.286014969999087,11.415536264461025,11.397940012163872,11.494515235489871,11.530798946121649,11.648469906765968,11.745745254495887,11.880102644064664,12.031308211109717,12.175842135464791,12.348597358932693,12.485321069537349,12.744498349869446,12.902680412295013,13.256587654314899,13.406879377808309,13.875360209464816,14.08641719865409,14.638728564613302,15.024816791077228,15.686692472152572,16.229103000877785,17.062710950599012
0.73205188067282323,11.417088828060969,11.286018916117882,11.41554004603222,11.397944025953166,11.49451830497901,11.530802666473392,11.648472720711197,11.745747878769635,11.880105606671805,12.031311623037254,12.175845136974203,12.348600571507177,12.485324325769852,12.744501570354259,12.902683158366017,13.256591077872145,13.406883478478449,13.875363290294445,14.086421652608806,14.638732605905716,15.024821383355174,15.686698055331362,16.229108823422393,17.062716475862089
0.7320519062096752,11.417092445471098,11.286022937008966,11.415544311497797,11.397947826981181,11.494521989820441,11.530805631809471,11.648475940392018,11.745750711341316,11.88010936339515,12.031314828950144,12.175848881330694,12.348603894980442,12.485327946926645,12.744505444410152,12.902687780418546,13.256594892885914,13.406887503196685,13.875367753730188,14.08642616516363,14.638737417207267,15.024826715965446,15.686703054484497,16.22911463319997,17.062722696598485
0.73205193235423238,11.41709665642702,11.286027155715601,11.415548679544372,11.397952121949402,11.494526107843285,11.530809184968348,11.648479199706344,11.745754010722976,11.880112753261074,12.031319543135851,12.175852469260462,12.348608067719852,12.485331670410233,12.744509273602034,12.90269117724074,13.256598983467029,13.406891335487217,13.875371738753529,14.086429993193178,14.63874172070382,15.024832146772042,15.686707947184914,16.22912066795152,17.062728395884733
0.73205195912095633,11.417101390183234,11.286031409699262,11.41555273676795,11.397956229694046,11.494529766212054,11.530812349312328,11.648482829790737,11.745757418754692,11.880116884800373,12.031322353314408,12.175856633909461,12.348611404272106,12.485335078546541,12.744513047304281,12.902694947417331,13.256603286944483,13.406894881456992,13.875375740925392,14.086434057778206,14.638746670155342,15.024836796317686,15.68671368747755,16.229125812774328,17.062734302077388
0.73205198652465286,11.417105831069421,11.286035796620126,11.4155574164065,11.397960422523738,11.494533633260744,11.530816169215996,11.648485801056722,11.74576107857547,11.880119880504935,12.031325861057212,12.175860303516401,12.348615013789185,12.485339203940839,12.74451719735498,12.902698478471848,13.256607714634811,13.406899118908314,13.875379930418148,14.086438758624354,14.638751578390838,15.02484180482088,15.686719261699182,16.229131654335106,17.062740237776325
0.7320520145804803,11.417109452335353,11.286040211919044,11.415561721209087,11.397965050373386,11.494537051333282,11.530819554109712,11.648489450373745,11.745764592067189,11.88012396711656,12.031330180228451,12.17586378414444,12.348619071668054,12.485342846967797,12.744521618350063,12.9027030930406,13.256611271527618,13.406903093248275,13.875384744002986,14.086443189144575,14.63875633094267,15.024847159931596,15.686725234549613,16.229137303087555,17.062746530369168
0.73205204330395734,11.417115133857351,11.28604490554244,11.415566512206169,11.397969383921918,11.494541199832838,11.5308232273469,11.648492973862176,11.745767796342534,11.880127984100454,12.031333538510353,12.175867714731339,12.34862321902483,12.485346730247784,12.744524502717923,12.902706531230706,13.256615681587391,13.406907647681237,13.875388343529266,14.086447791345563,14.638761194611106,15.024853107590388,15.686729806072435,16.22914353298529,17.062754244092957
0.73205207271097228,11.417119324225496,11.286049684050795,11.415571262865797,11.39797403210332,11.494545147286317,11.530827044396574,11.648496789054207,11.745771707292533,11.88013197160717,12.03133766296105,12.175872410071861,12.348627299272721,12.485350823110821,12.744528944165722,12.902710691428638,13.256619518101616,13.406911795077121,13.875393560844259,14.086453134200383,14.638767186450423,15.024858780503564,15.686736230424231,16.229149140198388,17.062760824623638
0.73205210281779143,11.417124234025778,11.28605459217124,11.415576200321539,11.397979179711456,11.494549640417063,11.530830282632905,11.648500782321207,11.745775254572891,11.880136140461673,12.031341896099093,12.175876690435871,12.348631224176643,12.485354967289823,12.744533266638882,12.902714989507786,13.256623925402437,13.406916908439143,13.87539788551021,14.086458219271208,14.638771703495877,15.024863677203484,15.686742458854042,16.229156567809696,17.062767595056357
0.73205213364106803,11.417129204407502,11.28605946177322,11.415581426253539,11.39798372027235,11.49455413819669,11.530834687495826,11.648504620372478,11.745779546855829,11.880140540110006,12.031346479803688,12.175880432409485,12.34863558783718,12.485359313950539,12.744537250348458,12.902719504207653,13.256628200665091,13.406920887635806,13.875403407716476,14.086462899030266,14.638777344813207,15.024870049046967,15.68674835799311,16.22916331368333,17.062774164999155
0.73205216519785188,11.417134176856507,11.286065053187031,11.415586080410321,11.397988753997197,11.494558195054651,11.530838698725802,11.648508360516644,11.745783146100166,11.88014475040427,12.031350512846529,12.175884771675555,12.34863972283074,12.48536343790056,12.744541972782372,12.902723652513941,13.25663282249252,13.406925976260482,13.875407569165873,14.086468298436557,14.638783193809104,15.02487601795201,15.686755445389736,16.229169847545563,17.06278122646836
0.73205219750559825,11.417139484108247,11.286069592398235,11.415591568577838,11.397993677037448,11.49456288407373,11.530842076704175,11.648512377717907,11.745787260877933,11.880149094409262,12.031354759829355,12.175889559349343,12.348644096745829,12.485367948506791,12.744546440614613,12.902728337081044,13.256637608469646,13.406930771686348,13.875413273345202,14.08647480676791,14.638788832250611,15.024882458049433,15.686761818545165,16.22917681941226,17.062788753925815
0.73205223058217794,11.417144520122747,11.286074792802083,11.415596978211852,11.397998850089607,11.494567559279403,11.530847144515064,11.648516463662418,11.745791545590691,11.880153748497833,12.031359352309209,12.175894391050406,12.348648720617803,12.485372796914362,12.744550938091379,12.902733273344438,13.256642654665939,13.406935569218604,13.875417617124185,14.086479513467111,14.638795235201542,15.02488882437865,15.686768182691139,16.229182893498546,17.06279597850471
0.73205226444588722,11.417151059230946,11.286079989361042,11.415603158928207,11.39800403701247,11.494572081879596,11.53085130803538,11.648520447302417,11.745795898496908,11.880158349199974,12.031363611185498,12.175898680156479,12.348653268693852,12.485377658984817,12.744555922636664,12.902738814948862,13.256647839768902,13.406941223003287,13.87542336995557,14.086484739417301,14.638800533501581,15.024894606317503,15.686774549501024,16.229190490879773,17.062803425400034
0.73205229911545733,11.417155744456977,11.286085919244215,11.415608191499814,11.398010240656731,11.494577220853898,11.530855781159062,11.648525200004315,11.745799959110172,11.88016280381953,12.031368580781873,12.175903251953059,12.348658984456051,12.485382261432733,12.744561087698912,12.902742836171001,13.256652364798811,13.406945886021731,13.875428792529874,14.086489737066586,14.638806933639444,15.024900863975745,15.686781726637037,16.229197718316755,17.062811374161356
0.73205233461006558,11.417161497570305,11.286091691762067,11.41561404152435,11.398014965720904,11.494581818320057,11.530860281793593,11.648529514284292,11.74580449490395,11.880167410614831,12.031373850413274,12.175908079272176,12.348662979956771,12.485387228439322,12.744566253624271,12.902747969570555,13.256657696032562,13.406951828431374,13.875434073171618,14.086496012677344,14.638813067539104,15.024909155636578,15.686788441576027,16.229205265723522,17.062819659317029
0.7320523709493455,11.417166329790234,11.286097385426729,11.415619620930102,11.398021166587569,11.494586807750693,11.530865000260292,11.648534109259344,11.745808447352374,11.880172633294933,12.03137809926875,12.175913631790991,12.348668020888908,12.485392123633119,12.744570876569924,12.902753001034853,13.256662868379408,13.406956592531515,13.875440153174168,14.086501741564007,14.638819623724885,15.024914901425745,15.686796526665148,16.229212849114447,17.062827653880959
0.73205240815339812,11.417173218299013,11.286103396028921,11.415625931878367,11.398027016778087,11.494592452759207,11.530869511433593,11.648538476693375,11.745813669006566,11.880178203190098,12.031383777224164,12.175918444743729,12.348673111240259,12.485397060707783,12.744576092072293,12.902758518841893,13.256668679941413,13.406962162559921,13.875445815098374,14.086507812663058,14.638825743789766,15.024922377383518,15.686803654536106,16.229221457499534,17.062837517953085
0.7320524462428023,11.417178740376585,11.286109257387125,11.415632284788444,11.398033030172883,11.494597322264781,11.53087438362445,11.648543360431631,11.745818746338045,11.880182799010072,12.03138852090251,12.175924038771427,12.348678143937832,12.485402374791647,12.744581509655291,12.90276390645522,13.256674362514332,13.406967767552032,13.875451192032415,14.08651438950119,14.638832827401075,15.024929109118602,15.686811648025468,16.229228698399311,17.062845272460436
0.73205248523862698,11.417184995412299,11.286115630403856,11.415638591256993,11.398038742456265,11.494603402475605,11.530879324245689,11.648549341386115,11.745823016104168,11.880187826731799,12.031394073752836,12.175929509286107,12.348683595233069,12.485407497239066,12.744586918495315,12.902769090391303,13.256679752346827,13.406973985584045,13.875457699441995,14.086520550637488,14.638839720953456,15.024937348820458,15.686819169716273,16.229238172998066,17.062853772129529
0.73205252516244257,11.417191603851734,11.286121784969509,11.415644948857789,11.398045037423799,11.494608803799565,11.53088419355754,11.648553270125831,11.745827826876393,11.880194327051413,12.031399405197135,12.175934377295107,12.348690030952184,12.485413462857196,12.744593063604498,12.90277480949544,13.256685419271889,13.406979685091301,13.87546332185002,14.086527066980125,14.638847241885287,15.024944475698248,15.686826985360312,16.22924543199224,17.062863387067409
0.73205256603633251,11.417198686762731,11.286128815453594,11.415651795397025,11.398051312561165,11.494614374056709,11.530889605033735,11.6485591322662,11.745833923547707,11.88019908565002,12.031405107056798,12.17594041413895,12.348695430491716,12.485418919552558,12.744598601463167,12.902780708700448,13.256691049510664,13.406986251891794,13.875469990982765,14.086533820649493,14.638853914741503,15.024952218637281,15.686835790643727,16.229254317395771,17.062872240672732
0.73205260788290594,11.4172049334652,11.286135230411219,11.41565844194065,11.398058195954945,11.49462024534796,11.530894897740836,11.648564097702547,11.745838778284451,11.880205054788348,12.031411371149261,12.175945895541645,12.348700359653776,12.485424457846875,12.744604629188871,12.902786599199771,13.256697355095639,13.40699210674984,13.875476015614822,14.086540225008775,14.63886108457109,15.024960207257209,15.68684356579206,16.229263054050989,17.062881614275739
0.73205265072530989,11.417211472351937,11.286142200141512,11.415665659621027,11.398064590748618,11.494626325183162,11.530900074789315,11.648569134879835,11.745843538109966,11.880210595040353,12.031416503503806,12.175952086759025,12.34870645653973,12.485430724748767,12.744610602548164,12.902792574806881,13.25670417477204,13.406998925405787,13.875482498537622,14.086547533240264,14.638869065197923,15.024967776544599,15.686852247508341,16.22927249420718,17.062891303183733
0.73205269458724254,11.417218403697916,11.286149153356746,11.415672544849713,11.398071961912592,11.49463203028472,11.530905902664017,11.648574690081205,11.745849497631298,11.88021646208017,12.031422954483332,12.175958443067884,12.348712401827015,12.485437216939772,12.744616319119359,12.902798692822216,13.256709965857226,13.407005067524096,13.875489559595735,14.086554670605892,14.638877206710731,15.024977204661809,15.686861572438374,16.229281765824908,17.062902088169267
0.73205273949296557,11.417225800480992,11.286156524251965,11.415680107752905,11.39807865509556,11.49463879713403,11.530911531753191,11.648579920131397,11.745854416893962,11.880222897813383,12.031428705910002,12.175964269335964,12.348718539689798,12.485443077194759,12.744622676309518,12.902805115825231,13.256716752791363,13.407011921630328,13.875496636784192,14.086562136876637,14.638884696104924,15.024985379070131,15.686869946222487,16.229291379070673,17.062911819942201
0.73205278546731845,11.417233693219714,11.286163493733056,11.415687113067179,11.398086424389021,11.494645356260662,11.530917882393624,11.648585774688854,11.745860730552977,11.880228970816461,12.031435208215953,12.175970639889783,12.348725272898719,12.485448888990049,12.744629601309953,12.902812046874715,13.256723269007125,13.40701861941352,13.875503892370944,14.086569342121038,14.638893288243253,15.024994108339342,15.686880457354164,16.22930117176611,17.06292192842966
0.73205283253573139,11.417240965008659,11.286170998691887,11.41569522838563,11.398093489872281,11.494651664823778,11.530923583300137,11.648591698346536,11.745866356471652,11.880235280977104,12.03144156837925,12.175977362741833,12.348731913780284,12.485455742526028,12.744635717480378,12.902818145762467,13.256730902453,13.407026100167514,13.875511125368575,14.08657727984837,14.638902178224271,15.025002993859289,15.686888633138096,16.229311232282726,17.062932284679846
0.73205288072424002,11.417248484147422,11.286178702359393,11.41570307733673,11.39810042092995,11.494658537475971,11.530930080647977,11.648597623194291,11.745872345853059,11.880242212183475,12.031448396351152,12.175984420953682,12.348738018735276,12.485462180642571,12.744643274877035,12.902825287239466,13.256737574732597,13.407033195807799,13.875518766583355,14.086585314112199,14.638909679234985,15.025011962955432,15.686898629937332,16.22932147055144,17.062943514181825
0.73205293005949945,11.417256032187652,11.286186739882851,11.415711124310747,11.398108355364002,11.494665482934579,11.530935886015413,11.648603731011917,11.745878468393585,11.880248867928913,12.031455107295642,12.1759909439279,12.348744869350412,12.485469221003768,12.744649832693995,12.90283230788782,13.256744951119344,13.407040567359672,13.875526522850578,14.086593569645629,14.638918713359544,15.025021736887084,15.686908295986541,16.2293316470018,17.062955049786069
0.73205298056879908,11.417265145166766,11.286194751677613,11.415718952127008,11.398116636967643,11.494672197815362,11.530942367552598,11.648610058020495,11.745884726557506,11.880255822905383,12.031461509207929,12.175998007784528,12.348752057412185,12.485475790350392,12.744657146095051,12.902839085917094,13.256752468178092,13.407047818362571,13.875534226326636,14.086602746139761,14.638927744956163,15.025030313596289,15.686918470239107,16.229342201874715,17.06296626518224
0.73205303228007779,11.417272649640836,11.286203185891736,11.415727839506872,11.39812453306422,11.494679866738807,11.530949316615533,11.648616568529178,11.745890839711592,11.880263109557745,12.031468956877234,12.17600482484022,12.348759528595565,12.485482878132643,12.744664107005519,12.902846727321503,13.25675940158817,13.407056447699233,13.875541704948319,14.086610006987485,14.638937081016138,15.025040253251063,15.686929229873385,16.229354289347611,17.062978743097119
0.73205308522193935,11.417281068993816,11.286211952028225,11.415736139764249,11.398132364620324,11.494687109213373,11.530955859209371,11.648623255230177,11.745897659493494,11.880270281300909,12.031476251219374,12.176012525020269,12.3487658815543,12.485490409696922,12.744671739645128,12.902853832357323,13.256767447109269,13.40706381354903,13.87554997323241,14.086618668097799,14.638946295557616,15.025050724691027,15.686939957422055,16.22936502779703,17.062990284122861
0.73205313942366823,11.417289602180972,11.286220245377081,11.41574536225653,11.398141361480157,11.49469505668776,11.530962344899308,11.648630416776541,11.745904353384503,11.880277766731979,12.031483677735196,12.176019594339778,12.348773701880873,12.485498305171404,12.744678611169547,12.902861677543115,13.256775403401662,13.407071935997465,13.875558652820473,14.086627685316671,14.638955624089249,15.025061230714982,15.686950435802373,16.229376449959545,17.063003008054238
0.73205319491524545,11.417299001332594,11.286229531349363,11.415754378826932,11.398150030531269,11.494702716030133,11.53096949801693,11.648637051450805,11.745911682555288,11.880285081367219,12.031490855689754,12.176027478354172,12.348780982081735,12.485505328367253,12.74468641208523,12.902870735423221,13.256783812554659,13.407080578589557,13.875568036162349,14.086636736787568,14.638965441146865,15.025071198885598,15.686962410034539,16.229388714984452,17.06301545698625
0.73205325172736602,11.417307781619456,11.286238183262412,11.415763440608316,11.398159057486282,11.494711016169276,11.530976697263213,11.64864473309899,11.745918328378139,11.880292730005294,12.031499220010119,12.176035270598732,12.348789763575951,12.485513591531799,12.744694886257093,12.902877145260391,13.256792117070745,13.40708845869267,13.875576342738441,14.086645853218215,14.638976127830119,15.025082954022764,15.686973701676834,16.229400729769623,17.063028852140178
0.73205330989145512,11.417317180617374,11.286248058959245,11.415772859842946,11.398167696077053,11.49471844670461,11.530984258697572,11.648651454255287,11.745925375736988,11.880300643027113,12.031506757035913,12.176043338994987,12.348797129662671,12.485521762845565,12.744703086983918,12.902885851582596,13.256800715427289,13.407097269764108,13.875585133209825,14.086655740499282,14.638985888511797,15.025093459558775,15.686984445912913,16.229412527680779,17.063041539402548
0.73205336943968569,11.417327016743911,11.286256985824366,11.41578267268369,11.398177406165814,11.49472669871966,11.530992332379356,11.648658921074912,11.745932919017832,11.880308704236541,12.031514940810212,12.176051862792974,12.348804920125531,12.485529381452579,12.744711089528209,12.902894498886326,13.256809090094976,13.407106341493545,13.875594280411406,14.086665225688648,14.638996600198425,15.025104755100529,15.686996292914046,16.229425596965484,17.06305503677595
0.73205343040499637,11.417335518857271,11.286266510079258,11.415792375868023,11.398186942520624,11.494735263047005,11.53099959959718,11.648666924520512,11.745940776092993,11.880316846962614,12.031523672060757,12.176059935855847,12.348813408129899,12.485537897611266,12.74471997613864,12.902903002798666,13.256817740478709,13.407115944462021,13.875603865791163,14.086675939262477,14.639006939933097,15.025116387985236,15.687009101370677,16.229437883701394,17.063068841077893
0.73205349282110987,11.417346243757947,11.286276946686939,11.415802796106163,11.398196711182209,11.494744209897362,11.531007843146199,11.648674710582327,11.745948430789213,11.880325542450009,12.031532239113403,12.176069102290967,12.348822171299616,12.485546989824797,12.74472813836428,12.902911554829643,13.256826881469806,13.407125226689004,13.875614220104126,14.086686415403619,14.639018390903402,15.025129002807262,15.687021358156017,16.22945134477277,17.063082990120165
0.73205355672255112,11.417356657365872,11.286287198832724,11.415812950988766,11.398206817405026,11.494753311698332,11.531016089917102,11.648683119898578,11.745956575515265,11.880334313795174,12.031540696029424,12.176077772462122,12.348831701839572,12.485555242880309,12.744737935391186,12.902920600966809,13.256837055240794,13.40713426383536,13.875623913716026,14.086696226715503,14.63902970283516,15.025140383847884,15.687035780023962,16.229465041126332,17.063097684391323
0.73205362214466663,11.417366582760678,11.286297407881193,11.415823796944096,11.398217054347697,11.494762152663043,11.531024081697524,11.648690998425536,11.745964496554279,11.880343269929199,12.031549476764667,12.176087049621856,12.348840595180263,12.485564558697661,12.744747113647918,12.902929877307088,13.256845551213246,13.407144020104624,13.875633243103948,14.086706410857005,14.6390410287554,15.025152970853469,15.687047389207692,16.229478855205343,17.063112297993939
0.73205368912364432,11.417377396058328,11.286308059246039,11.415834558221832,11.398227273939483,11.494771483624845,11.531032738687827,11.648699307661445,11.745972755598814,11.880352127736842,12.031558621545628,12.176095952934247,12.348849295759919,12.485573819902584,12.744756672947915,12.902939601811795,13.256856349153168,13.407154582529074,13.875643868891984,14.08671768013437,14.639053470682484,15.025165722320253,15.687061273153631,16.229493043730599,17.063127535473086
0.73205375769653303,11.417388145671339,11.286319168238606,11.415845875170817,11.398238362965003,11.494781255019006,11.531041472265315,11.648707955690952,11.745981461684096,11.880361574988456,12.031568011292165,12.176105516690313,12.348858285980441,12.485582866509048,12.744766116156825,12.902949204009929,13.256865517198094,13.4071648181407,13.875654698186281,14.086729161884705,14.639065293240947,15.025177877597343,15.687074341472908,16.229507380610812,17.063143080988993
0.73205382790126339,11.417399417805882,11.286330568766061,11.415857078823592,11.398249000616943,11.494790967860354,11.531050210829562,11.648716108508324,11.745989849125635,11.880371306268898,12.03157776040689,12.176114971730385,12.348868409520946,12.485592889219333,12.744775663990367,12.902958726986526,13.256875777117784,13.407175060372083,13.875666827109399,14.086740834796728,14.63907805319559,15.025191759517838,15.687088908425721,16.229522440830806,17.063159119596094
0.73205389977666857,11.417411811093643,11.28634229336194,11.415868791223602,11.398260630442564,11.494800603059048,11.531059247516623,11.64872572727154,11.745998855798462,11.880380939661336,12.031587151320764,12.176125055087596,12.348877871676905,12.485602556905178,12.744785903902084,12.902969435512659,13.256886272793963,13.407186148829624,13.875676423459936,14.086752142930436,14.639090875668444,15.025206071752109,15.687103166776069,16.229537961966798,17.063175551856148
0.73205397336250611,11.417422530691056,11.286353695747493,11.415880834524614,11.398272430817997,11.494811063746965,11.531068674412836,11.648734620657706,11.746007872867267,11.88039128904893,12.031597504408182,12.176135152248662,12.34888814561873,12.485613108989583,12.744796111423511,12.902979558730749,13.256897538667999,13.407197437056311,13.875687893740633,14.086764831944947,14.639103537740084,15.025219638032922,15.687117862871673,16.22955323392398,17.063192088108281
0.73205404869947921,11.417435170565568,11.286365807961829,11.415893339993545,11.398283545071536,11.494821606863752,11.531078521023574,11.648744508759592,11.746017386237327,11.880401465198247,12.031607751900538,12.176146061191048,12.348898301021563,12.485623136653885,12.744806934244025,12.902990037248856,13.256907941692134,13.407208052678016,13.875699877379247,14.086776653371089,14.639117488553893,15.025233623166514,15.687133254213222,16.229569996571627,17.063209171706603
0.73205412582926022,11.417447413278751,11.286378097399847,11.415905759928137,11.398295477532884,11.494832673919518,11.531088159384126,11.648754007607749,11.746027088314804,11.880411717705556,12.031618500051536,12.176156136641112,12.348908938529803,12.485634026124444,12.744817794243318,12.903001520090129,13.25691906696693,13.407219528512542,13.875711555109774,14.086789324183883,14.639130821451545,15.025248467180063,15.687149217324531,16.229585702153145,17.063227352281956
0.73205420479451278,11.41745983702458,11.28639079766026,11.415918731090187,11.398308523479955,11.494843236103407,11.53109823153045,11.648763742700794,11.746036520549751,11.880422962105058,12.031629513259304,12.176167797695598,12.348920259822989,12.485644624492579,12.744829135454893,12.903012692428092,13.256930703901617,13.407231216594937,13.875724071216155,14.086801474310505,14.639144781933283,15.025263886204812,15.687164626186586,16.229602945013539,17.06324470284153
0.73205428563891595,11.417472805389934,11.286403769028311,11.415932133209026,11.39832085885746,11.494854827183644,11.531108640072489,11.648773674147833,11.746046946399474,11.880433913276647,12.031641032870539,12.176178712140882,12.348930918691622,12.485656307901081,12.744840351935181,12.903023629739891,13.256942402168534,13.407243532403754,13.875736686812616,14.086815130799096,14.639158374132421,15.025279057038915,15.687180365433051,16.229620089306991,17.063263485054449
0.73205436840718829,11.417485881968332,11.286417480717319,11.41594580491892,11.398333856207501,11.494866380127405,11.531118897843044,11.648784027904185,11.746057260340876,11.880445022854929,12.031651558447265,12.17618999484921,12.348943371705445,12.485666942586704,12.744851890439804,12.903035420906235,13.256954763223803,13.407256267347293,13.875748964534523,14.086829177127129,14.639174070166973,15.025295238375293,15.687196973758546,16.229637127434216,17.063282307720328
0.73205445314511242,11.417500029352595,11.286430333413591,11.41595920073496,11.398347302424099,11.49487811161589,11.531129629430325,11.648794583777999,11.7460678757393,11.880456546704409,12.031663208329064,12.176201723377289,12.348953851913393,12.485679154760874,12.744863839541722,12.903047470999354,13.256966921545427,13.407269023277877,13.875762498584663,14.086842955152861,14.63918923139272,15.025310717776392,15.687214258130098,16.22965582429697,17.063301412417786
0.7320545398995606,11.417513996449088,11.286444402730467,11.415973294791456,11.398360527171008,11.494890261744331,11.531140925921136,11.64880530301798,11.746078839776601,11.880468201839449,12.031674922604452,12.176213665635714,12.348966230980295,12.485691067738571,12.744875913975193,12.903059978611054,13.256980018627473,13.407281244718433,13.875775378084199,14.086856641481972,14.639203406121851,15.025326806789053,15.687231290505224,16.229674086212981,17.06332084537371
0.73205462871852023,11.417527205039733,11.286458442655203,11.415987858992594,11.39837409666643,11.494903157098634,11.531152235020727,11.648816796043775,11.746089796577508,11.880480835635353,12.031687193682046,12.176225973923465,12.348978381027337,12.485703587995886,12.744888652321151,12.903072106492345,13.256992936893766,13.407295595543474,13.875789489374711,14.086871594333388,14.639219779846371,15.025344184308778,15.68724947261353,16.229692706230253,17.063341329964715
0.73205471965112101,11.417542080166186,11.286473030332218,11.416002246317476,11.398388879918002,11.494915467462306,11.531163833428764,11.648828662229334,11.746101062320577,11.880492646197126,12.031699430649496,12.176239154483028,12.348990424954081,12.485715948106645,12.744901298408422,12.903085571350402,13.257005899157775,13.407308434636889,13.875803979789907,14.086886695203702,14.639235431530324,15.025361291684021,15.687267716845327,16.22971196568642,17.063361648780301
0.7320548127476616,11.41755707375296,11.28648807824311,11.416017237510005,11.398404061814745,11.494928217877714,11.531175421948774,11.648840024752644,11.746112504274151,11.880505843546871,12.031712094528302,12.176252066195502,12.349003424727925,12.485728495003514,12.744914373262418,12.903098616216539,13.257019750253221,13.407322586845567,13.875818144958885,14.086901376263995,14.639252171929002,15.025379020321907,15.687286254050832,16.229731911034378,17.063382950431333
0.73205490805963769,11.417572299039421,11.286503364404325,11.416032900993741,11.398418298720571,11.494941882252533,11.531188639914035,11.648851692039898,11.746124445045098,11.880518426934941,12.031725528290735,12.176264882006308,12.349016653259696,12.485741431382394,12.744928144782989,12.903111974379499,13.257033455255169,13.407336818750082,13.875832654947772,14.086917573356004,14.639269379774305,15.025396774277397,15.687305412502155,16.229751865325397,17.063404482315036
0.73205500563977033,11.417588232147864,11.28651872517321,11.416049077078242,11.398433512885731,11.494955469158413,11.531200090518723,11.648864309814599,11.746136635288622,11.880531866726869,12.031738727769152,12.176278336928135,12.349030022729039,12.485754858347264,12.744941296391517,12.903125501123213,13.257047579155369,13.407351684504192,13.87584773799108,14.086933351715288,14.639286192720647,15.025415498755137,15.687324741224074,16.229772559560388,17.063426732761855
0.73205510554203546,11.417603549990417,11.286535162304517,11.416065179134421,11.398449056777281,11.494969653754197,11.531213105972256,11.648876690207089,11.746148910331158,11.880545531289499,12.031752396133015,12.176292022058078,12.349043545331369,12.485768691238718,12.744955642293462,12.903139338704477,13.257062324246817,13.407367057536703,13.875863494753503,14.08694944573881,14.639303762916825,15.02543472001571,15.687345396358523,16.229794027782191,17.063450156982526
0.73205520782169309,11.417620013603937,11.286551527105075,11.416081846039106,11.398465165064408,11.494983901899559,11.531226084906848,11.648889155566394,11.746161574464622,11.880559084033848,12.031766027490903,12.176306341313193,12.349057851118687,12.485783196688317,12.744969977893106,12.903154408349565,13.257077153473801,13.407381626555889,13.875879129091118,14.086966195363402,14.639322312149034,15.025454394443386,15.687365764377319,16.229815058552049,17.063472925892256
0.73205531253531853,11.417636958800358,11.286568037783582,11.416099137037236,11.398481612713567,11.494998217259763,11.531239125275079,11.648902448003355,11.746174564957528,11.880573748033385,12.031780723181328,12.176320670860605,12.34907230939325,12.485797005494533,12.7449851269389,12.903169585719752,13.257092447037849,13.407397138710166,13.875895589237189,14.086983896629135,14.639340798579269,15.025473954560312,15.687386859498019,16.229837320955994,17.063496754669814
0.73205541974083344,11.417654312060677,11.286585813546026,11.416116585734471,11.398498648409713,11.495013480984653,11.531253013970854,11.648915867588585,11.746187989979262,11.880588226364125,12.031795399307612,12.176335473425752,12.34908768429159,12.485812016248474,12.745000292897203,12.903184857273118,13.257107716131031,13.407413467662082,13.875911639734568,14.087000809391611,14.639359586843966,15.02549418038916,15.687408488508936,16.229860727480627,17.063520516409426
0.73205552949753772,11.417671899487686,11.286602692821361,11.416134177729418,11.398515859938925,11.495028488657681,11.531266611435512,11.648929210580263,11.746201229079361,11.88060378821001,12.031810335298815,12.176351787193198,12.349102005239274,12.485827292282465,12.745015284944657,12.90319965704839,13.257123973935904,13.407430449748063,13.87592914733068,14.087018953156075,14.639379166767867,15.025515182354411,15.687430371946903,16.229883781598801,17.063545887498094
0.73205564186614236,11.417689601435086,11.286620551863052,11.416152762707952,11.398532973830697,11.49504445913044,11.531281841307646,11.648943468470407,11.746215829822631,11.880618779288852,12.031825626747832,12.176366038027936,12.349117727289922,12.485842564908125,12.745030908496119,12.903215493838161,13.257140271882236,13.407446689072003,13.875946800735164,14.087037204433273,14.639399230997697,15.025536140267377,15.687452591379042,16.229907203414314,17.063571470004263
0.73205575690880342,11.417707780096407,11.286639107571773,11.416171610939273,11.398551275351565,11.495061068880204,11.531295496283747,11.648958226493505,11.746230277657105,11.880634276638375,12.031841094783431,12.17638188764613,12.349133464328133,12.485858681296577,12.74504685027523,12.903232391231995,13.25715748005041,13.407464352682382,13.875964298049894,14.087056525213939,14.639419506401737,15.02555849498367,15.687476191107635,16.229932150621607,17.06359768241191
0.73205587468915578,11.417726891238544,11.286658124148289,11.416190708532213,11.398569888683596,11.495077346761718,11.531310805105477,11.648973050624591,11.746244918406319,11.880650177550251,12.031857503840456,12.176398968282683,12.349149716391821,12.485875139464042,12.745063982878946,12.903248635975615,13.257175084896517,13.407481711650689,13.875982053475582,14.087075677231951,14.639440418317918,15.025580524277757,15.687499344837306,16.229957817225113,17.06362411740065
0.73205599527234899,11.417745553674649,11.286677416429484,11.41621068487666,11.398588756965637,11.495094324028287,11.531325909951647,11.64898785568721,11.746259832819305,11.880666697617926,12.031874559813332,12.176415294056824,12.349165971155799,12.485891151650321,12.745080792758927,12.903265079022731,13.257192415511781,13.407499769943115,13.87600130740293,14.087095823355867,14.639461624885826,15.025603578186747,15.68752402027485,16.229984933971082,17.063651563541953
0.73205611872508247,11.417765954314746,11.286697244287552,11.416230113371057,11.398608567882548,11.495110957770521,11.531341919122042,11.649003652751162,11.746274984919182,11.880683467824383,12.031890684248538,12.17643243452585,12.349182777651549,12.485908514713174,12.745097867760251,12.903282655413477,13.257210410488824,13.407518334356155,13.876020316023187,14.087115242044547,14.639483556423784,15.025626828778513,15.687548141918342,16.230008867086781,17.063679436982966
0.73205624511564349,11.41778628353677,11.286717353281347,11.416250800273247,11.398628413622191,11.495129025649476,11.531358016434751,11.649018872243687,11.746290881294499,11.880701098726149,12.031908070456211,12.176449514270644,12.349199871933251,12.485925797902382,12.745115898486802,12.903300546288847,13.257229300168547,13.40753730553979,13.876039776253037,14.087135906263029,14.639505805903809,15.025651074731286,15.687573812160281,16.230036073030988,17.063708327671065
0.73205637451394379,11.417806309471416,11.286737877327141,11.416271844521361,11.398647766152862,11.495146814307191,11.531374002619032,11.649035222314978,11.746306893995097,11.880718514878481,12.031925741882787,12.176467346677327,12.349217901589782,12.48594328794843,12.745134122627405,12.903318902526735,13.257247528546031,13.407556587404088,13.876059899034772,14.087157062671849,14.639529148251768,15.025675668801796,15.687600019889942,16.230063163302475,17.063737503149241
0.73205650699155933,11.417827586825751,11.286759069564596,11.416293391516774,11.398668726171309,11.495165416155487,11.531391134963997,11.649052177885551,11.746323755255617,11.88073679715626,12.031943850513471,12.176485792478616,12.349236594330705,12.485962242425558,12.745153094917896,12.903337596556867,13.257267081358805,13.407575974348674,13.876080560138689,14.087178518294877,14.639552697773524,15.025700802062147,15.687626885516238,16.230091599511525,17.063768033642646
0.73205664262176906,11.417849259142258,11.286780978253319,11.416315842744552,11.398689800683314,11.495184586988216,11.5314083528624,11.649068936692402,11.74634001409504,11.88075533087067,12.031962637158813,12.176504053697045,12.349255265553438,12.485980592835404,12.745171623546412,12.903357067991237,13.257286577304967,13.407596683563497,13.876101959323933,14.087201107803594,14.639576921678326,15.025726517684234,15.687653685357873,16.230120315649856,17.063798896898334
0.73205678147959574,11.417871581544205,11.286803391817557,11.416338536348576,11.398712700544365,11.495203781046712,11.531426424595338,11.649086193876883,11.746357360138063,11.880773880976903,12.031981372936571,12.176523938795071,12.349273772696506,12.485999596190595,12.745191014359079,12.903376049097915,13.257307037371447,13.40761722419802,13.876123046491102,14.087223665215333,14.639601332891289,15.025753141172117,15.687681544517545,16.230149731538859,17.063830376785063
0.73205692364184771,11.417894700758097,11.286825658658017,11.416362364566794,11.398733978659948,11.495223469686607,11.531443852416942,11.649104121508572,11.746374998988358,11.880793202325094,12.032000381219859,12.176543484550166,12.349293438080622,12.486019064853735,12.74521091973611,12.90339679241788,13.257327703231567,13.407638433352986,13.876145090906448,14.087246972548655,14.639626010741267,15.025780071283862,15.687709900365007,16.230180016910253,17.063862424031413
0.73205706918716096,11.417917478432628,11.28684890661043,11.416386100325326,11.398756722647704,11.495244018557059,11.531462506491152,11.649122194709435,11.746393814322346,11.880813205971208,12.032020301478497,12.176563864795298,12.349313235332829,12.486039623343004,12.745231809480174,12.903417037093277,13.257348667139013,13.407660685044902,13.876167107288893,14.087270596336111,14.639652098244824,15.025807202305714,15.687739424998199,16.230210599705515,17.063895463319113
0.73205721819604275,11.417941110778884,11.28687327315447,11.416410654694573,11.398780128966791,11.495265053140429,11.53148154940709,11.649141370799953,11.746411621777497,11.880833586524204,12.03204103296639,12.176584119667041,12.34933377170546,12.486059754488451,12.745252773985158,12.903438468304557,13.257370646934305,13.407683166075458,13.876190749815578,14.087294850605304,14.639678349904443,15.025835325193384,15.687769304113317,16.230242241408178,17.063929442414519
0.73205737075091637,11.417965843139427,11.286897307487379,11.416434374408254,11.398804032227872,11.495286043724718,11.531501171217769,11.649159763746411,11.746430271664849,11.880854375647232,12.032061502016859,12.17660586115835,12.349355078664757,12.486080526926798,12.745274544097356,12.903459867593028,13.25739294703817,13.407705697280107,13.876213961440044,14.087320294606798,14.639705031738686,15.025865783293739,15.687799612160234,16.230276105308803,17.063964130039039
0.73205752693616633,11.417990354158064,11.286922260322626,11.416459569982635,11.398828453561691,11.495307753979432,11.531520938215635,11.649179267975342,11.74645029995645,11.880875422893496,12.032083148022139,12.176627075251872,12.349376699113691,12.486102391293116,12.745296139810762,12.903482199509199,13.257415564846724,13.407728806270825,13.876239002776856,14.08734566819885,14.639732795052169,15.025894397901538,15.687831211211233,16.230307963160612,17.0639993641621
0.7320576868381854,11.418016345558044,11.286947806422631,11.416485328386898,11.398853244970269,11.495330433353047,11.531541389374524,11.649199796514495,11.74647048982888,11.880897388386984,12.03210495565736,12.176648961213232,12.349397825765209,12.486124042555275,12.745318529566703,12.903504677277397,13.257438915583407,13.407752553771388,13.876263253040179,14.087371886430901,14.639761702743726,15.025925839451702,15.687863479217867,16.230342173052122,17.064036078069421
0.73205785054542227,11.418042119388247,11.286973968495658,11.416512545088153,11.398879134037998,11.495353056988733,11.531561905859689,11.649221022072197,11.746490067132527,11.880919398910919,12.032127254008628,12.176671794117283,12.349420474874023,12.486146204436864,12.745341876607199,12.90352761654367,13.257463387706593,13.407777650515072,13.876288776686124,14.087398461830162,14.639790577920394,15.025955992229228,15.68789660972925,16.230376867391442,17.064072482421579
0.7320580181484303,11.418068672529444,11.287000821982474,11.416539465039932,11.398905303383344,11.495376783841493,11.53158359293775,11.649240593597824,11.746511152402036,11.880942655300714,12.032150048677522,12.176695081996058,12.349443431431609,12.486170323642909,12.745365388680511,12.903551208002227,13.257487328198295,13.407802597275804,13.876314053822625,14.087425892278134,14.639820140012034,15.025987587101099,15.687929739422088,16.230412447882827,17.064110948089365
0.73205818973991799,11.41809664986522,11.287028575482964,11.416567306993784,11.398932295983741,11.495400981685634,11.531605274005869,11.649262283440748,11.746532417224444,11.88096578050363,12.032173419579976,12.176718635686939,12.34946739500856,12.486193418001676,12.745389218674518,12.90357534226041,13.25751258281889,13.407828188454459,13.876340924402029,14.087454086616162,14.639850758069315,15.026020363422958,15.687964272294266,16.230448618545779,17.064150231207805
0.73205836541479985,11.418125085522661,11.287056633788779,11.416596007145927,11.398959190667028,11.495426339130518,11.531627920992378,11.649284317502406,11.746554133511836,11.88098966328289,12.032197426850416,12.176743236845141,12.349491100098476,12.48621807994823,12.745413843746519,12.903600754984836,13.25753880989123,13.40785463662678,13.876368106135942,14.087482968106997,14.639881650357893,15.026053626842895,15.688000108621964,16.230485874494207,17.064190249656349
0.73205854527024916,11.418152707584341,11.287085446920628,11.416625407454831,11.39898763491874,11.495450209517912,11.531650618592266,11.649307140148267,11.746576433439714,11.881015274247147,12.032222297223143,12.176768360234291,12.349515972473455,12.486242437994406,12.745439398890994,12.903625725055463,13.257564614966668,13.407882212264667,13.876395855837927,14.087512131110088,14.63991315747171,15.026088093892668,15.688035278917596,16.230523942920627,17.064230317702368
0.73205872940575167,11.418182749033804,11.287114531666248,11.416655623523184,11.399016821247642,11.495475995278866,11.531674040740654,11.649329792924163,11.746599432266066,11.881039425780273,12.032247274753445,12.176793633122088,12.349541495520498,12.486267507394132,12.745464602665379,12.903651885455474,13.257591514399792,13.407909214306983,13.876424238627351,14.087542880911315,14.639945449359857,15.02612322224104,15.688072278402615,16.230563005185104,17.064273053484158
0.73205891792316058,11.418212517541633,11.287144893902678,11.416685847097597,11.39904601993112,11.495502895498703,11.531697627414815,11.64935320968516,11.746622804746949,11.88106529252309,12.032272947963065,12.176819664074628,12.349567105391998,12.486293801351621,12.74549119982521,12.903678054269221,13.257618152192663,13.407937022560873,13.876453516978017,14.087573264378989,14.63997942171909,15.026158326781115,15.688110498894275,16.230603537639126,17.064315817400711
0.73205911092675291,11.41824356051211,11.2871759007121,11.416717074762801,11.399076280950339,11.495529491037814,11.531722339997032,11.649377508134876,11.746646894245259,11.881091341587307,12.032299393139056,12.176846178997494,12.349593991223173,12.486320674539911,12.745518401915433,12.903706336966479,13.257646705701063,13.407966670262795,13.87648386100409,14.087604754468884,14.640013634571915,15.026195443254892,15.688148650457606,16.230644068979927,17.064359471135504
0.73205930852328738,11.418274705572912,11.28720738337006,11.416749556881314,11.399107306924634,11.495556967616722,11.531747870672916,11.649402582652328,11.746671487065214,11.881118685013917,12.03232619651817,12.176873378718483,12.349620681952729,12.486348340776658,12.745546303555784,12.903733409304095,13.257675680452849,13.407995845148889,13.876514517374289,14.087636652190668,14.640048546939397,15.026232932158109,15.68818826086499,16.230685658722905,17.06440478686045
0.73205951082206278,11.418307205038673,11.287239685982058,11.416782353401231,11.399139172085142,11.495585179060072,11.531773205588706,11.649427954002476,11.746696246621013,11.881146135063773,12.032353966943447,12.176901529071984,12.349648695435917,12.486375610109008,12.745574311305063,12.90376200577748,13.25770505832952,13.408026296991011,13.876545781902678,14.087670327604428,14.640083905698702,15.026271627903498,15.68822881249298,16.230728929625911,17.06445043354779
0.73205971793497937,11.418340426230316,11.287272645343364,11.416816032209681,11.399171428107366,11.495614200925502,11.531799862310436,11.649453730028199,11.746721992858056,11.881173728478188,12.032382240826792,12.176930610238287,12.349676747796821,12.486403869117567,12.745604151401494,12.903791441881822,13.257735421687357,13.408056789377497,13.876577721091508,14.08770370476077,14.640120629699595,15.026310183553051,15.688270297604959,16.23077244440401,17.064497238873173
0.73205992997660008,11.418373867600167,11.287306652672214,11.416850602202885,11.399204504036788,11.495643858992025,11.531826445440402,11.649480155185302,11.746748402167213,11.881203133527379,12.032411494840744,12.176959575724595,12.349706321519079,12.486433286267584,12.74563310791973,12.903822146444327,13.257766415755668,13.408088790095007,13.87661023096598,14.087738326294129,14.640158117946157,15.026350810906933,15.688313204765109,16.230817625269083,17.064546469885045
0.73206014706421429,11.41840871466502,11.287341100874528,11.416885769295277,11.399238908027655,11.49567378763868,11.531854203995408,11.649507196795639,11.746775473129219,11.881232431862372,12.032440841463995,12.176989456211686,12.349736127158394,12.486463813379942,12.745664333212517,12.903852075763552,13.25779788710588,13.408120988883638,13.876644460889565,14.087774637190705,14.64019682254866,15.026391633740332,15.688357346750763,16.230863989787849,17.064594748586387
0.73206036931790242,11.418444488020214,11.287377091501185,11.416922075833554,11.399273493254896,11.495705152456139,11.531882287782537,11.649534797660181,11.746803328870556,11.881262655893352,12.032470926631959,12.177020051746695,12.349766347941113,12.486494172309449,12.745695280203108,12.903883845687687,13.257831011847884,13.4081548643735,13.87667796732012,14.087810758646356,14.640235810428749,15.026433712529524,15.688401253941265,16.230911093102804,17.064645139223558
0.73206059686060232,11.418480310251198,11.28741384709474,11.41695932935454,11.399308847584507,11.495737213768734,11.531911223887164,11.649563264951666,11.746831588086025,11.881293813233242,12.032502413507245,12.177051448923976,12.349797396414942,12.486525023755803,12.745727845036981,12.903915521386807,13.257863965576234,13.408188738951594,13.876713933269912,14.087849206318879,14.640277045446055,15.02647695739779,15.688447078298395,16.2309598160723,17.064696838301188
0.73206082981817777,11.418517778282421,11.287450677006291,11.416996899489732,11.399345363727207,11.495769251993806,11.531941068411015,11.649592765376838,11.746860347151596,11.881324791718271,12.03253410021216,12.177084131940319,12.349829397377107,12.486557116889344,12.745760004488147,12.903948606892754,13.257897767306076,13.408223254812128,13.876749670594563,14.087885749562702,14.640317196263368,15.026522405072683,15.688493706042209,16.231008661759461,17.064749535502415
0.73206106831948747,11.418555781054238,11.287488710654998,11.417035842621317,11.399382367561429,11.495802799758621,11.531970775929494,11.649622262573303,11.746889839773758,11.881358133279264,12.032566732992109,12.177116953892437,12.349862255143762,12.48658993654135,12.745793416547713,12.903982361936414,13.257932154102036,13.408259313794588,13.876786555404124,14.087924893383843,14.64036083280007,15.026566790252218,15.688540996580741,16.23106003757357,17.064803169645074
0.73206131249645678,11.418594814143034,11.287527569151734,11.417075990206285,11.399420649238891,11.495836714397228,11.53200207202417,11.649652919005803,11.746920187891646,11.881391244866791,12.032600421522602,12.177150703861116,12.349896266420728,12.48662317595381,12.74582800993403,12.904017214378655,13.257967626233039,13.408296586423603,13.876824062632295,14.087965016036378,14.640402896211071,15.026614280620379,15.688590511461371,16.231111297615371,17.064859149700169
0.73206156248415022,11.418634445091811,11.287568262770037,11.417116364708818,11.399459939407279,11.495871968661504,11.532033720862728,11.649683956567969,11.746951289811022,11.881425184845739,12.032634078970204,12.177185923046636,12.349929981417063,12.486657810302859,12.74586290272191,12.904052373326522,13.258004024349248,13.408332951522425,13.876862649773557,14.088005748633805,14.640447558184405,15.026660326247111,15.688640436166679,16.231164047757829,17.064915406049749
0.73206181842084683,11.418676309263446,11.287608923665175,11.417157830813721,11.399499846421804,11.495907496815107,11.532066743161067,11.649715934547203,11.746983273822934,11.881459818641815,12.032669174567218,12.177220778419269,12.349964934701347,12.486692916031643,12.745898746492003,12.904088132365814,13.258042045145885,13.408371300909494,13.876902480472836,14.083155294043536,14.640492396439186,15.026709121493241,15.688691588638903,16.231218282673581,17.064973842999734
0.73206208044811605,11.41871724323164,11.287650791480246,11.41720037466348,11.399541412565668,11.495944373220027,11.532100033773077,11.649749154580149,11.747015826953884,11.881495904353415,12.032704728031149,12.177257421862123,12.35000101102878,12.486729716881655,12.745936407307454,12.904124985352155,13.258080495339073,13.408410561609344,13.876943185731761,14.083199118887478,14.640538821072369,15.026758506266106,15.688744985330231,16.231274988514997,17.065033460536142
0.73206234871089637,11.418759966764355,11.287693306977417,11.417244200828918,11.399582793641912,11.495981673073857,11.53213379353474,11.649782844558104,11.74704940138372,11.881532316202993,12.032741181747497,12.177294038419859,12.35003793073929,12.486766235956566,12.745973537285408,12.904162921203351,13.258118978396851,13.408450693292252,13.876984343763979,14.083242285640154,14.640586216276461,15.026809538861016,15.688797665595303,16.231330603318838,17.065094694491108
0.73206262335757544,11.418804033961351,11.287737233078133,11.417288736233331,11.399626160004118,11.496020328335362,11.532169018321838,11.64981665973437,11.747082991897059,11.881569617814876,12.032778987891106,12.177332248340463,12.35007539631988,12.486803711315133,12.746013301225048,12.904201600978467,13.258158829454715,13.408491459883862,13.877026869534802,14.083287525442756,14.640634869565019,15.026861785840538,15.688853487921733,16.231390038118207,17.065156347106495
0.73206290454007206,11.418848973165495,11.287782409895954,11.417334396114256,11.399670022557075,11.496059275459629,11.532205182083544,11.649851971678345,11.747117956569127,11.881608011284243,12.032816920738696,12.177370745612734,12.350114210418269,12.486842279004577,12.746051567931318,12.904241510791508,13.258199674400203,13.408534148650688,13.87707068689042,14.083333426003719,14.640684817942201,15.026915420767637,15.688909356002114,16.231448618711056,17.06522078539092
0.73206319241392026,11.418894588575313,11.287828786355021,11.417381703172396,11.399714824579405,11.496099510107342,11.532241120411527,11.649887963294987,11.747153518308096,11.881647459731084,12.03285633402993,12.177410569473523,12.350153640075405,12.486882198943476,12.746092191209755,12.904282048361438,13.258241848276612,13.408576684045329,13.877115330920788,14.083380638673589,14.640735249589397,15.026970173123118,15.688967682101065,16.231509944063873,17.065285607947771
0.73206348713835534,11.418941465872649,11.287875209546655,11.417429449786141,11.399761862816376,11.496140726065278,11.532278651463912,11.649924927494794,11.747190227788906,11.881687381696793,12.032896985054322,12.177451609268246,12.350194176658079,12.486923224021211,12.746133145968543,12.904324033788726,13.258285048420476,13.408620714651079,13.877160421155168,14.083428842394369,14.640788081834671,15.027025595313717,15.689026390921754,16.231572594986574,17.065352277383681
0.732063788876402,11.418989635539219,11.287923443285763,11.41747819624652,11.399808256620418,11.496183060174189,11.532316898177214,11.649962194907403,11.747227932486112,11.881728918304816,12.032938055637715,12.177492856254958,12.350235193400749,12.486963898697923,12.746175481185674,12.904366789611686,13.258329569911893,13.408666109061869,13.87720699817919,14.083478893923257,14.640841150259803,15.02708279010858,15.689087080807894,16.231636601326954,17.065420941150023
0.7320640977949644,11.419038780870778,11.287973307520588,11.417528793151632,11.399856833656031,11.496225632431106,11.532356210426769,11.650000920370076,11.747266351805592,11.881770133211376,12.032979931501359,12.177535660198828,12.350277791244025,12.487006752592151,12.746219096619825,12.904410054161872,13.258374204150641,13.408712280032432,13.877254990674828,14.08352905810716,14.640895528753845,15.02714183518674,15.689148551593917,16.231701646776855,17.065490655792019
0.73206441406491873,11.419089215161875,11.288023240532311,11.417580346676459,11.399906103933063,11.496270623189503,11.532396734485246,11.65004103635647,11.74730550735967,11.881813133275045,12.033023106570909,12.177579306089683,12.350321304764293,12.487050076982541,12.746263264147728,12.904454488741521,13.258420029485933,13.408760105059628,13.877304353971795,14.083581358821903,14.640951766740272,15.027201626064652,15.689211814066766,16.231768376156197,17.06556277361733
0.73206473786120718,11.419141466727069,11.288074962852534,11.417632571692138,11.399956771232155,11.496315299218622,11.53243741801225,11.650080838429858,11.747345677302292,11.881857599827526,12.033067639320052,12.177623999905336,12.350365629135013,12.487094592264839,12.746308798736663,12.904500814740459,13.258467198417293,13.40880786440357,13.877354207607823,14.08363416764405,14.641008808482638,15.027263695715192,15.689276767647243,16.231837221032947,17.065636555188121
0.73206506936293558,11.419194769975093,11.288128157187657,11.417686506613336,11.4000084630743,11.496361211060503,11.532479881524978,11.650122199306679,11.74738690409913,11.881902656343755,12.033112794033059,12.177670092998596,12.350410655077212,12.487140336680113,12.746355366194166,12.904547936377185,13.25851583534677,13.408857710271604,13.877405545814327,14.08368851574096,14.641067988079612,15.027325718637712,15.689343220577939,16.231907962157038,17.065710991113519
0.73206540875347159,11.419248569382034,11.288182706172392,11.417741983175347,11.400061639224987,11.496409092370413,11.532522767258797,11.650164844506889,11.747429023741006,11.881949395772153,12.033158840084525,12.177716893726029,12.350457203763654,12.487186351704622,12.746403307612582,12.90459474325371,13.258565010933125,13.408908244727627,13.877458245869548,14.083744826374186,14.64112788571947,15.027390013999138,15.689411352484967,16.231979326103101,17.065789277967724
0.73206575622054648,11.419303944421699,11.288237692251187,11.417798657922503,11.400116003049789,11.496457459083558,11.532566779858371,11.650208055383246,11.747471640176173,11.88199581990466,12.033206101039468,12.177764864291021,12.350505080942639,12.487234419423658,12.746451704505034,12.90464476005036,13.258615651359833,13.408960420597396,13.877512214497983,14.083800930338839,14.641189904817111,15.027456000057555,15.689481296805297,16.232053519495821,17.065867522073404
0.7320661119563594,11.419360580601278,11.288294986880373,11.417856508944169,11.400171283631607,11.496507178159391,11.532612017055726,11.650252574125716,11.747516269126208,11.882044212373785,12.03325447917905,12.17781388587855,12.350554051562995,12.487283175400989,12.746501474928664,12.904694009047944,13.258667150064866,13.409013612322724,13.877566498801116,14.083859897722505,14.641252112761322,15.027523122258572,15.689552234547136,16.232129699346842,17.065948076147833
0.73206647615768283,11.419418511298773,11.288352974923328,11.417915798828744,11.400228580844214,11.496557862766622,11.532658542600984,11.65029809364205,11.747561349382522,11.882093791922671,12.033304659824807,12.17786418751848,12.350603860771571,12.487333974399917,12.746552745034023,12.904745314725005,13.258720311772322,13.40906804357428,13.877622902365601,14.083918802746211,14.641316447914505,15.027592811707109,15.689625484980752,16.232205582531151,17.066030427864916
0.73206684902597208,11.419477614243078,11.288412383195464,11.417975734340871,11.400286630364462,11.496609815445481,11.532705600486224,11.650344414638312,11.747607550936664,11.882144784175125,12.033355315579229,12.177916102302788,12.35065457596329,12.487385085252754,12.746605154318331,12.904797897711887,13.258774749730946,13.409123676516174,13.877680362984393,14.083980528869233,14.641382046883336,15.02766328584994,15.689700325190188,16.232285077960114,17.066115104448272
0.7320672307674766,11.419539091840761,11.288473413403608,11.418038007455834,11.400346441557758,11.496663487726892,11.532754314202521,11.650392265563369,11.747654935739774,11.882196449156254,12.033407146144782,12.177968815395161,12.350707603473893,12.487437063729885,12.746658761576327,12.904851640889774,13.258830254749682,13.409181006114977,13.877739327571817,14.084042247982325,14.641449655244742,15.027735327190385,15.689776629436892,16.232365392429983,17.066202218263243
0.73206762159335392,11.419601576878449,11.288535464806046,11.418101626115458,11.400407391624867,11.496718070740826,11.532803553330268,11.650441526522627,11.747703237027054,11.88224998422038,12.033460587607806,12.178022627763767,12.350760415991317,12.487491512962606,12.746713088345132,12.904906765578289,13.258887747115295,13.409239238685586,13.877800483533065,14.084106580419757,14.641518608959359,15.027809622573841,15.689854920604375,16.232448800330076,17.066290507392296
0.73206802171978647,11.419665406899185,11.288599893820447,11.41816673691028,11.400470440949448,11.496773543305608,11.532854549968761,11.650491206683,11.747753008660311,11.882304044526791,12.033515360573801,12.178077716045209,12.35081550675568,12.48754552830178,12.746769373983625,12.904963433014018,13.258945676277108,13.409299041257327,13.877861481149921,14.084172117271009,14.641588754085205,15.027885554283785,15.689934620907479,16.232534340481834,17.066381043269757
0.7320684313681014,11.419730065749263,11.288665325031161,11.418233046286787,11.40053432528066,11.496830807340757,11.532906647809341,11.650542163547016,11.747803510060294,11.882359964028637,12.033570881490505,12.178134424215386,12.350871293234832,12.487602040632737,12.746827144950657,12.90502141656134,13.259005130489186,13.409359813305855,13.87792511865382,14.084238934043697,14.641662165806792,15.027962859233412,15.690017114593047,16.232620921054604,17.066473398156631
0.73206885076489259,11.419797259011375,11.288731884485969,11.418301568020979,11.40060003896042,11.496889502849172,11.532960132124117,11.650594704281048,11.74785584715255,11.88241692766951,12.033628128525379,12.178192235390725,12.350929215086126,12.487659914848336,12.746885892438058,12.905079978034792,13.259066470026937,13.409423289083861,13.877989820899984,14.084307855836869,14.64173651282681,15.028042866449141,15.690101009111913,16.232708899084628,17.066569065184467
0.73206928014214634,11.41986573179156,11.288800968934538,11.418371061395646,11.400667106673154,11.496949261943428,11.533014108303178,11.650648300621924,11.747908926838591,11.882475347283162,12.033687012934024,12.178251187493515,12.350988242527819,12.487719101598941,12.746946073016716,12.905141404064125,13.259129004251918,13.40948700402987,13.878056076694975,14.084379485826958,14.641812040925288,15.028123933564984,15.690186796478883,16.232799930119654,17.066666396564415
0.73206971973736956,11.419935181887467,11.28887073962369,11.418442432543088,11.400735539543803,11.497010456849694,11.533069978078856,11.650702910730615,11.747963665553016,11.882534703800047,12.033746554819572,12.178313553608405,12.351047908148303,12.487779019084428,12.74700735358374,12.905203057271592,13.259193035206863,13.40955247627835,13.878123938812678,14.084450209081751,14.641889724040993,15.028207066011873,15.690274794998459,16.232893344958484,17.066765515422503
0.73207016979372108,11.420007502821136,11.288943160119288,11.418515795885924,11.400805654201122,11.497073252551672,11.5331269784906,11.650759045224731,11.748019651855884,11.882596128747082,12.033807774431807,12.178374484536562,12.351109438749972,12.487841115381798,12.74707069516171,12.905266392453541,13.259258352825782,13.409619758332155,13.878193904016371,14.08452410878499,14.641969359374798,15.028293213476445,15.690365467598895,16.232988706972264,17.066867516681668
0.73207063056014643,11.420080986251833,11.289016375378196,11.418590634158591,11.400877752458655,11.49713746855241,11.533185306531777,11.65081631596513,11.74807676878936,11.88265898384725,12.033870581759857,12.178438183623712,12.351172736956414,12.487904287952006,12.747135528865329,12.905331079140524,13.259325611658369,13.409688668219587,13.878264474856678,14.0845998565851,14.642050349754754,15.028379894982208,15.690457232105018,16.233086024122258,17.066972431673548
0.73207110229151517,11.420155852156313,11.289092098677429,11.418667241756339,11.400951592768251,11.4972031837342,11.533245233070375,11.650875576184262,11.748135058031494,11.882723069988515,12.033934932424927,12.178503153561451,12.351237364578083,12.487968881478992,12.747201527844481,12.905397858412925,13.259394016970418,13.409758933137255,13.878337467265283,14.08467651607134,14.642133394268967,15.028469182216668,15.69055143745345,16.233186278299854,17.067079355025271
0.73207158524876192,11.420233179688239,11.289168737889213,11.418745669619966,11.401026956146325,11.497270804530217,11.533306720772998,11.650936135428765,11.748195537283209,11.882788456197432,12.034000703262791,12.178569950969631,12.351303410210221,12.488035856190436,12.747270216010293,12.905466248439552,13.259464932024912,13.409831026420761,13.878412419122924,14.084755489093368,14.642219170223143,15.028560710034071,15.690647750923745,16.233288494132921,17.067188301475653
0.73207207969903121,11.420312109208226,11.289248721881449,11.418825883082718,11.401104545153885,11.49733932044137,11.533369921192389,11.650997418505085,11.748255874137158,11.882855844485675,12.034068261779794,12.178637941076431,12.351370771199072,12.488103287081685,12.747338843866601,12.905535517114004,13.25953648157838,13.409905531058484,13.878488502477012,14.084836554337471,14.642305973905422,15.028654408985858,15.690747686040595,16.233392546945197,17.067300178653113
0.73207258591582447,11.42039252755103,11.289328806345566,11.418908121714139,11.401183316621882,11.497409870591127,11.533433636968311,11.651060973268159,11.748318705138445,11.882924558053219,12.034136644789214,12.17870790408233,12.351440404305322,12.488172974296504,12.7474099374258,12.905607372435952,13.259610060688829,13.409980971068762,13.878567209548692,14.084919599442401,14.642396410771653,15.028750219834365,15.690848408232796,16.23350030704114,17.067415194540445
0.73207310417915183,11.420474950799417,11.289411236242358,11.41899221690619,11.401264169774095,11.497482585289163,11.533499883116292,11.651125636887627,11.748382911681347,11.88299484377967,12.034207182475711,12.178778848541242,12.351511327848584,12.488244077501804,12.747482182034673,12.905679805116961,13.259685263209576,13.410058431579273,13.878646556641343,14.085004009023123,14.642487229053131,15.028848949782514,15.690952717514847,16.233609531787806,17.067533328513946
0.73207363477568688,11.42055926938292,11.289496160165527,11.419078477128551,11.401346924261361,11.497556480036565,11.533567357470474,11.651191586461664,11.748448626614845,11.883067873371601,12.034279502192931,12.17885237658993,12.351583704593395,12.488316543321162,12.747556343241286,12.905754846609852,13.259762641418547,13.410136979420258,13.878728506345851,14.08509082694718,14.642581152803814,15.028948737953669,15.691058938883089,16.233721842876093,17.067652865968284
0.73207417799892527,11.420645419374523,11.289582681620232,11.419167040954562,11.40143181077201,11.49763183401592,11.533635758433775,11.651259378189934,11.748516231805297,11.883141065236487,12.034353287911472,12.17892748766053,12.351658206479897,12.488391421561573,12.747632738285574,12.905830916964078,13.259841566927207,13.410218284386701,13.87881219374276,14.085179807062104,14.642677125599675,15.029051884747332,15.691167462245176,16.233837194107764,17.067775833282667
0.73207473414934698,11.42073447104076,11.289671152651863,11.419257415424454,11.401518805249452,11.497709977168142,11.533706297388107,11.651328424804433,11.748584908173598,11.883216854147122,12.034429591320531,12.179004018446904,12.351734471532836,12.488468757278497,12.747710874364657,12.905909760102531,13.259922198083586,13.410301504740346,13.878898071027379,14.085270795243105,14.642774805803583,15.029156965070797,15.691278303955642,16.23395499902108,17.067901692292708
0.73207530353458261,11.420824919342977,11.289762286625319,11.419349869675443,11.401607966362917,11.49778904262439,11.533778350851662,11.651399452735859,11.748655971664903,11.883294004306208,12.034506859701196,12.179082751197257,12.35181227244675,12.488545962402441,12.747789929890132,12.905989731099908,13.260005547659148,13.410386740104059,13.878985923633536,14.085363883139053,14.642876178543247,15.029264256297211,15.691392536764397,16.23407520323417,17.068030513965823
0.73207588646958333,11.420917521303181,11.289855067029293,11.419444647164255,11.401698672136718,11.497870358183263,11.533852187460525,11.651472231144908,11.748727688031522,11.883372956094718,12.034586666434279,12.179163126359981,12.351892595883783,12.488626125786595,12.747872186765562,12.906072310387117,13.260090041431795,13.41047344655135,13.879076256048847,14.085459315329445,14.642978715652134,15.029375274541053,15.691509504016722,16.234198866588031,17.06816242105333
0.73207648327679542,11.421012752980914,11.289950744834186,11.419541385084358,11.401791980663347,11.497953346340637,11.533927855701677,11.651546724843229,11.748801233105951,11.883454241340132,12.034667907940275,12.179245593086762,12.351973833262491,12.488707926861935,12.747955616880517,12.906156870611539,13.260176804222738,13.410562201517678,13.879167923233581,14.085556955672928,14.643084620714944,15.029487813124433,15.691628142722948,16.23432416758078,17.068297684316349
0.7320770942863386,11.421110416287775,11.290047740521914,11.419640489897574,11.401887202776834,11.4980386278894,11.534004875657956,11.651623096661751,11.748877329694551,11.883536666092823,12.034750983891627,12.179329174987743,12.352057279135352,12.488791602618221,12.748041305982497,12.906241862284332,13.260265147580412,13.410654760350099,13.879262738231319,14.085657191249993,14.6431915994458,15.029604197956814,15.691750230193975,16.234454036724401,17.068435824919106
0.73207771983618819,11.421209744245971,11.290148604325623,11.419741902034275,11.401985036136466,11.498126158129708,11.534084694590092,11.651700681309194,11.74895435773351,11.883621786612366,12.034836442769574,12.179415962835719,12.352142749514769,12.488877117124503,12.748128770967469,12.906329734217707,13.260356573988247,13.410747098838328,13.87935929861851,14.085759393036824,14.643301847997918,15.029722264175234,15.691875348060421,16.234586150095765,17.068577107583224
0.7320783602723625,11.421311638739553,11.29024998259456,11.419846064904505,11.40208461850716,11.498214753155935,11.53416556448974,11.651780589095779,11.749033907762168,11.883708806013146,12.034923091801829,12.179504228492533,12.352229996026836,12.488965315737005,12.748218243237716,12.906420207403244,13.26044934755646,13.410842150245571,13.879457568361886,14.085863990967027,14.643414653234231,15.029842699106212,15.692003355424276,16.234722173546743,17.06872187683166
0.7320790159491144,11.421416632970249,11.290354439970088,11.419951967344332,11.402187380658688,11.498306498626789,11.534248672087415,11.651862143145081,11.749115381237061,11.883797793216218,12.035012259048926,12.179594319126409,12.352320232787406,12.489054691582169,12.748310695085365,12.906512065342667,13.26054496494271,13.410940294596912,13.879559352924389,14.085971486696508,14.643530675134571,15.029967233223488,15.692134164510207,16.234860289487642,17.068870951561166
0.73207968722912642,11.421523236910161,11.290461177514317,11.420060788667342,11.402291773871639,11.498399790388703,11.53433392194529,11.651945648464789,11.749198106283984,11.883888760168702,12.035103154210447,12.179686619708264,12.352411778653732,12.489147065860379,12.748404169526111,12.906606556698989,13.260642532128259,13.41104096656818,13.879661946448323,14.086080989060065,14.643649195024864,15.030095398233243,15.692268751009124,16.235002499929578,17.069022236452383
0.73208037448371233,11.421631838608846,11.290570884204499,11.420172676430411,11.40239908180547,11.498495630059551,11.53442098584128,11.652031668148993,11.749283401739376,11.883982097206172,12.035196473967062,12.179781606494544,12.352505541408391,12.489241247627433,12.748500814449926,12.906703301749531,13.26074224291915,13.411142891108739,13.879768481968313,14.086193098437434,14.643770454415971,15.030224009131416,15.692405551697448,16.235147461098222,17.069177721035885
0.73208107809302214,11.421744032804781,11.290683965266453,11.420286691268302,11.402508779613527,11.498593354946024,11.534509960922151,11.652119691083044,11.749370047074081,11.884077586752937,12.035292175406994,12.179878738993921,12.352601623832925,12.489337601100488,12.748598813971967,12.906802440510546,13.260844839977381,13.411247857426133,13.879876919155777,14.086308208878563,14.643894063730841,15.030358441169028,15.692547334859228,16.235296918403492,17.069336979261152
0.73208179844625199,11.421859033132023,11.290797848695092,11.420403919232285,11.402621293077573,11.498694005759262,11.534601263876539,11.652208550094201,11.749459228180513,11.884174869478102,12.035390334883687,12.179977446922749,12.352700378448844,12.489436260673301,12.748699380247217,12.906903782443351,13.260948962623843,13.4113548580508,13.879987799341961,14.086426098007905,14.644021429693112,15.030493877180561,15.692690340345962,16.235448977821306,17.069500100241839
0.73208253594186012,11.421977081818568,11.290915841198057,11.420523354905527,11.402736232051666,11.49879665085291,11.534694303175002,11.65230065788046,11.749550244264356,11.884275240380248,12.035490401178777,12.180079165314964,12.352801345334228,12.489537988786651,12.748802786674787,12.90700739715794,13.261056950530929,13.411465010832671,13.880101121025746,14.086546253804954,14.64415123472827,15.030633329981356,15.692837600437088,16.235604649265952,17.069666452706315
0.73208329098778679,11.422096127827444,11.291036048387468,11.420645839298231,11.402854296769874,11.498901479838878,11.534790156775216,11.65239428649511,11.749644283633643,11.884377575189319,12.0355933106066,12.180182922560562,12.352904081676115,12.489641575269616,12.748908604058215,12.907113707450208,13.261166365267854,13.411577561272225,13.880217898492447,14.086669360959149,14.644285303668312,15.030776012685237,15.692988906878782,16.235764296376146,17.069837289656334
0.73208406400168036,11.422218955992776,11.291159315220739,11.420770780312068,11.402974346081919,11.49900901012461,11.534887842067747,11.652490591460719,11.749739465830771,11.884482379935434,12.035697956892363,12.180289788586379,12.353009986844881,12.489746829465275,12.749016100908193,12.907222212105808,13.261278038298315,13.411692543591926,13.88033705402222,14.086796221648001,14.644421069592681,15.030922954206289,15.693142873823035,16.235927570943659,17.070012162071635
0.73208485541112767,11.422345014560051,11.291285643508672,11.42089946620672,11.403098020190555,11.499118907675893,11.534988067962331,11.6525893953185,11.749837765380562,11.884589932017207,12.035805652420095,12.180398985451575,12.353117801439566,12.489855162997628,12.749127157785551,12.907333843633751,13.261393275235605,13.411810705066728,13.880458812912366,14.086925216050076,14.644560264835036,15.031072328959453,15.693301349159356,16.236094269127079,17.070191194679865
0.7320856656538911,11.422473637578605,11.291414059865929,11.42103069809491,11.403224195526491,11.4992320614856,11.535090673421564,11.65268996666191,11.749937279856113,11.884699274350169,12.035915521497827,12.180510150428745,12.353228459000093,12.489966418579115,12.749240291796013,12.907447361638788,13.26151055544733,13.411931603455287,13.880583456695604,14.087057467289014,14.644703198548541,15.031224860025759,15.693463660850739,16.236265844582704,17.070373695454691
0.73208649517815072,11.422605664685761,11.291546508295596,11.421165528984147,11.403353426784179,11.499347311286328,11.535196016372538,11.652793334864327,11.750039633223878,11.884812191887704,12.036028286531291,12.180624219288802,12.353341636418463,12.490079988781417,12.749356196356075,12.907563962035056,13.261632011294296,13.412055380787933,13.880711033694752,14.087193221863799,14.644849444861848,15.031382038191168,15.693629000316832,16.236441949988603,17.07056174695299
0.73208734444275159,11.422740482343215,11.29168138819432,11.421303229958994,11.403486128825989,11.499465171642441,11.535303123717313,11.652898647761504,11.750144740007272,11.884927105616043,12.036143574574453,12.180741111938005,12.353457602276194,12.490196293386362,12.749475829220955,12.907683541006008,13.261754537100387,13.412182436138664,13.880842974625921,14.087332074750975,14.644999076738259,15.031541793001907,15.693798124654677,16.236620433764529,17.070753543145656
0.73208821391745826,11.422878782113003,11.291820004322744,11.421443914895917,11.403621423618461,11.499586304302738,11.535412962739429,11.653006774222831,11.750252058699061,11.885044932701476,12.036261615758121,12.18086057771643,12.353576449542288,12.490315383340203,12.749596784309688,12.907805483205266,13.261880605459737,13.412310592780614,13.880975702258638,14.087473699911698,14.645152385531219,15.031706605766431,15.693971669903476,16.236803693831462,17.070949524637854
0.73208910408321459,11.423020781315699,11.291962033548771,11.421588270893153,11.40375982735668,11.499710058420987,11.535525503124973,11.65311803409304,11.750362166121704,11.885165410863465,12.036382656474871,12.18098300433212,12.35369757872968,12.490437059172109,12.749721056200997,12.907931290748365,13.262009470548037,13.412443012582571,13.881112897332969,14.087618988095983,14.645308715144438,15.031874889738447,15.694149153070612,16.236992170143367,17.071150260267132
0.73209001543240904,11.423164985844323,11.292107959620807,11.42173568085127,11.403902140708851,11.499836594274257,11.535640512914597,11.653230867070761,11.750474503718124,11.885288651455539,12.036506144869691,12.181108265338025,12.353821952605358,12.490562347767991,12.74984813953688,12.908058587607229,13.262142116288942,13.41258015044923,13.881252779399347,14.087767996079037,14.645469036054237,15.032046668285147,15.694331225701262,16.237184108549172,17.071356921893312
0.7320909484691478,11.423313080830212,11.292255351188942,11.421886878488749,11.40404740582153,11.499966761859014,11.535758876480486,11.653346918987154,11.750589706853589,11.885415090007427,12.036632675897181,12.181236567866563,12.353949069733972,12.490689341004781,12.749978706705861,12.908189180984209,13.262277157861263,13.412717845101724,13.88139682148767,14.087919917708405,14.645633722167986,15.032222680575615,15.694518036536465,16.23738118010715,17.071566981056549
0.73209190370953359,11.423465207077243,11.292407418603489,11.422041853993505,11.404196009573752,11.50009936511151,11.535879139593362,11.653465640665218,11.750708472703991,11.885544183422098,12.036762410488336,12.18136772732214,12.354079715953503,12.490819825814469,12.75011183555398,12.90832375732225,13.262415423305811,13.41285996907618,13.881543931966007,14.088076113528587,14.645802537543204,15.032403161781986,15.694708133913537,16.237583095726677,17.071783017962844
0.7320928816819503,11.423620205355746,11.292563029493067,11.422200123335188,11.404348470508921,11.500235234781485,11.536002759225084,11.653587504297775,11.750828460670618,11.885676635499749,12.036894816235872,12.181501842969283,12.354213044593052,12.490953439486475,12.750248567896506,12.908460837565599,13.262557442090838,13.413005179508218,13.881693910981539,14.08823522413968,14.645973627203603,15.032587618021353,15.694902594355881,16.237789390555008,17.07200327940609
0.73209388292735667,11.423779144472064,11.292722807368136,11.422362247938054,11.404504865969557,11.500374128271233,11.536129521733983,11.653711869671042,11.750952149507157,11.8858122299348,12.03703083583423,12.181640018038252,12.354350076990158,12.49109064070899,12.750388302139527,12.908601414100303,13.262702504231129,13.413154282082814,13.881848097880265,14.08839788186333,14.646149966109078,15.032776457131604,15.69510275860921,16.238000966277468,17.07222941830878
0.73209490799958399,11.423941936217489,11.292885595837561,11.42252786418203,11.404664050732208,11.500516763956966,11.53625931373972,11.653839232139489,11.751078624825368,11.885950915583635,12.037169888367316,12.181781148137361,12.354489005222149,12.491230327087123,12.750531811828751,12.908744903576007,13.262851954971666,13.413306698499127,13.882005988454239,14.088565736560213,14.646330264804874,15.032969687500554,15.695306902980064,16.238216452737106,17.072460912577299
0.7320959574656436,11.424108874325611,11.293052475776676,11.422698309937914,11.40482710637616,11.500662424501115,11.536391650869064,11.653969321842851,11.751208123187098,11.886092666155037,12.037312273086627,12.181924825587885,12.354632377352118,12.491373812601068,12.750678558444179,12.908892366009241,13.263003314642447,13.413462511014131,13.882167475521783,14.088736705761221,14.646514948685308,15.033168189348544,15.695516170940664,16.238437662153501,17.072697670912476
0.73209703190604003,11.424280241640645,11.293223347991898,11.422871944757844,11.404994432763033,11.500811844535747,11.53652702811678,11.654102672115641,11.751340280744444,11.886237878650263,12.037457563068983,12.182072484459241,12.354778635880848,12.491520975615913,12.750827355072943,12.909043052883135,13.263158978969841,13.413622682458026,13.882332448342822,14.088911687672407,14.646703998139856,15.03337051885228,15.6957303965969,16.238665073016818,17.072939382902405
0.73209813191509221,11.424453804376299,11.293398164397786,11.423050026482542,11.405165778568517,11.500964527584529,11.536665944877768,11.654239427075026,11.751475983787259,11.886386698045499,12.037606803005929,12.182223468548727,12.354928340635979,12.491670985578821,12.750981448456969,12.909197350154045,13.263318363451162,13.413785621449733,13.882501576240884,14.089091128709697,14.646897168507166,15.033577556940145,15.695950001736037,16.238896274626313,17.073187814817175
0.73209925810126208,11.424633045571682,11.293577531158007,11.423232236873446,11.405340860594606,11.501120862202242,11.536808126700635,11.654378949466263,11.751614605267605,11.886539327079845,12.037759736671433,12.182377713214009,12.355082279653743,12.491824973413713,12.751138142859418,12.909354669767708,13.263481441265412,13.413953213350851,13.882674393340039,14.089274207955441,14.647095166933013,15.033790149759625,15.696174194616106,16.239134084274156,17.073441092450594
0.73210041108749135,11.424815285613022,11.2937609141959,11.423418774961647,11.405520554028499,11.501280656052586,11.536953967803584,11.65452172049163,11.751757120904131,11.886695043136115,12.037915267068456,12.182536524286661,12.355238344358895,12.491982655761149,12.75129874607137,12.909517286444952,13.263647767748353,13.414124676970459,13.882851069351545,14.089462057877427,14.647297735560642,15.034007649226169,15.696403216693398,16.239376651526982,17.073701324070953
0.73210159151154597,11.425003014315735,11.293948425598501,11.423609861692967,11.405703618398547,11.501444531611014,11.537102240479726,11.654668162171674,11.751902143622829,11.886854064202907,12.038075400879279,12.182698040904597,12.355399726884116,12.492143589353873,12.751463463569507,12.909682793774209,13.263818446137066,13.414299837476847,13.883032297881982,14.089654270907431,14.647505090479171,15.034230487954119,15.696638615024312,16.239625579085441,17.073967597186311
0.73210280002636896,11.425194136517803,11.29414061493344,11.423805150356657,11.405891788650024,11.501612698626104,11.537254633357861,11.654818457689998,11.753016107094027,11.887017451454994,12.038238598490352,12.182864480450917,12.355563786863968,12.492308530918308,12.751631660325984,12.909851248727591,13.263993592807765,13.41447925637749,13.883218002495596,14.089850915256648,14.647717921444837,15.034457950782325,15.696879243861986,16.239879888732958,17.074238902096567
0.73210403730044127,11.425390885071465,11.294338215417611,11.424005314022907,11.406084273735814,11.501783968606105,11.537411027472899,11.654971516932619,11.753168131142502,11.887184678083941,12.038406338157074,12.183033912389419,12.355732824637471,12.492477974575195,12.751804127738069,12.910024801361487,13.264172618169596,13.414663081278832,13.883408524367496,14.090052220612506,14.647934926739708,15.034690974896421,15.697125392617181,16.240140765934484,17.074517930033835
0.73210530401815233,11.425591011457072,11.294538620391904,11.424210226286959,11.406280996458918,11.501959611749498,11.537570368974684,11.655128769927614,11.753324105625779,11.887355920614937,12.038577719039949,12.183207830698848,12.355904596967321,12.492650103342385,12.751980517045013,12.910202909692543,13.264355531315687,13.414850877642493,13.883602196395259,14.090259200072978,14.648157007101872,15.034929756241127,15.6973772027618,16.240407308913291,17.074803164371588
0.73210660088017776,11.425796781428744,11.294744483575414,11.4244195232327,11.406482521954331,11.502139416785212,11.53773413666886,11.655289224197986,11.753483526434138,11.887530619070276,12.038753206287311,12.18338518129076,12.356080878208559,12.492827384407974,12.752161665212043,12.910383687354624,13.264543677117672,13.415043159421657,13.883801132752524,14.090469583467438,14.648385348522879,15.035173649132503,15.697635386860384,16.240680577387138,17.075095340000644
0.7321079286038672,11.426007803350331,11.294955502790799,11.424634363424502,11.406688793128069,11.502323525377506,11.537901128423982,11.655453888840384,11.753646384506737,11.887710129853531,12.038932912311793,12.183567467212924,12.356261695218564,12.493008506239676,12.752345977977257,12.910569424597725,13.264735199292318,13.415240527394872,13.884005077852635,14.090685262402076,14.648618043396709,15.035423734157121,15.69789933947186,16.240959649506749,17.075394846152449
0.73210928792364149,11.426222563022293,11.295171899879278,11.424854097382195,11.40690006449222,11.502511739013698,11.538072412153724,11.655622386469076,11.753813681495103,11.887893248893306,12.039116753425333,12.183753314001933,12.356446052017418,12.493193179636819,12.752536139648782,12.910759692050306,13.264932027152554,13.415441842471409,13.884213671114594,14.090907170234914,14.648856691011133,15.035680400811543,15.698169699483969,16.241245320951748,17.07569972510646
0.73211067959139842,11.426442835064336,11.295392039186481,11.425078934578778,11.407116320093792,11.502704729764446,11.538248290155934,11.655794549409165,11.753984800299804,11.888080703568448,12.03930481401585,12.183943867107246,12.356634857292192,12.493382871066842,12.752728979405219,12.910954343980848,13.265132742107198,13.415648344019701,13.884426956672542,14.091132779718464,14.649100758261739,15.035941916411502,15.698446114472972,16.241538623467477,17.07601311788676
0.73211210437692886,11.426668926465481,11.295618507895142,11.425308789973315,11.407337654135063,11.502902038002503,11.538427037923157,11.655970816247645,11.754159552610417,11.888273129331537,12.039497063991348,12.184138930469089,12.356828774737096,12.49357780523178,12.752927193355845,12.911153531498258,13.265338152722506,13.415859249827918,13.884645312764405,14.091365488857718,14.649350763062557,15.036209396947015,15.698729708961309,16.241837962681984,17.076333290559432
0.73211356306834263,11.426899481114106,11.29584952741061,11.425544572424315,11.407563873301115,11.503104247176907,11.538610502815573,11.656151280905306,11.75433893477566,11.888469898494805,12.039695057980225,12.184338849307551,12.357026984157528,12.493775581512182,12.753129940644158,12.911357869056701,13.265548927607142,13.416075681497659,13.884869160477592,14.091601654873102,14.649606499739093,15.036484059577106,15.699019318887167,16.242144657147037,17.076661404688821
0.73211505647250419,11.427136499565677,11.296086570517218,11.425785961789643,11.407795845900182,11.503310956634323,11.538798845299425,11.656335982273504,11.754522054336121,11.88867125726938,12.039895706296193,12.184543064714489,12.357229674694736,12.493979212356862,12.753337496214499,12.911566609157489,13.265764342855164,13.416297303761894,13.885097654559104,14.091844773990488,14.649869143573596,15.036764897963621,15.69931603754867,16.242458785792223,17.076996697179766
0.73211658541547919,11.427378105216121,11.296329145452091,11.426031920261266,11.408032662338428,11.503522677960518,11.538991513068595,11.656525166652955,11.754709901043952,11.888876961353617,12.040102449375809,12.184752000108801,12.35743671669934,12.49418724427278,12.75355042070305,12.911779724987355,13.26598475637411,13.416523082296408,13.885331334026887,14.092092285668969,14.650136436820503,15.037052104444683,15.699619740500566,16.242779903520841,17.077340909878785
0.73211815074299147,11.427625183517648,11.296577479996358,11.426284680232129,11.408275517662787,11.503739085071629,11.53918777799754,11.656718743385227,11.754901787893232,11.889087592457145,12.040313313277238,12.184966118744342,12.357649375805977,12.494400279415458,12.753767711857108,12.911999021158408,13.266212097777952,13.41675518241118,13.885571286606137,14.092346178533262,14.650410367446966,15.03734653732954,15.699930036392288,16.243108842885704,17.077692049255347
0.7321197533208903,11.427879236556237,11.296831431760438,11.426543122609928,11.408524010448218,11.503960902423842,11.539389481406488,11.656916842379815,11.755098804660065,11.889303537598153,12.040529931362471,12.185185610428562,12.357866701703188,12.494618525241094,12.753990799983512,12.912222208174171,13.266442076643671,13.416992880968337,13.885817239522567,14.092606723245353,14.650691214318613,15.037647772955552,15.700248844156249,16.243445362326383,17.078051876763766
0.73212139403563015,11.428138686607326,11.297091364896914,11.426807694308081,11.408778266871195,11.504188025457097,11.539595647815531,11.65711935434183,11.755299447739162,11.889524355281992,12.04075094151176,12.18540974983307,12.35808900234133,12.494842723568581,12.7542180417895,12.912451330423664,13.26667871346126,13.417235080784394,13.886067433889366,14.092872738252936,14.650979120451666,15.03795589611309,15.700574633678571,16.243790243340754,17.078420381953947
0.73212307379476038,11.428405047557135,11.297357696584186,11.427078416056247,11.409039163939269,11.504420191673489,11.539806751570723,11.65732706112567,11.755505726766842,11.889750264299892,12.04097787303499,12.185639172822903,12.358316983940767,12.495069427036924,12.754451342693301,12.91268574081505,13.266920712197589,13.417483582186378,13.886324803440402,14.093145611365799,14.651272679337126,15.038271067490768,15.700908097633601,16.244142037494839,17.078796508531013
0.73212479352742754,11.428675970958011,11.297630329290769,11.427356081451308,11.409305218350255,11.504658090885187,11.540022483842222,11.657539736982471,11.755716110174944,11.889981459498813,12.041209274289486,12.185874044846969,12.358550237063355,12.495303598108421,12.754689987756137,12.912925291194369,13.267168597982163,13.417737381390907,13.886586804057515,14.09342378489464,14.651573522586659,15.038594562231992,15.701248302632848,16.244503361663192,17.079183765159542
0.73212655418488937,11.428954491330387,11.297909372632148,11.427639977321633,11.409578168214466,11.504901317415715,11.540243734476462,11.657756346389306,11.755931958371093,11.890218575290419,12.041446723698755,12.186114760526834,12.358788392535189,12.495542869695328,12.754934062743814,12.913170934485606,13.26742195745237,13.417997891738651,13.886856665286814,14.093709383391797,14.651882149762059,15.038924557393329,15.701598195931638,16.244872256339931,17.079577603138659
0.73212835674104049,11.429239367874743,11.298194748514106,11.417889305823792,11.409857251765061,11.50515024406468,11.540470053912941,11.657979189459638,11.756152450195714,11.890460624208117,12.041689423010212,12.186360453544239,12.359032979989934,12.495787588103667,12.755184006437503,12.913422510222517,13.26768192825557,13.418264511135931,13.887132460430621,14.094001989633398,14.652196882806948,15.039262512497316,15.701955389656632,16.245250369434871,17.079983755710145
0.73213020219295177,11.429530385187263,11.298486490294636,11.418179426687402,11.410143295655416,11.505405084104041,11.540701385511966,11.658206800158041,11.756378701732501,11.890708539545358,12.041937794327623,12.186612160051936,12.359282578933744,12.496038098704958,12.7554402162923,12.913679361089635,13.267947201363313,13.418536826033233,13.887413824597388,14.094300723342258,14.652519499157279,15.039608633419903,15.702320762282852,16.245637230172179,17.080395791979299
0.73213209156142167,11.429828557433211,11.29878566726984,11.418476816731982,11.410434997318134,11.50566652655516,11.540938628562344,11.658439685657868,11.75660955434023,11.890962916218541,12.042192020833227,12.186869934915649,12.359538095919561,12.496294446942557,12.755701551408947,12.913942601649978,13.268219052009499,13.418816294712997,13.887702138792974,14.09460720585912,14.652850119417053,15.039963351413007,15.702694863164652,16.246032861208732,17.080819626983157
0.73213402589154042,11.430134030675617,11.299091935374236,11.418781427227259,11.410734508361202,11.505933274398103,11.541181650454291,11.658678256763778,11.756846275075077,11.891221785403104,12.042452239764771,12.187133845038261,12.359799854250014,12.496557139079869,12.755969974133222,12.914212001075157,13.268497638372992,13.419101201853664,13.887997823402202,14.094920364051632,14.653187579837322,15.04032539323407,15.703078393649321,16.246438717441833,17.08125246029158
0.7321360062532688,11.430447261048812,11.299404826006594,11.419092773460761,11.411041361608113,11.506206719709098,11.541429355887885,11.658922239558251,11.757088129615568,11.891487765100464,12.042719131361082,12.187403496346178,12.360067731980507,12.496825222001007,12.756244426543617,12.914487415333952,13.268781722572839,13.419394171783097,13.888299609261139,14.095240301855483,14.653533718834751,15.040696848054722,15.703469989393398,16.246853816996463,17.081695740381747
0.73213803374202935,11.430766302096345,11.29972582796654,11.419411446427148,11.411354714231038,11.50648595806615,11.541683260279569,11.65917290346124,11.757335664116454,11.891759792774792,12.042991203342353,12.187679626753379,12.360341397157754,12.497099969098599,12.756524530462229,12.914769922713276,13.269073374576237,13.4196931821607,13.888608815510452,14.09556896937147,14.653887607666547,15.041076710415382,15.703872113811485,16.247277320752801,17.08214993113279
0.73214010947931285,11.431093645429883,11.300053787069828,11.419737736726347,11.411675777881101,11.506772337212169,11.541943719693336,11.659427151596901,11.757589601364998,11.892038111592683,12.043270182578453,12.187962428832179,12.360622130399861,12.49738134037807,12.756811571020535,12.914965212995867,13.269371422779386,13.419998636837136,13.88892627068708,14.09590414812601,14.654250230748403,15.04146497902002,15.704281888115474,16.247712148579012,17.082614142172588
0.73214223461329819,11.431428578171563,11.300389612880736,11.420072256819367,11.412003979654401,11.507065490242894,11.54220921808701,11.659688740658112,11.757848747214211,11.892322911972315,12.043555625031331,12.188251949300138,12.360909133842597,12.497669119701186,12.757105168246653,12.915260426087571,13.269676441605952,13.420311808567931,13.889250400502078,14.096248008512248,14.654621385303926,15.041862896279781,15.704702527378231,16.24815618700859,17.083089948356701
0.73214441031948785,11.431771099073558,11.300733455261707,11.420413756618927,11.412340251384649,11.507364959118604,11.542481436450089,11.65995616368491,11.758114510361338,11.892614372834032,12.043847283083323,12.188547628978995,12.361202325740123,12.497963812181297,12.757406253320369,12.915563438925346,13.269988883572296,13.420632855330496,13.889581075814931,14.096599058373158,14.655001110406829,15.042269776996818,15.705132396155932,16.248611110439924,17.083575660645693
0.7321466378013578,11.432122921366954,11.301085160099774,11.420763683388941,11.412684160755362,11.507671998578189,11.54276001876633,11.660230515789408,11.758386350109959,11.892912574954607,12.044146214750526,12.188850818006813,12.36150350038497,12.498265101595734,12.757713782261817,12.915872427674003,13.270308273889896,13.420960973100591,13.889919952479431,14.096959234938822,14.655388357695301,15.042687691620813,15.705572517463224,16.249076993695326,17.084073937185167
0.73214891829102335,11.432482037188038,11.301445209420308,11.421121434426823,11.413036358442241,11.507985768974322,11.543045649854776,11.660510414648797,11.758664517386933,11.893218744952264,12.044452459389959,12.189160726426053,12.361810819328639,12.498573439592292,12.758029094737594,12.916188881201833,13.270635387946186,13.421296525977141,13.890267224240233,14.097327369705908,14.655786008723226,15.043112663565807,15.706022338419189,16.24955250362791,17.084583408681283
0.73215125304992101,11.432849229096064,11.301813802517245,11.421488009003951,11.413396703069338,11.508307253314797,11.543337148350929,11.660797558369723,11.758948421016612,11.893530742769144,12.044765380444005,12.18947776244795,12.362125620311872,12.498889148082981,12.758351241202945,12.916512514528677,13.270970287134332,13.421640430068692,13.890622346072178,14.097704216647344,14.656193489460748,15.043549291722684,15.706483468082752,16.250040860716581,17.08510422998188
0.73215364336950539,11.433225189799032,11.302190472767052,11.421863000180565,11.413765242758018,11.508636401432796,11.543636049427732,11.661090773398882,11.759239918405456,11.893849953742574,12.045086130730851,12.189802559569216,12.362447433024045,12.499212234301012,12.758681459236414,12.916843999361845,13.271312673231932,13.42199183859384,13.890985933459888,14.098089787707067,14.656610460482625,15.043996083492402,15.706956155551779,16.250539764283531,17.085637892846535
0.73215609057196462,11.433611553063656,11.302576448792479,11.422247244470327,11.414142752836142,11.508973170907666,11.543941273130258,11.661391142758475,11.759537621015625,11.894177435351594,12.045414123895171,12.190134861291426,12.362777355583148,12.499542706627835,12.75901854251515,12.917183744501926,13.271663638284281,13.42235129724213,13.891357977268854,14.098484105126772,14.65703618060661,15.044453009631525,15.707438576063396,16.251050082500569,17.086183685584729
0.73215859601095068,11.434005687131958,11.302971591170717,11.422639762866311,11.414529393789508,11.509317075449417,11.544254064438519,11.661698557441014,11.75984273307995,11.894512060646321,12.045748676804578,12.19047450644257,12.363114785755897,12.499880703011968,12.759364613673824,12.917530447772606,13.272022345151527,13.422719689977839,13.89173890137954,14.098888572867054,14.657471539101152,15.044920355853264,15.707932374012671,16.251573347464728,17.086742251844498
0.73216116107232909,11.434406849378774,11.303376201143692,11.423042129807982,11.414924315870849,11.509669646268321,11.544574259293768,11.662012996610883,11.760154485366456,11.894854451103129,12.046092710797893,12.190822333302549,12.363459722102561,12.500227279751016,12.759717632367483,12.917886056493899,13.272389135474896,13.42309622302173,13.89212795642834,14.099301121085318,14.65791753742451,15.045398724683309,15.708437663860423,16.252107535014147,17.087313511810862
0.7321637871749449,11.43482053751859,11.303789609426076,11.423453216209055,11.415329114210635,11.510031205392352,11.544901316685355,11.662334695728987,11.760474309759957,11.895205225462632,12.046443590082617,12.191178912228679,12.363812816999598,12.500581462031278,12.760079111011692,12.91824961287648,13.272764199679841,13.423481787402579,13.892527214922211,14.099724942920602,14.658373632287748,15.045888535607446,15.723250925334469,16.252655146622601,17.087899258071047
0.73216647577140759,11.435242271257721,11.304213610439547,11.42387408056311,11.415742911682628,11.510399962923657,11.545236337131428,11.662663743131816,11.760800440702951,11.895563681307976,12.046802730722447,12.19154273524282,12.364174539101441,12.500943572437791,12.760449702873757,12.918621052456729,13.273149294636823,13.423876162258694,13.892934722984137,14.100157026544821,14.658841206632587,15.04639025362394,15.723786432815814,16.25321430877375,17.088497572509368
0.73216922834889475,11.435674253004436,11.304646602616685,11.424305286973777,11.416166893690843,11.510777767412947,11.545579245942463,11.663000438247309,11.761134401836443,11.895931354248205,12.047170391065265,12.19191609188556,12.364544324010694,12.501314753437782,12.760828144067091,12.919001740654494,13.273541900960026,13.42428032185353,13.893352053421495,14.100600299917915,14.65931920535013,15.046903311916594,15.724334941991401,16.253787829456996,17.089110156470269
0.73217204642997447,11.436117233850382,11.305090671907237,11.424746375280847,11.416599991609473,11.511164285493123,11.5459298912956,11.663345420894075,11.761476268522074,11.896306674516836,12.047546855826567,12.192296577326488,12.364922454117277,12.501693825387065,12.761215471006381,12.919391567345428,13.27394436992472,13.424693515896251,13.893779518262363,14.101053773833883,14.659808390425042,15.047427665498617,15.724896343958335,16.254374459330847,17.089736711701789
0.73217493157344793,11.436569712702749,11.305543738130837,11.425197497299905,11.417044244269164,11.511559633714114,11.546289011253066,11.663698473027125,11.761826877597287,11.896690457586828,12.047931940990111,12.192687199445572,12.3653098088962,12.502082151310333,12.761612066897669,12.919789776403832,13.274355983723581,13.425115682548949,13.894216008753574,14.10151650339867,14.660308601122324,15.047964091635095,15.725470864553245,16.254973534425062,17.090378178129413
0.73217788537521122,11.437032224487666,11.306007918872183,11.425659311712479,11.417497665062001,11.511964256834744,11.546656235864702,11.664059142499809,11.762184728013381,11.897083468566507,12.048325761126762,12.193086209008015,12.365705583808449,12.502479272689015,12.762017580101201,12.9201974407124,13.274777312203241,13.425547812842069,13.894663357859372,14.101992049920682,14.660820968071675,15.048513825555347,15.731284689087261,16.255587330179878,17.091034605975892
0.73218090946913839,11.437506468959327,11.306483470396415,11.426131875275132,11.417962672363046,11.512378938161419,11.547032398816555,11.664428547309853,11.762550621092942,11.897485784829769,12.048728758428297,12.193494815760005,12.36611118704559,12.502886047633183,12.762432672542673,12.92061425178008,13.275208282570475,13.425990961849493,13.895121383714923,14.102476511486657,14.661345856665321,15.049076266923294,15.731885778253854,16.256215847995918,17.091705556973011
0.73218400552798479,11.437991004989726,11.306969953170665,11.426615686424611,11.418438442800834,11.512802582280983,11.547416483329926,11.664806594204492,11.762925556082791,11.897897591276433,12.04914140126948,12.193914090915314,12.366525669395287,12.503301386567273,12.762857917083238,12.921041086998684,13.27564948984309,13.426443602852032,13.895588940058587,14.10297415072182,14.661880911378375,15.049651299449124,15.732500754755165,16.256858322878088,17.092393382066348
0.73218717526431287,11.438487320516288,11.307467329739211,11.427110685528078,11.418924657653861,11.513236359466191,11.547810150028454,11.665193238635766,11.763309214028141,11.89831869357522,12.049562860676815,12.19434033983498,12.366950372195333,12.503726683915374,12.763291748776737,12.921477723528824,13.27610036514352,13.426906549225805,13.896068187796573,14.103482301203712,14.662429971056554,15.050240009713434,15.733130338477622,16.257516234004015,17.093096260748553
0.73219042043143934,11.438995191292634,11.307976826926733,11.427616712558574,11.419422609990306,11.513680510249287,11.548212507146673,11.665588871936961,11.763701114049127,11.898749133166802,12.049994458726815,12.194777936568244,12.367383940607851,12.504161899821156,12.763736744265316,12.921924657434374,13.276562334255686,13.427380879638349,13.896558139631452,14.10400240795434,14.662990857736986,15.050842430102875,15.73377386725133,16.258189326452793,17.09381587818234
0.73219374282440464,11.439515320974351,11.308497869285929,11.428135247429054,11.419932017501196,11.514134317795197,11.548624301945438,11.665993287689616,11.76410261933097,11.899189912793645,12.05043582908047,12.195225368155207,12.367828425934931,12.504607756621681,12.764191536561611,12.922381971980485,13.277034675344566,13.427865635712351,13.897059486126636,14.104534334442633,14.663565680363718,15.051460084463997,15.734432497205944,16.258877864792339,17.094551171205239
0.73219714428096638,11.440046922541114,11.309030907199485,11.428665621989239,11.42045313590279,11.514599572706629,11.549045810570533,11.666407080062072,11.764513418461775,11.899640991963679,12.050888056804979,12.195683535288481,12.368282584587178,12.505063434305612,12.764656918009678,12.92284954867182,13.277517888051079,13.428361504118129,13.897572269101602,14.105078989840422,14.664153462314061,15.052090037758262,15.735107002021778,16.259581987762431,17.095305263104819
0.73220062668261543,11.440591104616942,11.309576754684713,11.429208327430842,11.420986259973233,11.515074558776632,11.549476720485927,11.66683064053268,11.76493347134965,11.900102852353484,12.051350426068439,12.196152577369048,12.368747734192311,12.505529308500627,12.765133463674374,12.923327980674458,13.278012601549108,13.428869546961778,13.898097707880424,14.105635852032719,14.664756177841809,15.052734682598839,15.735796391031272,16.260302717044397,17.096075223569187
0.73220419195561703,11.441147057667877,11.310135323767099,11.429763630718298,11.421532083696093,11.515560971840387,11.549918404094115,11.667264133007848,11.765363031733614,11.900574573563063,12.051823566438543,12.196632102889907,12.369223285916178,12.506006405104472,12.765619733929725,12.923817490373949,13.278518269300548,13.429388603125517,13.898634616036361,14.10620626374066,14.665370784035531,15.053394656717501,15.736502529361132,16.261041074468721,17.096862960283033
0.73220784207207579,11.441717169301228,11.310706775005656,11.430332004194497,11.422090263747577,11.516059150265392,11.550369369634154,11.667707383607194,11.765802847565737,11.901057789718834,12.05230686038658,12.197122413781472,12.369709581216284,12.506494090273918,12.766118318936606,12.924318218413646,13.279036682832611,13.429920186654726,13.899183847293898,14.106789330352512,14.666000087419434,15.054070456689715,15.737224078336567,16.261795566888395,17.09766970311739
0.73221157905102718,11.442300840733878,11.311291179835735,11.43091270227751,11.422661864199654,11.516568732014548,11.550831817597555,11.668161047686681,11.76625221893346,11.901551455002391,12.052802415645147,12.197624059844657,12.370207463126007,12.506993757061991,12.766628780305382,12.924830492851925,13.279565318624009,13.430463856630467,13.899746208912802,14.107385648768741,14.666643939443475,15.054761161846272,15.737963657911678,16.262567117270919,17.098495025997636
0.73221540495955395,11.442896327832386,11.311889302158306,11.431508258951453,11.423246474334974,11.517088785752094,11.551303096670836,11.668625015941871,11.766712614150947,11.902057081256771,12.053308572646984,12.198137792018315,12.370716871902459,12.507504245102609,12.767150126812339,12.925354566133592,13.280107497495464,13.431019730763637,13.90032135256024,14.107996118208575,14.667302582547563,15.055469138696026,15.738719085357388,16.263357091950638,17.099338612951669
0.73221932191392958,11.443507016452259,11.31250156465785,11.432117025057778,11.423844577691852,11.517622467336878,11.551786856520266,11.669099620357883,11.76718351449108,11.902574046561767,12.05382627193012,12.197934308589993,12.371238319232816,12.508026510433865,12.767683715186649,12.925891729410523,13.280661113003589,13.431589229741348,13.900909486198543,14.108620781526952,14.667977337893262,15.056191860095169,15.739492295422679,16.264165391366078,17.10020185076246
0.73222333208078871,11.444131265936903,11.31312751952737,11.432739686033528,11.42445691947978,11.518168194229929,11.552281305046108,11.669585626170374,11.76766441917971,11.903102572335229,12.054355980308628,12.198469973081956,12.371770630479205,12.50856081829761,12.768229279905881,12.926439630250115,13.281227972104716,13.432171727371497,13.901511737819874,14.109259603957526,14.668666880630553,15.056932198599497,15.740283632951559,16.26499161370748,17.101085442594467
0.7322274376783261,11.444769975757936,11.313768678906854,11.433376699697419,11.425083000012364,11.518725798453488,11.552786934017149,11.670081556947935,11.76815721635603,11.903644526041717,12.05489831785053,12.199018727334987,12.372316055075316,12.509107663482609,12.768787912045809,12.927001366500463,13.281808302182981,13.432766412023739,13.902127520031172,14.109912883422567,14.669372897635185,15.057690430634466,15.741092651582221,16.265837828889744,17.101989422121733
0.73223164097752313,11.445423033141651,11.314424484632127,11.434028569210113,11.425723642379126,11.519297204347367,11.553303928532387,11.670590635366352,11.768660804155388,11.9041972874561,12.055453399072121,12.199580899754437,12.372873292548775,12.509666462227415,12.769359163965419,12.927574689279027,13.282401243876393,13.433375718807838,13.902756663705532,14.110582221564073,14.670094414691903,15.058464718521009,15.741920672493052,16.266702825174434,17.102913963748506
0.73223594430340422,11.446092093186508,11.315094910275093,11.4346959965319,11.426378932710122,11.519880540076883,11.553832822183722,11.671109732513742,11.769176021386556,11.904763538451334,12.056020021276254,12.200154845913858,12.373443715396206,12.510238626649425,12.769943553830217,12.928161985676979,13.283008484056154,13.433998444241752,13.90340126517458,14.111265495685984,14.67083348431288,15.059256544546315,15.742768054178669,16.267587760749393,17.103859586186445
0.7322403500363226,11.446776202879391,11.315781510930265,11.435378239750207,11.427049992058073,11.520478472825289,11.554374497544359,11.67164104257472,11.769703056445451,11.90534298507464,12.056599887461289,12.200742260764855,12.374027308242603,12.510823795310444,12.770541089661947,12.928763107695886,13.283628922311891,13.434636120925006,13.904060121763905,14.111965191281797,14.671588949550824,15.06006734923676,15.743634642813959,16.268492960623462,17.104827254855081
0.73224486061327743,11.447475803000998,11.316483807681379,11.436076761995537,11.427735907245278,11.521089652776482,11.554927778063757,11.672186099247028,11.770242462982424,11.90593515383307,12.057193619360987,12.201343470066604,12.374624241659603,12.511422004932683,12.771152838639409,12.929376980622692,13.284263862582975,13.435288467228929,13.90473437012588,14.112681086262,14.672361764852667,15.060896287041487,15.744521455382255,16.269418755437982,17.105816766188582
0.73224947852926159,11.448191841479002,11.317201954956545,11.436790957320227,11.428437927511368,11.521715153896821,11.55549436526826,11.672741280816354,11.770793278711608,11.906541007105716,12.057800237674655,12.201958059125445,12.375234697494307,12.512034180649607,12.771777838965136,12.930005180508488,13.284913222104933,13.435954965235396,13.905424364024839,14.113413608091378,14.673152584453419,15.061744949795411,15.7454277008178,16.270366511093471,17.106829679658404
0.73225420633864169,11.448924765609263,11.317937250804334,11.437522222207008,11.429156013137344,11.522355030173003,11.556073611511238,11.673310362272787,11.771357446069942,11.907160410425604,12.058421389370778,12.202586969078311,12.375859435385337,12.51266097088228,12.772417942671836,12.930648002880389,13.285577634567289,13.436637207138574,13.906129317581417,14.114162653881067,14.673960855476707,15.062612986511795,15.746355202501036,16.271335917654596,17.107864690392034
0.73225904665657093,11.449674083702575,11.318689132664986,11.438269945048887,11.42989042379395,11.523009076871858,11.556666334563488,11.673892294311372,11.771934499070085,11.907794504044887,12.059056035923732,12.203230024062123,12.37649742843314,12.513300608570262,12.773072042411968,12.931305619880277,13.286257013376144,13.43733515731401,13.908246601476549,14.114928830782446,14.674787734407346,15.063500723292691,15.747303713421388,16.272327183138259,17.108923880890416
0.73226400216043619,11.450440638418058,11.319458860026316,11.439035039054943,11.430641978085532,11.523678831326379,11.557272363710126,11.674487548908928,11.772524324873302,11.908442486044805,12.059706338020078,12.20388765647931,12.37715116524214,12.513955617854663,12.773741118750422,12.931977896844273,13.286952564309559,13.438048552354303,13.908983461738899,14.115712451904528,14.675634647142033,15.064408874125093,15.748275353078498,16.273341031238488,17.110007470907476
0.73226907559133825,11.451225360239278,11.320245617047476,11.439817409544048,11.431411035861856,11.524363673028347,11.557892076582448,11.675095737253287,11.773127185518661,11.909105260891465,12.060369581608938,12.204560395689896,12.377819498111876,12.514625132555466,12.774424902597275,12.932665328361054,13.287662845124487,13.43877862440786,13.909737144440442,14.116513611196297,14.676499815997431,15.065337787773387,15.749267624594268,16.274378036674989,17.1111153680813
0.7322742697556085,11.452027413663018,11.32105129838601,11.44061835635739,11.432197572442874,11.525063765439882,11.558526357504434,11.675718323657293,11.773743963893139,11.909782480280228,12.061049042979903,12.205248629941707,12.378502695598399,12.515310437666358,12.775125471964657,12.933368458428504,13.28839014094001,13.439525114496973,13.910508662886059,14.11733350217537,14.677385499725006,15.066287564231516,15.750282807997337,16.275438552771448,17.112249574093767
0.73227958752636113,11.452848028173776,11.321874199206377,11.441437243951441,11.433001345766115,11.525780291153751,11.559174219341003,11.676354840039949,11.77437513320092,11.910475095618494,12.061743436700908,12.205951977846325,12.379201114214084,12.516010986077617,12.775840766114925,12.934087969961638,13.28913355352006,13.440288579412936,13.911297560830462,14.118173088295407,14.678290914018817,15.067259218043546,15.751321500272752,16.276523995567914,17.113407981870296
0.7322850318450822,11.453687232344691,11.322717490198556,11.44227484817975,11.433824183567594,11.526513987486396,11.55983757832837,11.677006071213327,11.775020360370945,11.91118292158626,12.062453725410251,12.206671247581653,12.37991589045896,12.516727718311813,12.776573548215765,12.934823398617482,13.289893880176805,13.441069895679448,13.912104432020442,14.11903035338446,14.679217156520735,15.068253287300195,15.752382866606695,16.277633382710519,17.114593467550094
0.7322906057232571,11.454546452645445,11.32357880024847,11.443132387050355,11.434665956367553,11.527262901256563,11.560515569407471,11.677671940394703,11.77568045964108,11.911906773783812,12.063180046056004,12.207407910598249,12.380646475296544,12.517460089864926,12.77732202746347,12.935576092104384,13.29067129261648,13.441867951632503,13.912928891957108,14.119907619049172,14.680164090762446,15.069270021481771,15.753469701394806,16.278768353560736,17.115806071591123
0.73229631224403602,11.455424767232671,11.324460639710651,11.444008736456453,11.435526864506301,11.528029931404035,11.561209123296067,11.678352733987595,11.77635495162167,11.912647945740446,12.063922465618816,12.208159664487994,12.381393491005838,12.518209384743386,12.778087288423194,12.936345213299319,13.291466336463145,13.442684945936435,13.913773600030254,14.120804440346546,14.681133018107175,15.070309852206265,15.754581141160543,16.279929236568023,17.117045834879264
0.73230215456393943,11.456322608224127,11.325362009594755,11.444905607355849,11.436407640313519,11.528814031167258,11.561918484972921,11.679048826964845,11.777044901342379,11.913404752286169,12.064682453637943,12.208929674583487,12.382157550782722,12.518975740466431,12.778870159508642,12.937131499234511,13.292279601525934,13.443520029749834,13.914635859862756,14.121721846287983,14.682124216544253,15.071373409097305,15.755717232329062,16.281116940891934,17.118315075476403
0.73230813591460386,11.457242143803796,11.326284673226837,11.445823056557856,11.437308310949447,11.529615675111017,11.562643867652241,11.679761051989772,11.777750352870498,11.914179184564546,12.065460078988963,12.209716294402369,12.382939483832615,12.519759339648317,12.779670697306756,12.937935442728303,13.293111403361308,13.444374216213419,13.915518615640849,14.122660175406054,14.683136918438777,15.072460663739548,15.756879729989123,16.282330134183212,17.119611332260774
0.73231425960457008,11.458182488284365,11.327228244372691,11.446761268554383,11.43822988609918,11.530436700824339,11.56338503370489,11.680489138307166,11.778472092304582,11.914970925805846,12.066252575149065,12.21052047036892,12.383738737318708,12.520560684683915,12.780489351523102,12.938758585718006,13.293961470863451,13.445247218846816,13.916420064083923,14.123619671863253,14.684173552504944,15.073572996987878,15.758068183837167,16.283571645407847,17.120936428654204
0.73232052902111255,11.459143176746693,11.32819350942691,11.447721234499568,11.439172133014836,11.531275055561764,11.564143379570396,11.681233004535898,11.779209012139745,11.915780363173781,12.067064789481719,12.211344222414482,12.384555079859183,12.521378739163538,12.781326041209013,12.93959902802726,13.294831306582182,13.444900083235552,13.917343113912466,14.124600663225465,14.685232874579015,15.074710176357257,15.759283376425628,16.284841367633817,17.122292466074214
0.73232694763211348,11.460126539251632,11.329180806048953,11.448702486298771,11.4401354898514,11.532132883287886,11.564919412847757,11.681994186828433,11.779963187583235,11.916607891464082,12.067895654058702,12.212184749704193,12.385390299981736,12.522217103398816,12.782182321316213,12.940459087682484,13.295720070435436,13.445824435911163,13.918286319627441,14.12560370964502,14.686316608017933,15.07587354364523,15.760526651656619,16.286139707078746,17.123679005504073
0.73233351898798082,11.461131847878278,11.330190677366772,11.449706694619636,11.441121232218848,11.533010299170655,11.565711640397694,11.68277194579241,11.780733644235625,11.917454259249553,12.068744855815112,12.213044916418312,12.386244293537857,12.523072864984442,12.78305689801573,12.941338027555048,13.296628627758309,13.446767899707538,13.919250944088617,14.126629670836337,14.687425227615222,15.077062919718173,15.761797816545368,16.287467246637334,17.125096887002201
0.73234024672361209,11.462160728448453,11.331222956163401,11.45073333002756,11.44212894454904,11.533907774854015,11.56652280112894,11.683567411750573,11.781521953640095,11.918319592551143,12.069611533266652,12.213923848344621,12.387117133720039,12.523948633964665,12.783193037215369,12.942237138266137,13.297558443196522,13.447733615828383,13.920237567147524,14.12767867677303,14.688557966435383,15.078278661833792,15.76309689548134,16.288823917211175,17.126545655225073
0.73234713456040557,11.46321193481117,11.332278374614816,11.451783447180333,11.443160049589551,11.534825157871637,11.567351277903981,11.684380361302374,11.782328068094557,11.919204093235749,12.070498446351394,12.214822567477313,12.388009973730277,12.524842895539678,12.78410757867232,12.943156557285874,13.298508507903534,13.448721155117255,13.921245452242147,14.128751644454496,14.68971762929732,15.079522764831836,15.764425307633701,16.290211538355379,17.128028769364391
0.73235418630831772,11.464287521153892,11.333359644235315,11.452856995799266,11.444213928843965,11.53576309027676,11.568198566771571,11.685212052073894,11.783151177140098,11.92010799427635,12.071405321366456,12.215741187620097,12.38892241316853,12.525757570350379,12.785042343859459,12.944095302773803,13.299479980471915,13.449730431972057,13.92227642213993,14.129848132923598,14.690901117153317,15.080794401948424,15.765784405218255,16.291630852559138,17.129544321288449
0.73236140586797194,11.465387552012544,11.334463338517253,11.453955666030652,11.445291906308739,11.536722311104768,11.569064748283381,11.686061709764545,11.783992813363056,11.921032793438826,12.072332482046022,12.216680914933022,12.389855289838579,12.526693507970322,12.78599814857489,12.945055673168554,13.30047260580568,13.45076259953521,13.923330120640912,14.130969242047286,14.692112802216798,15.082094158378823,15.767173091273435,16.293081796575734,17.131093549426623
0.73236879723281478,11.466512530068485,11.335593310083823,11.455078989577032,11.446393952648577,11.537703378705828,11.56995078172622,11.686930526139349,11.78485358026137,11.921977854019133,12.073280247672756,12.21764103272335,12.39080868094743,12.527649229839426,12.786974837660182,12.946037523532596,13.301487739711774,13.451817715989364,13.924407377681291,14.13211526110581,14.693350884831034,15.083423404687437,15.768593262015202,16.294564875745436,17.132677023862016
0.73237636449132615,11.467662524351454,11.33674825390608,11.456227304309323,11.447521251444869,11.538706404250661,11.570855042468338,11.687819023011798,11.78573317955852,11.922943680265234,12.074248773336421,12.218622636623422,12.391783422589924,12.52862629923402,12.787973884371695,12.947041155496663,13.302525631459048,13.452895641325995,13.925509112131294,14.13328765508686,14.694616731489987,15.088513092798621,15.770045757165917,16.296081410653187,17.134295839437982
0.73238411182927998,11.468838571359811,11.337929652195726,11.457402243660454,11.448673470058566,11.539731450156069,11.571780995659992,11.688726714510267,11.78663248614248,11.923930386653865,12.075238619257561,12.21962619965052,12.392779372538371,12.529625260872763,12.788994779331006,12.948066559643394,13.303586470773553,13.453998392289122,13.926634439314057,14.134485298269283,14.695911289255491,15.089905391888351,15.771529991542593,16.297631599577926,17.135951299617773
0.73239204353205978,11.470040856950618,11.339137382309673,11.458603136592501,11.449851791941455,11.540779818351439,11.572726358276213,11.68965406180132,11.787550993678451,11.92494033065077,12.076250871047705,12.22065167755909,12.393798331056587,12.530647114539079,12.790037830699021,12.949115344213169,13.304670493754656,13.455124948493449,13.92778630216344,14.135709986631355,14.697234567996929,15.091328922892444,15.773047727648191,16.299215889423976,17.137642814857827
0.73240016398702934,11.47127005445418,11.340372278792529,11.459831169944664,11.451056774834342,11.541851583973767,11.57369308191619,11.690602518834567,11.788489645107802,11.92597145198306,12.077285156203743,12.221699742489363,12.394839141140437,12.531689631819972,12.791104302719759,12.950186658413259,13.305778049393211,13.456276754409828,13.928961997905844,14.136962027896516,14.698586913052168,15.092784768139154,15.774599510637927,16.300836497810906,17.139372156742866
0.73240847768595907,11.472527323594932,11.34163495533312,11.461086861537296,11.452288751611377,11.542947443997491,11.574682030907297,11.691571697621839,11.789449398043416,11.927025639321073,12.078341649742015,12.222770853260954,12.395902608449433,12.532756573014467,12.792194269879019,12.951281805750568,13.306911051311545,13.457454333175065,13.930164768166833,14.138241831496998,14.699970101889903,15.094272041382283,15.776185197869381,16.302492101242478,17.1411402934732
0.73241698922751119,11.473813004747626,11.342926378734319,11.462370611785445,11.453547345597599,11.54406726509842,11.575692012447234,11.692562047191132,11.790430463407574,11.928102663222489,12.090152067733925,12.223865498749547,12.396989361362102,12.533845583029233,12.793308545618856,12.95240088436276,13.308068211909358,13.458658208506677,13.931393493927317,14.139549739008999,14.701383181858546,15.095793040567514,15.777805873343368,16.304184954092307,17.14294673377799
0.73242570331978296,11.475125933380696,11.344246771694998,11.463683833893356,11.454835375163839,11.545212244161576,11.57672389641948,11.693574067637655,11.791432360620092,11.929203707007218,12.091257673372638,12.224984818881239,12.398100792917376,12.534959528009949,12.794446706508552,12.953544956048518,13.309251252907416,13.459887905806681,13.932649566513646,14.140886771160694,14.702828365657751,15.097347445806008,15.779462507096014,16.30591508596217,17.144793069527623
0.73243462478291099,11.47646892337707,11.345596615663453,11.465025641451575,11.456151761994079,11.546382796160742,11.577778045995274,11.694608566140232,11.792456276979465,11.930328787884264,12.092387286062149,12.226127225453183,12.399236084484528,12.536097413465541,12.795610437379764,12.954714071519902,13.310459990082109,13.461144725611575,13.933933131242611,14.142253508687645,14.704304771340048,15.098935891252495,15.781156774625742,16.30768310404801,17.1466799805562
0.73244375855173771,11.477842374302782,11.346976024742162,11.466397468780087,11.457497347792923,11.547579260875409,11.578856341710434,11.695665263056526,11.793503140115718,11.931477830180029,12.093541234852182,12.227295652648991,12.400395965950338,12.537260478501139,12.796799026632016,12.955908218940294,13.311695753550794,13.46242901289861,13.935244339872497,14.143650718943263,14.705813519006824,15.100560063612193,15.78288673510724,16.309490399986771,17.148608470333329
0.73245310967854094,11.479245971770069,11.348387266799364,11.467799643025046,11.458872772418999,11.548802052170231,11.579957731661125,11.696744874890555,11.794570997041319,11.932652252789012,12.094719877296939,12.228490006557877,12.401581077006085,12.5384490048732,12.798013854795045,12.957128511821338,13.312957971234937,13.468120708623701,13.936584882492753,14.145077456940271,14.707356541830904,15.102219711130601,15.784655510230095,16.311336546077655,17.150580125542547
0.73246268333582842,11.480680493067666,11.349828949857965,11.469233927634377,11.460278866514727,11.550052249651799,11.581083449337257,11.69784848315021,11.795663056290778,11.933852844957983,12.09592499269138,12.229709027145418,12.402792370477528,12.539662665503784,12.799254317219038,12.958376197172129,13.314247377840729,13.469461031525498,13.937954747413642,14.146536258861488,14.708932938230646,15.103916191397275,15.786463479572831,16.313224474391063,17.152593829250236
0.73247248481919891,11.482146730636487,11.351303325154277,11.470700032121385,11.46171578113217,11.551329834917851,11.582233627799724,11.698975953588615,11.796778851502495,11.93507890724095,12.097155714589462,12.230955224804347,12.404028834152996,12.54090316592783,12.800522658835234,12.959649699025249,13.315565118328323,13.470831143779378,13.93935389716853,14.148026904879771,14.710542971861742,15.105649390016424,15.788310743563216,16.315152881235917,17.154650815894456
0.73248251955027177,11.4836461263817,11.352810718021374,11.472197631562722,11.463184238718441,11.552634669217696,11.583408297119149,11.700127553076072,11.797918491914061,11.936331281030107,12.098413361872645,12.232228171790666,12.405293463361886,12.542169961648142,12.801817718848724,12.960951501240288,13.316911912667365,13.472230923694497,13.94078393084601,14.149549639706493,14.712189495310213,15.107421037356289,15.790198403721206,16.317124088916444,17.156753686221236
0.73249279307968529,11.485178581367563,11.354350659986267,11.473729363302482,11.464686181536308,11.553969145846622,11.584608904297056,11.701303933171857,11.799082429877672,11.937611009160264,12.09969734860897,12.233528493568429,12.406584393755566,12.543464105620842,12.80314094520736,12.962281009036815,13.318287237512777,13.473660012356049,13.942244402480355,14.151106361739039,14.713871155759989,15.109231185075259,15.792127429867378,16.319137161533945,17.157116880359808
0.73250331109016764,11.486744310904214,11.355925434790151,11.475294819639203,11.466220288036311,11.555332356823328,11.585835080586548,11.702505679012575,11.800271458057978,11.938917749032953,12.101009333355705,12.234856963008042,12.407903359102875,12.544786209839913,12.804493297350291,12.96363889109989,13.319692254896381,13.475121658643275,13.943737486667032,14.152695313500317,14.715590058608541,15.111080814664092,15.794098648854288,16.321194071247191,17.159309192194087
0.73251407939967961,11.488344565946136,11.357534039612347,11.476894662003815,11.467787272208625,11.556725764251496,11.587087779583726,11.703733314176134,11.801486419439243,11.940253041051619,12.102349211576893,12.236213470629082,12.409250480438914,12.546137050896505,12.805873814564166,12.965026324492101,13.321127603971945,13.476614009373407,13.945261935703002,14.154319902158022,14.717345762750028,15.112971085793106,15.796112031805933,16.323296235989346,17.161549527923853
0.73252510396463344,11.489979724664863,11.359179051725732,11.478529502785932,11.469389779898393,11.558149135577423,11.588368034937048,11.704987040547167,11.80272632481001,11.941616418326703,12.103718215775189,12.237599387834962,12.420353697859809,12.547516191156774,12.807284517375138,12.966443636039003,13.322593269489971,13.478138377402047,13.94681884235888,14.155979646178366,14.719139848432405,15.114901139072117,15.798169881355534,16.3254431112764,17.163837103898004
0.73253639088318689,11.491650990161816,11.360859240303853,11.480200415302988,11.471027050355588,11.55960360216659,11.589674666010524,11.706267529746583,11.803993329983768,11.943009298408469,12.10511606381624,12.239015036470846,12.421755572278926,12.552280076081388,12.808724872669245,12.967890776074,13.324091043440148,13.479695633871415,13.948409285292655,14.157675374297924,14.720971525306595,15.116873748419039,15.800271360360057,16.327637165416945,17.166175893168202
0.73254794639861676,11.493358240472844,11.362576788880688,11.481908261531316,11.472700230758164,11.561089736191661,11.591009968042272,11.707575106477179,11.805285732486027,11.944430981419373,12.106543528068869,12.240461328389301,12.423187685880293,12.553716840243851,12.810196212471055,12.969368542374468,13.325620719932431,13.481286027787064,13.950034222957584,14.159406234020935,14.722844001965768,15.118889212307749,15.802418408753965,16.32987854625344,17.168562594645664
0.73255977690277241,11.495103296015259,11.364332677794209,11.483653786943705,11.474409081581143,11.562607843971364,11.592373204402975,11.708909991504242,11.806606597324844,11.944829981103794,12.10800120660042,12.241937400734514,12.424650510077754,12.555184582220591,12.811698333416643,12.970878108449597,13.327182376396649,13.482910485085085,13.951694665077412,14.161174693749217,14.724755456221828,15.120947841880024,15.804611352702068,16.332167390034101,17.171000599198123
0.73257188893961112,11.496884705778029,11.366125665340405,11.485436580469013,11.476155678872601,11.564158866975504,11.593765737818103,11.710273895611408,11.807955007644523,11.946355527525157,12.10948941560855,12.243445486078144,12.426144255567579,12.556682373285184,12.81323204275941,12.972419202626497,13.328777351687677,13.484569684733742,13.953388007229478,14.162981361489074,14.722663885181191,15.123050813040663,15.806851091116187,16.334504580443991,17.173490301289348
0.73258428920881791,11.498706257283629,11.36795788309928,11.487258401848976,11.477939677554787,11.565743109453706,11.595187477791114,11.711666332342247,11.809331268481401,11.947913078165584,12.111008823271277,12.24498479245176,12.427668946964786,12.558211557422055,12.814798725523815,12.973993003404757,13.330406445929384,13.486263214273094,13.955119056044623,14.164826535651628,14.724658301596719,15.125198613472094,15.809139355798379,16.336891162695792,17.176033469576396
0.73259698456951139,11.500566892436836,11.369830490807544,11.489119861971176,11.479762870880677,11.567360825084961,11.596639452533964,11.713088209654416,11.810736716268366,11.949503313157038,12.112560339196989,12.246556710430013,12.429226108737566,12.559773337417482,12.816397649334704,12.975600823084733,13.332068985866954,13.487993529781761,13.956885996700294,14.166710951724326,14.726694472591134,15.12739338932397,15.811475999360027,16.339329785688278,17.178630345121292
0.73260998204403804,11.502467967276516,11.371743219092423,11.491021384344094,11.481624966326763,11.569013825165712,11.598121443107175,11.714538906850066,11.812171199644126,11.954802753749846,12.114144337139805,12.248161455703212,12.430814931544319,12.561367181842343,12.818030627723601,12.977240448730299,13.333767026762871,13.489760084454247,13.958690781018504,14.16863553771509,14.728773694648226,15.129633848003323,15.813862071506264,16.341819634770673,17.181281523067355
0.73262328882185623,11.504409750782088,11.373697265956707,11.492964359764301,11.483527116115056,11.570702039543903,11.599635176549782,11.716020748549909,11.813634864287451,11.956460027738103,12.115760425571807,12.249799471639562,12.432437750985173,12.562995762851187,12.819697367487606,12.978914313287987,13.335499939868441,13.491563748874341,13.950484178616989,14.170599547957863,14.730897177301813,15.131921324743416,15.81629870109191,16.3664871533515,17.183989712775656
0.73263691226351335,11.506392352271632,11.375693632818638,11.494949551849913,11.485469304248454,11.572425505203682,11.601180383661358,11.717532357282835,11.815129630005686,11.958153179461988,12.117410835741794,12.251471996807595,12.434093477861097,12.564655215269795,12.821398693275114,12.980623960094817,13.337269463574557,13.493405467947923,13.9523801731616,14.172605988462237,14.733065620849629,15.13425681333365,15.818786424085374,16.369146084700333,17.186752760942454
0.7326508599047169,11.50841797005387,11.39991080318714,11.496976384263689,11.487453000973801,11.574186133092553,11.60275707339224,11.719075821184106,11.81665421061598,11.95987916113836,12.119094481540287,12.253178022323027,12.435783442959291,12.566349462176731,12.823135112904311,12.982368182887967,13.330455331737539,13.495284237806118,13.954315385881728,14.174653669344934,14.735278836298676,15.136643239690329,15.821327264569391,16.371861888631429,17.189574476023608
0.73266513946050305,11.510486702224171,11.401961872115407,11.499047275442535,11.489479349281282,11.575983472374901,11.604366802363529,11.720651066511891,11.818210888929571,11.961641789534497,12.120812881279107,12.254919632269321,12.437508614075796,12.564652784873033,12.824906640353674,12.984149047999381,13.332290063977325,13.497203183182592,13.956290636622271,14.176744498487096,14.737539730983826,15.13907903163954,15.823919915934766,16.37463320583538,17.192454329042448
0.73267975882950442,11.512599090300682,11.404056834557196,11.501162760032912,11.491548225001679,11.577819558356623,11.606009686018751,11.722258227755901,11.819798264268229,11.963441307891117,12.122566691847624,12.25669711794535,12.439268452163105,12.566402805797225,12.826715346925084,12.985965742767348,13.334162290359927,13.499161464948884,13.958306972792343,14.178878620143678,14.739846245293847,15.141566529945976,15.826568020214836,16.377463110467488,17.195394931728515
0.73269472609831832,11.514756238769223,11.406196102637296,11.503322350844428,11.493661243903716,11.579693542050336,11.60768630424036,11.723898079965693,11.821418226272726,11.965277041199442,12.124355987517902,12.258510646161994,12.441064815145182,12.56818806121737,12.828561120513768,12.987819676847721,13.336072671142574,13.501160389829238,13.960365043681122,14.181057742052417,14.742200936706467,15.144105732018033,15.829269875298905,16.382719818711394,17.198394627367179
0.73271004954598073,11.516958543948476,11.408380535189735,11.505528896318538,11.495819082948401,11.581606469776943,11.609397207898837,11.725571514756211,11.823071101100595,11.967149623761998,12.126181645628094,12.260361187114086,12.442896852955982,12.570008778680403,12.830444637597793,12.989711401561181,13.338022337311486,13.503200240440947,13.962464554002509,14.183280501334593,14.744604918065306,15.146696838492517,15.832028276749497,16.385666639557712,17.201456714292817
0.73272573764854521,11.519207791220197,11.410610841985545,11.50778067005831,11.498021881468048,11.583561040189579,11.611143369681486,11.727278700987881,11.824756561235517,11.969062191303692,12.128043206690563,12.262248711945631,12.444957085357146,12.571866749041874,12.832365346236656,12.99164143418966,13.340011227025116,13.50528081376342,13.964607002099001,14.185549732694199,14.747059532948242,15.14934196253671,15.834843475849084,16.388673517730695,17.204579989936065
0.73274179908377146,11.521503999263587,11.412888191805905,11.510080868895784,11.500270725420705,11.585553227322634,11.612924377845047,11.729020674658841,11.826475794995986,11.971011431018269,12.129942677920553,12.264174264702888,12.446864034775899,12.573761782632118,12.834324802745414,12.99361042307919,13.342040396565608,13.507404513134134,13.966793365596459,14.187865545473869,14.749562281129784,15.152041227108384,15.837716775277386,16.391742168247674,17.20776780388087
0.73275824273592549,11.52384762426118,11.415213207772922,11.512428746654223,11.502566923773884,11.587587645132317,11.614741502235574,11.730797205404542,11.828229917681711,11.973000992869856,12.131880572338559,12.266138530695116,12.448809285050629,12.575695323452237,12.836324355663237,12.995618843224747,13.344110689496119,13.509570523810908,13.969023719563211,14.190228154480792,14.752116826043675,15.154795934693084,15.84064840974861,16.39487289529734,17.211019505912191
0.73277507770069383,11.526240373363635,11.41758628347452,11.514826165517206,11.504909274408874,11.589664402539711,11.616595384087759,11.732608375603377,11.830018023382763,11.975029935318616,12.133855808064709,12.268141581570035,12.450792766664563,12.577666275040428,12.83836270390475,12.997667682539486,13.346221998779583,13.511780742636347,13.971298714863678,14.189011474930794,14.75472376292646,15.157607149850719,15.843639927139066,16.398068062691891,17.214337159305614
0.73279231329021466,11.528682674680113,11.420009028553068,11.517273795033816,11.50730055701024,11.591783480368576,11.618485390628848,11.734456249884261,11.831840575232945,11.977099381948392,12.135870566783979,12.270184178378258,12.4528153994479,12.579676499040943,12.840441678676598,12.999757308287826,13.348375392049547,13.514035029739262,13.973619687212704,14.191479123161116,14.757383392991414,15.160475183717153,15.84669107671607,16.401327130527534,17.217721425076434
0.7328099590382291,11.531175712824279,11.422482279113865,11.519772037643634,11.509741828807364,11.593945636436729,11.62041385686598,11.736340148285308,11.836132614025246,11.979210140276336,12.137924598264817,12.272266852747634,12.454878402585109,12.581726769719353,12.842561642256442,13.00188754073406,13.350571356920682,13.516334345427367,13.975986400730108,14.193996255237835,14.760096662198521,15.163401965878165,15.849804458722247,16.404651892034963,17.221172501068395
0.73282802470535402,11.533718789377872,11.425005859522116,11.522321898928112,11.512231872414759,11.596151632264082,11.622380279812205,11.738260920899393,11.838018079153699,11.981362256690318,12.140018895036064,12.274389272773988,12.456981267875108,12.583815504769063,12.844722951332642,13.004059584939114,13.352810483780559,13.518679409658944,13.97840057413805,14.196563690704352,14.762864028204149,15.166387063667571,15.852980251825102,16.408043168696167,17.224691826773778
0.73284652028448183,11.536314085878985,11.427581005993943,11.524924344160354,11.514774008151107,11.598402631545468,11.624384768146683,11.740218884876413,11.839940095065231,11.983558112572155,12.142153581459752,12.276553626119949,12.459124672683629,12.585945269037438,12.846926679991611,13.002789075987039,13.355093396158281,13.521070219685043,13.980861083858599,14.199182602072142,14.76568745741497,15.169432515392145,15.856219039386815,16.411503307162548,17.228281029923892
0.73286545600630748,11.538962820823144,11.430209116696915,11.527580283995121,11.517367330560319,11.600698695564461,11.626428686000963,11.742215571523502,11.841898772596323,11.98579775979033,12.144329242623371,12.278758909282715,12.461310186311039,12.588116129173613,12.849172791649835,13.005026582600294,13.357420522963821,13.523507890232395,13.983370825628754,14.201853261099586,14.768565751075585,15.172537926726818,15.859522383874719,16.41503019860329,17.231940244199905
0.73288484234498774,11.541664450513053,11.43289001717767,11.530290220830921,11.520012505928662,11.603041159728491,11.628512142637192,11.744249140900138,11.843895013194015,11.988081387310558,12.146546155014676,12.281006581531528,12.463536408550226,12.590328163370486,12.851462422479472,13.007307640757972,13.35979303944714,13.525993736066994,13.985929003798901,14.20457601371254,14.771501509080281,15.175704639121705,15.866018189082297,16.418627104969801,17.235670425852732
0.73290469002393466,11.54442159334485,11.435625044545759,11.533055182831959,11.522711506425367,11.605429129468575,11.630636462947223,11.746322460604461,11.845927607177146,11.990408229060449,12.148805567354884,12.283297207609849,12.465805584976806,12.592582397879141,12.853795411743249,13.009631369121507,13.362210341007085,13.528527303921237,13.98853711138554,14.207352660813285,14.774494560106632,15.178934860059599,15.869434049831852,16.422294136302298,17.239473269285554
0.73292501002174759,11.547232527808774,11.438415497767437,11.535876260561963,11.525463801353908,11.607864506138867,11.63280028495592,11.748434352677577,11.8479989754901,11.992779372480527,12.15110653601505,12.286378627194608,12.468117134038494,12.594878759106905,12.856172546970811,13.011999634342374,13.364675146900936,13.531108444777146,13.991194192007697,14.210182712826736,14.777546334108592,15.182227074675666,15.872916684548727,16.426032522116657,17.243348697324109
0.73294581357828537,11.550099639169275,11.441261640892208,11.538754054514811,11.528271025375943,11.610348615849944,11.635006090241859,11.750586622769788,11.850108591459502,11.995196548442436,12.153451959813992,12.288755159162974,12.470472566086755,12.597218397116649,12.858595000274818,13.014412446560527,13.367184466499111,13.533739334204711,13.993902782194255,14.213066867398993,14.780657251396406,15.185583980814499,15.876466159416395,16.429842454740992,17.247298559126648
0.73296711220088373,11.553023720016881,11.444164693268704,11.541689036138905,11.531133517577018,11.612880412416871,11.637253137940206,11.75277861272707,11.852257456638199,11.997657820775203,12.155839585167541,12.291176093371632,12.472871245583065,12.599601427726157,12.861061514895937,13.016870444535016,13.369741416595843,13.536420606087631,13.993889031632079,14.216006833910797,14.783829136200438,15.18900562735962,15.880083003035452,16.433725978471102,17.251323143189438
0.73298891767072105,11.556005751594512,11.447124363854073,11.544682636050311,11.534052876208079,11.615462073589697,11.639543006888744,11.755011473375362,11.854445055259021,12.000165793458109,12.158270653901127,12.293642267232372,12.475314497179625,12.602027625347546,12.863575126593332,13.019374057663754,13.372346134085547,13.539152033004484,13.99669122283467,14.219002130804711,14.787060361811655,15.192493718171136,15.883770212189575,16.437683671339073,17.255422420134892
0.7330112420493341,11.559046196757663,11.450142366139971,11.547735135734001,11.537028721575098,11.618093178348772,11.641875648992936,11.757285456732461,11.856672232729125,12.00271965044567,12.160744931962199,12.296152236662238,12.477802304828401,12.60449854984563,12.866132072718756,13.021924243416379,13.374999509007921,13.541934672676234,13.999545104463778,14.222054446263883,14.790353729805702,15.196047549994546,15.887526563111805,16.441715479471895,17.259598988868674
0.73303409768529038,11.562145008216248,11.453220239040547,11.550848300062626,11.540062236515041,11.620774806111058,11.644249412659974,11.759600454689007,11.858939496438779,12.005321029477727,12.163264141160653,12.298708389848798,12.480335159466449,12.6070134422921,12.868291510236759,13.024518745702608,13.377700440685658,13.544768549462788,14.002451664922319,14.225163724821869,14.793709326062071,15.199668718705652,15.891353359041659,16.445823542714152,17.263853320653652
0.73305749722101876,11.565304443041441,11.456357056009438,11.554021900025418,11.543154310244063,11.623507470269033,11.646668051650067,11.761957069602431,11.861246983767614,12.007969480997872,12.165828659155068,12.301309962620962,12.482913269447181,12.609573503894808,12.870938036947791,13.027160774365257,13.38045141907196,13.547654643715305,14.005411517178345,14.2283305647411,14.797127304178503,15.203357749795487,15.895252315422113,16.450007387017195,17.268185748815995
0.73308145359980215,11.568524471098499,11.459554903340631,11.55725767817512,11.546305714244681,11.626291466512157,11.649130283747581,11.764356038197093,11.86359481196223,12.010665581611192,12.168438176747259,12.30395845629846,12.485531834821813,12.612179269600801,12.873630809966926,13.029850118271042,13.383251476837358,13.550592917114955,14.008424490080415,14.231555993551865,14.800608877935247,15.215127833561837,15.899221697277426,16.45426800151381,17.272596968299695
0.73310598007293692,11.571805202774158,11.462813457948869,11.560555274813396,11.549516757706442,11.629128049269184,11.651636617276836,11.766797377416424,11.865983357993628,12.013410165169262,12.171093209675746,12.306651324770428,12.488195252551577,12.614831460847654,12.876372305166569,13.032586419557902,13.386100689611794,13.553584652889185,14.011491790932723,14.234840491179966,14.804154377504346,15.218955681341868,15.90326544619893,16.458607416664563,17.27708677272858
0.73313109020706346,11.575148830073431,11.466134212619636,11.563916638163846,11.552788806684021,11.632017669679044,11.654188032332513,11.769281432726984,11.868413389951002,12.016202393818276,12.179799891544917,12.30938969332783,12.490904684387715,12.617528086931998,12.879160989090906,13.035370675589093,13.389000836923969,13.556629005055129,14.014613581962749,14.238184163498318,14.807764341073835,15.222853989181658,15.907382066173341,16.463025149784244,17.281657777791224
0.73315679789166943,11.578554757362326,11.469517620045735,11.567341590768592,11.556121424964203,11.638680626034784,11.656784129253083,11.771808553552091,11.870883851061535,12.019044199789732,12.182554240566333,12.312175837887935,12.49366109687935,12.620270875310325,12.881998205658874,13.038202697645374,13.391951710593275,13.560643045293091,14.017791016095543,14.241587973980586,14.811440071753623,15.226823132552909,15.911572946838533,16.467522515219116,17.286308246029876
0.73318311734677377,11.582024266869666,11.472964685680836,11.570831261542935,11.559516411787172,11.641644372477458,11.659425460663897,11.774379147363561,11.873397437574567,12.021934772536497,12.18535529417295,12.315008916834813,12.496464265278519,12.623060847548913,12.884883647242077,13.041082935781105,13.394952506036589,13.563774958513932,14.021023753831287,14.245052564881917,14.815181541963284,15.230863935691559,15.915838991022156,16.472099472540776,17.291040787938982
0.7332100631307914,11.585557723223246,11.476475491396741,11.574386467787917,11.562974152900097,11.644662586373215,11.662112566034011,11.776992899378911,11.875950188105435,12.024875092251023,12.188203473777321,12.317889237055169,12.49931458667379,12.625897178331797,12.887818200257698,13.044011996990776,13.398006070529391,13.566961348856694,14.024311986448538,14.248577870290319,14.818989264853371,15.234976467685556,15.920179585208189,16.476757603509213,17.298984196302627
0.73323765014858655,11.589156051857117,11.480051214859031,11.578007897804582,11.566494030686499,11.64773455211207,11.664844944117704,11.779650555222361,11.878545944988673,12.027865126108736,12.191098522999255,12.320817540270582,12.502211812563928,12.62461421406033,12.890801812069185,13.046988343565317,13.401109967892808,13.57020256044143,14.027655704463086,14.252164561486552,14.822863756117385,15.239161327503098,15.924596222806031,16.481495806999192,17.303881598868429
0.7332658936597175,11.592819506107844,11.483691585714951,11.581695808804398,11.570078441135138,11.650860727017971,11.667623769813872,11.782351596134049,11.881183810904531,12.030905179503861,12.194040849843532,12.328464173266184,12.505156650852769,12.627583417939604,12.893834354550108,13.050014877533613,13.404265313835822,13.573497325790868,14.03105617591018,14.255813130836032,14.821940818015719,15.243419719141002,15.929089917011879,16.486316418838214,17.308860841392743
0.73329480928687685,11.596548745220844,11.487398775635484,11.585451366365305,11.573726423333028,11.65404276102845,11.670448770985786,11.785097257517009,11.883862878712989,12.033995106687598,12.197029925117022,12.331534012113025,12.508149115411925,12.630600216872608,12.896915884561622,13.053090236807293,13.407472734313615,13.576847508337323,14.034512854149398,14.259523554975658,14.825924040303107,15.24773752191777,15.933660125420829,16.491219147641459,17.313924339517143
0.73332441302453333,11.600344343311008,11.491171584530093,11.589274491670494,11.577439315858555,11.657278626846619,11.67331954822339,11.787886989952767,11.886584413931814,12.04338292266084,12.20006592216032,12.334652225003083,12.511189060585366,12.633665699004723,12.90004750852404,13.05621321451963,13.410733196179081,13.580253059698407,14.038027218098705,14.263297194638199,14.829975322810697,15.252126469312316,15.938306486433703,16.496204613830741,17.319070583354005
0.73335472124777901,11.60420651700133,11.495011820202762,11.593166393414322,11.581217265334089,11.660571253201852,11.676238028104308,11.790720410361246,11.889347604722843,12.046565597668177,12.203149717950055,12.337819802421564,12.5142763385752,12.636778882255385,12.90322748371409,13.059386633125996,13.407124410015058,13.583713470377916,14.041597495053338,14.26713254484639,14.834094288015876,15.256589674587303,15.943030671912311,16.501272629237064,17.324300099520769
0.73338575072138701,11.608136596674285,11.498918909770964,11.597127083951818,11.585060765176877,11.663919784506106,11.679202373477438,11.793598198134077,11.892152722437913,12.049799706553131,12.206280761647122,12.341036575164708,12.517411321444342,12.63993988625316,12.906457023183975,13.062608367725716,13.41049241067185,13.587229517877859,14.045225259067138,14.271031328460595,14.838281358665881,15.261126490834613,15.947833269884541,16.5103274973726,17.329613261505983
0.73341751860908477,11.612133924814771,11.502894569300224,11.601157513828184,11.588969637643004,11.667324457872382,11.682212979951601,11.796520162151864,11.894999130176529,12.053083609078385,12.209459075956147,12.344303337837573,12.52059326584731,12.643149957246806,12.909734386638775,13.065878804016847,13.413913952904295,13.590800867590133,14.048909741718035,14.274993780612476,14.842537455250294,15.265738594208869,15.952713149553801,16.515518133233854,17.335010317407068
0.73345004248304813,11.616199219913597,11.506938176162748,11.605258497929754,11.592945562992554,11.670785758574311,11.685270959810623,11.799485575968447,11.897887231508321,12.056416900329168,12.212683675275912,12.347617783607348,12.520139367939009,12.646406862783806,12.913060833822328,13.034748927343117,13.41738650161551,13.594427347014062,14.052651034618975,14.279017981788002,14.84686065614278,15.270424804874438,15.957670354326638,16.520790161848709,17.340491892004138
0.7334833403336215,11.620332781829802,11.51105001721362,11.609429700431519,11.596987507667109,11.674303393166156,11.688375332769283,11.802495573385841,11.900816222218054,12.05980000126965,12.21595575015499,12.350981148554638,12.523410134476762,12.649711575284073,12.916436048225478,13.038146969809532,13.420911291538687,13.598109068556369,14.056448965819072,14.282931702493897,14.851253111363803,15.275186239223785,15.962706198559317,16.526144955094423,17.346054866666236
0.73351743057926844,11.624534971173034,11.515230915074881,11.613670901610476,11.601096114088705,11.677877918518334,11.691525828604881,11.805548352044752,11.906427805673957,12.063232684476588,12.219273625998085,12.354379886381594,12.526726973441782,12.653063849767932,12.919860049962153,13.041594166136292,13.42448832651462,13.601845827734905,14.060303964066406,14.28710072982949,14.855713311198542,15.280022193799141,15.967820101509005,16.531581210379954,17.351700848250402
0.73355233207676029,11.628805965314768,11.519480499804558,11.61798388696343,11.605270698970344,11.681508777381623,11.694722187522075,11.808644764108976,11.909437868102941,12.066714453236273,12.22263779926061,12.357821954081373,12.530089704259353,12.656462797338918,12.923331331727695,13.040914716580573,13.428116737897653,13.605637809136169,14.064215085727483,14.291332638470521,14.860242304413077,15.284931134324779,15.973011906266038,16.537098533701283,17.357429335800589
0.73358806413160627,11.633145131567289,11.523799675584087,11.622367769840366,11.609513251268254,11.685196833952887,11.697964822420545,11.811783873145487,11.912488125753953,12.070245455134682,12.226047193812974,12.361312135667959,12.533498574689474,12.659908842711502,12.926850802984063,13.044468735447481,13.431795657808834,13.609483125470433,14.068182121359769,14.323388615867316,14.864838946774398,15.289913212311603,15.977935850766244,16.542697572967882,17.363238356732836
0.73362464650873271,11.637553414363538,11.528187788983814,11.626822878235544,11.613821887675385,11.688941517246803,11.701253032543718,11.814966209565227,11.915577957986443,12.073824235110806,12.229502396528915,12.36140876641366,12.536952302472855,12.663400006828397,12.93041770218224,13.048070813250433,13.435525743758717,13.613381671065781,14.072204553030133,14.327723663245706,14.869503256995813,15.29496924911291,15.983232073489035,16.548377545441326,17.369127427244166
0.73366209944341509,11.642030554724442,11.532645411890371,11.631349620349283,11.618197938281355,11.692742856265795,11.704586420205942,11.818189994283784,11.918706453844152,12.077451479317915,12.233000406374686,12.364980042273601,12.540450832042097,12.666937273727854,12.934031734418113,13.051720754009693,13.439305454530768,13.617333945804148,14.071605124680445,14.332122178222562,14.874234588648051,15.300099055776627,15.988602886762237,16.554138438302289,17.375098473499747
0.73370044365247178,11.646576344123787,11.537172369048676,11.63594786488602,11.622639712282762,11.696600586211844,11.707964541651563,11.821455096344835,11.921873966988642,12.081125266046001,12.236543195578633,12.368596221513144,12.543992750139751,12.670518666437147,12.937691040083791,13.055416140536181,13.443134689538965,13.621338798478519,14.075741589812424,14.336581037908672,14.868064803192283,15.305302739780018,15.994049154411641,16.559977831508149,17.381148889418
0.73373970034572289,11.65119088367328,11.541768366690576,11.640617747966189,11.627148611974462,11.724160446661699,11.711386896035947,11.824761296801171,11.925078410828974,12.084845886028688,12.240128804911819,12.372256837439636,12.547574260941019,12.674143696870487,12.937873499239686,13.059158649164601,13.447012378433101,13.625396484382236,14.079930543663522,14.341101349933524,14.872974342946691,15.310578924383663,15.999569484983112,16.565896522582079,17.387278837029953
0.73377989123772269,11.65587375215955,11.546432834608368,11.645358421732908,11.63172433329828,11.728007525917292,11.714852713771506,11.828107585669386,11.928320277327202,12.088611726045201,12.243754771383919,12.375960780288551,12.551198088449837,12.677812290100519,12.941626208139951,13.06294625055034,13.450423694804158,13.629505800908646,14.084173004252534,14.345681797603902,14.877951641413802,15.320259891094338,16.005163222743249,16.571892673606271,17.393485783190954
0.73382103855977054,11.660622598890768,11.551165721516554,11.650170810240525,11.636363922845703,11.731904729493635,11.718361223000102,11.831493162839706,11.931596646884373,12.092422534104571,12.24302954627592,12.379707419553597,12.554862693556515,12.681522448026953,12.945422374682948,13.066777984294731,13.454431305615344,13.633665101619954,14.088469572034683,14.350321602383246,14.882993294342668,15.32568031070241,16.01082875380007,16.577966354766431,17.399768268656771
0.73386316507220828,11.665439947685627,11.555967193002289,11.655053460870022,11.641068998302671,11.735850988414768,11.721912515442455,11.834916733250793,11.934907890673458,12.0962768763452,12.246740846286684,12.383494820424403,12.558566573839926,12.685274582175225,12.94926122637753,13.070653005965596,13.458485473232486,13.635310156686955,14.092814497500967,14.355020048032202,14.888100276554724,15.331170822272725,16.016566704442994,16.584114325732116,17.406125425612117
0.73390629407700947,11.670323502585234,11.560835831476197,11.660006514436191,11.645838813460614,11.739845892986978,11.725504124814051,11.838377968042096,11.938254153379603,12.100173344534596,12.250490471198191,12.387322520225553,12.562308970525464,12.689065155976095,12.980525658375882,13.074570334416876,13.462585311002385,13.63956289198677,14.097210508478383,14.359775918645482,14.893272512211752,15.336731497879555,16.022374588643743,16.590336382960231,17.413203209497624
0.73395044943066945,11.675273490603558,11.594699353974647,11.665028961075222,11.650672448911337,11.743887629600522,11.729136491238023,11.841874744060533,11.941631975880227,12.104111494867539,12.254277439680209,12.391188757120744,12.566088785643387,12.686966145484348,12.984510108106406,13.078527784895414,13.4667294125029,13.643863414632051,14.101655496343483,14.364588072025526,14.898507313847404,15.342359742679491,16.02825068984248,16.596631223134864,17.41965699515913
0.73399565555740076,11.680287771599978,11.599550472325063,11.670119785741463,11.655569111256682,11.747975781588138,11.732807515214972,11.845407313780015,11.945041549934103,12.10808879947308,12.258099774024231,12.395092218275749,12.569903710839753,12.690813429763693,12.988534697870364,13.082524659808769,13.470916111731185,13.64820888285567,14.106148097221649,14.36945514386025,14.907803178110498,15.348055359070258,16.034193498311652,16.602995077229934,17.426178867644921
0.73404193746264323,11.685365968357019,11.60446098243483,11.675279529838008,11.660526534133623,11.752108746944486,11.736515893500837,11.848972577624863,11.948480139491039,12.10908422680177,12.261956450729031,12.39903081194916,12.573752208319547,12.694695256454906,12.992597498660871,13.086559848748948,13.474986931658805,13.652600074883139,14.110686545743647,14.374375708586285,14.913206820954656,15.353815875922464,16.040201522394455,16.609428795411077,17.432765104637838
0.73408932074689615,11.690507667487964,11.609431418974964,11.680506192385565,11.665545311658207,11.756285587642651,11.740260856092391,11.852570840080716,11.951946517347096,12.113095535088632,12.265844759323045,12.403002559563447,12.577633277106088,12.698609757445411,12.996696619733484,13.090630521307048,13.47925633319619,13.657032387446179,14.115268065346754,14.379348522440523,14.918670007114997,15.359640484445208,16.046271844214061,16.615028577233716,17.439414485834277
0.73413783161987822,11.695710115221573,11.614459189368517,11.68579924081132,11.670623178444202,11.760504240298815,11.744040944305652,11.85619839343326,11.955438971863259,12.117140596469198,12.269763261357639,12.407006341009946,12.577840755279794,12.702553584623729,13.000829852822335,13.094735935345398,13.483561686527082,13.661505939232484,14.119892435923248,14.384371171546718,14.924192101364042,15.365526462187518,16.052404079709959,16.62151529052062,17.446122861639196
0.73418749691502583,11.700972559766797,11.619542163567075,11.691156914300336,11.675759000168455,11.764763392309305,11.747853658350778,11.859855261067423,11.958955435550706,12.121216891468521,12.273709678174782,12.411039312821231,12.581783887573692,12.706526025637686,13.004995138996037,13.098873582188844,13.487904091704422,13.666018759423878,14.124557670710601,14.388757600021563,14.929770500531959,15.371472250896659,16.058593524652679,16.628062490763114,17.452889392875477
0.73423834410433553,11.706294412093484,11.624680333478409,11.696578356989903,11.680950030147869,11.769061016988871,11.751698158147065,11.863538426142895,11.966219698981149,12.125322256619256,12.277681663868407,12.415099837307935,12.585752273077105,12.710526062238387,13.009191337961965,13.098960913130213,13.492279960189535,13.670567755545562,14.129259606621872,14.393847437987915,14.935403711900562,15.377474891861766,16.0648387410547,16.634663622665357,17.459706139457921
0.73429040131356016,11.71167182826639,11.629870231397035,11.702061376800884,11.686196017932616,11.773395652408908,11.755572274119459,11.867246253809753,11.969774562026942,12.129454954914763,12.281676495835654,12.419185092731823,12.589743848425314,12.714550517114276,13.013414298889984,13.10317596067398,13.496686970444898,13.675151390137671,14.133997621288927,14.398983912626136,14.941087473986954,15.383533107793937,16.069607185460882,16.641319257798386,17.466573675426844
0.73434369733776605,11.717103930458052,11.635111089622114,11.707604649580844,11.691494216365754,11.777764500735884,11.759473874343257,11.870976091687226,11.973345798104674,12.13361088450938,12.285691310863967,12.419769557967811,12.593756054541245,12.71859505591965,13.017663181731223,13.107417638785137,13.50112306765368,13.679766377989381,14.138768213790627,14.404162297669245,14.946821654963969,15.389642831779838,16.075979412163178,16.64802360793874,17.473486580154713
0.73439826165726119,11.722589053368665,11.64039891311586,11.713206133423228,11.696842490787276,11.782165491305932,11.763400677844402,11.874726695398749,11.976933175098566,12.137789575832812,12.289724362771267,12.423876763015414,12.597785642285544,12.722658592059361,13.021934020433036,13.111681522713297,13.505583870105966,13.684411275974526,14.141659424564295,14.409378820531856,14.952602417408343,15.395803165507004,16.044508804695397,16.6547744678237,17.480440589752106
0.73445412445390179,11.728123941887588,11.645732941439746,11.71886398212564,11.702238410711288,11.786596791738702,11.767350211219309,11.878494648703963,11.980226855000183,12.141985616894544,12.293771353753073,12.428000069055088,12.601829805953912,12.726736370435447,13.034503191248859,13.11596577367709,13.510068546671846,13.689081376613103,14.14648603487376,14.414630113527892,14.958426936562319,15.402009962292595,16.051096631268592,16.661565384487403,17.487430877563384
0.73451131662778735,11.744234210123977,11.651110167107163,11.724575519387145,11.707679591570923,11.791054558441829,11.771320253102203,11.882277009671725,11.983867220123557,12.146197114547249,12.287809415308857,12.43213436397582,12.60588512356253,12.730826088890808,13.038775077850914,13.120266397300384,13.514572289923763,13.693775272877247,14.151336730324601,14.419913816136614,14.964293307611115,15.40906931993959,16.057728649614546,16.668394283335147,17.494453496476126
0.73456986981435246,11.749770658133002,11.65652703897058,11.730338933160965,11.713163089183581,11.795536656941749,11.775307685916687,11.886071658495439,11.987514862618355,12.15042035070519,12.291913879273125,12.436278435444819,12.609948785868255,12.734924409954601,13.043058734760507,13.124579860985705,13.519093166451512,13.696183531241331,14.156206794068112,14.425226386950726,14.970196257860607,15.415316670500033,16.064399942270938,16.675255118432688,17.501501846953033
0.7346298164018662,11.755344593349491,11.661980936454256,11.736149519824266,11.714424926898573,11.800040537763834,11.77931065253415,11.889874506940942,11.99116361221877,12.15465211412311,12.296023388457797,12.440425587458321,12.614015208598175,12.736702783359306,13.047350889906284,13.128903713520231,13.523626389177934,13.700932485887279,14.159727072916212,14.430563985102253,14.976133275523352,15.421598430851645,16.071107564413978,16.682143809140143,17.505977686620099
0.73469118954934742,11.760953029286611,11.667468648190606,11.742006457936441,11.720107000427106,11.804560709548241,11.78332407479229,11.8936832799277,11.994812226787417,12.1588873319497,12.300133277702116,12.444573351756389,12.61808261681972,12.740832062421759,13.051647166274961,13.133233165674483,13.528168127013942,13.705694428589595,14.164694941065591,14.435923374144295,14.987733538617704,15.427909819847173,16.077846860624959,16.689053800703732,17.513100326602398
0.73475402320490568,11.766591315354617,11.672985811499984,11.747905546696984,11.725827258935624,11.809095957426507,11.787345694237956,11.890019350400507,11.998456407676713,12.163400614602779,12.304239596833668,12.448717614578982,12.622145422495578,12.744959068156732,13.055943131379081,13.137564102940814,13.533664421957383,13.710465184050008,14.169674829607175,14.441300447947015,14.993698637973921,15.434246195034575,16.084613473658464,16.695979719992465,17.520230720384461
0.73481835212452051,11.772256467112129,11.678528260540588,11.755091756747788,11.731581043211008,11.813641189422924,11.791372341964234,11.893769376696582,12.002092298427215,12.167625412251709,12.308338379421912,12.452853850747942,12.623790648807244,12.749078509802985,13.060234638402562,13.141892982323043,13.538172787415078,13.715240367555907,14.174660668095839,14.446689269241688,14.999683929123421,15.440605784008767,16.091401620266879,16.696082522536017,17.527364154646421
0.73488421189126552,11.777943263428824,11.684092933873671,11.760616031436712,11.737366023527557,11.81819444375833,11.795399775097849,11.897512898282002,12.005715153291931,12.171840913748383,12.312424639245819,12.456977193444345,12.627836127428509,12.753186268956597,13.06451773552817,13.146215040931565,13.542676193915668,13.720015058207082,14.179649359448376,14.451483423399623,15.005685134280156,15.446979800031841,16.098205990033421,16.702977012520023,17.534492646977924
0.73495163893499149,11.783647650850526,11.689675136454298,11.766159853708359,11.743176322561794,11.822747750237795,11.799424995676873,11.901245020683746,12.010046719735328,12.176041778883246,12.316489748183358,12.46108216108496,12.631865136194847,12.757277402819,13.068786217854267,13.148798557517239,13.547170286380151,13.724784945924966,14.184634863073825,14.456885938684081,15.011695583868004,15.453364659838371,16.105022364364231,16.709868917499989,17.541608061317675
0.735020670552477,11.789362783786601,11.695270226880439,11.771719975258748,11.749008366103681,11.827299862180553,11.803442313955202,11.904961928104967,12.013630363696393,12.180223790126092,12.320531560040763,12.462230014388751,12.635869955785893,12.761346330426022,13.073036309255713,13.153136254621131,13.551649057152645,13.72954550264285,14.189611399768182,14.462287018180177,15.017710426011035,15.440560801844185,16.117177429458025,16.716748884624394,17.548703573364037
0.73509134492805861,11.795086234065366,11.700871995165926,11.777292184778162,11.7548576539034,11.831845050008724,11.807448611792552,11.908659375048956,12.017187555377859,12.184380491987667,12.324544918214997,12.466285652837087,12.639847055965674,12.76538708342332,13.077261248709419,13.157453229927341,13.556106892383923,13.734289748428182,14.196409672576465,14.467681683828687,15.023724752630187,15.446889287322847,16.124047184456685,16.723610724329774,17.555769076097931
0.73516370115475316,11.800810161996651,11.706475714187036,11.782868206213607,11.760718120362526,11.836377555313902,11.811438686761903,11.912331466551223,12.020712167233796,12.188506359592338,12.328523795411911,12.470307587855132,12.643788784392655,12.769394111611291,13.084166253207968,13.16174320704431,13.560544187452251,13.739013034725303,14.201397060495765,14.47306802981393,15.029732952028098,15.453208399691903,16.130906956223953,16.73044483364356,17.562796431710922
0.73523777925588074,11.806530723459218,11.712075710058798,11.788446224469681,11.76658554980213,11.840893059597875,11.815406844664722,11.915973964256409,12.024195159629471,12.192595629145671,12.322748131935896,12.474288650971175,12.647689613424518,12.773361585302155,13.088225353725647,13.166000380096648,13.564954638451582,13.743709480082089,14.206360323949866,14.47843992122489,15.035728201308302,15.455770137808031,16.137750556402352,16.737244168337384,17.569775657147147
0.73531362020720381,11.812239258996669,11.717665750184096,11.794018529749337,11.772452800289102,11.845385384184738,11.819350283008134,11.919581812780962,12.027635980764444,12.196640929665591,12.326708121368938,12.478212962237194,12.651544055153408,12.777283944941246,13.092239050135504,13.17021856988049,13.569327327766132,13.745024618597199,14.211293248403308,14.483787513789139,15.041704279743499,15.46207554601915,16.144564254973375,16.743999923567571,17.575520711732679
0.73539126595959281,11.817931296099232,11.723239455629937,11.799579602166432,11.778315108246261,11.849848678653416,11.823261254898625,11.923148915243019,12.031029065930852,12.200636370806023,12.280016785288353,12.482110795295284,12.655344768172654,12.78466847138634,13.09620160337181,13.174391472768093,13.573655923055867,13.749629762889072,14.216188285195585,14.489101639240289,15.050007362029191,15.468352714586217,16.151316795208913,16.750706197150066,17.582394953475159
0.73547075946223062,11.823598526949809,11.728790137791748,11.805122623045918,11.784165597035553,11.854277076621656,11.827135807896411,11.926670155911779,12.034367381605534,12.198320560549291,12.283772704340208,12.485955093603934,12.659085530788161,12.795335417889419,13.100104523993195,13.178513096836468,13.57621221046702,13.754188162913579,14.221040376024121,14.494378764363319,15.055910474878146,15.474591378561854,16.15802590462954,16.757348953685323,17.589190159985264
0.73555214468636954,11.829233299671614,11.758312439585097,11.810641223912171,11.789996530680128,11.858663663172592,11.830967655197583,11.930138061517482,12.037645541357506,12.202104360314934,12.28746007533573,12.489730807980322,12.660967072937183,12.799186884756637,13.103942268930496,13.182575258524594,13.580395927267546,13.75869259153751,14.225841995380961,14.499620813893216,15.061773474676556,15.480785042258503,16.164683125993179,16.7639650887877,17.59589729826439
0.73563546664965418,11.834828554009619,11.763903093286444,11.81612774349378,11.795801754538843,11.86300263013618,11.834750035272918,11.933547708369133,12.040628831531649,12.20581481864474,12.291072997375522,12.493431264397259,12.664625636901746,12.802966677621043,13.107705777956653,13.189104656063137,13.584513602247625,13.763135472202976,14.230604078988563,14.504527840745595,15.067585172528197,15.486925084564064,16.171280205343464,16.770497849311141,17.602501309128456
0.73572077144102199,11.840374768198672,11.769446776136647,11.821575149872388,11.801573300586369,11.867284978866337,11.838477712850363,11.936892468763745,12.043756596368439,12.20944256435132,12.294602427249629,12.49788938455049,12.668202175249462,12.806668138667646,13.111386614015373,13.193192137492588,13.588556692622205,13.767509544943096,14.235300203680708,14.509662911449595,15.073339537082575,15.493001918310256,16.183362921373373,16.776936558782836,17.608990976206769
0.73580810624619775,11.845864796000114,11.774935385536537,11.826975239928288,11.807303314316414,11.87150465172499,11.842143627366113,11.940165354491455,12.046803041952444,12.212979819428256,12.298041276927506,12.50137994053739,12.671688734109921,12.810282665212071,13.114973977037607,13.197199169051601,13.592517911433333,13.771807343081491,14.244765356527296,14.514730205294654,15.079028243320863,15.499003160278335,16.189814144623597,16.783268634183514,17.607772566062522
0.73589751937379322,11.851288664158346,11.780359233505351,11.832319982263471,11.812983268572225,11.875654151770959,11.845741419882415,11.943359349324965,12.049760926445742,12.205294141872855,12.301382061970799,12.504768824039274,12.675076773695764,12.81380283563476,13.11155690598298,13.201116983046632,13.596381381823448,13.776019650619673,14.249302714664736,14.519720160708403,15.084649112760417,15.501554663086608,16.196175192270857,16.789482050519837,17.614128666181387
0.73598906028202926,11.856636707256712,11.785709343258532,11.837600433889747,11.827972454984319,11.879725336251795,11.849263838167644,11.946467598656454,12.05262319648773,12.208517738214596,12.30990533992599,12.50802445623458,12.678356984289621,12.817219415374893,13.114831267097088,13.251008061712128,13.600145055830126,13.776483713675589,14.253750427440082,14.524624714199945,15.090185900501638,15.507367358460215,16.202432940221115,16.784594887628373,17.623149687724435
0.73608277960609303,11.86190001557361,11.790976536069593,11.842807461316625,11.833237523886055,11.883709198348242,11.859595926448947,11.949482724118752,12.055381363638389,12.21162586436094,12.312961084908238,12.51115461652671,12.681520981846461,12.820674672025689,13.117985399421741,13.254512385096859,13.60572074438096,13.780562278007437,14.258097026970063,14.52943556155742,15.09637133931119,15.513077828881251,16.208577401936054,16.790822864136317,17.629183634315268
0.73617872918614657,11.867067273311477,11.79614879923065,11.847931946931112,11.838414510447819,11.887597764440216,11.862970311135996,11.952397033299349,12.058028601614751,12.212292331627395,12.315888379437183,12.514155056067466,12.684558550517522,12.823844202752298,13.12101173072142,13.257897460352979,13.608430587262774,13.784531075204995,14.262336041351773,14.534142056216297,15.101655415842288,15.518676088006941,16.214597984529064,16.802546039860317,17.635035035340479
0.73627696209600191,11.872127242652823,11.801216953068433,11.852964604107456,11.843492548171525,11.930136862970812,11.86624634132022,11.955203307276406,12.060555776030469,12.215157557913699,12.318673648576805,12.517015068189721,12.687136390940395,12.826883540577001,13.123901464621667,13.261153083891713,13.611915146148021,13.788381031313293,14.266457465746498,14.538694495654454,15.10682470420943,15.524149864675564,16.220479104206788,16.808605887709746,17.640690130102485
0.7363775326724783,11.877070714606361,11.806170185313022,11.857893511666134,11.848460958126907,11.933613031973891,11.86941814924603,11.957892661790538,12.064016092479051,12.217880989326204,12.321311515377147,12.501348145543488,12.689911832374037,12.829782057338889,13.1266442977917,13.258858029947987,13.615267888914332,13.792102885503027,14.270451717662581,14.543210748276124,15.111868302644325,15.529490766874005,16.227882723267612,16.814496183976189,17.646132852381015
0.736480496545458,11.88188436166547,11.81099529312587,11.862709774296491,11.853308700321577,11.9369456353038,11.872475719942031,11.960458189006204,12.06632745714569,12.220447970791156,12.323790951159026,12.500905165584754,12.692532489912537,12.832529788727243,13.129231747546328,13.261835671997687,13.615152376916285,13.795687337104027,14.276420758204949,14.547597872404367,15.116775768442494,15.534685698925387,16.233437344302729,16.820202540890932,17.651346176970037
0.73658591066865831,11.886556406646832,11.815681689389294,11.867402765879888,11.858024344155638,11.940126207588037,11.875412141535435,11.962892055386419,12.06849537033122,12.222847545366221,12.326100895641957,12.50329456159443,12.694988422776532,12.835118106871505,13.100886978925246,13.264655002046311,13.618191801238027,13.799136912111408,14.28004814634096,14.536998933968789,15.121538820313617,15.539140647354543,16.2388151466821,16.825711292699452,17.656318184074735
0.73669383335113414,11.891074981525435,11.841384575962365,11.871959670789693,11.862596354144443,11.943141206669225,11.878219890052605,11.965185009550169,12.07051093237169,12.225070432545181,12.328749503069048,12.505505931859716,12.697269878217867,12.837536391291451,13.103265629516045,13.267308295231942,13.621069077141328,13.804265118963031,14.283516673075155,14.541177803823302,15.126142841781075,15.544109277346251,16.244002299544263,16.831013268606512,17.664114805008467
0.73680432428953191,11.895428215328593,11.845767240683017,11.876370937932734,11.867011777952939,11.945982396968702,11.880889923871564,11.967330033109192,12.072366039980352,12.229639819866406,12.330608185884103,12.507529709225309,12.699366308982007,12.837545126089935,13.105461381621808,13.269786920096976,13.623773306179828,13.807418366889578,14.28681857880656,14.545196809711342,15.113116237299437,15.548899302643804,16.24898616754308,16.836090646101184,17.668560050700762
0.73691744460111008,11.899600401574844,11.849964424246082,11.880624323408938,11.871258833637057,11.948636568941765,11.883415279545716,11.969318821528759,12.073648367326768,12.231494947936881,12.3322628853266,12.509353585620374,12.703189113919052,12.839646947102665,13.107464220996917,13.272079043012582,13.626492348679221,13.810396492884593,14.289942559586962,14.549046492550588,15.117209234314032,15.553500711937886,16.253753352866624,16.847051882881715,17.672709026735902
0.73703325685754595,11.903581009123627,11.853961323243766,11.884706135835586,11.875324578242271,11.951093625163594,11.885787656486173,11.971143954284798,12.077033939940975,12.233141429538136,12.333704001451679,12.510967502911626,12.70488199499141,12.841551142147637,13.109264645345775,13.270784233726317,13.628805652349001,13.813189083879934,14.292879808675025,14.556599439462843,15.121108795297914,15.557900950726435,16.25829166258427,16.851648756241048,17.676544702429055
0.73715182511954613,11.907356702600737,11.857744564856148,11.888606393723876,11.87919502192517,11.934083947670842,11.887997881649426,11.972796397403727,12.078347747186399,12.234564465479707,12.334921184739869,12.511631433852017,12.706360265608964,12.843225829501534,13.110853196061271,13.272674680042201,13.630917983119161,13.818982189061444,14.295963791931172,14.560087027395639,15.124804726291586,15.583517711169407,16.266972491400338,16.855971996798871,17.680049835227692
0.73727321497228193,11.930921925408711,11.861298902563249,11.89231229848474,11.882858663890602,11.936199436672268,11.890039624491692,11.97427062098177,12.079467685272903,12.235757994045798,12.335903378956118,12.512788543071565,12.707613425012823,12.844642954415121,13.117425244488004,13.274350702024094,13.63282037158524,13.821375302162323,14.298526599238357,14.563377798249348,15.12828873176386,15.588142891352618,16.271025877974353,16.860006007546872,17.683208048100823
0.73739749356166717,11.934124343700205,11.864610091954091,11.895811780603708,11.886301522732083,11.938093205355926,11.891906118507904,11.975557924279656,12.08038354309474,12.236719131973132,12.334389358556109,12.513728621062,12.708631459964636,12.845833964144276,13.118675648136559,13.275804985146806,13.634504675670541,13.825787058932747,14.300876880334727,14.56646256359636,15.131551220592883,15.591735853344289,16.274810749943754,16.863739008090306,17.688591136349714
0.73752472963149884,11.937052788419351,11.867664772798889,11.89909110378585,11.889510599235109,11.939754271016682,11.893589471303585,11.976652245079094,12.081090748655697,12.243408757432917,12.334801871732452,12.514455416742294,12.709406131161359,12.842086152579213,13.119689631655092,13.277027481377445,13.635963238035856,13.827795851492283,14.278122098838139,14.569323679691479,15.131379600470609,15.595078943882982,16.27831449203768,16.867144010889206,17.690923475753152
0.73765499356148312,11.939691927515923,11.87044765060682,11.902139722224092,11.892471685697728,11.941171546527585,11.895082738759811,11.977546737652119,12.081582872369836,12.243906850745589,12.33494785120638,12.514924018599686,12.714939161548955,12.842789095457647,13.12046100503585,13.278011330136451,13.635470476403498,13.8295797252581,14.28001764101009,14.57581289324844,15.134105333935622,15.598164601642566,16.290046894435363,16.874991234347362,17.692859317232433
0.737788357406165,11.942024593482529,11.872944608800026,11.904945107850381,11.85999680994928,11.942336286742375,11.896381388800819,11.978236732596088,12.078926750718892,12.244139862607426,12.33481782255194,12.51512454613794,12.715249032477459,12.843231430890683,13.120990385495134,13.277924958551921,13.63637010254979,13.831131152156559,14.281680948187386,14.578220764432444,15.136582643996917,15.600983146236103,16.287034040761682,16.877667533049134,17.694383062362249
0.73792489493478453,11.944036927861816,11.875139932089496,11.907494343243798,11.862888279057643,11.94323901503185,11.897479199779809,11.978717029351628,12.078901953255809,12.244101101684464,12.334403598141307,12.514616985113207,12.715290312635261,12.843413208800484,13.131017350487127,13.278472496062932,13.637017856778129,13.832453495718255,14.283073169712225,14.580396446572195,15.138806298553391,15.603528252526303,16.289243014364729,16.879985735408809,17.69548107412902
0.73806468167208195,11.945714508000947,11.877022269878125,11.909777722721174,11.865522460916509,11.943871099736953,11.898372266063689,11.978982919531518,12.078647374047705,12.243785608429334,12.334221804354456,12.514230657286589,12.707487572319224,12.843327573999886,13.131018512450737,13.278764630039404,13.637395869138345,13.838941119863193,14.284273141917765,14.58232567018058,15.140769454807014,15.604650818801019,16.291125887637463,16.881938303324205,17.696145117241031
0.73820779494007382,11.947041657500904,11.878575694711344,11.905781679372922,11.86788818340392,11.944224747154294,11.899056174656835,11.979032798701155,12.078158251865716,12.248375653603034,12.333175673227743,12.513558633699631,12.706879559353638,12.840938985154025,13.130746378908498,13.278773320902019,13.637518389102297,13.839797238953906,14.285227299862527,14.584012553400498,15.136417052367506,15.606589817895838,16.292676374675466,16.905548198871656,17.700461763766725
0.73835431390082273,11.948004349217172,11.879788745674887,11.90707335133493,11.869974850190829,11.944293577184908,11.899529255521884,11.978864356968643,12.07743313418996,12.247415664127402,12.331823445158079,12.512594764968071,12.706343828343961,12.84033619457341,13.130199572768106,13.278518132907266,13.635731333562944,13.840404606021366,14.285868224069418,14.587736810598471,15.137912125849653,15.608236515638964,16.293888141073694,16.901451407437889,17.700210420191979
0.73850431960022556,11.948589251444446,11.880649415672451,11.908058659128073,11.871772809543927,11.944071360447197,11.899790578304874,11.978476770347243,12.071429320672905,12.246157824196416,12.330154226630384,12.5107515338741,12.705267153804016,12.839463948395405,13.129365316639451,13.27691727151614,13.635334310431062,13.840766501166399,14.286262585917029,14.588836637624809,15.139143043474178,15.609591535297113,16.288429445909969,16.901340129160417,17.699855253449641
0.7386578950128434,11.948784498385066,11.881145472522803,11.940830116810957,11.873273745284223,11.943551987122646,11.899841316605489,11.977872555352405,12.070254085147553,12.244610743503017,12.395978793207632,12.509170223386263,12.703881807556172,12.838319440328178,13.132567678296709,13.276103645303465,13.653016240537909,13.840883871021106,14.287315788799788,14.598222487604289,15.140113735365048,15.607017978604745,16.288979459606708,16.900807589463511,17.698530429860512
0.7388151250877979,11.948578955980793,11.881267276685321,11.941025451791575,11.874469632598903,11.942736094742941,11.899681078263256,11.977053483737109,12.068848840067403,12.242767153575187,12.398397340574775,12.507308524064229,12.702212132166551,12.838003926187866,13.131076673406369,13.27502909314353,13.652229981271375,13.84509298933699,14.287373758887043,14.598910946415344,15.140822159454729,15.60763344924726,16.289188861414004,16.899858397878234,17.695015660018726
0.73897609679576093,11.947961625869084,11.881006975459968,11.94087617517971,11.873907807384967,11.941620597763176,11.899316926574102,11.982836192187278,12.067217527740468,12.243810391470561,12.396153283468266,12.50515934947407,12.700261261621108,12.836294979918421,13.12931903316894,13.273700498722519,13.655128212921227,13.844722212663328,14.287184551369137,14.599370936591185,15.167331581427788,15.607965708973097,16.289067005855031,16.885396435886832,17.692759477265099
0.73914089917706116,11.946925687362636,11.880357245848245,11.940377978325614,11.874413540285332,11.940207478788579,11.893188803270277,11.981643713113499,12.06114990314336,12.241391235920219,12.393609217921494,12.502722447670749,12.699384125533925,12.834321720478329,13.127301953149072,13.271412575543309,13.653811747740292,13.844131539001864,14.286788140102544,14.597864005546398,15.16779585958102,15.60802467240137,16.288621411679742,16.883643239709272,17.690038810183069
0.73930962339093653,11.945463086331984,11.86743859582748,11.93952754831389,11.874601846921905,11.982729230024688,11.892445768843118,11.981532114693437,12.059074608747324,12.23866822136597,12.322765187242112,12.50298485966232,12.696919948153209,12.832099657428898,13.125035786920307,13.269636622961116,13.652272424050352,13.822320098782257,14.288177513633855,14.597908903028838,15.16803881478063,15.60782207605007,16.285082139293991,16.881502331777483,17.68686519581297
0.73948236276595813,11.943572409911212,11.865847070781456,11.938326457487165,11.874472838701877,11.980797236046328,11.891530054891064,11.980030967659332,12.056801599401297,12.235658547613639,12.333170520218573,12.500012114621768,12.694192004871638,12.829636570384082,13.125053091442624,13.267638352463564,13.65052806201038,13.822059414512296,14.297358067186906,14.597776905360661,15.168078183876787,15.605241512046632,16.284164055685324,16.878990941733719,17.6805998775435
0.73965921285165392,11.941250484467673,11.863849168483739,11.93677599218654,11.874028033518698,11.978535485089651,11.890456710063972,11.978362835971893,12.054350972124666,12.230253520509905,12.329327977778121,12.496787029398092,12.691227862079813,12.828878822964271,13.12230139398207,13.265436523887729,13.648237665866873,13.820725030750509,14.296289565610095,14.597491674325283,15.174882321926816,15.604738484945301,16.282977590733026,16.876129436067458,17.676634454881423
0.73984027147136211,11.938498970450837,11.86144822076767,11.934882031521738,11.873272979456942,11.975952122499621,11.889244410060655,11.97654673907482,12.049649095905806,12.226712105974912,12.325230476598335,12.493327741589837,12.69048642625512,12.826034673915728,13.119357986412979,13.259566069801167,13.646078317396132,13.819247811250534,14.295094404129486,14.593988747832555,15.174577489701733,15.604049490708348,16.293587683607257,16.863408432570395,17.672284721844335
0.74002563877634031,11.935323754284127,11.858649438998782,11.932654009011003,11.872216697422118,11.973060731217629,11.887916272636176,11.976575246810171,12.047025377497903,12.22295083048266,12.32089164764102,12.491926246078947,12.687027600236433,12.823017628554226,13.116901407168825,13.256911558530192,13.643758981187602,13.817659885758985,14.289437458654902,14.593491755441391,15.174155572136442,15.603211460549574,16.300845891801146,16.860196766926492,17.667583304218169
0.74021541730116425,11.931732942373856,11.857820455846195,11.930104965630107,11.870870090828248,11.936014307405458,11.886499599147101,11.974498421885528,12.04435765516746,12.218994751410264,12.333176081162037,12.488101938567524,12.683398209974712,12.819933014390244,13.113709936842497,13.254131944413984,13.641341014816135,13.814066263901623,14.288069490718954,14.592944101142166,15.173647544233063,15.602862660990468,16.299288717202217,16.856751424168579,17.663283007832433
0.74040971202044403,11.927740371272648,11.85392492227993,11.927252568468703,11.844948796856443,11.932057739689299,11.885024983807398,11.97235872874262,12.041633727396857,12.210531440394789,12.328375275501003,12.484130098510377,12.679114254734941,12.816584174239779,13.110429036552432,13.251233383302861,13.63481550819688,13.812453812211061,14.286687007701403,14.592388023878812,15.178990403080206,15.592482456588186,16.297604531670004,16.850626894073685,17.6580905050605
0.7406086304068894,11.923365205245773,11.849654444253247,11.924118743633244,11.842981899004826,11.927862147139422,11.883530726725439,11.970192976349153,12.037665213386845,12.206278977902457,12.323428960069123,12.480908226195425,12.675301082022543,12.81317320775679,13.107106881319396,13.244503071388863,13.632267490718732,13.810862998384437,14.285341387888366,14.589211903712567,15.178228209791996,15.591833927024709,16.297644190902247,16.847222376554782,17.652703943969755
0.74081228249075837,11.918629851281821,11.845031954744627,11.933941158412381,11.84083073976808,11.923462526659932,11.882059353168643,11.967808573622733,12.034917529740142,12.201947096062668,12.332779753149225,12.476805604797391,12.671449708279397,12.809212998496605,13.106514478505687,13.241631103011059,13.629778241305758,13.809353998770348,14.277956274677308,14.588941311217241,15.177551819164364,15.594726040190835,16.29577349669853,16.843771738948817,17.647190802767909
0.74102078092071899,11.920124394410323,11.840088555111834,11.929220448982051,11.838530768464352,11.918897679000565,11.880660528095177,11.96569122701294,12.03344968824922,12.194463395232106,12.327569865476562,12.472692642471884,12.679330461576228,12.806915624858902,13.103262894167528,13.239217289307817,13.621125645411666,13.809341322077671,14.276852882678213,14.588852888203292,15.176670857660611,15.594249558705087,16.293972508681691,16.840350904428306,17.642740840423357
0.74123424102616042,11.915354957766795,11.834860364154792,11.924282741035313,11.836122439078281,11.914216542312715,11.879389647479456,11.96370790395531,12.030571762657473,12.190195796195439,12.32236422681035,12.468632178018652,12.672143240338301,12.803732232582661,13.100149468097698,13.241705509246458,13.618344220294603,13.808274194382648,14.276000284199654,14.587399639341129,15.176347400575651,15.593988327404077,16.292330589804806,16.837885213921254,17.637168305133855
0.74145278088098665,11.910323348049133,11.829391894490072,11.919177111467889,11.833654758284865,11.90947487622725,11.878310167876862,11.958659311159408,12.028306711175446,12.186051956206938,12.34905326053422,12.462339666083608,12.668336268770872,12.800732031153984,13.09998478565376,13.239647936452457,13.616841254147403,13.807516185617715,14.269777023970164,14.58789926173904,15.176344999871617,15.59511698413462,16.292601733142874,16.834989581436275,17.631753129114259
0.74167652136892792,11.905079205709171,11.823735773746193,11.909257736406289,11.831185102318614,11.904736786455032,11.877493360545031,11.957152878888792,12.026331466388456,12.182105138075258,12.338219910884618,12.458532907490735,12.664755638436873,12.796369137783586,13.074234103365598,13.237922763560164,13.615702272054477,13.810040974108233,14.269786226163887,14.587464433247987,15.170250494420543,15.595375276413506,16.291355146081514,16.846046858333466,17.626876770218587
0.74190558625040681,11.899681223205334,11.817953923510231,11.90432308649315,11.828777121787425,11.922798061248159,11.877020902843014,11.956022107068293,12.022286361283477,12.175190329685392,12.334781924854269,12.455013615327061,12.657824596483351,12.793970897062536,13.071903250826836,13.236631323342408,13.616423019022477,13.810146909328978,14.270349302472823,14.58914680882026,15.170902493801805,15.596161406926512,16.290590133785372,16.852406838221214,17.62216545328647
0.74214010223099547,11.894198284912363,11.832211118635314,11.899425678179341,11.82650601874775,11.918931396782227,11.876980420163363,11.955257820680799,12.021155903371891,12.199884767329877,12.331714084744817,12.451988030454686,12.6548809292035,12.792020292954021,13.06595542080413,13.241225131432657,13.616510904006645,13.810885565108038,14.268319818736018,14.59120005546356,15.134596989381862,15.597613084604745,16.287395019423457,16.851255054068133,17.660551888932787
0.74238019903150199,11.888710254710986,11.826485357947604,11.894653421599742,11.824453902990172,11.915260999636757,11.880637063357881,11.961115228554718,12.020602725620392,12.197315873580919,12.318656300078601,12.449613223438973,12.652470697195895,12.787483407375021,13.064747186688692,13.241236261878839,13.617333102685734,13.815455787597784,14.270463686019866,14.594088461127285,15.135611198169499,15.60203286298929,16.288033750424802,16.85085589402297,17.65147366032852
0.74262600945972423,11.883307564759434,11.820853178514426,11.890102331726212,11.8227182743708,11.911885893810904,11.881934579693279,11.961806568288921,12.019420633300797,12.202483358561039,12.316718383955958,12.447874700302691,12.646357774367971,12.786891493779422,13.064299777734959,13.245081728623518,13.622068667492385,13.817885311584178,14.273546637186882,14.598139221410747,15.139216095449228,15.60522713391947,16.289610971110051,16.857227716596753,17.648464709291147
0.74287766948391165,11.878092624166584,11.850698803806154,11.885883480003031,11.815548961609238,11.9089185301832,11.883996402986213,11.964382673669206,12.020494020785009,12.200990980001734,12.315513519525211,12.448564349176195,12.645336258842235,12.787163929801864,13.060696555006871,13.246815262345081,13.624816301914507,13.821392887322872,14.286998360151301,14.603053454707151,15.143994604364707,15.609653986340163,16.289823634131608,16.858662224595719,17.646570497451648
0.7431353183079753,11.873182916284804,11.845619477921446,11.882119840572159,11.813988443995186,11.906484075894696,11.886955113820022,11.966800857951057,12.02253818345207,12.204558342086784,12.304323798541191,12.448424666295978,12.645267839087865,12.787458378391875,13.062372992975725,13.249692062310714,13.630640284000947,13.827869867303889,14.292869813194557,14.609335693263347,15.155281672575256,15.615217751408636,16.277469885090795,16.861431298425487,17.639897303575708
0.74339909844848695,11.86870915425925,11.840930361013307,11.878948607595248,11.81308451424411,11.904719567247412,11.890955801434757,11.970328850715759,12.029819928394318,12.204557300222859,12.305145717913547,12.445651322844697,12.645499543474216,12.789938126839843,13.065318738415044,13.235847315409956,13.636175246253515,13.833836736898775,14.300276268842026,14.617776691794461,15.163123086260384,15.622264076671854,16.286565170403264,16.870779970094191,17.641035216966884
0.7436691558135119,11.864816360089208,11.83677553929283,11.876522835143078,11.798706638556723,11.903779881288301,11.89615794789961,11.975441856242469,12.034256325013757,12.205691457479588,12.300314223112764,12.447683757067352,12.647891271015396,12.79014970276603,13.070016593538639,13.241331702608477,13.643788829142977,13.840014352541402,14.314888773204075,14.630568411877903,15.172779390793039,15.627826313295373,16.294426158746319,16.876733133538437,17.637976931076992
0.74394563978331618,11.862478725362962,11.833313924823869,11.875009820994364,11.799369145297987,11.903832688361945,11.902733290261494,11.981757475603899,12.040175384574468,12.20819223881881,12.303842118135435,12.451175371545105,12.651343105513206,12.798504198607134,13.076440603257652,13.248567083816852,13.656946471960509,13.841248618386089,14.326115090234453,14.640696839422162,15.192833034437172,15.639076324432608,16.304416874942035,16.836057930929201,17.643140800001675
0.74422870329299551,11.860115515788038,11.830721364406145,11.897264604483098,11.801236024479749,11.91266919145346,11.910868824978479,11.985758223930134,12.05277608764618,12.211779130776904,12.309001581710618,12.453550202168572,12.656877513146355,12.806116067343282,13.124360920336585,13.256959066960917,13.668080230188025,13.852889096323452,14.346148240632829,14.654712756290792,15.248275930913223,15.652711656407519,16.318263714852947,16.846601556695532,17.650827526867033
0.74451850291707045,11.858847541147043,11.829191468475074,11.897072027167269,11.804507758030013,11.915479854620116,11.920764894233798,11.995555315844285,12.050113375226829,12.215423200162149,12.30817024525868,12.460652059195581,12.664383928330153,12.821982596564794,13.134930392840033,13.268370602317191,13.682682925344125,13.863934961570521,14.342953689166279,14.671287204926557,15.261035342986361,15.664783570770851,16.33329103117012,16.859955838010137,17.656463818497286
0.74481519895609394,11.858887774042614,11.8289358236525,11.898319774727952,11.809400227233255,11.948628304278827,11.932636982081021,12.007452070516138,12.061529650289685,12.222478929797944,12.315608726565642,12.471306558723882,12.675882122962321,12.834046451780523,13.147927688438358,13.281433967499652,13.6984670893562,13.880714925146094,14.361250493329862,14.686937946335092,15.279795201094203,15.68416996968881,16.348826447144347,16.874924581496998,17.695589316010228
0.74511895552532081,11.860468822008897,11.830186020352812,11.901245665124407,11.816146708502856,11.955928075584779,11.907056504659067,12.016811305633382,12.075999749283255,12.231755163844355,12.330078096604211,12.477835244035759,12.68834160490178,12.853604401305347,13.167212757608468,13.298153063747122,13.717148108062247,13.899627881412016,14.380904265251957,14.709548095890568,15.301812096676258,15.710016940524838,16.370389611831342,16.895197445543999,17.717279658607367
0.74542994064548662,11.863843242126222,11.833191746805824,11.91207395229867,11.824998926108492,11.965262446786255,11.922549630782669,12.033742889144378,12.096301650852183,12.21556937832338,12.342280659100652,12.492520674641582,12.707644571330547,12.871148342747802,13.185813404425062,13.318345132432114,13.739099619991066,13.922728710581396,14.405952910354245,14.733595664169115,15.322330551175583,15.736758178322816,16.399576615272053,16.920533848357081,17.739243084999543
0.74574832633574761,11.869281825468533,11.838223193252361,11.918773302236332,11.836224002021481,11.976891949966557,11.94084706122112,12.0523765708881,12.116434391391067,12.231781973180659,12.360909727776743,12.50585428725617,12.726020623707427,12.891904612492908,13.205545254772915,13.341707474665782,13.75465491417981,13.949539674070365,14.433314716502537,14.76349383096931,15.351897448739692,15.769963366191405,16.4241138558682,16.949660680999841,17.765769834731145
0.74607428870883119,11.877074673288917,11.849060702924817,11.927950376163153,11.862045388473234,11.991096224418925,11.962232212829804,12.0754472070671,12.145604375620678,12.25559242471536,12.379225672890698,12.526781469381604,12.749434113971802,12.913766096078689,13.230907471113824,13.368847128077505,13.787516153462093,13.980392910968476,14.466384226889204,14.792850052266658,15.379688312649705,15.804246920942205,16.45783649142686,16.991629182489305,17.7982938044197
0.74640800806845187,11.887531500160549,11.873476251538705,11.939918501530883,11.842022567212553,12.008169280235506,11.98098071736058,12.104296679500294,12.172476476015618,12.278867968338545,12.404652311493464,12.563049971137389,12.760649922498487,12.941572142193763,13.257497651192352,13.399105006949867,13.821157732321808,14.015672529817493,14.503523862496877,14.831550523020269,15.418419396890386,15.841619983119926,16.4919720369071,17.031368323378047,17.835256077397389
0.74674966900904483,11.900980661255744,11.888085961295474,11.955007930195279,11.860724756304535,12.02842201155363,12.00987073597571,12.134376068858273,12.203192211718033,12.309764692738099,12.43034562841558,12.591535607669812,12.789973371150609,12.969314903874874,13.291263414304012,13.434823640199284,13.860131897998144,14.054474432814459,14.546273826994366,14.890416687630022,15.458697663654675,15.886255897110459,16.53621241831388,17.09041202930257,17.878299519765278
0.74709946051787279,11.917768537037773,11.905991921613804,11.975778691951291,11.883062003334544,12.052179564605467,12.042796124547294,12.170031009660306,12.239144205264893,12.341251585819919,12.464686277265628,12.617848101966501,12.82414523212401,13.005865319196346,13.326237954311182,13.472562644663412,13.903216098816301,14.099605974875885,14.594579909475215,14.93986119699457,15.50760132245432,15.936295958926166,16.583816761291928,17.142353984631882,17.927942707652619
0.74745757607956342,11.946893757825819,11.927543496674389,11.997122063584357,11.909387029461413,12.066639512737765,12.054832024413827,12.208335232678564,12.278597496368548,12.381663152157671,12.499248295875077,12.655130453717902,12.868675888436883,13.041312748482596,13.369878881149816,13.518476617422493,13.950776332131682,14.145982362899304,14.672752950648828,14.998674795666375,15.570495679721716,15.992982006483544,16.640896304882517,17.202193667447318,17.986250676163763
0.74782421378313346,11.973257072547312,11.953109588091138,12.022591112379359,11.940064381451521,12.100955000766135,12.093256568681227,12.250281274775261,12.321354863401211,12.422802350042275,12.543992573311698,12.683425605554476,12.913046707332796,13.088031603377203,13.41222974066477,13.563996912491348,14.005136056198353,14.20684040573542,14.730091977398843,15.060219089823477,15.633410640566581,16.054349680524865,16.705080618783541,17.266741944470596,18.050749860891301
0.74819957643156043,12.004001402228823,11.983065181796519,12.052569922101611,11.975463645581385,12.13990986837598,12.136755132546114,12.300100219249089,12.368133079973177,12.473919644487978,12.589071680984489,12.731310929395477,12.968304985944997,13.134731018654747,13.467278690834974,13.615848646009908,14.073445706098028,14.270575231686053,14.79642568950203,15.130658212109665,15.708679292842135,16.125176209644451,16.776961499990648,17.330741433465846,18.120638393732406
0.74858387165396156,12.039505476217528,12.01779456348595,12.104536906902013,12.015960406105023,12.18385239887084,12.185682108666242,12.353480743110595,12.423044316680716,12.526194878998012,12.643602242048473,12.788387012670228,13.024275148498418,13.193185857130629,13.523181125108749,13.712539431930963,14.1410155063204,14.343835655176917,14.86706268785656,15.206047141527961,15.785732718151849,16.20776553835185,16.880944916052613,17.411538238382491,18.19091151756129
0.7489773120204426,12.08014925977659,12.042107662597573,12.146130942213858,12.061928317875299,12.233126477722635,12.240383426138123,12.412497606079341,12.482283036703393,12.590261193617607,12.700529821815053,12.853170974844033,13.086925651913589,13.248865177797597,13.591096522625776,13.78827382635518,14.21695747771264,14.427589030079616,14.947802673379556,15.269802234231975,15.871182189480351,16.305128856588453,16.965904830120962,17.494480303010278,18.28126748653176
0.74938011515967873,12.126310427408043,12.095199054214845,12.193403312298415,12.111752447401159,12.288067912043061,12.30119348343942,12.480539001377565,12.549145091971695,12.661359292089855,12.764641883266904,12.919566169062819,13.153471698422436,13.323451253025269,13.675398313099322,13.867033696077669,14.298703994541029,14.512196778217003,15.031380106014694,15.35988067386279,15.969038126078885,16.398780352346876,17.062907937006457,17.593325061805444,18.386135730656861
0.7497925038792953,12.178358112664228,12.147146883365167,12.246728791726127,12.174595131511978,12.331001378715882,12.358530001903546,12.553623581351985,12.621611856664913,12.731677967877658,12.834962994586931,12.993121815890845,13.230963530169902,13.402570877425205,13.763434113328913,13.955905524115224,14.386041894493246,14.605203712916591,15.127964788334793,15.458646688312001,16.07019263285747,16.502587840804154,17.167652533114961,17.724126929091653,18.497042101014813
0.75021470628911124,12.245007553076903,12.205301183952088,12.320630563204304,12.236926818392476,12.399936345951573,12.431290249507583,12.630995303312375,12.701645672142149,12.811300329229198,12.912625193072017,13.073164459828149,13.315963602932243,13.490995369541452,13.853717626564503,14.049812402359748,14.481017717055693,14.704202323172467,15.233071882843433,15.566417677368918,16.179369812143705,16.614534200130947,17.283548196550328,17.846990145192649,18.625999619694085
0.75064695592731712,12.312003949580685,12.269984567932624,12.386559918814328,12.306116702758118,12.475582175376076,12.508467143710732,12.714287206922563,12.781508087161455,12.894787546338193,12.990721380751893,13.164143017342212,13.406605293883331,13.585320244949799,13.958838493364965,14.154153751901504,14.586154897845518,14.814423309972881,15.350156370392142,15.68223327835949,16.298781085572045,16.734090117503911,17.406855755551987,17.976980242956415,18.76417782068529
0.75108949188965446,12.386004674740434,12.341488828471483,12.459387326736305,12.382448547206877,12.558162111006823,12.592728844672365,12.80499355957636,12.877119952700923,12.984202079721399,13.084103912637147,13.261744201610782,13.503646863995527,13.689987982338607,14.064803380388184,14.222047999627648,14.698717003400816,14.919709179805977,15.47276682289521,15.810166489236508,16.427866986554363,16.850586352637038,17.536854157171547,18.117689729745507,18.908443207068558
0.75154255896167044,12.467251082423445,12.420059356457841,12.539360110679809,12.4661624329392,12.634146564172624,12.684252557894979,12.908230328484024,12.978162216561032,13.02315608918434,13.186482144993533,13.365113203516557,13.609708229031639,13.781334095800048,14.180403681631105,14.339808888084917,14.819890079646939,15.048563124428256,15.608771442489342,15.944320583951594,16.564396113837574,16.990748541371431,17.682381399454243,18.269369859213839,19.057911915263503
0.75200640775411864,12.555926906259629,12.505887397435345,12.626671242980592,12.556863023683036,12.730145543793697,12.78314953595418,13.01067207012602,13.089657832376361,13.12817505590192,13.301574828148659,13.474695476253146,13.722285565285347,13.899768671603852,14.269753269207285,14.465466427544015,14.950209675867882,15.18736058869672,15.749054703058391,16.103769937272773,16.711699228959333,17.142974862024857,17.844871948836953,18.431317944270631,19.224049749128426
0.7524812948415831,12.652147822545885,12.602611913757755,12.715796685232817,12.654784723917146,12.833333267628404,12.889454286178989,13.122358400254598,13.202216190299623,13.241106281870088,13.418047969218605,13.592951146837549,13.8448760398378,14.031573099010529,14.399086610639642,14.602333354380789,15.088577344639816,15.331620568453218,15.91164271800335,16.251483719292082,16.890209136944577,17.303730898498543,18.013520214138225,18.5985954637963,19.400455646236878
0.75296748290440019,12.755937182078014,12.713860826984273,12.832955718686208,12.767202289342094,12.928784401578014,13.015548646500065,13.241118449489477,13.323819199442369,13.370044658907318,13.548123724039215,13.719862039219151,13.974669593818362,14.169999773892414,14.533115741650363,14.745289607552877,15.236861275770025,15.490234421760761,16.066605140124011,16.410779009584076,17.054516412254088,17.477049461611387,18.189385882986244,18.74432541484839,19.588390353143041
0.75346524087395861,12.867228069078919,12.825936116508274,12.943743070000892,12.879709686967544,13.048422219820168,13.120740105303412,13.367502432090077,13.449016045359713,13.500006368318282,13.676452646898724,13.851861168879623,14.113581259987768,14.312002881963053,14.680157183184747,14.900896540437316,15.39137441708499,15.650741048841155,16.230653638739568,16.574466469470281,17.227731047962152,17.658051015997444,18.377236388063466,18.935814303654297,19.78896762615841
0.75397484408145687,13.004691057532,12.945234784505374,13.06172634923405,12.999531609835685,13.175031747100547,13.244113001118421,13.499473391148058,13.589529326275624,13.649143827969965,13.814686435293879,13.990124832653237,14.260220444216429,14.463517498667898,14.832329303409097,15.060244146283367,15.554834846106132,15.817990865542924,16.398353524871709,16.748803815471547,17.40948561553796,17.844538838503468,18.575606649961628,19.144320106939631,19.99662718599302
0.75449657441020046,13.131990479030719,13.071429584421821,13.186595082017448,13.126356094137009,13.327525177778625,13.373784613580938,13.635982609797793,13.727466434549569,13.803155368623266,13.954333833814417,14.138142757716196,14.41287115565774,14.615135564456978,14.996119476055355,15.223529033572049,15.719207105045825,15.991262462565828,16.582110031660704,16.934178961747421,17.601544489310072,18.039849924618466,18.751818146271944,19.357755577128046,20.210848712496045
0.75503072045152397,13.265847853340347,13.204044543464988,13.317901370551226,13.259731108041706,13.467160029907973,13.509229500334186,13.777445385600004,13.873196141558765,13.96745685402766,14.10728366164949,14.29174207003507,14.570629390253089,14.775711403362948,15.165144235650587,15.393341387019973,15.882086590384461,16.168600136587884,16.768719684196185,17.121655509997254,17.790632535980876,18.234040792224732,18.954677001026539,19.578116624839822,20.449435195348997
0.75557757766442291,13.405626263748672,13.325483944884581,13.472866690684896,13.397726826096005,13.574281950739532,13.683296641303968,13.924486063989207,14.024906147772526,14.117616023202572,14.264702558642057,14.450342733548496,14.730597149748064,14.942914536341959,15.336653344539627,15.589174579687096,16.060292538860267,16.344624105509865,16.959157027789843,17.3198499212549,17.988095449087268,18.43517489475289,19.16288023411289,19.79843305650229,20.677502597971397
0.7561374485389849,13.550505948693171,13.470991079122541,13.615840448435847,13.539164978240478,13.725300561914082,13.824204907816238,14.071460254311205,14.174716916355464,14.261309226970297,14.423860614583646,14.611242176425549,14.901991859596819,15.113220296511827,15.511992839625236,15.762453580337933,16.245017033277691,16.529603424635752,17.148120072932215,17.51936242443935,18.186750673281495,18.641413309001109,19.377359372628234,20.006406706469534,20.910545030905269
0.75671064276370958,13.686959758011653,13.620744274412573,13.767553334961121,13.688249657329834,13.880103906006298,13.96829060282198,14.221249500084923,14.324885617444124,14.407452917829687,14.58751054386812,14.773006603409158,15.076937458067732,15.273834016751607,15.686486062245422,15.935134989198559,16.430142501657429,16.720805335105979,17.339556566697865,17.717138616187185,18.383665827505865,18.873666367524493,19.599565369391712,20.223411520957598,21.143549229305791
0.75729747739681108,13.842940842490862,13.773555684049825,13.917193384549137,13.837651354740046,14.037421891509439,14.113838739533094,14.370346756578328,14.475871638120225,14.558833353964474,14.755512631449164,14.940349691682968,15.248004045763992,15.44996706440088,15.867406312692765,16.108542358776504,16.614467607501865,16.913200313175366,17.531911949058667,17.88525368606588,18.575893840802564,19.08479827706833,19.830548707269372,20.431767832816149,21.375316439703965
0.75789827704159607,14.000684100878971,13.928041821126499,14.068029745207241,14.02267166805359,14.1957836436668,14.259471453193328,14.517254901005799,14.628935429701414,14.709408839080425,14.925878036416179,15.106326304216964,15.412851499587305,15.622962896711215,16.034909678953227,16.286711530512548,16.790785753786622,17.110395241843435,17.717268860516015,18.073592533405645,18.79962758784859,19.283179835488227,20.036165412620903,20.64494526805538,21.613454050353539
0.75851337402601571,14.158569793118659,14.08262428141461,14.218513181041999,14.172297294822783,14.321345005953845,14.438330587094242,14.656086047333702,14.774305600426487,14.857759960740623,15.089569833570749,15.279453359805302,15.578857317662369,15.794086589801736,16.196076337841987,16.446158556185765,16.963093748106076,17.279771528624224,17.898329766628194,18.258037473630793,18.994550710314797,19.474256502935532,20.228878500158316,20.882699082902036,21.823346624678379
0.75914310858649048,14.314785519065481,14.230693990162763,14.363977650823472,14.319949689702298,14.4753191744785,14.578353821560086,14.796596635019341,14.918059246942903,15.010943984610094,15.25503119007135,15.450549778509412,15.737710921144753,15.96391561978453,16.352843225048673,16.619747459432801,17.131695946535729,17.441948625995792,18.06649013306469,18.460782587239919,19.179832457338307,19.653616582176255,20.412253300706652,21.083604248789925,22.040054451184915
0.75978782905610986,14.4958691012489,14.383048837228671,14.514365368909239,14.487758622331967,14.625432459450167,14.712690127906171,14.930717919250128,15.053015140675598,15.16301582790129,15.403262636694308,15.604108205883676,15.892255109421967,16.118541287551125,16.520206470204357,16.782832793872331,17.287821269224878,17.597270296815623,18.251890469515274,18.624365155043051,19.317220596952211,19.801324624282643,20.591483150652493,21.274675427843249,22.235217575540446
0.76044789205730945,14.643906773038907,14.529697516899432,14.658721211651937,14.625082156393546,14.769610224957432,14.839424573530778,15.055277076343373,15.17502785886154,15.317547964711594,15.539110324262765,15.749018423037342,16.053023420677164,16.26441281661937,16.676408710015494,16.934042712632618,17.424252619626714,17.743970421284757,18.400608810155973,18.773347250042207,19.463535952738312,19.960618476930904,20.759016081743539,21.440363905374397,22.408853314303997
0.7611236626991349,14.784301733669054,14.668424792986116,14.794863283602353,14.774804484187371,14.878679685323732,14.993683528405199,15.167932239547554,15.294487676484096,15.478245681106273,15.665555365891123,15.88255685367858,16.1916071006317,16.394074743679994,16.815499273579917,17.066230444252142,17.564070618023834,17.881891839694617,18.531027449607791,18.903259168198929,19.590335063410748,20.107507281911239,20.905024062634766,21.583294448406377,22.55646402073944
0.76181551477919884,14.914788888772819,14.774419762257821,14.920577511308693,14.893076146276144,15.011296358597065,15.099237138005265,15.272308378625894,15.40423795418792,15.597741119143393,15.788050119712352,16.003180246439115,16.309266466495501,16.508485210020808,16.938534121773046,17.18734057506208,17.68891697574054,18.029924618596851,18.638708402764678,19.013214231626989,19.705705182977908,20.242634870635811,21.020866453332928,21.700087912826348,22.690583738740315
0.76252383099044441,15.033123635412267,14.88711107456129,15.035254887108749,14.998996389961576,15.123279475938034,15.190598391754065,15.361409442274635,15.496310497411287,15.694888555669422,15.900984129988501,16.106895811562936,16.407415481749013,16.607836625132222,17.040228470355032,17.295759175352941,17.777054912866333,18.122551135937101,18.708174305225839,19.096325324877398,19.79962708635685,20.327226996478203,21.112131488271189,21.795445037467289,22.781849535256697
0.76324900313282906,15.149327079443538,14.994422183214738,15.136102586410743,15.094953145308864,15.221270677667235,15.266072639398772,15.433196071906423,15.57139073142389,15.779248075711621,15.987299852770775,16.193168513696037,16.497820010552459,16.686920437899971,17.119825569389832,17.383158603865922,17.847502513615837,18.193091344273853,18.780974434941527,19.161054048649021,19.887959424258952,20.38315376603714,21.135597693219097,21.849453014507162,22.841080994303411
0.76399143233004596,15.240316515320046,15.085868152567855,15.22045041486399,15.213049415521709,15.291426585641602,15.361656016548295,15.486940515052993,15.643799175391905,15.854181702260576,16.057265218587418,16.259451881286623,16.566383583754032,16.750486811339215,17.177656925026895,17.432426665987805,17.898215122926558,18.23804688862765,18.8279878816993,19.219412720109176,19.908208636392374,20.408319298974675,21.160998606106659,21.8703786981132,22.866687540772546
0.76475152925140255,15.31355385662664,15.1598134858923,15.286791868393266,15.271220587881544,15.319494727614256,15.405525227813087,15.524760820987467,15.684616744739287,15.916050308445847,16.108918289636676,16.30876698717384,16.608347256499655,16.797188713459946,17.163142583607623,17.459076820076007,17.926893085610573,18.261508920841152,18.845201668193113,19.226415749886655,19.900564180315996,20.398401157723129,21.150859623834549,21.876245028290214,22.851170647976687
0.76552971433897932,15.36786704860333,15.196022886937499,15.339386114404988,15.310345929688083,15.40226162934141,15.429598563950094,15.550722475079965,15.700405396468341,15.953964248087686,16.138259069894048,16.332929236049495,16.6225345721341,16.806804984158589,17.177831208666248,17.469773994427669,17.927144159268209,18.258540785662262,18.810883010311954,19.205353397750514,19.849557018766063,20.390145856883464,21.117956809981479,21.826704311155481,22.799135597088025
0.7663264180401943,15.331237619539934,15.23615878405144,15.378075286740568,15.330285073102459,15.427379685601409,15.44134513347035,15.55564761108144,15.697277833698536,15.972753801999716,16.145715842096251,16.329067289923842,16.616346739532673,16.792046276157635,17.172280933511502,17.454957298352383,17.901352170822065,18.225872063732822,18.759200440359564,19.157289684051648,19.79812644667436,20.32176160790732,21.040246177819427,21.744463047991303,22.707392997665011
0.76714208104590165,15.348754560494854,15.253218543843104,15.391114611105877,15.348801813746832,15.381909787589393,15.433753232181516,15.537417422339786,15.676544687763453,15.964871735691304,16.131671656654362,16.30493080141423,16.595296238474475,16.761102560161817,17.185872924364958,17.422870559565126,17.859743276912923,18.167345868972916,18.686558175151731,19.061533208359833,19.714839780042894,20.203109300304277,20.915372645558818,21.630215694516664,22.578635151328854
0.76797715453415716,15.349320425895712,15.252978238872856,15.38623689472297,15.336252808046083,15.364470726297441,15.410336623749572,15.507105206485903,15.637189444972137,15.939403506464259,16.109324791050312,16.278441625634514,16.554048180156315,16.714859223389794,17.125923763047467,17.358963345608572,17.788160640304341,18.082366761645972,18.600171903242881,18.962852011767609,19.582150429940157,20.09228488397639,20.775485717247648,21.49981926246619,22.388337430484171
0.76883210041978367,15.335304274547525,15.23024467101186,15.331834120632266,15.309172784094699,15.410474910465382,15.399909336440942,15.463927770323608,15.587917284739888,15.899093703057588,16.058954272135452,16.230643743016117,16.508769088819463,16.662474451433809,17.046302873995955,17.273191008109279,17.698926995941292,17.991069129189782,18.492827153670078,18.844886199396569,19.442229170048449,19.953234370150312,20.619329764029317,21.334244655805378,22.19438899870147
0.76970739160987578,15.325481312444026,15.207288777158283,15.304676509128512,15.319744408630868,15.308226127159287,15.358050870562693,15.408644999491116,15.532878763504414,15.70273037023253,16.001290763773795,16.172793237012229,16.44060791134325,16.601043021792066,16.957533688610056,17.174389586565667,17.598504635940117,17.881024667291058,18.371758234798108,18.722883673815886,19.29029231867753,19.801045032661932,20.451344929970219,21.144690956223712,22.008796338823231
0.77060351226538559,15.291313168276247,15.178602752696861,15.271576239054411,15.277447293459772,15.251457154728087,15.312367198334869,15.351777326223782,15.483902092380049,15.558213142398017,15.94093081183928,16.10866832924512,16.376275173695831,16.514594883474274,16.866967888012368,17.064903276666882,17.495603815612412,17.765758552392072,18.208236238768222,18.573689874110642,19.161637640061599,19.622807724326776,20.271023348806921,20.940626093872197,21.806481852165234
0.77152095806893206,15.258355713092897,15.150733540351212,15.240435833576157,15.236177111154575,15.211590309259918,15.272270762028711,15.302899210876603,15.432977146574558,15.510064116051581,15.866205243015429,16.048639953885868,16.311941229991135,16.436411733848217,16.775493959139567,16.974231979953402,17.399389189184149,17.649232868032414,18.100261555766338,18.441459228695749,19.021935872731774,19.469566666373794,20.102619355944626,20.768064008498186,21.558953578443834
0.77246023649898476,15.2060407180943,15.088699447544059,15.219529960982072,15.235010141939711,15.20392012038792,15.229536393107992,15.278909041748193,15.401703078024184,15.479952635838345,15.822777088644216,16.001153234492449,16.258843750894812,16.395769959586687,16.726983571084929,16.92124630118451,17.326213167672904,17.559723097529059,18.025084082555622,18.334648254227432,18.905031531048735,19.354600750839381,19.963534681635792,20.633323217041834,21.381442707315728
0.77342186711057181,15.202851959201325,15.088356101741738,15.218328605138595,15.226747759394129,15.193380713360966,15.232364943495668,15.283327328917949,15.39161033376422,15.548176787035118,15.808364206384795,15.974684478871495,16.240710676262097,16.37149671194129,16.696423726896683,16.879372701114335,17.279742542834356,17.51345135851443,17.95849948875366,18.281924815430102,18.821708572333591,19.275622029657825,19.875487667201014,20.565727907338442,21.269262173565949
0.77440638182266774,15.230673283678698,15.101834783394224,15.246575484114146,15.230723401658906,15.218432199052586,15.229249920041184,15.315793497718005,15.432107469137009,15.574973248958486,15.828971558878038,15.98880366868616,16.258588461365434,16.391187776744118,16.717333480650268,16.879472222391996,17.280796217655734,17.513194615421526,17.94816438158341,18.223641637026958,18.811315124507018,19.247136742551447,19.886269837699729,20.532783577215014,21.208249777057063
0.7754143252124206,15.301962635146083,15.1822645062839,15.318455257553978,15.299169842768606,15.292065101405569,15.32356272960169,15.406422101465068,15.525634773792262,15.662037972295366,15.899159783641153,16.057181455937098,16.320714873349061,16.471925186679073,16.785921038657762,16.939508888466662,17.355993375555045,17.574432385245018,18.013859267875887,18.271539595232753,18.889357457797814,19.303089124228791,19.949937661940567,20.585212420217431,21.270880892376226
0.77644625481638141,15.350088548973872,15.3091501798217,15.44539601877932,15.424243517092691,15.459888908263565,15.475032497894063,15.569501326232967,15.672733160323332,15.81296863663465,16.046188434354917,16.189219121568385,16.453656348403456,16.61271995333118,16.926827630702974,17.082150924412417,17.495146812434541,17.689645618853319,18.178504945726672,18.432649936255984,19.059974025374686,19.470726528497835,20.125670664641802,20.796411360523052,21.455334950331235
0.77750274143890052,15.543295686973579,15.506123077813754,15.620444728953771,15.601997955716797,15.666642362210951,15.684602522392197,15.800598630425156,15.90004198787301,16.042163257421635,16.269282492290586,16.409812477617379,16.680036249825207,16.824948310317268,17.117732104952665,17.318788603301073,17.729316107046543,17.946532559442858,18.460872129380732,18.72374849411608,19.351951941722291,19.7769398173441,20.452663183670666,21.13199679472018,21.797303354893302
0.77858436946786469,15.820905404794757,15.773384050587083,15.905682196897942,15.869769687334156,15.97798963790683,16.00863356316404,16.132802340048329,16.23003888412768,16.366777850924336,16.5815874295713,16.729933452272235,17.008502621987645,17.166227451018131,17.457599708663111,17.66621042177394,18.08998634827185,18.307483245218464,18.855324474790905,19.132275904858034,19.801153155756765,20.174742149063604,20.949049128203114,21.624125524114788,22.300977560491447
0.77969173719794682,16.205253091906343,16.147768256776544,16.264663467669379,16.249622154966346,16.370025423963853,16.370958258148676,16.560272849228568,16.657084925318486,16.760717908022343,17.004121403826503,17.158556652995685,17.439865132591876,17.620608464245379,17.977426992321853,18.177468580093773,18.596047771465237,18.816667291364865,19.39488158947097,19.685428869523093,20.394266825540399,20.787349047590396,21.60501315755937,22.28115800125488,23.030546896939995
0.78082545716154772,16.68109721565088,16.611511610048183,16.7395480754858,16.759387134863573,16.868243054137565,16.896665163421858,17.093776549865652,17.194108904288441,17.345580569468439,17.527360955886252,17.698873872081094,18.009051649112735,18.179745085230024,18.561693303474385,18.774639450601171,19.237946058086891,19.476964068000598,20.108312287047738,20.36880453482263,21.183183749379168,21.596402312603459,22.448546261572119,23.177532764337229,23.968029776660842
0.78198615646761471,17.268806649593898,17.198679946477569,17.332981400784774,17.344907269016403,17.506724840430252,17.538213837897274,17.749092669013407,17.851154704227156,18.031262991271433,18.180983943553656,18.355426308966344,18.699335822386274,18.878878966339471,19.283709392482706,19.546479480253765,20.022545301964783,20.303583272012474,20.985895485886431,21.275767109687877,22.140659474705899,22.585643828344473,23.569159388542175,24.267360830877806,25.145043315656949
0.78317447714852217,17.927260853062762,17.885405661731056,18.046229504903749,18.058568088703396,18.221209645793351,18.265829933567147,18.514799318454607,18.639284087224951,18.833913976486656,18.950168711106016,19.154618943641253,19.51017146248887,19.715222652517696,20.154885315298088,20.432900859987058,20.954172338297212,21.245304387104625,22.007302915866603,22.345131696558383,23.272604858353588,23.758582792224843,24.821210193349543,25.583462660293662,26.556019278126769
0.78439107651520656,18.73366832879401,18.690354820717403,18.851317273769382,18.811058428729666,19.086315828924853,19.122183752318961,19.386445400559751,19.53499980144079,19.735470965853892,19.838416192787918,20.05131270590573,20.431191474111984,20.697066354996423,21.14507132106155,21.477637145751942,22.035383407659538,22.368960243662514,23.177317038362162,23.57720672742289,24.551688015963009,25.122447942561848,26.254178285305898,27.109338945252603,28.190141499695528
0.78563662752075381,19.629399892832225,19.575704803184635,19.760412180128696,19.72741062492787,20.015216087818771,20.051557822716859,20.343538403321872,20.505130996985827,20.729220222192453,20.830923956080369,21.080170490386081,21.476589898144084,21.766029940503358,22.272325406986056,22.62594445873583,23.240356813126709,23.628100065760009,24.518140388039683,24.941592526909517,26.009773677396879,26.654427023848257,27.873353709599542,28.816121485668191,30.012607559096068
0.78691181913263841,20.59804710633216,20.54810343135432,20.73176809591132,20.71787135086015,21.009470755783695,21.063726286265592,21.360463423156034,21.549536031287062,21.791089220934737,21.898866978435763,22.160147816361132,22.602475172763661,22.916079606200583,23.477140488770601,23.869591495760687,24.53527628737902,24.981671048552016,25.932962261651483,26.427360761381351,27.582453432436523,28.276845379577935,29.645913907816066,30.646908228154643,31.986147562234692
0.78821735671381987,21.613276538211721,21.584745645022849,21.756457887109718,21.716863173029196,22.082005786820446,22.121735183578494,22.436232849915541,22.641150067018316,22.913620245488346,23.011217247432796,23.283710943456754,23.759789089011974,24.128170363181198,24.703958178281027,25.169042269000784,25.864194381307243,26.387457561069823,27.37282140149,28.011198566644453,29.184746030925453,29.987182812052197,31.414643370037084,32.562109236761899,34.058797438356123
0.78955396241291065,22.658767558232285,22.598512550219311,22.775833945030172,22.758054338473812,23.12782313086791,23.213407224611728,23.532874981992791,23.713921482583828,24.014218194875866,24.129178677501841,24.415902101389293,24.92823278695505,25.353647799038299,25.94103081420144,26.45932841699323,27.214716486898396,27.802316518347652,28.859960289359151,29.552777712182433,30.820809892476973,31.754275344075722,33.235850320757891,34.510733856797742,36.1262682876295
0.79092237556362588,23.647515990496686,23.596799847940929,23.751713944164294,23.741373607257628,24.150862914986647,24.230448959398927,24.555166529196867,24.729494918738055,25.048121708197868,25.200276623041646,25.508894798131223,26.057148086361849,26.525562183749571,27.125230047917285,27.694442553845874,28.51653591482318,29.174293917429168,30.244524307658139,31.065852113792062,32.388673372643098,33.390753617793962,34.973667108708469,36.354669303778792,38.136085377751442
0.79232335309374124,24.545279102752829,24.489308614869515,24.653425903401512,24.656793232101336,25.061981285580259,25.123354860392283,25.475362706198212,25.651984575924871,25.975054196980636,26.176684649712115,26.501177602502139,27.0372483027204,27.563680975468742,28.263646246792632,28.801240246142697,29.668028867385146,30.384517414498987,31.521591557411739,32.425066121493728,33.737694909188576,34.907197687924054,36.5353101132132,38.044629198167968,39.934279154214892
0.79375766994378205,25.288070952363341,25.255857265154191,25.405860797247442,25.395542648002447,25.82922452819912,25.873277480746765,26.23123095590563,26.42066193779101,26.804682474677975,26.978115165398776,27.341341663865023,27.892989236297581,28.39466938800615,29.163132413999847,29.732876082845905,30.648296192583075,31.416322694356495,32.585074260008696,33.53081030859903,34.909309869170102,36.146396732339781,37.812873227747332,39.422712013583805,41.401905191683909
0.79522611949567579,25.828728286625847,25.795576896907733,25.955941432745021,25.935783715762227,26.37453311718491,26.46557867908632,26.792555915966659,26.910175803535822,27.346560348680214,27.58236885934457,27.941988518843573,28.519956689313403,29.04520115275227,29.759845124819549,30.404257239355502,31.34481201673043,32.147455061662185,33.297331202473288,34.314613769922289,35.719710564171692,37.033602645777137,38.751815867333789,40.457339394532028,42.477594743373629
0.7967295140116053,26.178816522733541,26.042747087227326,26.279900702429586,26.208681745087233,26.652057978979428,26.711524156322412,27.072092829072062,27.159088164426066,27.598315552586428,27.885859853267903,28.242595648556744,28.829320959262986,29.358173943528527,30.124264915437379,30.718190144816617,31.695040375481767,32.525992710794526,33.688636922081059,34.807238540568505,36.131671599090623,37.509471289420617,39.150678984049591,40.971579083787219,43.035405392154644
0.79826868508330628,26.157337844368158,26.075588080966554,26.265034979562188,26.222397517867648,26.624049030258902,26.708381885946437,27.002711308105063,27.166116067870462,27.53301298108272,27.879596897219017,28.267029975242622,28.815386396177928,29.309798241334647,30.125480459617393,30.700222725918138,31.65139336017819,32.525285868650826,33.680321419415122,34.724692525953287,36.099745448009344,37.482284914010961,39.08753795591474,40.90442328084464,42.953168098305468
0.79984448409205577,25.845204345125239,25.742144794297928,25.907381007848016,25.883097275116597,26.241750677727396,26.34727944975748,26.650599600197893,26.784662014910282,27.134808899554628,27.525850049114524,27.883035759277846,28.453473742825736,28.914523567702417,29.736352663920115,30.274859563720383,31.226567216021067,32.039873822861409,33.174253265577136,34.206360762000259,35.531708216934931,36.880740454565967,38.429065287047706,40.276908400926914,42.237157730094623
0.80145778267960754,25.170558472818811,25.082547744495969,25.209688784929313,25.217780620252597,25.562124783384206,25.632398704932712,25.888548207723943,26.036640421574702,26.387087942941434,26.815173341026821,27.148790936756996,27.68557610118296,28.154890370147768,28.880467945691635,29.410484146261297,30.330000440844742,31.107813749200432,32.183881507764454,33.178997388931748,34.441674525449343,35.74133972186246,37.181693623017054,38.986504243657691,40.826826047661598
0.80310947323033455,24.23090368172052,24.137715374887193,24.25709668700074,24.268931728522148,24.557114236984489,24.604896182074299,24.870785662340495,24.979127949922258,25.324488318583462,25.773690771722613,26.080617837324098,26.587154909659148,26.998042261264345,27.698636296867335,28.185315000395349,29.037840013872483,29.744394911838754,30.809371710587584,31.665430745080812,32.858898322490859,34.057071872819506,35.414607173137483,37.120317654291284,38.795723157782049
0.80480046936484506,22.988499622795644,22.90473110180028,23.011552100339031,23.030182782280463,23.246440953298588,23.34733980090823,23.534862238764617,23.707038674805517,24.005653746113239,24.446265010505158,24.728199222161493,25.185138051128888,25.560076343983383,26.216591936030454,26.655653891415568,27.42231295153033,28.048555012435827,29.011726743330655,29.795594912706292,30.885268811500282,31.960821301167016,33.181523763989389,34.776449544457137,36.213555436377646
0.80653170644534433,21.665365700879192,21.480052305396384,21.674086380531662,21.637143814878073,21.823174383403966,21.882393050454993,22.058579653421475,22.270563584759657,22.501579557490913,22.926464921129082,23.209401677890128,23.578391224651568,23.955030159628222,24.487999464559834,24.902895590599655,25.588505578725744,26.129368554953544,27.007077187932737,27.633588414428232,28.669089871764299,29.554563710880757,30.63857116305735,32.054618903428491,33.302976546314312
0.80830414209302459,20.217505068943865,20.071231592246477,20.227577908295643,20.153814210363635,20.314206776052742,20.395251846581232,20.576096489301563,20.798798298590555,20.974007314911432,21.361277673175209,21.606466224857286,21.951274039536656,22.228350437813788,22.714115757564286,23.078792841610266,23.707153007526358,24.12043741004527,24.907115547233843,25.408298892369203,26.284597669378854,27.055896113583003,28.055162941847811,29.208197485582787,30.219343746277445
0.81011875671776579,18.879058021506353,18.758787108461547,18.839650924372108,18.805671770340268,18.929677763542713,19.031201002570015,19.1402729108122,19.425244798057975,19.537593232565996,19.90171202156489,20.102982049840648,20.408247269046115,20.63875085096879,21.066952203193068,21.35180296917315,21.915102936065523,22.215109820284852,22.898070962277416,23.288809538960777,24.115728065175063,24.668784360845166,25.524658241978614,26.516089789329271,27.322314122749958
0.81197655406044122,17.787096540050698,17.671440677091596,17.778314215345745,17.769866824077326,17.827747232124239,17.891758561632741,18.036368011533341,18.289644263353694,18.368772927857208,18.701037301896577,18.884949968578439,19.130629742936435,19.375543024249055,19.704132596798445,19.946678394891933,20.450415287585201,20.644215882432036,21.283570989009604,21.524814736934786,22.23677461150146,22.64023291202102,23.432927452489821,24.270267930703994,24.842408148611867
0.81387856174813134,17.136371625321772,17.019568369611079,17.101107608083112,17.012959434490767,17.101033784689207,17.186641569136555,17.332121327934146,17.454065589648962,17.632291609781532,17.826038081315346,18.112279698543716,18.349774774531397,18.510905891431321,18.819215259449265,19.024594154132501,19.469468018422049,19.603662993809849,20.140702803080785,20.388015243028349,20.994051090994617,21.313324159207696,21.989312150963087,22.629003203994216,23.128970135443524
0.81582583186254676,17.013623029415612,16.901765829268697,17.002071241062367,16.899362456890231,16.989865020932484,17.048841373027244,17.199593383294996,17.352349503449659,17.457518863146106,17.656008089088573,17.945205766889558,18.143775171654852,18.318089931239228,18.597395081305876,18.774630549338326,19.19993202625119,19.329243559717725,19.809938942296867,20.025606939605495,20.568939174194384,20.8465259277109,21.476888174202031,22.04142984444843,22.470862759801093
0.81781944152197972,17.568704249053553,17.43093251708342,17.566848924623628,17.414797116944101,17.530137190013193,17.58801051489354,17.781953690446244,17.970163984406099,17.990233205578988,18.185759164374758,18.464075875574053,18.696967829662754,18.867690339524415,19.186357309496088,19.356774387746555,19.738443069749337,19.888902853537729,20.3249257200805,20.594864933951612,21.142421078347979,21.481048651181482,22.095662413928949,22.549339765508194,23.07313296976281
0.81986049347710532,18.769944733845477,18.677168108228216,18.791805006188952,18.674084883765317,18.778312091824773,18.837167091820447,19.030907611813745,19.180872382268717,19.253265225757787,19.46207658275307,19.734976076244493,20.018560319738754,20.216783472023963,20.56821368627061,20.741329679509363,21.190246439324255,21.433143821908743,21.864236838326178,22.242447974258539,22.754821720762266,23.195422454908112,23.871565288525744,24.380435751496407,24.987860843644739
0.82195011672095875,20.621102959117707,20.561851206170104,20.674121475265565,20.584682203105331,20.712662017689581,20.730856491805753,20.986712425321457,21.096504622568318,21.245185125266289,21.479219675573404,21.744758281984105,22.042981561011402,22.2802492996816,22.737129309396551,22.985721301338344,23.451103961655463,23.810408465087676,24.336076256287924,24.814480366512726,25.411137681810942,26.03165992074355,26.814295443055016,27.411293878180004,28.253211372611986
0.82408946711343001,23.052398936179088,22.991136073826056,23.119176695170609,23.046143592975568,23.177574640223611,23.240811791012675,23.541044129462534,23.635737119398982,23.809422058649943,24.065440276783193,24.344134449886042,24.725033449340117,25.083875254134909,25.570799628778332,25.871559989431262,26.474480867862439,26.975236059741292,27.563763002013729,28.252709051750571,28.965267348929046,29.770770963496034,30.682774698467256,31.514588748290407,32.647790280461777
0.82627972802061977,25.799744119543902,25.722683599902666,25.871764411735057,25.842825775915117,26.035758723024628,26.063220491530956,26.378514782125421,26.477262058611814,26.733994146783516,27.02856807101125,27.328954204705951,27.781953520909155,28.208107106755051,28.818035107578908,29.221146764826699,29.94847320566987,30.573758865641139,31.362340683521325,32.19296088846022,33.087050216672651,34.163897285274288,35.217290043226967,36.307668239118357,37.734802284227044
0.82852211096940931,28.613795515961101,28.54881127585395,28.731215107018215,28.721944251308742,28.952896412232803,28.973758052223275,29.330372544638522,29.425752042501699,29.76103367957694,30.118407182439114,30.432095372940239,30.964088175453071,31.463713188764814,32.178794421808561,32.715900236937159,33.577118372515542,34.368595157000527,35.27785933627456,36.301860440718883,37.396178754832363,38.691728980003973,40.002550588913437,41.399185600908822,43.132609938184032
0.83081785631760774,31.214186684825108,31.150022978443303,31.312105918907037,31.365051321110514,31.604284908476984,31.696634796535363,32.068588339781854,32.210445057156903,32.587663156453345,32.984985287723248,33.326899815823708,33.960486001844401,34.504693060087448,35.336933299797238,35.967450043579447,36.95219703490875,37.846002841251902,39.027634067912004,40.133985344189568,41.466589262025082,42.951527444674866,44.488277843309334,46.200055257788335,48.173474645722308
0.83316823394004724,33.216162553151662,33.223459905268101,33.393659973466129,33.491201808523329,33.796905704766687,33.866208285893663,34.240440869725717,34.413230140620726,34.87272031653265,35.322866732320108,35.690230965177761,36.380904288991587,36.975243537432107,37.869983498756483,38.607874938003079,39.765653141250368,40.735980574114365,42.035300141469634,43.28303354743548,44.822527451739006,46.459592984479968,48.194612648592738,50.141541690885788,52.371581117462483
0.83557454393100505,34.547719094589411,34.528531991942145,34.704362289441633,34.851910900295479,35.154621641384438,35.263384964498982,35.656837905698922,35.894272235447716,36.403439312634873,36.883454159775283,37.231212322127249,38.005846575098985,38.659680277734878,39.583410419807478,40.359806453590863,41.607346821016108,42.601612089551054,44.091155813497608,45.405623209429905,47.052372717647813,48.804790988186141,50.737650283597759,52.832423780128011,55.199043966611498
0.83803811732334055,34.922496019549726,34.867616553849075,35.084234846624895,35.246768787677865,35.606397541763727,35.704675845408929,36.129444092090125,36.351729793263075,36.981981836972409,37.456254382384941,37.809207753554801,38.545974847911566,39.191568161244504,40.204668623504404,40.987766703568923,42.30661678146862,43.339524271868868,44.847132257455087,46.170659099181648,47.922666784943431,49.698054701148067,51.709425206485321,53.926745302043855,56.295231911790324
0.8405603168247473,34.356900331244105,34.303341788327089,34.529406869965896,34.708982284690137,35.043260966551316,35.194918937500915,35.515645827363187,35.858210813021287,36.514777539065108,36.985190290004539,37.372112428194669,38.097632438177243,38.741853038336558,39.708208551586722,40.501385359370033,41.810105712189397,42.780718125424755,44.296700763050467,45.589678116768482,47.342872303328477,49.079722569644218,51.154882472765166,53.311651873547817,55.550219728713273
0.84314253757152413,32.909764739553793,32.957853430132673,33.135193434420216,33.333463397648302,33.669906946284755,33.796334126956936,34.183152624405921,34.516221367513936,35.124626523756888,35.578319894819288,35.943337712385983,36.602785763527208,37.318285387576907,38.173282409530657,38.92431905385456,40.128733605721209,41.093881399719976,42.509306435473263,43.798881100432482,45.462811673380202,47.106095329509117,49.091568221047055,51.127246233736514,53.306683812159463
0.84578620790028514,30.978590400118264,31.012673228651693,31.168063101860753,31.378862543024297,31.648008585427306,31.803410013155371,32.118436200325959,32.509105160388572,33.026510084513575,33.463035991961078,33.826422163081588,34.481600887389504,35.030646598010208,35.871315305987082,36.593545712938067,37.647912416003237,38.583003516323515,39.823195884127927,41.03553647978697,42.541299262113171,44.053813455800992,45.909105358543457,47.750372815498849,49.715232861490222
0.84849279013803369,28.839970738634293,28.775136335440038,28.927389901073184,29.11297288069909,29.37495708532515,29.548456931574037,29.729111891712819,30.194737974059535,30.5780677342118,30.972915202954027,31.331653152119543,31.903251195682969,32.386827986178105,33.162184433502262,33.809288817414199,34.715031111780263,35.558034979352669,36.690567069817916,37.786175588793412,39.082098303355451,40.491426209839119,42.138274825178087,43.73991043890419,45.492109042053926
0.85126378141103709,26.736086976598017,26.666711424542882,26.854809888434829,26.955082186614163,27.111474332872604,27.308077205205336,27.499775612726808,27.891641923997668,28.138944474085292,28.498285972615122,28.864374707554816,29.396936524346529,29.749322393960028,30.460147923389741,31.052592644373362,31.787318479677197,32.586233885594993,33.512250064253749,34.537704111120547,35.647089924859756,36.959099609324767,38.304432548087789,39.699249968682125,41.273709340915957
0.85410071447295244,24.968266092466365,24.939881587473792,25.039221286519023,25.153166497511847,25.273852628655732,25.456156405882211,25.59592758884537,25.913062397266913,26.050851019652328,26.37536280281347,26.763863990090613,27.230059338493447,27.580440142548468,28.171319835644681,28.683986720330722,29.301888561429223,30.021731601664214,30.814518931852945,31.716175976740487,32.654020041896729,33.776191696757451,34.99116515598871,36.184778887720313,37.583909453322121
0.85700515855265746,23.811209203544422,23.688258263959142,23.761919303811737,23.840748289781914,23.96105724148947,24.10698981963651,24.208813905439456,24.500492232167744,24.548293318228389,24.834743564628297,25.116339427651837,25.625130830696435,25.948444023619231,26.452532775983855,26.896059127837361,27.502456110072671,28.078341423512029,28.810973280196777,29.605802426631271,30.410058560919424,31.468907737689733,32.485559156666568,33.589556264996645,34.823345765405975
0.8599787202222573,23.072617632838956,22.99505845879321,23.024427454904071,23.072283015033463,23.159592652380525,23.307349426104338,23.4500694388189,23.564007715693151,23.675271913496545,23.943334435694851,24.212715266206942,24.652422262282926,24.984247420456086,25.460630669243983,25.821644900184765,26.381551092657901,26.924809830670711,27.618857305911661,28.29974149086047,29.060319342846924,30.026874233160925,30.875667632702971,31.978796959512692,33.083576351302327
0.86302304428574983,22.750748006248614,22.670519859937485,22.654786721264827,22.705101592422579,22.772683981573209,22.89998414224101,23.072833419508243,23.152924588393944,23.289886327002023,23.567421636442305,23.846137198634096,24.26327672736079,24.52285829064931,24.994215276492469,25.357538474891044,25.921817632413877,26.398108671593945,27.092907827114686,27.698251649795566,28.478253294197202,29.363339329647715,30.16284854071273,31.243751000380144,32.278916797404236
0.86613981468883594,22.559778654867841,22.482895989181998,22.502963306644233,22.521111005764396,22.586002526062657,22.697885950648924,22.918413268474978,22.974763624486513,23.20487689190486,23.469538401805039,23.75507372951688,24.099477262469009,24.404035654006293,24.874150579824345,25.225449959936668,25.825053377848235,26.216816168853256,26.950545113308181,27.537104988958163,28.309880402332055,29.172094755405851,29.965747049107449,31.033676726001431,32.04947133341193
0.86933075545038152,22.315084372217825,22.254059980812599,22.263968166080303,22.273445258098945,22.394492142389936,22.525585171126295,22.73322062187799,22.787326125340769,23.129141131335928,23.436600675064255,23.715513802133501,24.045097018599336,24.333626149193151,24.817110187272192,25.183377255329106,25.778721474729537,26.182040790437895,26.892304918030277,27.477715275694209,28.25911086256383,29.103143397827807,29.906778037955519,30.981651476671686,31.96223031442787
0.87259763161604709,21.846491665368376,21.864721190286218,21.898325394613494,21.920255806166097,22.037029228282336,22.128097195323789,22.411335653290735,22.532106399128679,22.912591647982481,23.232985007896787,23.494486509618582,23.843261221030843,24.163230089885474,24.637063123387634,25.035449552247883,25.58014719633502,26.046807968261419,26.724507842183812,27.296032711717999,28.063313199520053,28.881755156158761,29.71161642093648,30.782400854433945,31.689827476955543
0.87594225023460914,21.296903242458939,21.272958350804402,21.344925619610876,21.402570662285143,21.541833642157144,21.701976662858215,21.947801804220944,22.085558479819156,22.476510791319015,22.804623147654638,23.042413195609697,23.416936579349567,23.786733407512656,24.228508441912709,24.66945825444418,25.223250213181018,25.682204608732718,26.345841265116178,26.921525124627806,27.670981201597897,28.453558280496509,29.27298119245097,30.322439323106664,31.167029675023514
0.87936646135751584,20.675720789920888,20.719640293275006,20.848185041078978,20.86791163991802,21.039736193266435,21.198066281373031,21.379327986047429,21.682512587853125,21.967321796924807,22.26253806600289,22.518845121652703,22.982797062111786,23.299760742091166,23.756353719698382,24.206343146768631,24.722155211842619,25.206937566385022,25.843975878342462,26.425283227596083,27.165306615650479,27.932402679631195,28.688614789003623,29.702167572511826,30.532603293664579
0.88287215906223049,20.282636506763083,20.349656886137382,20.464478093450452,20.506202027234394,20.677791499914747,20.738286854011676,21.048549565832218,21.28563895775369,21.533548563467775,21.788459075680294,22.044488438274129,22.49276346363331,22.851490190892946,23.316277024823648,23.742508207848005,24.285055599335465,24.776858791708946,25.401017567506642,26.007035323535092,26.695009132527048,27.488312487745134,28.207755364113837,29.186396925200825,30.016789748638985
0.88646128249992606,20.230499115554267,20.225165749445296,20.397847293894301,20.44468731179586,20.597011210007622,20.709666680431837,20.862667983768915,21.144011580141523,21.295961950992933,21.504730299540824,21.747632649508887,22.219337937436649,22.563303285678558,23.02636099368101,23.445456534020195,24.008502149335982,24.540758972791082,25.157748880330473,25.798179148645431,26.475904918952438,27.263994259570609,27.982919247006066,28.982924073621689,29.790767198384856
0.89013581696811173,20.392450075185479,20.408307612062345,20.521255456533254,20.573714118167118,20.70278372100438,20.783988205457717,20.91589877390652,21.179651130300044,21.228732939511247,21.464421049386146,21.680820012912591,22.090656077412859,22.422043885439052,22.903715871019813,23.338153322707512,23.921864964635461,24.480972615274368,25.11496993102628,25.782326649088645,26.472615606544423,27.295614627102623,28.006465362552262,29.063206792845449,29.879329156930908
0.89389779500878774,20.551335430624022,20.550507871608716,20.636842315507238,20.694327912970039,20.789770434192178,20.824210552684235,20.939862222578085,21.166611706015829,21.139591461935197,21.435698176534061,21.679977999814582,21.962194034491404,22.312555287233408,22.786188779769873,23.212576407833694,23.827487204722274,24.390054520939884,25.023171237800852,25.763324157145689,26.444420028135937,27.335294910037192,28.06160520294361,29.147921192678041,30.002743006232777
0.8977492975327297,20.328229772298073,20.334739032998186,20.383028818789171,20.443121264477668,20.499495655858482,20.554433594541479,20.610107436026738,20.814472922262212,20.836528963907767,21.157690258947696,21.41781875363813,21.637240926283994,21.934949592628982,22.364945608722337,22.805960220597626,23.369163931110961,23.959505359322065,24.59813257652786,25.343128903037723,26.065716142424208,26.982858542101894,27.70056467885297,28.798470471629116,29.724478830539738
0.90169245497052919,19.410584022036346,19.41679985976225,19.423120082072273,19.499669591990823,19.525776221304113,19.589880182054912,19.65449907346192,19.840252436868468,19.880834517662151,20.282071933223051,20.541507078338327,20.80629663313448,20.969348753587838,21.370678778323054,21.768741812706139,22.305504627445771,22.839207292057836,23.450532075770752,24.194274910416425,24.902988558489596,25.801948144082417,26.4984364735501,27.594748967763735,28.533025405304215
0.90572944845102676,17.709880416754459,17.700480462754058,17.706981730887492,17.786337985315186,17.79547441147588,17.945449058905069,17.985256998381374,18.16557100823411,18.354288390517468,18.647533120751177,18.868776523315319,19.113511683317483,19.294468914205936,19.66016924980795,19.98463127429568,20.450577691666695,20.951650223334582,21.487252869850636,22.174418389382481,22.823735765945457,23.540787414680381,24.279705266340898,25.313899166594638,26.257575071325846
0.90986251100778748,15.393000973912422,15.38094864148843,15.374134711470106,15.465628226045737,15.501694433911325,15.65064794695536,15.717295211050441,15.874050476346383,16.11650839383401,16.360316480091569,16.574015573392899,16.808960592969015,17.007606099390614,17.314802497996425,17.60128828541383,17.952331455675449,18.38573827539949,18.850654185973326,19.426172410150684,20.000318332646202,20.609576479833777,21.239253209982053,22.149483735249305,22.996081002538631
0.91409392881428575,12.836039973150037,12.834838626586134,12.840621719262344,12.92855047973535,12.997002511247047,13.159846339203796,13.26921630785364,13.365103381311201,13.626564396914546,13.764771221336559,13.94172285438799,14.140261688085957,14.412939415939036,14.639343353612276,14.901103094362043,15.173027725315478,15.529363530542469,15.878066786526688,16.354471369468229,16.813730690317243,17.295419240541378,17.794989359494139,18.54897852837712,19.254985667646906
0.91842604244848758,10.457126685871117,10.473945544426897,10.483563839736235,10.562803408904074,10.606598800741267,10.784585080953548,10.879922908980006,10.981141338188536,11.211749054788015,11.261366503074896,11.415876512892282,11.589811168612869,11.86033458469683,12.04487461651479,12.260697465717385,12.476984049688326,12.757357449740084,13.009100465800657,13.391805706298328,13.719676022895328,14.087132055175971,14.461387663242931,15.110682379921855,15.600448386846438
0.92286124818752313,8.4678743213989947,8.5234444372872531,8.5268548662670582,8.6022820322023108,8.663417057485276,8.7380360898278013,8.8419717613160174,8.9434944970553261,9.025707839477036,9.1148472870363548,9.2641289369112201,9.3951407815566199,9.5881177897708767,9.7482574558534907,9.9372740109674851,10.081222297923887,10.337897915167559,10.473218665271816,10.793430666472887,11.004976154582437,11.309675463985513,11.580570674889714,12.064247647443153,12.404588770116789
0.92740199933316925,6.9466895780014966,6.9531217146968629,6.9607769871508935,7.0032336005742764,7.0289815624582843,7.0863310544464184,7.1444781455129487,7.2138455818285365,7.2440349355138096,7.3569433103393749,7.4419450484929257,7.5651641984932212,7.6601756008958546,7.8084448345889541,7.9679375079076635,8.0794105668319389,8.282659358026649,8.3852340941493821,8.6305444334320782,8.7566707868500089,9.0112715517325341,9.1932088243679573,9.5385424733772197,9.7554874567772458
0.93205080756887715,5.6649587778656496,5.6609360110714988,5.6591342471174357,5.6674084180867794,5.6581027630636527,5.7181261132700456,5.7306826932117474,5.7769493722821608,5.7414190231802422,5.8617427613066866,5.9315281776948723,6.0215356423254889,6.0381053911814888,6.1710314153988293,6.2837638053983937,6.3831462839384585,6.5381910887431332,6.5967243283616881,6.7865409986816303,6.8533299268760857,7.0682920580375139,7.1668786586401438,7.4033346915066431,7.525607818887238
0.96596257916836192,3.9593804550222558,3.9434703323922804,3.9525039651680345,3.9542780526689967,3.9256444623188145,3.9548059588587421,3.9475883199402233,3.9104208035114425,3.8767494926332802,3.95814404160501,3.9076612003718765,3.95072090571648,3.9247471785811285,3.9095117782044326,3.8594647846721273,3.8441529218689539,3.8012773353311786,3.7526280083852726,3.7275281503407314,3.6379692543241617,3.6111677497992787,3.5154086432926306,3.4854200383601892,3.3356676277880979
1.0011081979397787,3.7008259293961601,3.6960111491880525,3.7281160555812676,3.7275585539864551,3.7395017022781758,3.734399934071007,3.6938822981064732,3.6864969926091362,3.6903429875901566,3.6930312260583378,3.6514719012511705,3.6886886010706803,3.6266083404216261,3.6099517112716057,3.5814681137426305,3.553077221946296,3.5309040033971542,3.4751194256009512,3.4668665552826496,3.3923205775095084,3.3365837385954364,3.1870653651376415,3.0938876693912789,2.9158692323230753
1.037532556224986,4.1427785056371249,4.1571145454968246,4.1590341289202115,4.1802140314239296,4.1819728779096295,4.2129478451397517,4.2055945005181457,4.2130283253836751,4.206933718084656,4.1841146068270518,4.1838806102382478,4.2309582058078377,4.2570647017005285,4.2786781289748888,4.2864905985288715,4.2789231154372374,4.28956943793969,4.2125224510625685,4.213009053580663,4.1446405052288355,4.133257383200089,4.0400574597915693,4.0426112807579102,3.9315194384795404
1.0752821797304957,0.6763982636749688,0.66597081464885832,0.67288164594401678,0.67311131949793435,0.67567874748203849,0.67358592826019503,0.65338751948729623,0.63316053270045813,0.60603381706528126,0.58317088291630625,0.57499144706889638,0.57012820794767549,0.52987333344202625,0.51083587449545576,0.47637056158782798,0.43313166691757488,0.40168273664596654,0.35919402406182144,0.32614271295230424,0.27345025804640954,0.24304425159138532,0.18851978530382496,0.14811819551155736,0.093145071525839285
1.1144052869558729,2.3801889450310227,2.3917007685167846,2.3961839823832634,2.4113983203747011,2.3868748783763749,2.3936335981643424,2.3657489185081886,2.3414879701736027,2.3120374054690274,2.3199400230910214,2.3379471346343053,2.3290603820380511,2.2605733840293851,2.2349699629050974,2.2033742270778021,2.1837266680522589,2.1187060636377737,2.0611508625017905,2.0128321734977135,1.9259613816000183,1.8665075002296589,1.7463650055082098,1.6747760234344469,1.5379005674848258
1.154951850784383,0.36597950187021411,0.3724936665545755,0.365547352651447,0.36685281485280541,0.35965158846538259,0.35814423047344235,0.34294148633576071,0.33259503512491051,0.32386839945519341,0.31857563575508152,0.30999175360450693,0.28352945066291113,0.26339048337392512,0.24749309145973442,0.2405997730827707,0.21080184933027013,0.19386137570608319,0.16532297092128889,0.14565995686337807,0.11260333821776969,0.094997892209691848,0.066999901267500217,0.050374358126206609,0.030601297089473789
1.1969736623145533,0.81018649961191613,0.80861916555357993,0.79918472251131334,0.80666408814732904,0.78947091627134114,0.7857365171538504,0.77485974457317752,0.76595341997636979,0.74585789521671586,0.73875125148259713,0.72157781490102479,0.69756151061466198,0.66227355346978811,0.6397244371685531,0.62340417132156745,0.56128070012124454,0.5354827793629795,0.4914897298307892,0.46214284580952381,0.41127065841635613,0.37528339402206257,0.31425834334891078,0.27601728663731251,0.21618894680769074
1.2405243970141853,0.19738357343147328,0.20254075250057468,0.19554554507738686,0.19626728252807624,0.18825403677584518,0.18820916989854908,0.17900039713131832,0.17327559254944447,0.16318791118308695,0.15900803551189568,0.14856778596444542,0.13195123886838545,0.11202398765678723,0.1013554779990784,0.095121614067052107,0.074910493771055187,0.062752083900306843,0.046170811886677043,0.03459538003073126,0.019349970280894802,0.010211249598091054,0.0017200558256501575,0.00053639268109917371,0.0066877331911277538
1.2856596832813181,0.21126438731189268,0.21374819496722353,0.20583015028962137,0.20300273702508065,0.20106251429530175,0.20230435062264007,0.1912071979840988,0.18187133577671943,0.17494364772042559,0.16476301971773921,0.15493329873087447,0.13810056721741404,0.12558786589451643,0.11545991063881544,0.10335701448403967,0.089327880782956726,0.076557840114553244,0.053947502357329924,0.044277325437688475,0.028817138258141028,0.019684394948370709,0.010882536964052392,0.010316940928632334,0.01516735514422507
1.3324371734997151,0.059422966835642299,0.059901931061622449,0.056301883680935916,0.055473531393268161,0.053938640569100471,0.052270510207685916,0.045825227576417049,0.044513773911065257,0.040221726901174648,0.034146764548175668,0.029437473807284675,0.022485878187190167,0.018786394584600075,0.01435625016381703,0.010321802454981821,0.0065284784132266793,0.0050248805697048482,0.0044180618848832509,0.005532344617119378,0.012410295340876232,0.020874914274180867,0.040427301457539144,0.064241563557114745,0.1031728177694653
1.3809166176796359,0.026537445643888269,0.02640702591672861,0.02313068260714024,0.025461410944484175,0.022282870612506667,0.021587111139090176,0.018496200265737617,0.017027114361398255,0.013752960150454463,0.01184913565722745,0.0087832602592865516,0.0053178045503035065,0.0035418852728903438,0.0016296276479068617,0.00078627963137956058,0.0019230005393500171,0.0026770094918409093,0.0086496470954866567,0.015636151583450442,0.029283228348648827,0.043865673014094497,0.069090642948049563,0.096794945882535899,0.14038152640546997
1.4311599397779586,0.0039900081198185333,0.0043551379649153787,0.0035247840869874203,0.003687893144999066,0.0032813149220745075,0.0029346325775319038,0.0028518988263082079,0.0029310013508903054,0.002567786821305873,0.0034676813555805097,0.0040494868118647886,0.0060535363649965035,0.0077785453246770331,0.01215585592613877,0.016401320890970794,0.026265189602025174,0.032143761402432247,0.048383954736982204,0.059437133675251275,0.085714708578020549,0.10954364073424472,0.14962463006641258,0.19388816503118989,0.25652167249715774
1.4832313167951348,0.0052630872589003452,0.0042560125893436052,0.0056732031607733546,0.0057215311812832681,0.0067714056898098285,0.0073282803267757934,0.0094832023386177688,0.010787033441953753,0.012589246822378719,0.016600163777708676,0.020627052358818343,0.025555774838152523,0.028878786049082894,0.041936646542239053,0.050951499681913148,0.065295039055332182,0.074714819251619602,0.09998832589669604,0.11353150805847889,0.14791804425070865,0.17693758114508285,0.23486404982833164,0.27783231112253759,0.34679517991291675
1.5371972607500117,0.02084249467212862,0.020111886334841955,0.021674774623842818,0.020864910511452006,0.024015145690576389,0.024198602552369497,0.02797796841897382,0.030360736315535597,0.035460281711260144,0.039220414715165575,0.04563870621935795,0.053845324700932728,0.060268648647738843,0.075480595375381654,0.086130547735345786,0.10471276265455742,0.11952929746139773,0.14846525939229593,0.16958653297662352,0.21188551444351589,0.24261386304190324,0.29295275402591869,0.34543260176720025,0.4257990957035247
1.5931267036372287,0.046890394888079889,0.046266932165949015,0.048438245838606342,0.048153416251413894,0.053204761458516714,0.052090715117592445,0.058710644769030651,0.062689051300489851,0.067855326803073268,0.073964051522864338,0.082843659309355999,0.092980247341694522,0.10252172867280152,0.11911611880319839,0.12869843443395368,0.15445945317011223,0.17503677897835246,0.2046820589184648,0.23032212674218044,0.27363338201610077,0.31106108862891801,0.37260522587538958,0.43238948294282409,0.50949780796230471
1.6510910854757086,0.080548489927608102,0.077169433946586707,0.082684091986584107,0.080899603804098774,0.086375179792105072,0.087633913417644038,0.09561361606096952,0.09938997342993261,0.10467672780776027,0.11540631710741422,0.12448320443512273,0.1368707817098489,0.14705130754170526,0.16802185175080098,0.18082243959761257,0.21006207574647107,0.22556519702302325,0.26028317520197675,0.28762945171993692,0.33539978312735741,0.37608417565178343,0.43859084270843596,0.50384314265616581,0.5882402332501897
1.711164445560706,0.11712513116316359,0.11446571709964815,0.11997667391791467,0.1178323054632493,0.12423439665577618,0.12743720907431566,0.13168374321278264,0.13935329235991389,0.14754600220055636,0.15742618562857302,0.16527490174415504,0.18087853510017027,0.19352990626345701,0.21725513727186296,0.2302893424464969,0.25947504254843068,0.27823403492649845,0.31918247095640595,0.3458235570012107,0.39615612237469122,0.44607882834154111,0.50904920184717639,0.56710036198842317,0.64544819620329008
1.7734235170359758,0.15785484454169563,0.15346052421778467,0.15869698674123356,0.15634154885758988,0.16569885100059878,0.16491254437706004,0.17428570367041374,0.18066023519864416,0.18899864042370496,0.19990156146329952,0.21197058956300907,0.22871503675446547,0.24182126123348269,0.26388503068571367,0.27816105557646154,0.3122253330826652,0.33115437540317316,0.37344066865284731,0.40356875491033861,0.45298416059213764,0.50146721260443883,0.56215148905880596,0.63140953274029243,0.710149918467323
1.8379478249068584,0.19783177834878529,0.19088153954501053,0.19856248805022858,0.19731444777124096,0.20246798011407918,0.20683690039258806,0.21539086261206819,0.21986341945319055,0.23098432903381649,0.2423279457548233,0.25524161557117964,0.27031229191882744,0.2849891719599924,0.30816379736694444,0.32739176743623943,0.35989151273668085,0.37760362986293217,0.42053898085868013,0.45127848009764193,0.50499464257597992,0.54924212755793178,0.60646032771336422,0.67336467612284423,0.75404902050297551
1.9048197876194761,0.233171970972748,0.22897101269258258,0.23428669140682246,0.23151659507564659,0.23958796065069521,0.24292627350352802,0.25156151457628084,0.25906374102258667,0.26993313210745384,0.2827298194034995,0.29200745892536872,0.31073936465600127,0.32474774388825267,0.3497652276016936,0.3662137175519149,0.39685202309337342,0.41786967164122757,0.46135702488822972,0.49064653262530555,0.54860188217747918,0.59192188143168778,0.64992681158622645,0.71123764875437701,0.7950226791657542
1.9741248223357917,0.26186839221092839,0.25654162926247182,0.26311170722500776,0.26101739898406606,0.26925415876102932,0.27058592288952354,0.28102632045921894,0.28812484876684152,0.2983233727389063,0.30930510350054874,0.32210280081156384,0.3417298812737215,0.35325187684540538,0.37793613522828196,0.39357649674525419,0.42782206644037046,0.45046014457233241,0.49348824503891819,0.52312368988003755,0.57393120565097888,0.61026387061366449,0.67131735926329839,0.73279985652141022,0.8075771628163011
2.0459514540389971,0.29411285922057573,0.28760350379255328,0.29246097676116278,0.2923774693663006,0.29933048514689631,0.30409327613122628,0.31332249291267544,0.31910714514094707,0.32762726893233207,0.3417209508458825,0.352948173339513,0.37116773402860304,0.38467686807840096,0.4087923546939578,0.42511240820385865,0.46068406747031077,0.47881557769562733,0.51959674857670279,0.54709429302653234,0.59650204566082721,0.63655995713520497,0.69651362851277554,0.75789738056903388,0.83282239831942206
2.120391428608599,0.31621699183367014,0.31047669535996647,0.3167567664654598,0.31328331652591146,0.32359791024015294,0.3268346080151332,0.33642229477177921,0.3423490515593528,0.35378886786196517,0.36442620574217699,0.37560979818434248,0.39264166186745797,0.40490225509353195,0.43195631623905228,0.44816034726204634,0.48077400529933811,0.49778906596844763,0.53949415955986524,0.56463343782576203,0.61597555937476045,0.65741273748255935,0.71225576125436874,0.76723917468348191,0.8360083678905994
2.1975398300096316,0.33925947027250913,0.33309248843900718,0.33802917569445867,0.33832073574416199,0.34443027736384124,0.34828709273187997,0.35804701184369492,0.36577948943326533,0.37270386526100197,0.38659514714265697,0.39600089148513007,0.41510773276189639,0.42690796723337598,0.45193773760280465,0.46698778768183047,0.49653707269891356,0.51523951695082815,0.55470745419205514,0.58168667306756561,0.62916779598356243,0.66449562962952768,0.71845883681987743,0.76887813400662708,0.82801119313899108
2.2774952017456838,0.35181013122078753,0.34814265502188846,0.35308353189398645,0.35092918660117789,0.35951658600288283,0.36156488477342918,0.37194990757245705,0.37694152603739894,0.38676452831867891,0.39739466402022572,0.41072422577275347,0.42597779750519749,0.43726417397869,0.46111793168915938,0.47452635430659029,0.50553638881132201,0.52519428183904893,0.56037722087910424,0.585292677127768,0.62788192314815205,0.66354855969643722,0.71368176897669855,0.76211848350556011,0.81965786572925481
2.3603596727308824,0.36389430581965598,0.35985611450252009,0.36598109742482166,0.36368093027550685,0.37215646569029559,0.37549866287258737,0.38171917892651663,0.38932223005798505,0.39629776085610047,0.41018131230401877,0.41839749379067825,0.43543670119129274,0.44620531570001276,0.46930001750166639,0.48305496481708587,0.51031283906581848,0.5292391731677526,0.56492353126930084,0.58740074907711914,0.62836351439204918,0.66260674339821435,0.70713117785294344,0.75722710994989484,0.80984241263911372
2.4462390877416023,0.37387840419063423,0.36904812261656161,0.37404620018145351,0.37449679694236693,0.38077893257423057,0.3824388736040305,0.39125458161873894,0.39611035058686639,0.40651511091647308,0.41599560067118091,0.42714472722184382,0.4410796626423803,0.45287824874714033,0.47489842182801567,0.48853606625743851,0.5137673341532718,0.53040755413019269,0.56277019963681596,0.58629889196481599,0.62438588866848477,0.65528677844088179,0.69886793805574143,0.74299211174809443,0.79277000637011952
2.5352431426145392,0.37653130354669884,0.37413484177324108,0.38030816804609913,0.3781920873340141,0.38487786005094904,0.38746889068772816,0.39520347157275637,0.4021256509075215,0.40843680753960143,0.41987370488033093,0.42750042143705969,0.44455722950482368,0.45340513813658845,0.47479458829741361,0.48503377328722763,0.51004129615773763,0.52793995466356591,0.55715380675690085,0.57972538909723426,0.61544684535897431,0.64330428386665517,0.68402392607265483,0.72380028978523114,0.7699267417210649
2.6274855243638315,0.37855318080357847,0.37539046351491834,0.38130676769816318,0.38015383347624265,0.38585337738044245,0.38873376450237629,0.39615471949809944,0.40065503520827406,0.40811683456831815,0.41790027893091519,0.42773259770177674,0.44122859381337776,0.4503565690575897,0.46822891913313924,0.4822303592990238,0.5031815096255059,0.52070300466084518,0.54918426029189504,0.56607461190333197,0.60102792320208209,0.62713153160632373,0.66437680890840056,0.7036656234330394,0.74402378920206047
2.7230840563962109,0.37898541388653939,0.37510772025808592,0.37912234377495224,0.37927024922470309,0.38510034355368816,0.38583640995267388,0.39267998388550041,0.39905284286010101,0.40580978363459508,0.41442506685046965,0.42227373875311969,0.43680477012776464,0.44460511245563339,0.46144625404599537,0.47419996496864769,0.49613483608470688,0.50752649000708061,0.53546867408454091,0.55262026954642351,0.58208618041714999,0.61105458580584582,0.6418548114039595,0.6796724062381827,0.71642742903088674
2.8221608490096681,0.37607977279066063,0.37300539133769917,0.37697854115617702,0.3758702850964255,0.38183346421470787,0.38410477612615068,0.38946794883099756,0.39469086798584385,0.40201889704655969,0.41005625407854041,0.41701341243316392,0.42926565071928735,0.4388307796175468,0.4545872779643787,0.46448102127067159,0.4853472054227268,0.49733061906806597,0.52176603982070446,0.54078238472050089,0.56621990289511359,0.59128587747159145,0.62089369729415012,0.65415675714734789,0.69104047371195065
2.924842455367862,0.36752014129803001,0.36511224753365923,0.36969583977190723,0.36872378408332906,0.37388197567690895,0.37582967342632401,0.38137774908602751,0.38587503592839312,0.39223529055652762,0.40044888659775779,0.40637518949631612,0.41923467411629645,0.4263863955565057,0.44096393072970841,0.45120658790915513,0.46914101336403746,0.48222502407031698,0.50369325257827313,0.51980274841082519,0.54553360689942565,0.5667447676539723,0.59663713705435839,0.62619492644751062,0.65843946974712253
3.031260033149513,0.360220311832677,0.35825253191768525,0.36242651637485324,0.36192203467970785,0.36627342314011457,0.36814352975505926,0.37384475754828372,0.3779362312133685,0.38284563140172168,0.39130315149282069,0.3979731670845581,0.40741079276767778,0.41513967522087114,0.42958034040987059,0.43716032237932723,0.45578515785416585,0.46670013799916887,0.48618370018266432,0.50133252655575689,0.5253746566843347,0.54493284260274777,0.57199549756342094,0.59937849800564891,0.6270146112956354
3.1415495120792514,0.3506182795655377,0.34802840922344558,0.3509146032862418,0.35070075421862157,0.35579368996837957,0.35727726847670738,0.36144526543665734,0.36590211412425333,0.3715629398893725,0.37787958366550356,0.38374491072812589,0.39416712135005127,0.39968993380625761,0.41379215892550292,0.42173905126594491,0.43617518804126121,0.44743111654895529,0.4653757391607769,0.4806053645471593,0.50025716604159243,0.52048629446414907,0.5415200963470852,0.56915968157647967,0.59461951016032799
3.2558517675539145,0.33866905685943038,0.33673562055588491,0.33983920055374028,0.33942246833873924,0.34306451402295579,0.34466865481556397,0.34966643619640081,0.35333694608209498,0.35795801012488937,0.36442803984186867,0.36922292803450318,0.37882368222471996,0.38539475992286043,0.3961872076306463,0.40418426191013168,0.41863591896947128,0.42786625233725317,0.44550714422121018,0.45769500267647345,0.47597919039299086,0.49432167014367678,0.51570457286470628,0.53861769330978859,0.56356848097789225
3.3743128005860736,0.32603775967231741,0.32466940859347915,0.32795811161872734,0.32690361943758717,0.330246190740354,0.33217938180808915,0.33626229036451605,0.33982995517413883,0.34399359331700907,0.35006418022214802,0.35522422205229987,0.36303522450839409,0.36834684353959801,0.37953967937471589,0.3859475412231177,0.40006340918591832,0.40840120316977391,0.42336525093378441,0.43539278959792682,0.4531860702549011,0.46843299918998582,0.48886624049964666,0.50809758129923921,0.53134999542089645
3.4970839242946243,0.3140153865745674,0.3117086131716178,0.31392331815902708,0.31437188870859245,0.31788527133653588,0.31839762653748949,0.32215154208910235,0.32570386080021763,0.32998897640521818,0.33539402136602803,0.33916926641717282,0.34713189069350392,0.35191687921735593,0.36243893372397906,0.36859770441594719,0.37995860365526823,0.3883800891788951,0.40245719796087087,0.41328006247749727,0.42880196349278776,0.44358659128170075,0.45993691756041244,0.48102750500083857,0.49933037074708864
3.6243219571806642,0.29998966165896945,0.29869002500163333,0.30130192111209908,0.3006269787350675,0.3037118331117199,0.3053783110261179,0.30823561956009371,0.31149069311896938,0.31526775005056606,0.32008326207721893,0.32406407977219942,0.33108074040990232,0.33610445198689831,0.34436851682596625,0.35047793440821806,0.36157541942463922,0.36938204018667875,0.38161785761371902,0.39173180138686803,0.40497141965090577,0.41942685113099287,0.43462611975917298,0.45244804731350996,0.46966141350958424
3.7561894234355293,0.28520004250674447,0.28412563562966398,0.28638974592269051,0.28586758454292749,0.28855329479182501,0.28984081141464912,0.2931650686052194,0.29530040866052332,0.29867137360162133,0.30377149797652692,0.30737077417245473,0.3133862376019465,0.31729768514446732,0.32626515759693575,0.33126928119077093,0.34157356254570459,0.34780028015359221,0.35931304015070964,0.36812392671595262,0.3816054789658665,0.39313711171428167,0.40724063538789324,0.42332688570888877,0.43882580830472762
3.8928547605368364,0.27178767276274129,0.27019239405751705,0.27201718813950038,0.27219957367566394,0.27452588008361545,0.27551935824169504,0.27786590391690424,0.28102733215621356,0.28392206384489782,0.28803245557628543,0.29116791868642622,0.29736515509449646,0.30105838541891217,0.30843950634107387,0.31331531803499502,0.32217216595961418,0.32834352337789596,0.33907925288849583,0.34683352421575364,0.35820764519166914,0.36901387175714717,0.38233956978297101,0.39669187163804054,0.41155559874846404
4.0344925343977183,0.25621549698030321,0.25586402755067184,0.25771304084133817,0.25714865499872985,0.25928644881565788,0.26037759244184144,0.263295807440727,0.26516562190010973,0.26779172490728342,0.27163006291959846,0.27516725816821008,0.27999003072642381,0.28360414858718741,0.29000614153540027,0.29479627448802148,0.30290127923450427,0.30878384803173731,0.31697247867180067,0.32502912143371532,0.33538173252600245,0.34574535636818382,0.35727891834812908,0.36990226410284777,0.38290349628084641
4.1812836623440468,0.24252172013490281,0.24109632837257777,0.24257043314702287,0.24268290460258868,0.24482235675367292,0.24572517401873029,0.24739549847686249,0.25006262943412594,0.2525446077299307,0.25590408832988487,0.25835180654979695,0.26358807623694247,0.26632008476332203,0.27282416675245713,0.27674971290548456,0.2837600689035753,0.2887440769532077,0.2973323792277256,0.30439615383994578,0.3132084068620884,0.3228738505227966,0.33213600612714345,0.34492143233808292,0.35642198367236233
4.3334156442044778,0.22765677934853557,0.22735594219642508,0.22874471545583219,0.22859169951567537,0.23005674906494278,0.23108331057829901,0.23347568526361329,0.23499113649523906,0.23728838531678775,0.24044228373134047,0.24282109280954955,0.24735412638847265,0.25040228052466773,0.25548035848083828,0.25885867745046198,0.26623041466808672,0.27049071045422579,0.2778948357115496,0.28392409161119758,0.29257017040958999,0.30076125248780272,0.3099332296650914,0.32101707865598428,0.3302213628728623
4.491082801808477,0.21427306629942677,0.21316448574162905,0.21433015147840706,0.21437947337301466,0.21623356967143081,0.21677814526458405,0.21850154964454305,0.22042572942467586,0.22236133937599334,0.22527357205655107,0.22760806147874746,0.23113425380074659,0.23394864718056851,0.23883612905615337,0.24260792605809911,0.2479104509356489,0.25211149493389939,0.25901278346594836,0.26460089335222392,0.27250086247414629,0.27955424170130527,0.28754203609361184,0.29749990011049476,0.30687238313254284
4.6544865271982525,0.19996684752015881,0.19966715476647323,0.20078238683174732,0.20071936721836892,0.20181444457102771,0.20292167803478378,0.20437774401835895,0.2061300431073505,0.20771437522108727,0.21050702830058299,0.21220605064058873,0.21599875970906623,0.21844907031123739,0.22277726564647082,0.22532534115572389,0.23088349410193132,0.23527326564015993,0.24048417678073974,0.24598226051153915,0.25252691461554377,0.25890725553563243,0.26700031300185856,0.27557587414764839,0.28349325768596145
4.8238355398716433,0.18714722843094478,0.18632387211175683,0.18729032376086252,0.18726440053137594,0.18884631865023493,0.18918100989452569,0.19078686260098721,0.19204653726126253,0.19391342287019597,0.19599076097529178,0.1981394049055325,0.20114273283536477,0.20290303452918579,0.20732098208088701,0.21004092172626088,0.21477114132670749,0.21786137377694104,0.22330975094138239,0.22836225612360295,0.23390760574977776,0.2404465314093045,0.24663711395550081,0.2541531977654472,0.2623181157689487
4.9993461533845398,0.17404452495480882,0.17385444742245681,0.17472214038883749,0.17477185178023547,0.17552011445252447,0.17652745307373152,0.17766326642191643,0.17912399771120135,0.18035104108429323,0.18264082965202988,0.18407188419280374,0.18687003113080891,0.18924469389963861,0.19255534564655363,0.19473990717148126,0.19905505346986274,0.20252477381490053,0.20732119563172091,0.21110871482096627,0.21659660227697941,0.22223421946063127,0.22767996205544705,0.23555460571162712,0.24192785469767841
5.1812425516533773,0.16228252161619139,0.16152835443426738,0.16225653239104076,0.16228623030366407,0.16360691175941611,0.16392693081996867,0.16499605064666412,0.16627220523395181,0.16758199041260013,0.16952062037699989,0.17089683383539978,0.1735797919208153,0.17511883893581626,0.17814359660781065,0.18101909763072399,0.18442892457545668,0.18709070039318476,0.19143393809815734,0.19526676947958777,0.20024610407313048,0.20503641619757218,0.21010916038062533,0.21672564472686418,0.22224599795947597
5.369757075310627,0.15021060020853838,0.15023578514743008,0.15096993236659273,0.15095873203458154,0.15148797573758088,0.15217091107248848,0.15348634029436425,0.15433291812229299,0.15552748330421196,0.15708359618579948,0.15858861415412662,0.16082630383041874,0.16234260417462565,0.16549604537965479,0.16710468485302954,0.17031983157801278,0.17344793713289164,0.17719836212614837,0.18024123336738285,0.18461426567728267,0.18905084394634741,0.19374791631372545,0.19986425678581554,0.20482400792741373
5.5651305184790614,0.13964426534823815,0.13891201019774257,0.13940749142909681,0.13951151618664426,0.1405634520779131,0.14106492509534974,0.1414651877653057,0.14275044571039075,0.1438461969392506,0.14541670873757084,0.14644870372077889,0.14844969277586983,0.1500008695531676,0.15254883775517669,0.15416873763709305,0.15762314972914737,0.15962576804767536,0.16266368599721659,0.16630649951201804,0.17008900842074581,0.17379026753417293,0.17806460885935849,0.18338023050591801,0.18756734645683082
5.767612436343863,0.12850894410547653,0.12866129755579436,0.12925182468393359,0.12923255206968065,0.12968870961319112,0.13003281666641442,0.13135150393230788,0.13211511227930828,0.13275420978516195,0.13411389690992337,0.13537230968231029,0.13725624466292174,0.13850759946328139,0.14051439469972138,0.14242369215344297,0.14501772869621732,0.14698069750912168,0.15032489499571966,0.15320105975661136,0.15582482083232208,0.15986574087222039,0.16393384783373222,0.16819955263741804,0.17226121406449124
5.9774614639154509,0.11914863722603286,0.11863247552287248,0.11897084547177883,0.11912565163751765,0.11983034620172361,0.12041405693901197,0.1207227984784538,0.12147751143049845,0.1226158076694901,0.12396326230438603,0.12459430636377533,0.12622606324387675,0.12741353716805293,0.12963135908830736,0.1311406472854344,0.13316739696236368,0.13527163355621497,0.13805536182533729,0.14030357203142785,0.14336860488123193,0.14718324559297002,0.1498247641151238,0.15366369954892889,0.15814003244858554
6.194945646390174,0.10941621155848225,0.10937078410267986,0.1097911343613589,0.10983566193976912,0.11031594819564816,0.11061910637869232,0.11133856753667715,0.11222082266684197,0.11280944219876687,0.1136413690491338,0.11477377453115878,0.11641876828201703,0.117256173224348,0.11898821962702755,0.12018959843058497,0.12253315608813864,0.12445560317058835,0.12659322958043617,0.12860019362184971,0.13160978890741148,0.13444615572390717,0.13711506917894667,0.14127820054011409,0.14476184056366037
6.4203427815308789,0.10067121835760418,0.1006307340532544,0.10101206007450969,0.10102338091522256,0.10148152452606496,0.10177116714950785,0.10242076481895879,0.10309140598855038,0.10356711907473937,0.10478539011617727,0.1055339900123613,0.10654982931916379,0.1076613438683296,0.10937510298253983,0.11060242898679462,0.11231711819064572,0.113781490695402,0.11587538227811933,0.11820743099784181,0.12061813583045478,0.12288329036243795,0.12547344592044851,0.12909537479708888,0.13192749239448176
6.6539407745046546,0.092816433744985716,0.092434323627600179,0.092584647400627773,0.092799099559897513,0.093224336533580754,0.093681115488408295,0.094083899716167707,0.094362495282950931,0.095233775702467938,0.096216106046938421,0.096675194424932442,0.097934637442278927,0.09883576092875046,0.10012732239647448,0.1011479902297765,0.10302365587725149,0.10446407942072256,0.10617200287063611,0.10800400251775955,0.10997329694868085,0.11246706690758401,0.1149338419309629,0.11797352276136053,0.12024858000918925
6.8960380056310022,0.084612676546072407,0.084776599061484603,0.085214305192806705,0.085102389085847108,0.085401501216836095,0.085574853453337596,0.086065778300707052,0.086928718842131047,0.087317954142065446,0.087756347081409558,0.088453053093019207,0.089745927340118214,0.090522144339928445,0.091562871511683852,0.092632780495790712,0.094150573974502549,0.09522264264640512,0.097021818482176059,0.098796077270577598,0.10057884312175247,0.10255069015232721,0.1045654587985041,0.10738515623981471,0.10967993148733512
7.146943711510179,0.077893739426812658,0.077667067681943536,0.077764878927837344,0.077905810604434578,0.07826058419409776,0.078557903386254679,0.078948868924314297,0.079282356484654315,0.079717197456005806,0.080567291983598466,0.081292580751309629,0.082019070929575832,0.082382394769098255,0.083764828790577894,0.084929747632330077,0.08600675430506044,0.08702439037362808,0.088547834312947771,0.090093145514387629,0.091623634366726492,0.093565929226514299,0.095600563000289185,0.097881721281396494,0.099691949891763443
7.4069783800185238,0.0711574679645679,0.070985525682772277,0.071066490920614456,0.071239688255118949,0.071527838278811373,0.071744449402288524,0.072134004096341187,0.072468081526920969,0.07282427920593193,0.073646938481729762,0.074048807853017706,0.074698434129018665,0.075555764126789882,0.07663763769734544,0.077126482096986138,0.078172619937390664,0.079456468272454117,0.080959333322752514,0.082095773520009629,0.083255224261648664,0.085174149200426541,0.086901734540703046,0.088915279125018287,0.090701359903206935
7.6764741596753083,0.064625950081321548,0.064825005821859349,0.065209089193260183,0.065114592091362056,0.065236395198439823,0.065459818528680103,0.065693599491737587,0.066231972802370365,0.066784704419347918,0.067088451037065511,0.067314822093422322,0.068252628836816598,0.068990178735660379,0.069758946649145059,0.070300560015397195,0.071390330097528931,0.072519402789367859,0.073501465072723704,0.074469877119867078,0.076017618008904719,0.077774263969232038,0.078949142365061675,0.080584966700726568,0.082324351289784659
7.955775283904007,0.059372625883909791,0.059187047853413333,0.059175353710529066,0.059320263435026277,0.059601018053868415,0.059824009650668586,0.060104806502152996,0.060352894564019266,0.060567410188355097,0.061132749914719398,0.061695808579429467,0.062387672658189786,0.062713413536982898,0.063248873913181569,0.064035118381951861,0.065311868077870372,0.066017971521588947,0.066683824143979109,0.067837598265569454,0.069199986930954083,0.070547272084311885,0.071574895066675026,0.073271457172353394,0.075101454690667424
8.245238510729914,0.054010232082632115,0.053905630975293661,0.053919875705872755,0.054050138793215297,0.054288059486751195,0.054431636977682274,0.054666196785092325,0.055006298946409515,0.055204609059629206,0.055631917254331142,0.056125173704600684,0.056649623080986089,0.056929292447932767,0.057741455491864713,0.058507477133545649,0.059118438527050898,0.059643286111025873,0.060653579849798689,0.061894037188551465,0.062943441258241251,0.06384345069730557,0.064719921400737235,0.066596946090228926,0.068186356326165765
8.5452335784757096,0.048842925618970412,0.048994982977305312,0.049307840938141112,0.049278559804548649,0.049276729009733344,0.049456575371664258,0.049664360597972745,0.049946338005398161,0.050329869083370227,0.050785418743899413,0.05089990855263693,0.051262398468949755,0.051817620555581811,0.052607197920323756,0.053090824746490739,0.053619671592770146,0.054202248974036138,0.055146678256477344,0.056169724780104957,0.056857986667495197,0.057742832677078582,0.058973551279649428,0.060610254632436522,0.061548976434721681
8.8561436780371032,0.044614121314317856,0.044537335191890293,0.044569028104312736,0.044637519334052911,0.044806756162707018,0.044973127798542123,0.045169733212112817,0.045389543034666247,0.045552963007416736,0.045901535353273459,0.046243211514926941,0.046719286703975627,0.047100080240937814,0.047609086686328794,0.047926575019452855,0.048490495133052036,0.049325207551923711,0.050194502478035474,0.050742349403492426,0.051259620788371763,0.052336380716056397,0.053467305865723347,0.054756567320765726,0.055550581850326353
9.178365942341749,0.040593967279981769,0.04046873986165167,0.040365195962905887,0.040459550907300468,0.040710441796612429,0.040855765338370986,0.040956286881645099,0.041187703140614929,0.041386309552429168,0.041608157691207737,0.041860957234696627,0.042406015507495454,0.042765182357776155,0.043077821651181125,0.043421586340016916,0.044100189460571926,0.044710914957974524,0.0452407739095122,0.04582851011069522,0.046534264678022907,0.047558256412536082,0.048433867659767316,0.049339679918439572,0.049971091730476758
9.5123119536166563,0.036526516607800374,0.036610865393043923,0.036802864299879445,0.036845710180955393,0.036845528592813537,0.036921184273801089,0.037084838390811115,0.037302706126659757,0.037511459878274422,0.037834137828973269,0.038041277020624875,0.038296035012848506,0.038531861634751863,0.039004481073320107,0.039465250625170256,0.04000375284261537,0.040451133518224935,0.040840266363943556,0.041354590871861774,0.04211315346159239,0.043104503867546384,0.0437262809262009,0.044454706310929737,0.045213405653100835
9.8584082691120543,0.033117114258487845,0.033173818976564462,0.033314660342320224,0.033356987911822955,0.033357432077870897,0.033439708694778858,0.033610811538764551,0.033808289765815402,0.033927543191929033,0.034171214698112351,0.034423628169243159,0.034723695854701475,0.034906877407230752,0.035260489422974217,0.035689649902423071,0.036139565049367661,0.036464840100840945,0.036904359224465111,0.037565872107592213,0.038178950416522639,0.038790150379341526,0.039274620425743478,0.040103130437898926,0.040908954183485946
10.217096965953182,0.030169719074599755,0.030082806166248588,0.02998344450869439,0.030011304674047778,0.030194185738089629,0.030364484137678005,0.030435854532854023,0.030559531724108524,0.030687031223543215,0.030879626060162479,0.031030070053859049,0.031332727587248144,0.031652983701363269,0.031996400947321035,0.03221635217310137,0.032516301159276395,0.032890991265517755,0.033362733591523863,0.03392809686649656,0.034457902097770443,0.035010619648424779,0.035411319160417065,0.036153260185173508,0.036922976961221821
10.588836205816014,0.027200797531506282,0.027172755293840112,0.027151685533148395,0.027190238946630529,0.02729751949891579,0.027424201931225411,0.027491889278500992,0.027590475148898008,0.027727671519762964,0.027960315578916095,0.028105010574712708,0.02829544839114817,0.028502372067471526,0.028843516223112431,0.02912238177678006,0.029407483510389909,0.029722228138922446,0.030147931398950334,0.030625145938870446,0.030969852748455651,0.031456312499550165,0.031970899938706054,0.032745017994443515,0.033327616081265887
10.974100820148156,0.024393705353730866,0.024465166958506757,0.024622459072222824,0.024693955223554553,0.024663190406059243,0.024662253438126669,0.024746430095397898,0.024918830699004246,0.02505598273307541,0.02522741475668866,0.02537639567431782,0.025591325452225533,0.025739005379790569,0.025943951306405921,0.026179108570058673,0.026531035163550598,0.026885401079095317,0.027202742575987315,0.027554764150085731,0.027883861852188829,0.028351445305741407,0.028776461387217012,0.029444775992519823,0.029991237349687339
11.37338291668245,0.022063054959776451,0.022084317648101148,0.022160578836583511,0.022211947644365182,0.022221358739052732,0.02225446273984133,0.022333738699447991,0.0224852038573502,0.022594489710865417,0.022713693985480177,0.02280878087566407,0.023017896889029998,0.023226979538435444,0.023445625060830366,0.023612291881843106,0.023845650012827235,0.024147913862275772,0.024469793898479253,0.024799971026034484,0.025088723512439515,0.025537993007198168,0.025950885430578552,0.026483850947119691,0.026860569755598362
11.78719250801797,0.020023663962525973,0.019976271224795283,0.019896399638618334,0.019887819906514892,0.019984874065048785,0.020123439223613815,0.020212240732089271,0.020275910359668359,0.020323138521170847,0.02044129257791738,0.020549955005623843,0.020721444091098107,0.020877779171545541,0.021102760343765681,0.021314224895380818,0.021522189999199526,0.021717191644473388,0.021949195647923858,0.022278486328350056,0.022590968915626064,0.022987555544073501,0.023315207360237622,0.023798799536471904,0.024184622366654196
12.216058163071356,0.018001626681645178,0.01797953330805413,0.017935344002872,0.01793860145899373,0.018007214366207336,0.018118921152787237,0.018189609321407119,0.018242887254054097,0.018277557386827681,0.018397794165327497,0.01853648151459808,0.018698428836483316,0.018806442979155236,0.018941950208365199,0.019110739235671304,0.019349243069985533,0.019592625212855097,0.019798507602303062,0.020034405888193163,0.020277889552268391,0.020641456336569775,0.020942322583465511,0.021357161006527292,0.021692846043531944
12.660527682230573,0.016074218056509437,0.016108093881971541,0.016189857395843887,0.016251254727876585,0.016263265855549491,0.016266812275748777,0.016279792274978888,0.016361855223188115,0.016451862496307257,0.016586276209441309,0.016683315905790863,0.016811830538404848,0.016914277271418143,0.017040172683984167,0.017168338478487755,0.01734373567418146,0.017568912117567947,0.01779813622849602,0.018049262786195897,0.018238774852580519,0.018511574108714512,0.018766199570073638,0.019162456453042154,0.019476503367357623
13.12116879707348,0.014436531502429517,0.014469764788252348,0.014551595365162484,0.014616965547192606,0.014624419517815568,0.01461145934164243,0.014611142048810422,0.014689025587609095,0.014798007580127504,0.014919200712462555,0.014989282559296768,0.015066376961112127,0.01515306962031282,0.015304608763969441,0.015459580516534288,0.015615505358315573,0.015766712113940429,0.015918610007197742,0.016141500918759988,0.016360278560728858,0.016639950179932583,0.016868815247409685,0.017187611136339598,0.017452767929889035
13.598569895544994,0.013056828908391438,0.013054955580502181,0.013039743392399217,0.013048525982398473,0.013070347397285076,0.013123770111798549,0.013178756097145694,0.013253007174171216,0.013304023929832098,0.013374942523652678,0.013428748598087736,0.013509021549566569,0.013594895429273279,0.013729853119002655,0.013883707301959092,0.014039704218856031,0.01418234391417883,0.014290780992771701,0.014449305797638701,0.014619709501912936,0.014899426276318906,0.015138457012847439,0.015441705922533799,0.015646686659625431
14.09334077351912,0.011771125376261793,0.011750963664416858,0.011692837558758384,0.011667823909029096,0.011689817294652016,0.011777534087377362,0.011861906313239245,0.011934622510713311,0.011951523736129843,0.011978723863016683,0.012014772393328599,0.012112741203125665,0.012220621687465183,0.012344036509047029,0.012447201303185551,0.01255714643173178,0.012689598770059263,0.01281911794094448,0.012988876691975904,0.013135124975644175,0.013350196478317145,0.013533334598935909,0.0138001250328319,0.013997813516358093
14.606113413705872,0.010512134470765488,0.010508722990495656,0.010497400567603066,0.010503934232364287,0.01052169890414234,0.010571561589669543,0.010619170446007686,0.010668758761759989,0.010695437195389346,0.010733797070182405,0.010782684755499261,0.010873307469635662,0.010975422186390915,0.011078687103465157,0.01116146031059273,0.011230595541775301,0.011327975497088971,0.011446837668827925,0.011634161297596535,0.011802764114538178,0.012005749094450735,0.012134923544079967,0.012317466528939391,0.012471970740412175
15.137542792897909,0.0093536082995733238,0.0093754005930115625,0.0094196999715823182,0.0094707025104803222,0.0094920898040484758,0.0094989862824395033,0.009490477903369765,0.0095073869561979052,0.0095417875213659187,0.0096156566258915888,0.0096903244759740659,0.0097767027984652088,0.0098423555635989146,0.0099116844893458733,0.0099802520378542425,0.010053549098005377,0.010148060810958981,0.010254581783511796,0.010404509997446354,0.010551102419299241,0.010735848404111792,0.01086605378922556,0.011035454334992423,0.011160765831366604
15.688307718588129,0.0083760431803518998,0.0083953251458979139,0.008439830790207381,0.0084903992016123198,0.0085115869588001658,0.0085141698941928468,0.0084975588134721391,0.0085082208109632518,0.0085413003217329475,0.0086172806223867582,0.0086920983995302237,0.0087686080777196196,0.0088158877337676245,0.0088568032975597788,0.0089088104140930824,0.0089855171815784729,0.0090980357802941114,0.0092115466948730074,0.0093429038258783237,0.0094400177898599225,0.0095691934965440595,0.0096723388051866976,0.0098405612407699294,0.0099905000343092354
16.259111696026753,0.0075451155429142602,0.0075489313079017961,0.0075501756932547792,0.0075638148094432367,0.0075713112344013567,0.0075930654905187467,0.007610659116711993,0.0076448089719320933,0.0076805055339690398,0.0077303291036505684,0.0077751491554618468,0.0078242976997939806,0.0078654040200039077,0.0079082647706014697,0.0079631358059168988,0.0080378629789814582,0.008143892539544062,0.0082516879276459676,0.0083705033913341609,0.0084518319127191432,0.008547571940640708,0.0086183423545360682,0.0087569203815869301,0.0089026138310517311
16.850683826825456,0.0067909796134184575,0.0067850262359305802,0.0067564406729880844,0.0067400717612331462,0.0067343307517520046,0.0067643448201604173,0.0068070287130037599,0.0068632426091053134,0.0069047644563964283,0.0069382791591481308,0.0069518056891721969,0.0069739139838036479,0.0070021508067474869,0.0070572992463944217,0.0071265863145111297,0.0072083335134118798,0.007297500063127238,0.0073756188311575599,0.007466840528992158,0.0075337284517482672,0.0076318101931409643,0.0077055119645503822,0.0078383840835254404,0.0079587161838867715
17.463779740256346,0.0060714832041810496,0.0060666411255159147,0.0060431931738236244,0.0060290529979463159,0.0060252729566565577,0.0060500115613431049,0.0060884355900441278,0.0061399089002325269,0.0061763165129065101,0.0062027610407877631,0.0062118519825844487,0.0062281761530318391,0.006254349241308077,0.0063068939309545158,0.0063791094260743364,0.0064559383442244211,0.0065355038611834004,0.00659180059229314,0.0066555045439411487,0.0067045470099333926,0.0067923609235869264,0.006878326449786698,0.0070197044926167962,0.0071439175973395663
18.099182558435352,0.0053879553043287842,0.0053935224865400144,0.0053963905143650237,0.0054075352098186258,0.0054162483892854496,0.005435246800812088,0.0054504408767108714,0.005474561035001102,0.0054918198521001216,0.0055159204777615045,0.0055360643093180784,0.0055653101989578957,0.0056027221319814302,0.0056522193360484252,0.0057098705945231032,0.0057712946947114929,0.0058324231065478571,0.0058773354013306189,0.0059293237526922837,0.0059700064142642617,0.0060498531895074592,0.0061297347691251503,0.0062643923754661657,0.0063840700658337468
18.7577038966229,0.0047847177215416536,0.004795473707880582,0.0048164963206955846,0.0048465969716016133,0.0048678616497266347,0.0048850187051323601,0.0048827030459062115,0.0048845569084203788,0.004882413684076603,0.0048980839260162057,0.0049263164204980114,0.0049696152936489213,0.0050179394799991783,0.0050711917581933719,0.005116481196828282,0.0051554144727132822,0.0051959073892042795,0.0052257931709025485,0.0052788657768898517,0.0053246577074954615,0.0054067846776746364,0.0054811137926407127,0.0055966176364634634,0.0056928728366161252
19.440184899919522,0.004271565001490174,0.0042808545870967052,0.004300387812406381,0.00432995973816519,0.0043486769823402049,0.0043646511657082776,0.0043620750832653599,0.0043595357635970444,0.0043562615843755204,0.0043689248783373991,0.0043941781993637186,0.0044379159677867541,0.0044850916897538617,0.0045323508828869485,0.0045734186574764024,0.0045983009496954885,0.0046270179432181813,0.0046506526257106273,0.0046971753891722479,0.0047480580426713104,0.0048313896223608488,0.0049072049166554166,0.0050085189968744892,0.0050816067032601886
20.147497317680724,0.0038341967248349818,0.0038384304751790665,0.0038435477786920025,0.0038559136857863052,0.0038636280876493956,0.0038752275662092828,0.0038800006770256523,0.003888979266448267,0.0038963923393473543,0.0039145656550227947,0.003936205073361343,0.0039687376115269402,0.0040030103463082334,0.0040363940791605657,0.0040668878229039862,0.0040907883603473749,0.0041177410817971882,0.0041429475101324442,0.0041892240372378708,0.0042375525776860989,0.00431594576589589,0.0043843337786539927,0.0044727708899712226,0.0045364291005958179
20.88054461702329,0.0034452031136651406,0.0034439468037956722,0.0034366886452850132,0.0034320941739598432,0.003428211126564662,0.0034332542651975828,0.0034422199610122384,0.0034631565480469639,0.0034838753246901888,0.0035104827907708192,0.0035344639671288647,0.0035554817897129887,0.0035743058527435423,0.0035911165834483505,0.0036101443547300605,0.0036288099907033633,0.0036605517950878408,0.0036912799203769886,0.0037423124219717607,0.0037890324702778422,0.0038570566614120061,0.0039134332863648424,0.0039851282632810126,0.0040338920148315083
21.640263136845526,0.0030832332117554095,0.0030816983677368626,0.003069238330627666,0.0030587673247830516,0.0030493101367499165,0.0030515555859502719,0.0030605487127122188,0.0030845614893180162,0.0031096422016361203,0.003139669068641826,0.0031626689576942368,0.0031812579121481832,0.0031904847602808317,0.0031981165475780671,0.003208905554638708,0.0032242543984155603,0.003253778937006846,0.0032884322878454775,0.0033406970554570314,0.0033879113529451388,0.0034491481004232938,0.0034912337779107183,0.003547567304146515,0.0035818090117025747
22.427623283835395,0.00274219148177135,0.0027419810386364318,0.0027338807579475599,0.0027283572463865369,0.0027224181811433823,0.0027264801829902652,0.002732862437924144,0.0027519558902757701,0.0027721840654639784,0.0027957577117856403,0.0028141593927522024,0.0028299511963685298,0.0028402692800413298,0.0028475355732084928,0.0028584271578528941,0.0028726023320366778,0.0029006356876899453,0.0029331659991900239,0.0029800342855801354,0.0030220116328578683,0.0030751327451210564,0.0031105633822443579,0.0031543811444336711,0.0031808492273266431
23.243630771994255,0.0024282345904675928,0.0024300308142100047,0.0024300569352915247,0.0024345348580347981,0.0024363884114142476,0.0024447502097930673,0.0024509736413453886,0.0024629178272639329,0.0024722080391816892,0.0024857572266732131,0.0024959899385614825,0.0025079904178344492,0.0025188720512254736,0.0025307724087488825,0.0025477822716180043,0.0025666419478547198,0.0025945105300828608,0.0026227350940686289,0.0026623104315031121,0.0026942804796812325,0.0027354215307651142,0.0027638846736193212,0.0028008344003480623,0.0028237358261329337
24.089327907259467,0.0021487462784530731,0.002153575475418279,0.0021584698474199637,0.0021704376616591414,0.0021795693385844306,0.0021916718556920234,0.0021977146958604976,0.0022049203164480335,0.002206648638983788,0.0022107184983919392,0.0022131392846247433,0.0022197457709318691,0.0022308474019119284,0.0022463448979914702,0.0022679391043569641,0.0022910599478502824,0.0023214995805138638,0.0023469593990030901,0.0023789495595702981,0.0024024010355729875,0.0024326719264873287,0.0024512483963725629,0.0024821789763118662,0.0025034817018430022
24.965794918866774,0.0019087657531182689,0.0019127043738267346,0.0019193813395197434,0.0019333951559368234,0.0019448283034118052,0.0019572756543118075,0.0019640376725469366,0.001969242676779448,0.0019680761386797752,0.0019677050002688823,0.0019671369757292556,0.0019706337169769217,0.0019797040203883842,0.0019952514628798212,0.0020176043245385689,0.0020415678043690377,0.0020713174854589678,0.0020965900260272452,0.0021230643547069938,0.0021408184769733385,0.0021639855811494968,0.0021763694400356304,0.0022000926076428673,0.002218083703503515
25.874151339153041,0.001703492287963071,0.0017062385748958242,0.001711047727936732,0.0017216805949977765,0.0017301625872234716,0.0017402888381157222,0.0017455704705859887,0.0017505851310675169,0.0017510291815345802,0.0017515688121421125,0.0017521397857447329,0.0017566861796183275,0.0017645566621611319,0.0017779702957974042,0.0017977681688721159,0.0018184561881955386,0.0018438793795663155,0.0018650505432085129,0.0018890855577253785,0.001903526441029868,0.0019226624741444098,0.0019329929773501675,0.0019539427565298251,0.0019702823967748806
26.815557433561711,0.0015250769471519821,0.0015273257560457498,0.0015285236510933498,0.0015331497245330006,0.0015365045125490528,0.0015418651470320288,0.0015450360740691949,0.0015500975710294185,0.0015524091178513721,0.0015571038364612377,0.0015613627301311883,0.0015688230927157765,0.0015779009160532542,0.0015899440764222117,0.0016057255682677685,0.0016215418155813843,0.0016403348102209669,0.0016553907847711713,0.0016742262678060005,0.001686412638061352,0.0017036016614746519,0.0017143420083534089,0.001735013449827294,0.0017524030900810672
27.79121568267772,0.0013673357405313835,0.0013675112586778448,0.0013657577799617293,0.0013657837045926158,0.0013639665822255953,0.001365132598472929,0.0013663910197619922,0.001369954403578455,0.0013740657166528836,0.001381745307085458,0.001390222879712244,0.0014006965795759774,0.0014121963621259725,0.0014237773308065638,0.001436683971167585,0.0014471307996810623,0.0014604298908441615,0.0014696886210556759,0.0014826243082585178,0.0014912937647548752,0.001506485717804984,0.0015187935758543825,0.0015389617542282963,0.0015577539626837611
28.802372318184783,0.0012222803345698363,0.0012228608708003685,0.001219212763651778,0.0012166181514821073,0.0012119698216289665,0.0012107413076221096,0.0012095740126194521,0.0012126667925351775,0.0012169315641911149,0.0012259776635548114,0.0012363627806623034,0.0012481846508726191,0.0012608085367535882,0.0012725278474816637,0.0012842241510067076,0.0012921352583293855,0.0013009680146485181,0.0013063157843081763,0.0013150535161692289,0.001320325737982575,0.0013327425336987497,0.0013435823287687443,0.0013642361582676399,0.0013832964897348976
29.850318914707021,0.0010883082305112035,0.0010887123025224987,0.001085288795503403,0.001082521836391348,0.0010778893526475208,0.0010759562402328227,0.0010747216418464101,0.001077262920605393,0.0010812183795199104,0.0010896455511200109,0.0010992666606287615,0.0011106029105647508,0.0011223147271268719,0.0011329446434288348,0.0011436134955877808,0.001150171156379165,0.0011573504339759122,0.0011610913989754668,0.0011678679445840112,0.00117170453829607,0.0011821885416624101,0.0011913807411751964,0.0012101389414294061,0.0012286204948874779
30.936394039568196,0.00096509049344761788,0.00096558330849849661,0.00096323196701841862,0.00096200270181845404,0.00095904019903347848,0.00095851262460511233,0.00095823179075382736,0.00096079821047023728,0.00096423261178335551,0.00097060969778350881,0.00097838165402208688,0.0009874551922014474,0.00099692471357804013,0.0010053857986452863,0.0010141826182783475,0.0010203379957930414,0.0010268039021659181,0.0010305904516773046,0.0010371182359771858,0.0010413601810326245,0.0010513873603572588,0.0010599048143699052,0.001076511399846436,0.0010931768128265018
32.06198496257587,0.00085319831781938138,0.00085391065744933048,0.00085318203573181428,0.00085379152875486586,0.00085326707422428427,0.00085472884716264463,0.00085591548484920121,0.00085895737604524403,0.00086222294504645358,0.0008669966911796223,0.00087233470204084451,0.00087851360321977712,0.00088483548887829944,0.00089054595081827781,0.00089709565389650692,0.00090186480313336759,0.00090806166297097146,0.00091243877922497774,0.0009195939527816277,0.00092504120237701937,0.00093570923139807416,0.00094480803028529348,0.00096025151739898007,0.0009744112083636125
33.228529428014404,0.00075338686684450762,0.00075425534031869912,0.00075458017942070521,0.00075709527750922323,0.00075871717904579805,0.00076197992153076433,0.00076455448986428864,0.00076853162176782064,0.00077155955063296089,0.000775565343276996,0.0007785197911793218,0.000782147243914455,0.00078577904531834664,0.00078885012442941882,0.00079317070067091988,0.0007960607253424401,0.00080204375595865907,0.0008064187634522213,0.00081433592571478197,0.00082050473029199322,0.00083170582108582636,0.00084168927081429423,0.00085685192705059476,0.00086994933645334616
34.437517491110206,0.00066585230996057954,0.00066681899008774748,0.00066799090678909545,0.00067137364882746686,0.00067414038055374492,0.00067862309919602959,0.00068222158132064115,0.00068642033627652754,0.00068939611813406687,0.00069287686961555517,0.00069493918263197063,0.00069664705493821533,0.00069835607934426447,0.00069968003338671814,0.00070202164219740348,0.00070404072065727297,0.00070820087840189894,0.00071236418947429048,0.00072025985051932251,0.00072724166686949365,0.00073830086148074514,0.00074850126990105847,0.00076335825465706497,0.00077605933051055898
35.690493421315054,0.00058989891829996921,0.00059084884544502447,0.0005921550693040456,0.00059554147244272881,0.00059880447690141558,0.00060347026447604701,0.00060723081689689762,0.00061130364127653936,0.00061421815316364814,0.00061728995105003737,0.00061890309349832417,0.0006198244692217636,0.00062063452725358292,0.00062114335719570812,0.00062259343771958742,0.00062370496117780672,0.00062719265280802849,0.00063032503395682449,0.00063739792104355875,0.00064435357153680428,0.00065504809762062521,0.00066465195144510547,0.00067843383125060219,0.00069066045384813535
36.989057674838449,0.00052437539583632953,0.00052535311366291859,0.00052626068477884536,0.00052924855074976129,0.00053212061894947205,0.00053603475005370438,0.00053927156074573546,0.0005428995964176786,0.00054538950151528098,0.00054796957318109518,0.00054956661943572627,0.00055054760482220466,0.00055116605659721873,0.0005515517860716912,0.00055288192375652079,0.00055383108570922213,0.00055695455754434242,0.00055981589316711489,0.00056598879525893153,0.00057198636560923388,0.00058158286492016043,0.00059017575177688908,0.00060243081239497176,0.00061317231566609953
38.334868938948745,0.00046753070953570175,0.00046825422128782268,0.00046880023841738838,0.00047093803203274165,0.00047278764675801055,0.00047581263621299108,0.00047798591679110158,0.00048081494041563033,0.00048271262393168035,0.00048491409237683136,0.00048646844467875594,0.00048757193965620615,0.00048869106736304513,0.0004893708109329209,0.0004909694675744869,0.00049242284556844096,0.00049559216619765589,0.00049839286195918486,0.00050380772071068058,0.00050889294425998655,0.00051727084963665293,0.00052470906210172474,0.0005350062724568394,0.00054403150019538549
39.729646250654199,0.00041745122371703025,0.00041822720599524188,0.00041829836419773891,0.00041958900535701837,0.00042041144003371334,0.00042221334384953679,0.00042344262673446598,0.00042516771809253395,0.00042650032539975902,0.00042817244510531816,0.00042947922150132767,0.00043091686783142125,0.00043233965800995589,0.00043368737414067882,0.00043580857267036532,0.00043776184782681749,0.00044121425325310826,0.00044433530455242898,0.0004493558396865549,0.0004540738696027502,0.00046102145357096447,0.00046722928503406536,0.00047571271288587846,0.00048299793597395002
41.175171192470152,0.00037316732286452048,0.00037348899507144706,0.00037331893769984581,0.00037398271484667678,0.00037395789088565112,0.00037470102263914562,0.00037504262327353599,0.00037597228741789723,0.0003764495862877415,0.00037761335786445915,0.00037878396042698159,0.00038011697877135542,0.00038199008334127704,0.00038369266170384941,0.00038639799695247556,0.0003888619953829886,0.00039267846706009246,0.00039599202881582252,0.00040103762555313005,0.00040533474315393447,0.00041141427425042676,0.00041655105265714365,0.00042351687849725983,0.000429459764719059
42.673290168077123,0.00033337574509442747,0.00033359353146492077,0.00033308682279778457,0.0003331781208785467,0.00033257267632416654,0.0003326382145432405,0.000332267846492873,0.00033256509844101223,0.00033268696830660027,0.00033332164360350136,0.00033423969874313286,0.00033538568455990236,0.00033727336415501075,0.00033923809439884156,0.00034226546758284182,0.00034503805749039329,0.00034900417895539215,0.00035249089174455017,0.00035753564108773062,0.00036156506599280269,0.0003672439103743208,0.00037154583105555861,0.00037761221621687713,0.00038220313219727853
44.225916760776492,0.00029705034365681837,0.00029721673843061125,0.00029673417310577266,0.00029658882721536606,0.00029566704204372907,0.00029528518638546886,0.00029458097901760572,0.00029439782886633847,0.00029424266988184455,0.00029468983308872376,0.00029518939580908121,0.00029629724086652209,0.00029797704255901669,0.00030012590563463504,0.00030310932369922994,0.00030589807820757819,0.00030981231148155541,0.00031327951576454183,0.00031803631930849008,0.00032188593422916023,0.00032713847623394576,0.00033104693168317656,0.00033635838968346099,0.00034011444048190342
45.835034177756413,0.00026411730390599186,0.00026436813916158597,0.00026381470638914273,0.00026355843476269514,0.00026260945823877724,0.00026219848781000588,0.00026130571994900653,0.00026103401040973584,0.00026066939889583807,0.00026094571261180144,0.00026144020281745894,0.00026227071978150718,0.00026379027003128885,0.00026569394853445671,0.00026852837262703044,0.00027117081121286191,0.00027484646023129278,0.00027809238034301464,0.00028246311755786291,0.0002860168469227542,0.00029074032290540841,0.00029434048935839119,0.00029899050479831324,0.00030237786809725331
47.50269778328984,0.0002342792759051221,0.00023445526362761426,0.00023400086731903413,0.00023382464148434534,0.00023306462349559354,0.00023264179876718305,0.00023190533576186723,0.000231626332622345,0.00023134701735007257,0.00023161753799684492,0.0002320355765343951,0.00023287549063513713,0.00023411188894337243,0.00023572589025032398,0.00023817138678040861,0.00024058623041325888,0.00024378693237853133,0.00024669576730732001,0.00025051609057023805,0.0002536923705927091,0.00025781320286862031,0.00026101975036334213,0.00026516257365304108,0.00026823123597266574
49.231037724100673,0.00020726658942167575,0.00020746153271999912,0.00020708712235389948,0.00020704249885372672,0.00020650947675991682,0.00020626877957112544,0.00020577818340934695,0.00020567743281445228,0.00020556991428742621,0.00020585960996756525,0.0002063379720412678,0.00020713282555641366,0.0002082597137746528,0.00020959935119328754,0.00021164533281109454,0.00021365436327518139,0.00021641008172287868,0.00021886625089177769,0.00022212096405015147,0.00022478250663592048,0.00022828799046721582,0.00023101425999962066,0.00023460138590705726,0.00023731139486657393
51.022261650251231,0.00018304972295928035,0.00018326228389302368,0.0001829761096043131,0.00018308121869994864,0.00018275814842104443,0.00018277757389166538,0.00018256863656884725,0.00018270908736156555,0.0001828005293870727,0.00018321117195554959,0.00018373281435846156,0.00018454920072992487,0.00018556697053950799,0.00018678324638851662,0.00018846894629358235,0.00019008606046262699,0.00019233409355205733,0.00019432212125408688,0.0001969837713037409,0.00019916866896793617,0.00020204675384413728,0.00020430040225948021,0.00020728941992791128,0.00020960487673758743
52.878657535026633,0.0001614511083389697,0.00016167203048797485,0.000161473289999714,0.00016170930516015702,0.00016159774841634222,0.00016184472545772988,0.00016189946499897689,0.00016224751733631693,0.00016252138341520117,0.00016309858668783761,0.0001637211918306819,0.00016454909946887752,0.00016558023696695845,0.00016658227405118298,0.00016802094851819938,0.00016935197215561804,0.00017114567303225248,0.00017272388712522013,0.00017484643042854631,0.00017651897785643522,0.00017889797822652487,0.0001806163288954471,0.00018307918103463439,0.00018494018575072879
54.802596597418052,0.00014232805925146891,0.00014254674376974058,0.00014242431664347049,0.00014275559951619499,0.00014281598167584925,0.00014324525860283377,0.00014349049697594957,0.00014402962842784833,0.00014451380347935139,0.00014518286468251373,0.00014588387720397555,0.00014667523012691641,0.00014772171581622917,0.0001486373677887648,0.00014989779151854121,0.00015098457198718662,0.00015249323026426953,0.00015362341627109255,0.00015532297762839431,0.00015660275944155699,0.00015846630097830772,0.00015983186156783014,0.0001617542711883288,0.00016322432054483027
56.796536330937336,0.0001254925978424748,0.00012565451569659242,0.00012563827053283655,0.00012602436489882879,0.00012620598860837301,0.00012674858378052684,0.0001271395215490384,0.00012780258432882469,0.00012838314019665564,0.00012915983124522912,0.0001299141267904827,0.00013075524812798667,0.00013166945201488478,0.00013262856067976225,0.00013370642724450099,0.00013458352694589726,0.00013587603213746635,0.00013673791851592787,0.00013811196860422786,0.00013904183743148474,0.00014051205740855943,0.000141521515583512,0.00014308841314760595,0.0001441707550139254
58.863023642632825,0.00011072642195054938,0.00011091399937555868,0.00011095010147300216,0.00011130078505221935,0.0001115539552844283,0.00011214541776404657,0.00011266327031032863,0.00011334793235329155,0.00011399399598337884,0.00011477946893911906,0.00011557309635593788,0.00011640949126787148,0.000117286091652756,0.00011812022009519141,0.00011916158396619442,0.00011996665449377775,0.00012099546108772924,0.00012169070115231745,0.00012281005704115749,0.00012348094828981693,0.00012465208227895735,0.00012542090144548879,0.00012665525133365163,0.0001275230161244742
61.004698106314358,9.7825914398178004e-05,9.7989585430349746e-05,9.805564620131435e-05,9.8420669021083429e-05,9.8721516087814376e-05,9.9265224923192341e-05,9.9793466581767076e-05,0.00010047256937349008,0.00010115807033980045,0.00010193349555805836,0.00010269335514959815,0.000103505898997866,0.00010433626687757908,0.00010510843534809744,0.00010599406203000428,0.00010677237777268617,0.00010767291504154564,0.00010825049177558277,0.00010918890131410286,0.00010974757948884611,0.00011063762479432415,0.00011120923037023778,0.00011220138481628228,0.00011287869993932553
63.224295334144671,8.6602173717718889e-05,8.6702362638926833e-05,8.6761257948084203e-05,8.7107232227601195e-05,8.7391973015625568e-05,8.7917272002149827e-05,8.8424607428104485e-05,8.9065008155017611e-05,8.9707506528757808e-05,9.0445666120479717e-05,9.1158519864215082e-05,9.1904994210460778e-05,9.2662646086115463e-05,9.3375060767994511e-05,9.4186351170977289e-05,9.4816235054910603e-05,9.5639789932815134e-05,9.6172619510871693e-05,9.6979004852122686e-05,9.7462399166872715e-05,9.8194910790994072e-05,9.8632924978608871e-05,9.9450348643059794e-05,9.9977040571193332e-05
65.524650470901975,7.6746452552813732e-05,7.6871071073455338e-05,7.6928502717777542e-05,7.7198862875584029e-05,7.7450881341440542e-05,7.7916794704150499e-05,7.835215388390937e-05,7.8984568113834447e-05,7.9536643220946834e-05,8.0180721401371807e-05,8.0840788196315932e-05,8.1474855545680958e-05,8.2185504067695814e-05,8.2818124218987654e-05,8.3515403314714243e-05,8.4104056261490034e-05,8.4844967100150548e-05,8.5323891731877571e-05,8.6028028228848225e-05,8.6429043221432356e-05,8.7065887155728106e-05,8.7462508873044353e-05,8.8132773450193963e-05,8.8577185418822063e-05
67.908701815378791,6.8135676101113013e-05,6.822977952260223e-05,6.8257351061033061e-05,6.8527401662740045e-05,6.8730907849281347e-05,6.9143734334427276e-05,6.9498467140778619e-05,7.0020566131777373e-05,7.0490852679270383e-05,7.1075351761019923e-05,7.1640601626038469e-05,7.2201317915361607e-05,7.2822177892076234e-05,7.3333229996974669e-05,7.3968812095037695e-05,7.4470154429923802e-05,7.5104054115138902e-05,7.5560529695553602e-05,7.6192069589954559e-05,7.6537901368925465e-05,7.7154891317137569e-05,7.7461969593170532e-05,7.8064703138598646e-05,7.8460623197971341e-05
70.37949457354128,6.0573822494875557e-05,6.0649640060445043e-05,6.0671602232952732e-05,6.0897762077117418e-05,6.1053382113662041e-05,6.1386798461637165e-05,6.1679779991941075e-05,6.211596278158163e-05,6.2517581644556952e-05,6.2979423315390887e-05,6.3451245179094867e-05,6.3920514343732832e-05,6.4444780928912121e-05,6.4887614480771405e-05,6.5438062703877808e-05,6.5854781350096342e-05,6.6408270269099207e-05,6.6809012678126917e-05,6.7361942628137161e-05,6.7709617292618929e-05,6.8236308177531402e-05,6.8533135766407627e-05,6.910119852619398e-05,6.9458769811733129e-05
72.940184748243709,5.3906786161177223e-05,5.3987635815214846e-05,5.4015655769498738e-05,5.4168457110009838e-05,5.4301590321634979e-05,5.4548619341378279e-05,5.4786031308613065e-05,5.5124592098217823e-05,5.543161960889012e-05,5.5812623472636935e-05,5.6192455688327397e-05,5.6581539587298446e-05,5.7001799692906613e-05,5.7384487558757857e-05,5.7810862549405317e-05,5.8163285605594695e-05,5.8659104579521226e-05,5.8979701251491573e-05,5.9493193695650537e-05,5.9792845248329146e-05,6.0291533753479426e-05,6.0590279262830865e-05,6.1108994084881074e-05,6.1416463977108371e-05
75.594043170467017,4.8033210301997448e-05,4.8081275232363108e-05,4.8096582449218273e-05,4.8213479241960427e-05,4.8309932646824205e-05,4.8518861872261926e-05,4.8677839863283529e-05,4.8934140954928762e-05,4.9171702114294419e-05,4.9470896571271461e-05,4.9763930606468165e-05,5.0068798958594063e-05,5.0412439193667224e-05,5.0687495014387768e-05,5.1066598088019e-05,5.1352196721841242e-05,5.1756776881826255e-05,5.2049313425787253e-05,5.2476414627411483e-05,5.2740672112760317e-05,5.3207568890604323e-05,5.348579681128951e-05,5.3966171310718125e-05,5.4257860302307087e-05
78.344459677229182,4.2803418510522356e-05,4.2863490770900237e-05,4.2848468258967903e-05,4.2962645751234291e-05,4.3025009537799724e-05,4.3162057949854352e-05,4.3281551614905711e-05,4.3473855138689496e-05,4.3644082848522114e-05,4.3859411486962818e-05,4.4080727300329497e-05,4.4309919725834743e-05,4.456594614224256e-05,4.4799529087015399e-05,4.5097551407035502e-05,4.5327566696890323e-05,4.566592192802206e-05,4.588169728092506e-05,4.6247284566250033e-05,4.6504256959612605e-05,4.6899108400447892e-05,4.7176073978845087e-05,4.7579850455172282e-05,4.7887303757390698e-05
81.19494744150586,3.8149362042815341e-05,3.8200414101194693e-05,3.8206576692064592e-05,3.8271700532927985e-05,3.830842527415175e-05,3.8406176849997697e-05,3.8485226232324102e-05,3.8630566924897219e-05,3.8740702210124031e-05,3.8897290354993064e-05,3.9056630555854913e-05,3.922457817766116e-05,3.9422561530395861e-05,3.9592595367492905e-05,3.9832783764849958e-05,4.0007752687533718e-05,4.0284122115078272e-05,4.0442716078661553e-05,4.0768980934425755e-05,4.0964602036123315e-05,4.1335464676895903e-05,4.1561920996484661e-05,4.1932148763197674e-05,4.2231169375987407e-05
84.149147459689956,3.4028323809732683e-05,3.4056080482557441e-05,3.4044524606780327e-05,3.4092654718594767e-05,3.4109679207777743e-05,3.4194958390888763e-05,3.4229761869350797e-05,3.4328605895431186e-05,3.4395879338837421e-05,3.4505723669643953e-05,3.461820201561272e-05,3.4730948168486611e-05,3.4879048018092787e-05,3.5003053276470505e-05,3.5187951296840672e-05,3.5319520106918273e-05,3.5524965648684598e-05,3.5666651916611142e-05,3.5926384071465964e-05,3.6104034046998204e-05,3.6403065493748402e-05,3.6623946218616865e-05,3.694942364937219e-05,3.7205435682599597e-05
87.210833202324253,3.0318291408553202e-05,3.0342433314317629e-05,3.0326590480071747e-05,3.0362609992475725e-05,3.0365307031285024e-05,3.0425442044236875e-05,3.0438696885501382e-05,3.0506158346424103e-05,3.0541409633629349e-05,3.0615250605907016e-05,3.069076423224508e-05,3.0764597539241142e-05,3.0870445941300062e-05,3.0955443030118712e-05,3.1097791556949222e-05,3.1191972726630005e-05,3.1368576895637532e-05,3.1465456364470137e-05,3.168004243523162e-05,3.1825946550129158e-05,3.2081313484231405e-05,3.2252355558627654e-05,3.2570870458804857e-05,3.2782789846304977e-05
90.383915434045193,2.6973912518076307e-05,2.7020005429161456e-05,2.7001602088509713e-05,2.7038688028694843e-05,2.7022218948140678e-05,2.7063724025657918e-05,2.7059862602697021e-05,2.7106218504312565e-05,2.7131673893463285e-05,2.7165844317503934e-05,2.7213902704456214e-05,2.7264834011988745e-05,2.7332512895971925e-05,2.7387678503364848e-05,2.7492229961914583e-05,2.7560999768500016e-05,2.7699668655973425e-05,2.7788464215647637e-05,2.7948860242833426e-05,2.8055072008882284e-05,2.8271514673831183e-05,2.8426547286767787e-05,2.8686797514902197e-05,2.890177043039701e-05
93.672447208896912,2.4024878048072712e-05,2.4045061619362706e-05,2.4025500104600528e-05,2.4047726463602079e-05,2.4034518077403061e-05,2.4062759044964944e-05,2.4065206635509248e-05,2.4078823776836102e-05,2.4089083237235388e-05,2.4104197121112454e-05,2.4132779418711489e-05,2.4163179338210737e-05,2.4207188097049269e-05,2.4240596338397091e-05,2.4317928716421737e-05,2.4365554667136156e-05,2.4473976105343805e-05,2.4532319399128526e-05,2.4671327953487698e-05,2.4755035385783282e-05,2.4936968945962236e-05,2.5065569850947142e-05,2.5289350742532628e-05,2.5473939239429103e-05
97.080629047394183,2.1344989828251011e-05,2.1380764885641466e-05,2.1361082739763081e-05,2.1379893140720425e-05,2.1363396366736245e-05,2.1382479329946739e-05,2.136614896801857e-05,2.1381388554255615e-05,2.1381936055582876e-05,2.1384554819616625e-05,2.1400049941583399e-05,2.141647410890124e-05,2.1445952283423268e-05,2.1465443883786524e-05,2.1519492222316951e-05,2.1551567963837281e-05,2.1636542444501868e-05,2.1677846119106531e-05,2.1803747006781879e-05,2.1868999997604228e-05,2.2010193189772598e-05,2.211530673783442e-05,2.2306715639791065e-05,2.2454977392567799e-05
100.61281430194772,1.8963893922601185e-05,1.8983700506943445e-05,1.8965427245914122e-05,1.8992628383705107e-05,1.8974870544741056e-05,1.8987966091840031e-05,1.8970259355986438e-05,1.8980164061090272e-05,1.8974995863531123e-05,1.8966818450306261e-05,1.8974101261276868e-05,1.8981659906718192e-05,1.8999932950831619e-05,1.9009554719343763e-05,1.9053562395857093e-05,1.9072683197470137e-05,1.9138201309703423e-05,1.9167153518523036e-05,1.9271197030874647e-05,1.9322015017037529e-05,1.9449615016296946e-05,1.9540757214484873e-05,1.9689238608269245e-05,1.9815485580432918e-05
104.27351471750627,1.6832416083029621e-05,1.6849614106589569e-05,1.6831769846164385e-05,1.6845312295676873e-05,1.6828132077058473e-05,1.6845633113652357e-05,1.6831406838881298e-05,1.6837173844386384e-05,1.6821097423306598e-05,1.682444910529237e-05,1.6827136012911512e-05,1.6820587228101071e-05,1.6832578080012289e-05,1.6836321193713227e-05,1.6870387725151023e-05,1.6882151457196792e-05,1.6936901556732428e-05,1.6957882537652069e-05,1.7042549491133249e-05,1.7082529139731024e-05,1.7190152422141142e-05,1.7257913407501234e-05,1.7404388175577996e-05,1.7511808205914955e-05
108.06740619451595,1.4925922539528978e-05,1.4942369833775143e-05,1.4926225619947379e-05,1.4937564859310824e-05,1.4925048438778864e-05,1.4932337985938335e-05,1.4918388997820983e-05,1.4918444475385366e-05,1.4910377833588992e-05,1.491155912544586e-05,1.4903218490939021e-05,1.4903313321238017e-05,1.4916062069889394e-05,1.4917648856894138e-05,1.4941346405675932e-05,1.4946539985830412e-05,1.4991878893303411e-05,1.5014219626781865e-05,1.5080939896627323e-05,1.511274257193565e-05,1.5203900326382982e-05,1.5270201355834304e-05,1.5384083902881401e-05,1.547561131480437e-05
111.99933476156073,1.321727534127435e-05,1.32304744789335e-05,1.3218407327849138e-05,1.3237603319413236e-05,1.3222911305357365e-05,1.322910663845156e-05,1.321694106070628e-05,1.3219854336336562e-05,1.3212027407683187e-05,1.3207580692000884e-05,1.3207596056056398e-05,1.3199484493937787e-05,1.3210086966076312e-05,1.3207545545287653e-05,1.3230785524725487e-05,1.3235010794244734e-05,1.327732782989725e-05,1.328953586693599e-05,1.3347631155096861e-05,1.3373887844237049e-05,1.3459874949251459e-05,1.3507968292893625e-05,1.3610533145701036e-05,1.3694116141917123e-05
116.07432276531028,1.1698248177257481e-05,1.1713125595850127e-05,1.1700299793867153e-05,1.1709120781379628e-05,1.1702020472244713e-05,1.1707736547994594e-05,1.1696912687689156e-05,1.1702641862218911e-05,1.1696172613669727e-05,1.1692601860584153e-05,1.1693097263260066e-05,1.169279254522107e-05,1.1696504103928147e-05,1.1697164963391654e-05,1.1713530945424346e-05,1.171722353498876e-05,1.1754399298759093e-05,1.1764826998778965e-05,1.1815004679832566e-05,1.1844225595075177e-05,1.191242968040301e-05,1.1953516728160137e-05,1.204389649473803e-05,1.2114893777317049e-05
120.29757528568456,1.0342183523343214e-05,1.0352421609949574e-05,1.0345034883116506e-05,1.0353088725492503e-05,1.0342367743276359e-05,1.0354468091077363e-05,1.0345590792280694e-05,1.0351096494796552e-05,1.0346319763650941e-05,1.0347630272375917e-05,1.0346488900507805e-05,1.0347195937961563e-05,1.0356681222923551e-05,1.0351635606830646e-05,1.0369713462468014e-05,1.0373788033037415e-05,1.0405100336556561e-05,1.041549593761102e-05,1.0462852133757798e-05,1.048331949559311e-05,1.0543588039269199e-05,1.0581221991422165e-05,1.0665381984617528e-05,1.0724287611188054e-05
124.67448678442648,9.1369813589648775e-06,9.1496353779910687e-06,9.1398846684101649e-06,9.1474211253964217e-06,9.1384793176295387e-06,9.1502141172346632e-06,9.1432913669545202e-06,9.1470630372400726e-06,9.1469881198509399e-06,9.1493423750037446e-06,9.1483658081715699e-06,9.1503177612655209e-06,9.1561740607720536e-06,9.1588426271746286e-06,9.1776347784532954e-06,9.1829606325738618e-06,9.2106285398585626e-06,9.2209535495183133e-06,9.261012995658794e-06,9.2798381560546019e-06,9.3387202355246605e-06,9.3711123147917873e-06,9.4397913364980407e-06,9.4913995326555839e-06
129.21064799557803,8.0652436432399402e-06,8.0732826946683899e-06,8.0692078482449969e-06,8.0762622192034721e-06,8.0689822510183334e-06,8.0808302064094145e-06,8.0764372570878325e-06,8.0810794504592928e-06,8.0796679666227979e-06,8.0830891405077841e-06,8.0855643650040721e-06,8.0887676275659577e-06,8.0990106507364962e-06,8.1027480267740516e-06,8.1180010995931737e-06,8.1210002431434357e-06,8.1479249569756107e-06,8.1583784840980923e-06,8.1979947063200685e-06,8.2158707970713882e-06,8.2642286731854364e-06,8.2937612130838147e-06,8.3593789787870382e-06,8.4054993431613954e-06
133.91185306665858,7.1151544144985781e-06,7.1222699094880201e-06,7.1153781953385738e-06,7.1260622675336713e-06,7.1202475704116534e-06,7.1262064413877332e-06,7.1256708711893001e-06,7.1337793016682145e-06,7.1337946954369395e-06,7.1381263140877279e-06,7.1426824295815067e-06,7.1464545397289646e-06,7.1570930096681497e-06,7.16199723139457e-06,7.1794976701572075e-06,7.1817796424044397e-06,7.2069563551938748e-06,7.2177485211629214e-06,7.2520472478476879e-06,7.2695364944281617e-06,7.315304548499409e-06,7.3425578652342848e-06,7.3974222185720865e-06,7.4389367957857118e-06
138.78410695966824,6.2730594955016233e-06,6.2793581425196407e-06,6.2734904997480221e-06,6.2805445224067662e-06,6.2813992705804816e-06,6.2873278018433978e-06,6.2850551139457134e-06,6.2904403123405662e-06,6.2947225050711837e-06,6.299786052278147e-06,6.3051911109062494e-06,6.3101235136997415e-06,6.3181460637821117e-06,6.3223613604088385e-06,6.3395177784179683e-06,6.34732682822884e-06,6.3715076736622477e-06,6.3824002607514984e-06,6.4141059128220747e-06,6.4309980776133726e-06,6.4712347855443858e-06,6.4967745091928236e-06,6.5493262249561278e-06,6.5869499897392662e-06
143.83363312137053,5.5273062948640005e-06,5.5328896054374251e-06,5.5279114624655779e-06,5.5340340034881405e-06,5.5355551630618775e-06,5.5414253316973458e-06,5.540228617376174e-06,5.5458707025025315e-06,5.5508948033405805e-06,5.5564846446339803e-06,5.562510273657284e-06,5.5681591025901096e-06,5.5789111518471206e-06,5.5816653755787985e-06,5.5982499145548672e-06,5.6066065995997744e-06,5.6293815947146449e-06,5.6405519532629414e-06,5.6699117620127078e-06,5.6862300594723129e-06,5.7229717213757789e-06,5.7467754712374041e-06,5.7916297161132377e-06,5.8282366584712884e-06
149.06688143264944,4.8674079873621892e-06,4.8723512811052819e-06,4.8679741912066327e-06,4.8734495951426558e-06,4.8753855965534901e-06,4.8811190025640789e-06,4.8807684381794829e-06,4.8865260598651098e-06,4.8891573676884334e-06,4.8949286274003155e-06,4.9043032025822015e-06,4.9076754764520742e-06,4.9186038983053005e-06,4.9256219040027128e-06,4.9406327151558117e-06,4.949315424477305e-06,4.9707068816040069e-06,4.9821144302237066e-06,5.009444656695625e-06,5.0247840362560147e-06,5.0583661524025107e-06,5.0805698884588777e-06,5.1211559501168277e-06,5.1542105520771282e-06
154.49053644709775,4.2839832154888428e-06,4.2883716717371937e-06,4.2848108256570653e-06,4.289395684295102e-06,4.2874230504503109e-06,4.2970887416953103e-06,4.2973785383920412e-06,4.3031197614357836e-06,4.3062221099477663e-06,4.314807485248642e-06,4.321407137651773e-06,4.3277847819742565e-06,4.33828766480647e-06,4.3431234277212455e-06,4.3582016358818072e-06,4.3664098780140216e-06,4.3864138896316553e-06,4.3976449090927681e-06,4.4228651469582162e-06,4.4375714336846979e-06,4.4682495764819703e-06,4.4889318623372691e-06,4.5256726554860141e-06,4.5543563673966763e-06
160.1115259293569,3.7685763450758534e-06,3.7724664832073989e-06,3.7694571495807067e-06,3.7742317506813707e-06,3.7756735801323417e-06,3.7809370794367192e-06,3.7816916687909369e-06,3.7873062955907748e-06,3.7906937026874589e-06,3.7966092428967212e-06,3.8055950401552326e-06,3.812037847950641e-06,3.8221858822938288e-06,3.8293603061870197e-06,3.8440295468743051e-06,3.8498236054840479e-06,3.8684325568260486e-06,3.8793366652664467e-06,3.9025371437739764e-06,3.9168364111617608e-06,3.9445227985549641e-06,3.9637309946648127e-06,3.9969756758420193e-06,4.0231538880511992e-06
165.93702970411763,3.313593763943517e-06,3.317037863368442e-06,3.3144919646770337e-06,3.3214600822978118e-06,3.3201677662754968e-06,3.325123264479664e-06,3.3261940406933456e-06,3.3315919065386203e-06,3.3351111363251126e-06,3.3430389887379635e-06,3.3495001722399272e-06,3.3558486672887041e-06,3.3655216080034998e-06,3.3725985781872005e-06,3.3863682220043991e-06,3.3948326547153474e-06,3.4095608975751382e-06,3.4200113544324406e-06,3.4412742346282476e-06,3.454726875582576e-06,3.4799996204752876e-06,3.4977661692072717e-06,3.5278089851407263e-06,3.5516631352487194e-06
171.97448882708204,2.9122541344808088e-06,2.9153013335087453e-06,2.9131455597154353e-06,2.9194841626823754e-06,2.918858894163448e-06,2.9234707843600084e-06,2.9247522293929934e-06,2.9298776701783269e-06,2.9346983549616507e-06,2.9403354297307532e-06,2.9465429374820641e-06,2.9526762201218578e-06,2.9617866033589471e-06,2.9686319380073508e-06,2.9815054570851403e-06,2.9896183916441063e-06,3.0053945594684739e-06,3.0152587334364607e-06,3.0345998500702891e-06,3.0465535080472688e-06,3.068311329902239e-06,3.0846708279432021e-06,3.1117717628580252e-06,3.1334585295325927e-06
178.23161508960192,2.5585123006329575e-06,2.5633976004984464e-06,2.561550395725515e-06,2.5651188324122805e-06,2.5647329874318569e-06,2.5689911225366827e-06,2.5726040271382587e-06,2.5774140203626162e-06,2.5808950349789309e-06,2.5861723437165061e-06,2.5919993846961224e-06,2.5977915697266655e-06,2.6056582106123499e-06,2.6122759264084932e-06,2.6236899492589581e-06,2.6313595409354447e-06,2.6457869873140879e-06,2.654577686810977e-06,2.6722018386177637e-06,2.6838740153069208e-06,2.7047858298582909e-06,2.7198140296623473e-06,2.744220308417613e-06,2.7639086754344035e-06
184.71640086913607,2.2499662242867358e-06,2.2523489658088369e-06,2.250823633511952e-06,2.2540810330076515e-06,2.2527852944688887e-06,2.2586548994642935e-06,2.2600996380208924e-06,2.2645520156296356e-06,2.2678782914755421e-06,2.2728036142235001e-06,2.2782536946309843e-06,2.2849301592262473e-06,2.2927958072505397e-06,2.2989522575078973e-06,2.3093375028948615e-06,2.3164582496890997e-06,2.3295177544321801e-06,2.3364829964866909e-06,2.3524310128473819e-06,2.3631628424722177e-06,2.382002319472568e-06,2.3956916125657539e-06,2.4168279876951018e-06,2.4345961201374081e-06
191.43712933810426,1.9756543930263466e-06,1.9777525945954334e-06,1.9764472168660747e-06,1.9808856378218187e-06,1.9808354114484654e-06,1.9843998464507762e-06,1.9858283784387901e-06,1.9899193268258582e-06,1.9944272106396481e-06,1.9990092859689451e-06,2.0029090734143364e-06,2.0079998941234414e-06,2.0152014402091451e-06,2.020909895171074e-06,2.0303595149740307e-06,2.0371946914315227e-06,2.0490785315545844e-06,2.0570114763532581e-06,2.0713547877674438e-06,2.0811433864239052e-06,2.0973454503556079e-06,2.1097786889283095e-06,2.1293642536006634e-06,2.1443269727371194e-06
198.40238504418352,1.7366725576615388e-06,1.738536633999596e-06,1.736510311644299e-06,1.7391165873006367e-06,1.7391419317415923e-06,1.7435862613057371e-06,1.7449843466180799e-06,1.7487229066438185e-06,1.7516564769185384e-06,1.7558442280331157e-06,1.7604912726727263e-06,1.7651474718565385e-06,1.7723302543939641e-06,1.7776079670527392e-06,1.7861769101102992e-06,1.7922583089087399e-06,1.8016458574592617e-06,1.8088857257676392e-06,1.8213742975644546e-06,1.8302947765954682e-06,1.8454255495246484e-06,1.8566460080288128e-06,1.8741298601459276e-06,1.8885055701930976e-06
205.62106487555539,1.5245408840667369e-06,1.5261731889323915e-06,1.5252342668153613e-06,1.5286008817232198e-06,1.5287086368454277e-06,1.5316205413798195e-06,1.5329373773310278e-06,1.5363223162071513e-06,1.5390186939199472e-06,1.5436071734588721e-06,1.5468101548621977e-06,1.5510810590227474e-06,1.5570158728390256e-06,1.561818256604747e-06,1.5695278029937321e-06,1.5750557332865544e-06,1.5846266532392318e-06,1.5912300511821569e-06,1.6027503980001016e-06,1.6108012945287016e-06,1.6242901587395749e-06,1.6343658608611159e-06,1.6491803419656421e-06,1.6620418831391403e-06
213.10238942511577,1.3399437689611156e-06,1.3413918830725686e-06,1.3406085374730546e-06,1.3418611172703713e-06,1.3419890244122264e-06,1.3453383978633687e-06,1.3465762405813714e-06,1.3496284909962695e-06,1.3520987814844129e-06,1.3555453310317724e-06,1.3593806934883825e-06,1.3632339713290668e-06,1.3685555199270064e-06,1.3732288916642912e-06,1.3801515295115848e-06,1.3851748038372727e-06,1.3937415132131144e-06,1.3996755810942322e-06,1.4089398592461995e-06,1.4168710694164818e-06,1.4288753238374881e-06,1.4368337883989514e-06,1.4506535482323589e-06,1.4621277967292339e-06
220.8559147681589,1.1762843186932128e-06,1.1782498484323972e-06,1.177575997843137e-06,1.1794286727257852e-06,1.1795919619910866e-06,1.1819235085372491e-06,1.1830558644025733e-06,1.1857888972655029e-06,1.1880202062523372e-06,1.1915554443858755e-06,1.1950197986759683e-06,1.1985041481091892e-06,1.2032854130614255e-06,1.2072128163447102e-06,1.2133855413328713e-06,1.2179061623616169e-06,1.2245869085940721e-06,1.2299280334652043e-06,1.2390606623311352e-06,1.2455471775185245e-06,1.2562021448339828e-06,1.2642627110559328e-06,1.276508271885686e-06,1.2860832651946533e-06
228.89154466858096,1.0340021165856244e-06,1.0351211157440948e-06,1.0345433841704678e-06,1.0361869981008096e-06,1.0368185443284229e-06,1.0389030620156284e-06,1.039948661094031e-06,1.042398759137995e-06,1.0444201382716245e-06,1.0472028848246685e-06,1.0496596295634373e-06,1.0527810467594162e-06,1.0570547912443771e-06,1.0605754305828151e-06,1.0660770206169143e-06,1.0701248883664279e-06,1.0769065805238149e-06,1.0816748727213719e-06,1.0897676248431819e-06,1.0953044439549928e-06,1.1047385036142812e-06,1.1119164167661317e-06,1.122745428161953e-06,1.1318025079371647e-06
237.21954322919666,9.0898022968110117e-07,9.099712013804133e-07,9.0948421934029799e-07,9.1094479227557274e-07,9.1112197283624188e-07,9.1258820430662629e-07,9.1353390820072774e-07,9.1570860089694038e-07,9.1751948822556707e-07,9.1999333633597906e-07,9.2275579701748905e-07,9.2553568301171089e-07,9.2932774805150808e-07,9.3246573434869421e-07,9.3731925664700599e-07,9.4093600051583788e-07,9.4694943305774081e-07,9.5120576604470412e-07,9.5837194876786025e-07,9.6352161970300848e-07,9.7146187943327454e-07,9.7783332736600258e-07,9.8669049277487595e-07,9.9470974551996226e-07
245.85054800232226,7.9915526504764872e-07,8.0003253235947551e-07,7.9962041647487153e-07,8.00916302672619e-07,8.0060085469929381e-07,8.022327657961363e-07,8.0307682410226799e-07,8.0500344618668514e-07,8.067006448467251e-07,8.0890208324529739e-07,8.1136280163877765e-07,8.1383922090569349e-07,8.1720757304985618e-07,8.2000438609056668e-07,8.2432785392658799e-07,8.273631751960634e-07,8.3268277033501556e-07,8.3646705686862073e-07,8.4279929582898976e-07,8.4737171229251141e-07,8.5473672816019667e-07,8.6038276306361016e-07,8.6817543869821567e-07,8.7526462247351821e-07
254.79558357737798,7.0214198989109833e-07,7.0311843843134079e-07,7.0275586683302648e-07,7.0389158337587744e-07,7.0405123940109424e-07,7.0549651541839406e-07,7.0625612721004734e-07,7.0796460831107897e-07,7.0934652487160529e-07,7.1129878693521661e-07,7.134830546263874e-07,7.1568095809881015e-07,7.1866455267554578e-07,7.2114781230625405e-07,7.2497162476176916e-07,7.2782554504837306e-07,7.3252256192609603e-07,7.3559679115326479e-07,7.4064838970212788e-07,7.4468437091581847e-07,7.5116426516714922e-07,7.5614469389329161e-07,7.6356460151951453e-07,7.6981869549772627e-07
264.06607566285891,6.1760427114752154e-07,6.1838725828716452e-07,6.1807653762325783e-07,6.1907923500298737e-07,6.192295543997286e-07,6.2050664941104149e-07,6.211861945722044e-07,6.2269710448451096e-07,6.2397149247126436e-07,6.256961645917413e-07,6.2748502618401709e-07,6.2942935349975825e-07,6.3206546377364689e-07,6.3426292508764767e-07,6.3763748569232743e-07,6.4016279153542694e-07,6.443041136170092e-07,6.4727044849395836e-07,6.5185600622567788e-07,6.5496774684290469e-07,6.6066653231005516e-07,6.6505721329380302e-07,6.7157900263566637e-07,6.7708711840695096e-07
273.67386568066814,5.433123675695526e-07,5.4390198388216797e-07,5.4367598506176141e-07,5.4455952813235015e-07,5.4469808591157325e-07,5.4582409981849915e-07,5.4642872631033062e-07,5.4776153539421335e-07,5.4888949434459011e-07,5.5041153789421658e-07,5.5191793204888227e-07,5.5363293245620825e-07,5.5595668772868165e-07,5.5789545066068443e-07,5.6086768722566672e-07,5.6309573492743304e-07,5.6674077736033207e-07,5.6888266519179015e-07,5.7320291747538048e-07,5.7634416993441659e-07,5.8110435889961439e-07,5.8496803908393092e-07,5.9069409239131596e-07,5.9553797573546924e-07
283.63122589144717,4.7797829559694568e-07,4.784933249437121e-07,4.7826124872042881e-07,4.7903829277176515e-07,4.7916372736373186e-07,4.8015438559113931e-07,4.8068958152685842e-07,4.8186250804118226e-07,4.8285768180455189e-07,4.8419753602646715e-07,4.8569663022581487e-07,4.8720661224509155e-07,4.8902715302517766e-07,4.9073312148669877e-07,4.9334627984013964e-07,4.953069239346195e-07,4.9850996393800196e-07,5.008122764903444e-07,5.0461644899278419e-07,5.073908438395252e-07,5.111163732871688e-07,5.1451089728434636e-07,5.1953314064981848e-07,5.2378707261135839e-07
293.95087507023055,4.2049255634855843e-07,4.2094820411269309e-07,4.2071729367925944e-07,4.2139947989417988e-07,4.2151140987546816e-07,4.2238127997721252e-07,4.2285301312930585e-07,4.2388306369923708e-07,4.2475854567438774e-07,4.2593529529421292e-07,4.272529056464859e-07,4.283489207581074e-07,4.3014381953356061e-07,4.3164141479674705e-07,4.3393500776770389e-07,4.3565632024193364e-07,4.3846668491260936e-07,4.4048804760902919e-07,4.4382475100710871e-07,4.4626046832906344e-07,4.50132154566259e-07,4.527840563682534e-07,4.5719836411452143e-07,4.6063552494817037e-07
304.64599475244148,3.6998364477032079e-07,3.7025577867907814e-07,3.7007911445681197e-07,3.7067700588741781e-07,3.7077570549597609e-07,3.7153805857461058e-07,3.7195225067935113e-07,3.7285499643264418e-07,3.7362318581604577e-07,3.7443404505336467e-07,3.7559043279258511e-07,3.7675042041604445e-07,3.783236522859025e-07,3.7963551082121792e-07,3.8164550763053798e-07,3.8315353502562836e-07,3.8561585858602895e-07,3.8738699036441763e-07,3.9030972815960475e-07,3.9244413827122383e-07,3.9553018686161619e-07,3.9814879649532626e-07,4.0201283266834593e-07,4.0504123848306058e-07
315.73024607098245,3.2542541928173954e-07,3.2578235546654486e-07,3.256328766826816e-07,3.2616204216386329e-07,3.2625320136917647e-07,3.269266284989649e-07,3.2713669711794535e-07,3.2792648083300967e-07,3.2859898493413614e-07,3.2929890879594524e-07,3.3031077732966402e-07,3.3132486060426534e-07,3.3270163643743641e-07,3.3384860377708359e-07,3.3560756283758082e-07,3.3692624410035818e-07,3.3908081899525222e-07,3.4062998693670229e-07,3.4318703479488508e-07,3.4479466769563586e-07,3.4775144955733226e-07,3.5004215006027893e-07,3.5342077296362644e-07,3.5628914912380128e-07
327.21778720592988,2.8616963731687903e-07,2.8648140579208499e-07,2.8634983821872748e-07,2.8681205247920512e-07,2.8689086282489897e-07,2.8747903876478412e-07,2.8779924501949079e-07,2.8835355497061372e-07,2.8894684640336026e-07,2.8974031065884156e-07,2.9063038651382133e-07,2.9152392942924789e-07,2.9273333981927281e-07,2.9350859301709902e-07,2.9504582327771799e-07,2.9619699530851229e-07,2.9807992106619399e-07,2.994326209121556e-07,3.0166704537532517e-07,3.0307393286394099e-07,3.0565690028523012e-07,3.0765804601538561e-07,3.1060917773658385e-07,3.1311566142413859e-07
339.1232914691148,2.5160030577418049e-07,2.5187238497231405e-07,2.5175630992910756e-07,2.5204030063463219e-07,2.5210907904172155e-07,2.5262204072326898e-07,2.5290208264170907e-07,2.5350821987639921e-07,2.5402525283782669e-07,2.5471669771809439e-07,2.5549304626029651e-07,2.5627158422103985e-07,2.5732692688612406e-07,2.5820656330728122e-07,2.5955407110746811e-07,2.6056459250409046e-07,2.619638929798334e-07,2.6314688273085273e-07,2.6510077207616103e-07,2.6652694189059428e-07,2.687917487684537e-07,2.7034055205075455e-07,2.7291598660783903e-07,2.7510401588204164e-07
351.46196604669831,2.2120659228833074e-07,2.214437811851703e-07,2.2124705899428531e-07,2.2159850270157155e-07,2.2165706581846542e-07,2.2210375996991428e-07,2.2234675877885523e-07,2.2287447890132519e-07,2.2332443660602006e-07,2.2392629505862217e-07,2.2460270936716583e-07,2.2528029019741591e-07,2.2599556045822198e-07,2.2675788454004555e-07,2.2793101632965319e-07,2.2880745650053229e-07,2.3024373835513125e-07,2.3127374335963659e-07,2.3297737308598159e-07,2.3421977036821597e-07,2.3619443793710093e-07,2.377244200121612e-07,2.3997999013671098e-07,2.4189614752041436e-07
364.24957142367305,1.945844585653377e-07,1.9479298311085531e-07,1.9470342610935148e-07,1.9501147020544883e-07,1.9506199757158053e-07,1.9545312132587196e-07,1.956645784681616e-07,1.961262122587833e-07,1.9627040280025823e-07,1.967892857844757e-07,1.9737533498319148e-07,1.9795973059723179e-07,1.987583449064974e-07,1.9941917953259945e-07,2.0044007455630934e-07,2.0120034384893957e-07,2.0245085392514938e-07,2.0334520630826589e-07,2.0482875290544713e-07,2.0590868738845256e-07,2.0762846863491797e-07,2.0878939482666845e-07,2.1074697616132811e-07,2.124102420571497e-07
377.50244151511083,1.705328656573505e-07,1.7072295098047318e-07,1.7065340089796955e-07,1.7082356642769093e-07,1.7087642938078734e-07,1.7122564771367493e-07,1.714192624262587e-07,1.7182987853749403e-07,1.721814466404387e-07,1.7264827100879488e-07,1.7317260136080588e-07,1.7369683203401014e-07,1.7440691458620933e-07,1.7499799611802637e-07,1.75902447497174e-07,1.7658038620620332e-07,1.7749744372941198e-07,1.7828953592936148e-07,1.7949688661236042e-07,1.8044442666609401e-07,1.8206284377213694e-07,1.8323640684527655e-07,1.8496221727837947e-07,1.8643035214001329e-07
391.23750452986189,1.502590217655674e-07,1.5042449360469268e-07,1.5032671139516806e-07,1.5056442330100173e-07,1.506057991246471e-07,1.5090571146548926e-07,1.5106912896094019e-07,1.5142166111903487e-07,1.5172210882184717e-07,1.5212261131388474e-07,1.5257300476099466e-07,1.5287435806282803e-07,1.5348449165784227e-07,1.5398862638458066e-07,1.5476719224044998e-07,1.5534603667888901e-07,1.5629849390915522e-07,1.5697849018024527e-07,1.5810730328261354e-07,1.5892771066527769e-07,1.6023508857140417e-07,1.6124604876769857e-07,1.6273830054964959e-07,1.6400539901090664e-07
405.4723045933643,1.3188768784393903e-07,1.3201075030766862e-07,1.3193529782768077e-07,1.3212577960917211e-07,1.3214510678170459e-07,1.3229861847928708e-07,1.3242676220515232e-07,1.3272151523241211e-07,1.3297211813046098e-07,1.3331124748505754e-07,1.3369580318505151e-07,1.3408045802405167e-07,1.3460890796776454e-07,1.3504649393717374e-07,1.357253768882902e-07,1.3623132012144734e-07,1.3706547839564343e-07,1.3766299476765303e-07,1.3865467374304043e-07,1.3937813816715432e-07,1.4037491075828698e-07,1.4118516583805344e-07,1.4249112184161976e-07,1.4360364141992904e-07
420.2250241571752,1.1586867902683106e-07,1.1600095316041935e-07,1.1596014512612319e-07,1.1615292877075527e-07,1.1619630366132487e-07,1.1640986192404639e-07,1.1654781400850472e-07,1.1683134706515016e-07,1.170763860451458e-07,1.1739841352054748e-07,1.1775994238983814e-07,1.1812075555253461e-07,1.1860678645089667e-07,1.1901223988391454e-07,1.1950521339144319e-07,1.1996591824447059e-07,1.2071300413913757e-07,1.2125080956742798e-07,1.2213189001966082e-07,1.2277631982358377e-07,1.2379232140236434e-07,1.2458118550595171e-07,1.2573620998467821e-07,1.2671909225026541e-07
435.51450722385113,1.0195483206040583e-07,1.020536833710996e-07,1.0200191411392423e-07,1.0215504083690584e-07,1.0217844493260932e-07,1.0237745714064382e-07,1.0248683616235967e-07,1.0264917824158393e-07,1.0285422836433077e-07,1.0312771342748563e-07,1.0343709057686778e-07,1.0374685778382268e-07,1.0416758341236489e-07,1.0451868882668768e-07,1.0505503175214841e-07,1.0545861302093166e-07,1.0611349067351247e-07,1.0658653682194493e-07,1.073607182803959e-07,1.0792876205459148e-07,1.0872492960398407e-07,1.0934508991939024e-07,1.1035458760435075e-07,1.1121503555356346e-07
451.36028341684715,9.0092215780273645e-08,9.0187335973411861e-08,9.0144967986229634e-08,9.027751369917558e-08,9.0265393110681733e-08,9.0426272131553136e-08,9.0504215604955126e-08,9.0689985932698708e-08,9.0843024502498321e-08,9.1051706314524303e-08,9.1288222188248971e-08,9.1521431687007477e-08,9.1848945406323084e-08,9.2112715328373495e-08,9.2536590108065653e-08,9.2842481779555367e-08,9.3272735708999091e-08,9.3635784391729487e-08,9.4261987067027788e-08,9.470833140679685e-08,9.5439816836169307e-08,9.5999968602181453e-08,9.6841349171447551e-08,9.7554605962806362e-08
467.78259292617025,7.9099895714379915e-08,7.9172286812636284e-08,7.9126623412015804e-08,7.9235665059488935e-08,7.9242975312830184e-08,7.9382727791083198e-08,7.9451863433782746e-08,7.9561425156234579e-08,7.9700497055423757e-08,7.9890373002921826e-08,8.0106962701097573e-08,8.0322509403605392e-08,8.0622811137257e-08,8.0868835449790659e-08,8.1256958334230205e-08,8.1542927482389026e-08,8.2021810293005998e-08,8.236160583141938e-08,8.2932473563801263e-08,8.3346355933223024e-08,8.4010149100875516e-08,8.4437745143921492e-08,8.5149591572229456e-08,8.5791642847388757e-08
484.80241236166279,6.936932820468746e-08,6.9440567067107043e-08,6.9411611509906639e-08,6.9520794577372145e-08,6.9543678408112518e-08,6.9684679697808988e-08,6.9766025110567077e-08,6.9933790110169263e-08,7.0079497107255578e-08,7.0270839074150726e-08,7.0485576907390593e-08,7.069980297214473e-08,7.0933610716316473e-08,7.1124196389614131e-08,7.1483856699679668e-08,7.1751942551793096e-08,7.2186684766859904e-08,7.2496979728361825e-08,7.3006373136435106e-08,7.3375324261579726e-08,7.3959014452268403e-08,7.4408123288431245e-08,7.5067861655309283e-08,7.5625685355062302e-08
502.4414815469259,6.1162025343732045e-08,6.1229082475960285e-08,6.1205256429808181e-08,6.1259536397164767e-08,6.1273897773917295e-08,6.1388035521142806e-08,6.1447177361166684e-08,6.1578543179402592e-08,6.1688317368217558e-08,6.1835150697907515e-08,6.2000808753052066e-08,6.216382476895522e-08,6.239000122963833e-08,6.2572929675681988e-08,6.2862882456022733e-08,6.3073210323395795e-08,6.3429540598188331e-08,6.3678355964871602e-08,6.4102498515400391e-08,6.4405902506711404e-08,6.4899186586942392e-08,6.521284296232051e-08,6.5776768176210672e-08,6.62549619813513e-08
520.7223312881207,5.3659172255550402e-08,5.3697856216043233e-08,5.3659636675808329e-08,5.372721058098184e-08,5.3729287192190981e-08,5.3822457211448918e-08,5.3871192861432641e-08,5.3987240633340209e-08,5.4088119165462628e-08,5.4225483699749643e-08,5.4344131759213152e-08,5.4501937308557801e-08,5.4718155315283008e-08,5.4898946737007904e-08,5.5175558445314418e-08,5.5383926985720892e-08,5.5721003693593151e-08,5.5964314288351944e-08,5.6312682948835131e-08,5.66008620674852e-08,5.7053049900513013e-08,5.7402979689938383e-08,5.7913036958150298e-08,5.8345330919185586e-08
539.66831215310629,4.7168687471680216e-08,4.7200114330551579e-08,4.7164335126494268e-08,4.7221253735383061e-08,4.7221137157433002e-08,4.7300965056384826e-08,4.7342319076335715e-08,4.7442879625947999e-08,4.7530644114393238e-08,4.7650606155267235e-08,4.7788349122909324e-08,4.7904204734020543e-08,4.8093690590735383e-08,4.8252382598575615e-08,4.8494849297786179e-08,4.8677717101830738e-08,4.892718309473693e-08,4.9139281554055012e-08,4.9484722751029777e-08,4.9736806558590728e-08,5.0131777243821108e-08,5.0436873463460648e-08,5.0881221921933713e-08,5.1257137321854402e-08
559.30362429767843,4.1559921730332494e-08,4.1616937078423053e-08,4.1611888869904193e-08,4.1683933084533901e-08,4.1675784920237127e-08,4.1757559684296806e-08,4.1800335171340592e-08,4.1888945527962834e-08,4.1960865365828025e-08,4.2054930306690062e-08,4.2159516132267046e-08,4.2259874604754765e-08,4.2400789784298311e-08,4.2510814329372642e-08,4.2691208172132244e-08,4.2817190263324471e-08,4.3040153464919993e-08,4.3191013544572067e-08,4.3458971780025037e-08,4.3647017397386013e-08,4.392269340868637e-08,4.4162088227109912e-08,4.4526991995029435e-08,4.4836986735056987e-08
579.65334837701255,3.6513849915408981e-08,3.6565940378851902e-08,3.6564359831678557e-08,3.6630680032644765e-08,3.6649640007388104e-08,3.6725488829669754e-08,3.6767158419363357e-08,3.6849024258119919e-08,3.6892274118015564e-08,3.6977888608569528e-08,3.7072302307540444e-08,3.7162433794747967e-08,3.7287493590735915e-08,3.7384808375514063e-08,3.7543077729166138e-08,3.7652975947828877e-08,3.7847090743390224e-08,3.7977455722046836e-08,3.8209687194411848e-08,3.8371513139633197e-08,3.8644190387606869e-08,3.8850848934420661e-08,3.9167111496016778e-08,3.9435183509885284e-08
600.74347758178226,3.2109086406796262e-08,3.2146118014778058e-08,3.2136249214884391e-08,3.2186035955334304e-08,3.2194948351961858e-08,3.2254353052524939e-08,3.2284879728929011e-08,3.2351653694585396e-08,3.240663437957921e-08,3.2479809109373161e-08,3.2561933107800393e-08,3.264200560340777e-08,3.2753856807182837e-08,3.2843037683940221e-08,3.2967832723056686e-08,3.3069769769647673e-08,3.3216636761949919e-08,3.3337315846092007e-08,3.3547481532443588e-08,3.3696365517365646e-08,3.3941904696434059e-08,3.4129642546887643e-08,3.441220079353714e-08,3.4652198919734091e-08
622.60095083988949,2.8232428618838355e-08,2.82487934323835e-08,2.8224360699274254e-08,2.8252931335806473e-08,2.8247070869834509e-08,2.828712702734371e-08,2.8304129662853525e-08,2.8355306721299684e-08,2.838516763796753e-08,2.8447095947327859e-08,2.8520074283374023e-08,2.8593889155261343e-08,2.869847034323892e-08,2.8785523727216902e-08,2.8922443647494052e-08,2.902513152408624e-08,2.9194261276764532e-08,2.9316122946885971e-08,2.9516393300120668e-08,2.9662806166169524e-08,2.9865383913280899e-08,3.0042851019698005e-08,3.0301293066171781e-08,3.0520243148402097e-08
645.25368722619839,2.4799148673232841e-08,2.4814837565153186e-08,2.4795441124442735e-08,2.4822780732826442e-08,2.4820441436196231e-08,2.48434677828147e-08,2.486122595106365e-08,2.4908719853660068e-08,2.494979846939599e-08,2.500688682643434e-08,2.5073375925530521e-08,2.5140178765208965e-08,2.5233425179702068e-08,2.5310755684259624e-08,2.5431083127069336e-08,2.5520801160284442e-08,2.5667915002147015e-08,2.5772997067875732e-08,2.5945943617965954e-08,2.6071192117007177e-08,2.6268958801072425e-08,2.6420846654150727e-08,2.6643188112409586e-08,2.6830666854361863e-08
668.73062162424412,2.1831965362906355e-08,2.1851818913255761e-08,2.1839206676538841e-08,2.1865632111389922e-08,2.186409833640353e-08,2.1895916864459127e-08,2.190835203166587e-08,2.1945116951526663e-08,2.1974503515550316e-08,2.2002370009968181e-08,2.20511767890511e-08,2.2099408378755166e-08,2.2170339156453819e-08,2.2227222477184311e-08,2.2321974759325297e-08,2.2390594859241618e-08,2.2510299300190575e-08,2.2594573438492133e-08,2.2739565257070331e-08,2.2844692364157607e-08,2.3014915207508283e-08,2.3147103703007401e-08,2.3342645114341251e-08,2.3509742808545723e-08
693.06174168545101,1.9161485627345325e-08,1.9187219115795411e-08,1.9185818855584776e-08,1.921941731489486e-08,1.9229082811762071e-08,1.92680094376351e-08,1.928969511302465e-08,1.9331947283303639e-08,1.9366714594210486e-08,1.9411206521389827e-08,1.9460164941577391e-08,1.9506828147397896e-08,1.9557989109617242e-08,1.9607640844914058e-08,1.9688343009984994e-08,1.9744014623333021e-08,1.9842493569492532e-08,1.9908166810058466e-08,2.002551223313314e-08,2.0106790693142614e-08,2.0244171602624625e-08,2.0347902958915365e-08,2.0506924241155126e-08,2.064154457087966e-08
718.27812613307788,1.6835186010412091e-08,1.6854408433016793e-08,1.6849784398219576e-08,1.6875719199588396e-08,1.6880834942139855e-08,1.6911699579215509e-08,1.6927807259832828e-08,1.6962258976736243e-08,1.6990629184837201e-08,1.7027989815334644e-08,1.7069814406391367e-08,1.7110192537253021e-08,1.7166638188676928e-08,1.7211072023726615e-08,1.7275734964010834e-08,1.7310849664998046e-08,1.7398627141995577e-08,1.7457975437852042e-08,1.7562659465129313e-08,1.7635915818259658e-08,1.7758085873934671e-08,1.785079596622466e-08,1.800385380241631e-08,1.812316612897501e-08
744.41198445982059,1.4825998366071674e-08,1.4838824802621807e-08,1.4830387743909712e-08,1.4848551547039383e-08,1.484845860122152e-08,1.4871078032561607e-08,1.488110216532422e-08,1.4907643499678227e-08,1.4929487965384607e-08,1.4959885807976817e-08,1.4995012659821699e-08,1.5024041662418655e-08,1.5073583837879554e-08,1.5113350760521459e-08,1.5178135653988069e-08,1.5224893757056728e-08,1.5305351855036264e-08,1.5347208141066798e-08,1.5442891049599645e-08,1.5511306324313282e-08,1.5622505060440365e-08,1.5707826731383861e-08,1.5834693133294485e-08,1.594232890033011e-08
771.49669806976499,1.298815041216848e-08,1.2996501001867109e-08,1.2987086876058732e-08,1.3001731420982948e-08,1.300132886077211e-08,1.3021630015906038e-08,1.3031803971292238e-08,1.3057192777382981e-08,1.3075127040154669e-08,1.3105079190480802e-08,1.3139773097783489e-08,1.3174298946218472e-08,1.3222213055762021e-08,1.3261578660088019e-08,1.3322725998758043e-08,1.3367797017989837e-08,1.3441934991695396e-08,1.3494219464619649e-08,1.3580851202282542e-08,1.3642860691543116e-08,1.3741541012789133e-08,1.3816697219738647e-08,1.3927440045210381e-08,1.4020490834139617e-08
799.56686291725964,1.1413765576121814e-08,1.1423318802261642e-08,1.1416878211247724e-08,1.1430926707250661e-08,1.1431224979580882e-08,1.1448976129363747e-08,1.145723189090924e-08,1.1475073097227221e-08,1.1492383275922697e-08,1.151611762206855e-08,1.1543527569019838e-08,1.1570417226895107e-08,1.1608736982873689e-08,1.1639458587427735e-08,1.1689182260438879e-08,1.1725006618826498e-08,1.1786447980485004e-08,1.1829208449575978e-08,1.1902422824980807e-08,1.1954758119169329e-08,1.2039738776371761e-08,1.2104952271724172e-08,1.2201945196669435e-08,1.228430936504644e-08
828.65833369715347,1.0027452004178797e-08,1.0033772178696439e-08,1.0026009142661438e-08,1.0036101319347614e-08,1.0034230997610613e-08,1.0047726422684287e-08,1.0053139486286133e-08,1.0067719264845412e-08,1.0081676364059353e-08,1.0101629933326967e-08,1.012524812896375e-08,1.0148852555558203e-08,1.0182940875075958e-08,1.0210833873990764e-08,1.0255803574710805e-08,1.0289017877974216e-08,1.0344996145965895e-08,1.0384937848059584e-08,1.045172069239219e-08,1.0500404001148925e-08,1.0577660164910341e-08,1.0637620978711462e-08,1.0725191297620024e-08,1.079978738801662e-08
858.80826964286234,8.8049066260200631e-09,8.8120067301995306e-09,8.8069633391900876e-09,8.8176730611846556e-09,8.8180014695171359e-09,8.8317923572223241e-09,8.838488716267246e-09,8.8549869222424959e-09,8.8689581450993691e-09,8.8867591450113703e-09,8.9087354355588027e-09,8.9304238464374438e-09,8.960979513157388e-09,8.9857918413691107e-09,9.0252047707987001e-09,9.0539995677900529e-09,9.1023743982132481e-09,9.136416173962578e-09,9.1936466141351859e-09,9.2348036278947139e-09,9.3007324145912534e-09,9.351385558906229e-09,9.4260557432602233e-09,9.489336753669099e-09
890.05518199074425,7.7519434724563504e-09,7.759819987521716e-09,7.7567725325595261e-09,7.7671715619448225e-09,7.7680989823468364e-09,7.7804023573467991e-09,7.7860660000171679e-09,7.7998754157552433e-09,7.8110514950047997e-09,7.8262692160118806e-09,7.8436751993402966e-09,7.8605238834652209e-09,7.884814660959854e-09,7.9038829386298838e-09,7.935536688728111e-09,7.9573984579396916e-09,7.9968248179858438e-09,8.0237563415156983e-09,8.071112370771311e-09,8.1046043952624704e-09,8.1600141274017883e-09,8.2023871322178831e-09,8.2660952937601614e-09,8.3202550443588868e-09
922.43898317142953,6.818495206616162e-09,6.8229010075773905e-09,6.81778385219901e-09,6.8245489155859555e-09,6.8232081577621043e-09,6.8320535608191362e-09,6.8353863732393692e-09,6.8461635760831378e-09,6.854992324115028e-09,6.8677060320259431e-09,6.8826978962653697e-09,6.897534708925645e-09,6.9192011630320033e-09,6.9365702011426704e-09,6.9651783666264523e-09,6.9857799135127247e-09,7.0214404126047323e-09,7.0462597920982902e-09,7.0888928511821879e-09,7.1193559806841747e-09,7.1688306351070194e-09,7.2067400837536677e-09,7.2630702312435873e-09,7.3107944542503219e-09
956.00103779092444,5.9769791494263042e-09,5.9824630483592738e-09,5.9798194096973261e-09,5.9876721963256027e-09,5.9885250563551259e-09,5.9982903590630549e-09,6.0032041729757776e-09,6.0145291801140421e-09,6.024017781551805e-09,6.0367209851826774e-09,6.0512032240109399e-09,6.0653022792453275e-09,6.0851139221009552e-09,6.1008826028097954e-09,6.1262097395312597e-09,6.1442456618323902e-09,6.1751997922906584e-09,6.1964139686018164e-09,6.2329981803114964e-09,6.2587426491982319e-09,6.2936672245994148e-09,6.3255016495423613e-09,6.3732693071442812e-09,6.4135603452440771e-09
990.7842154666115,5.255084466206289e-09,5.2604795107768278e-09,5.2585781007241409e-09,5.2656773748252961e-09,5.266433787477397e-09,5.2747763891816298e-09,5.278648444202948e-09,5.2879096730591047e-09,5.2953579497263417e-09,5.3054142159898279e-09,5.3168634808745272e-09,5.3278186588301488e-09,5.3436679474806599e-09,5.3558912489548021e-09,5.37644468884751e-09,5.3844653403444653e-09,5.4098502330003726e-09,5.4268331142899596e-09,5.4573334479653492e-09,5.4785788103763227e-09,5.5143532330012563e-09,5.5414977710761803e-09,5.5828078564553343e-09,5.6178880390006611e-09
1026.8329455856465,4.6159313526524343e-09,4.6210499339865351e-09,4.6197170940959142e-09,4.6261998685305228e-09,4.627053169267371e-09,4.6344738329316839e-09,4.6379025211162487e-09,4.645971575520799e-09,4.6523829990069537e-09,4.6556221965171403e-09,4.6653430515859965e-09,4.6745476960351681e-09,4.6880054702851202e-09,4.6982363224187396e-09,4.7157303930490433e-09,4.7276273510090616e-09,4.7494218147228261e-09,4.7638753720766644e-09,4.7901648413474946e-09,4.8083885690493108e-09,4.8393458063674665e-09,4.8628017410430806e-09,4.8986836229847235e-09,4.9291730238621849e-09
1064.1932740556724,4.0496728299385133e-09,4.0496683265281835e-09,4.0490895625257148e-09,4.0556262815322714e-09,4.0575247913897278e-09,4.0653871848842153e-09,4.0699773018507045e-09,4.0787621965482547e-09,4.0862251563803311e-09,4.095655583657851e-09,4.1061243086869933e-09,4.1160873308903039e-09,4.1296740772466584e-09,4.1402709369299926e-09,4.1570332253239354e-09,4.1686327252803563e-09,4.1886321609872942e-09,4.201867542766266e-09,4.2251499175724326e-09,4.2409986737402343e-09,4.2676609659887255e-09,4.287387882601864e-09,4.3176704712075984e-09,4.3429092841061419e-09
1102.9129221203705,3.5623177263753812e-09,3.5657212613638353e-09,3.5641617312667505e-09,3.5685568333091882e-09,3.568654992640041e-09,3.5737885602367512e-09,3.5759179434877604e-09,3.5816420183769194e-09,3.5861824346884824e-09,3.5924859363751858e-09,3.5997879973183775e-09,3.6068044520030031e-09,3.6171860711231711e-09,3.6252107137695996e-09,3.6389039037592624e-09,3.6484158985342749e-09,3.6655982387319998e-09,3.6772398665501023e-09,3.6980024855974954e-09,3.7126382525902131e-09,3.7390660125571633e-09,3.7578052809243073e-09,3.7860534003014035e-09,3.810128607691526e-09
1143.0413473149401,3.1196177209348657e-09,3.1233577976566891e-09,3.1229184400851672e-09,3.1278251844591065e-09,3.1290842177732442e-09,3.1348257444641743e-09,3.1379870890715666e-09,3.144303972941224e-09,3.1495655448352908e-09,3.156313246914077e-09,3.163850388604078e-09,3.1710205515303518e-09,3.180997399703065e-09,3.1887498867179023e-09,3.1969477633131819e-09,3.2055777440676055e-09,3.220709146784645e-09,3.230813255209539e-09,3.2486832918453274e-09,3.261037441677595e-09,3.2817384554417989e-09,3.2973083421301188e-09,3.3210133539840961e-09,3.3410155755641863e-09
1184.6298066394043,2.7484054941153786e-09,2.7507289965268396e-09,2.7456009562215509e-09,2.7488141903622712e-09,2.7488356986418315e-09,2.7527732870049864e-09,2.7545020581765197e-09,2.759032744128915e-09,2.762727303997847e-09,2.7678048595064528e-09,2.7736850519161228e-09,2.7793580832173636e-09,2.7876086106819482e-09,2.7940410728051634e-09,2.8047769792639082e-09,2.8122722076501201e-09,2.8255690882241459e-09,2.8345622777783782e-09,2.8504390782022176e-09,2.8615487629675917e-09,2.8800128720164228e-09,2.89400683465337e-09,2.9151220784992705e-09,2.9329792072745676e-09
1227.7314220303958,2.4129611409217456e-09,2.4151385542566805e-09,2.4139944718558654e-09,2.4168189020802314e-09,2.4167816812081565e-09,2.4201124104872809e-09,2.4214571911618191e-09,2.4252183010493997e-09,2.4282183999986008e-09,2.4324166802707733e-09,2.4373162300229327e-09,2.4420445205328915e-09,2.4490539961888629e-09,2.4545016893824812e-09,2.4637608911621638e-09,2.4702291730577036e-09,2.481829622386016e-09,2.4897194886846517e-09,2.5036862417802671e-09,2.5135397283940853e-09,2.5298714612747858e-09,2.5423411223397645e-09,2.5610690650364117e-09,2.5769751383224911e-09
1272.4012482150895,2.1149051213645637e-09,2.1165560101780231e-09,2.1154661807540639e-09,2.1180323361560396e-09,2.1182599776361957e-09,2.1216009719172373e-09,2.1233490007169809e-09,2.1273406583541801e-09,2.1307717968359724e-09,2.1321646226095775e-09,2.1373590965321825e-09,2.1424171515424768e-09,2.1494586335154978e-09,2.1550914269638921e-09,2.1639806244413698e-09,2.1703351248314242e-09,2.18104561470154e-09,2.1883762778739827e-09,2.2008512623884895e-09,2.2095695662007249e-09,2.2237660946059888e-09,2.2344218478235042e-09,2.2503679551556357e-09,2.2637019100307847e-09
1318.6963430339215,1.8554900238374028e-09,1.8576781780874719e-09,1.8573916177177062e-09,1.8601721882760549e-09,1.860785205324102e-09,1.8639607667502478e-09,1.8655936316285555e-09,1.8690187812762849e-09,1.8717976761829706e-09,1.8754036773661744e-09,1.8794503836406814e-09,1.8832561581501766e-09,1.8886919131942825e-09,1.892818659123827e-09,1.8997419055882263e-09,1.9044275417837687e-09,1.9129306999136834e-09,1.9185190162166122e-09,1.9286718113108295e-09,1.9356395628411767e-09,1.947512256272295e-09,1.9581624839484119e-09,1.9719248565201149e-09,1.9835740597055687e-09
1366.6758403219349,1.6330802305455578e-09,1.6349370380127583e-09,1.6346177632776823e-09,1.6369913156171259e-09,1.637461846939914e-09,1.640184544035722e-09,1.6415550635924903e-09,1.644500860172068e-09,1.6468824093359876e-09,1.6499883509310715e-09,1.6534836945265445e-09,1.6541113014084704e-09,1.6587983219352106e-09,1.6623267915484742e-09,1.6682997516990563e-09,1.6723001829026761e-09,1.6796318460118861e-09,1.6843998809432713e-09,1.6931456187760279e-09,1.6990954427290285e-09,1.7093155897946363e-09,1.7169530263337279e-09,1.728745036496403e-09,1.7386965674074882e-09
1416.4010254418536,1.4276966005259385e-09,1.4296126184776259e-09,1.4296997349079934e-09,1.4321829225687061e-09,1.4330534865388391e-09,1.4359128864461435e-09,1.4376137063733475e-09,1.4406882332481237e-09,1.4432635123701202e-09,1.4464467702653736e-09,1.4499366188774058e-09,1.4531925902392539e-09,1.4576428904175089e-09,1.4610232091045286e-09,1.4664734362771738e-09,1.4701331725677217e-09,1.4766341991882709e-09,1.480827206576241e-09,1.4884311291693695e-09,1.4935306155572284e-09,1.5023083082450979e-09,1.5087815247327453e-09,1.5188483443315255e-09,1.5272782340552016e-09
1467.9354135653359,1.2572708188654979e-09,1.258053179506482e-09,1.2571754956132931e-09,1.2583740023660315e-09,1.2581616082745547e-09,1.2597266604529878e-09,1.2603379541698344e-09,1.2601376356230197e-09,1.2617102552639486e-09,1.2639431437429294e-09,1.2665951563961309e-09,1.2692003134605767e-09,1.2730185506434665e-09,1.2760691951244981e-09,1.281096419588518e-09,1.2847162816100563e-09,1.2909655478126164e-09,1.2953265285041468e-09,1.3027761927916371e-09,1.3081229066894976e-09,1.3167408153863878e-09,1.3233780229934631e-09,1.3331549119959594e-09,1.3414791439598163e-09
1521.3448308024374,1.1018808366114843e-09,1.1025444531703363e-09,1.1017922025524234e-09,1.102882945386008e-09,1.1027766470869436e-09,1.1042496642208151e-09,1.1049206990941795e-09,1.106741427537668e-09,1.108299983849466e-09,1.1104512914946457e-09,1.1129758145240544e-09,1.1154616740032125e-09,1.1190002371631884e-09,1.1218550929632872e-09,1.126414596665373e-09,1.1297159087244969e-09,1.1352786326919407e-09,1.1391488307905234e-09,1.1456712964926072e-09,1.150303119244406e-09,1.1577405861669424e-09,1.1633895457122294e-09,1.1717277034212849e-09,1.1787415638762522e-09
1576.6974982828699,9.6510203738067086e-10,9.6581758702172638e-10,9.6530579677444948e-10,9.6639822894114519e-10,9.6644198460604849e-10,9.6784861450391772e-10,9.6854039389336164e-10,9.702116393398722e-10,9.7163121936459453e-10,9.7354010969498026e-10,9.7667046415151949e-10,9.7882997077810822e-10,9.818845761288924e-10,9.8431952119309357e-10,9.8822554325550371e-10,9.9101828292945016e-10,9.9577836484552537e-10,9.9905673831896759e-10,1.0046553457057314e-09,1.0086114449848126e-09,1.0150330463495768e-09,1.0199129983449842e-09,1.0271659685442865e-09,1.0332918504034404e-09
1634.0641192964952,8.4859311681211923e-10,8.4948916278251079e-10,8.4930568849795071e-10,8.5052357115459654e-10,8.5080355254733071e-10,8.5225907330868968e-10,8.5305691023910735e-10,8.5468117791664768e-10,8.5604501454938796e-10,8.5779567711717616e-10,8.5976476907964482e-10,8.6163256718263165e-10,8.6424008896448991e-10,8.6625720562276208e-10,8.6952272147744573e-10,8.7177199326055878e-10,8.7571226385627032e-10,8.7832509484834468e-10,8.8294905467783855e-10,8.8612025992293629e-10,8.9144260123072892e-10,8.9371315261143399e-10,8.9974663774483707e-10,9.0481811603330509e-10
1693.5179696043303,7.4628178288781625e-10,7.4695759421092658e-10,7.4662399954076182e-10,7.4745441687339851e-10,7.4741072633795702e-10,7.4834723019036453e-10,7.4867255289172049e-10,7.4969238902739423e-10,7.5047074136794392e-10,7.5158235145299975e-10,7.5289432121440793e-10,7.5413767325200371e-10,7.5605828908277168e-10,7.5750656160046687e-10,7.6009355018812807e-10,7.6185552773918659e-10,7.6515402032857569e-10,7.6736841339359052e-10,7.71403369965959e-10,7.7424858744766062e-10,7.7903453406790599e-10,7.8271745593379457e-10,7.882737877302031e-10,7.9304478205452202e-10
1755.1349910354293,6.5257417638638163e-10,6.5282000206023045e-10,6.5225211564331626e-10,6.5276886667249615e-10,6.526039895611052e-10,6.5337340832619743e-10,6.5369525449734135e-10,6.5470348350053738e-10,6.5558188756730345e-10,6.5682396189437065e-10,6.583079470916724e-10,6.5978909106855826e-10,6.6190736767355319e-10,6.6364778039272459e-10,6.664024054982067e-10,6.6844425129821027e-10,6.7181953225303075e-10,6.7422756941996295e-10,6.7818950958863833e-10,6.8106577750213233e-10,6.8557635051750084e-10,6.890558315065568e-10,6.9409175941258225e-10,6.9836020461078054e-10
1818.993888489214,5.7200478530426454e-10,5.7276843791189789e-10,5.728119735915782e-10,5.7377699931006595e-10,5.7410681199729196e-10,5.7580301935798979e-10,5.7644384420847314e-10,5.7761190817049368e-10,5.7858120792602504e-10,5.7978047919910792e-10,5.8109836734165406e-10,5.8232014695770928e-10,5.8400887967958529e-10,5.8527840340246288e-10,5.8735732308827218e-10,5.8873923920008502e-10,5.912305883504242e-10,5.9282635138238836e-10,5.9575109910185316e-10,5.9770670477884799e-10,6.0109157073245996e-10,6.0358752579780703e-10,6.0747492220530711e-10,6.1073491543146578e-10
1885.1762304671172,5.0242267221884883e-10,5.0314678543644811e-10,5.0324126259032709e-10,5.0414823708683468e-10,5.0449797354225986e-10,5.0551868569407853e-10,5.0613745275522249e-10,5.07215474792551e-10,5.081180388615125e-10,5.0921749465705809e-10,5.1041847395684575e-10,5.1152896042317e-10,5.1304533125621281e-10,5.1418705187692715e-10,5.1603364678274827e-10,5.1726201800016621e-10,5.1945714514674823e-10,5.2086048640966609e-10,5.2342190111583813e-10,5.2512822650800617e-10,5.2807943573473715e-10,5.3024740993827883e-10,5.3362642684716921e-10,5.3538180818315596e-10
1953.766553261999,4.411965352675752e-10,4.4149604507359078e-10,4.4125199564889568e-10,4.4173054598056154e-10,4.4174592233921184e-10,4.4237580691966586e-10,4.4269234816116734e-10,4.4345114956612734e-10,4.4410431915607928e-10,4.4497918104361605e-10,4.4599461921693865e-10,4.4698376457949298e-10,4.4837826684100758e-10,4.4949560657327882e-10,4.5127270915781693e-10,4.5255149319398947e-10,4.5470723363533331e-10,4.5619982472658091e-10,4.5872126901615336e-10,4.6050764118414661e-10,4.6338128892456746e-10,4.6556458435210773e-10,4.6878763742178414e-10,4.7150440769988025e-10
2024.852468938368,3.8755946537083153e-10,3.8788123789535913e-10,3.8771276095467726e-10,3.8815982783465198e-10,3.8818527208069994e-10,3.8873060102535442e-10,3.889849219613619e-10,3.8960848613947194e-10,3.9012341178554544e-10,3.9081603333080031e-10,3.9161724253184522e-10,3.9238226582993874e-10,3.9348990573068539e-10,3.9434619739324082e-10,3.9577102143805532e-10,3.9675633200840256e-10,3.9850420571917961e-10,3.9967432020416176e-10,4.0174452389142339e-10,4.0318008080215694e-10,4.0557184971405405e-10,4.0737365549243536e-10,4.1009513203266574e-10,4.123923492910392e-10
2098.524777241385,3.3916962517204081e-10,3.3946692138838812e-10,3.3935297679861345e-10,3.3979354340900959e-10,3.3988196198783197e-10,3.4043948097708381e-10,3.4075688869604734e-10,3.4140873307925623e-10,3.4197645917580927e-10,3.4270713391919227e-10,3.4353902366699548e-10,3.443422918875167e-10,3.4544599636693408e-10,3.463280513981782e-10,3.4770236674847953e-10,3.4868561359944919e-10,3.5032531000889133e-10,3.5144856727695503e-10,3.5334382155161216e-10,3.5466902014183723e-10,3.5681178661278064e-10,3.5842081395072935e-10,3.6081345560238839e-10,3.628157330583233e-10
2174.8775815775493,2.9812461971349783e-10,2.9837503519340255e-10,2.982463806803824e-10,2.985826507741898e-10,2.985929625743497e-10,2.9899593310976211e-10,2.9917403614355176e-10,2.99631012897487e-10,3.0000409815108823e-10,3.0051144229083001e-10,3.0110236357898954e-10,3.0166623835882781e-10,3.0249373744322564e-10,3.031318654847906e-10,3.0420691969502022e-10,3.049507905003395e-10,3.0627995517244835e-10,3.071737194370121e-10,3.0875743313278072e-10,3.0986287557793423e-10,3.1170027678107181e-10,3.1309332658337716e-10,3.1518924345793255e-10,3.1696614445497864e-10
2254.0084092152333,2.608773763300105e-10,2.6110941177810227e-10,2.6102912163762456e-10,2.6137050052425596e-10,2.6144287254918292e-10,2.6187041732124575e-10,2.6211253766085873e-10,2.626058794958624e-10,2.6303130890935276e-10,2.6357622300449385e-10,2.6419381647438764e-10,2.6478419706993445e-10,2.6559938003979951e-10,2.6624006303320178e-10,2.6725295304376863e-10,2.6796290945926946e-10,2.6917190016992027e-10,2.6998421227938042e-10,2.7138535807708036e-10,2.7235191881598201e-10,2.7394364378877596e-10,2.7513213750193531e-10,2.7692118511383382e-10,2.7842018074883289e-10
2336.0183358586128,2.3001071872954407e-10,2.3025573331130097e-10,2.3019213550425892e-10,2.30463465006005e-10,2.304646867599853e-10,2.3074441032747747e-10,2.3083132450558104e-10,2.3111065367592141e-10,2.3130705681048238e-10,2.3158842036609609e-10,2.3191896735556099e-10,2.322162577654048e-10,2.3270586521518587e-10,2.3304484940345528e-10,2.337151255306591e-10,2.3413401137392567e-10,2.3500431947761676e-10,2.3555151796571826e-10,2.3663635337680251e-10,2.3737264195757891e-10,2.3868395417862597e-10,2.3967839426694109e-10,2.4122942789439205e-10,2.4256284063232651e-10
2421.012114754074,2.0054206173853004e-10,2.0076881173448545e-10,2.0076213086663652e-10,2.0108227617216352e-10,2.0120008082339795e-10,2.0159131859037258e-10,2.0184166537404577e-10,2.0228303864459937e-10,2.0267057447726886e-10,2.0314549186472198e-10,2.0367109332879076e-10,2.0416930374129067e-10,2.0483167721166229e-10,2.0535203122150264e-10,2.0614676400667739e-10,2.0670001225474046e-10,2.0762293515396654e-10,2.0823221610175769e-10,2.0927921930135474e-10,2.0998391661134814e-10,2.1115466144502468e-10,2.1200819158670444e-10,2.1331065402455851e-10,2.1438425202875842e-10
2509.0983104940628,1.7621064961815643e-10,1.7638384312984662e-10,1.7634393280933797e-10,1.7658156923443771e-10,1.7663507261489047e-10,1.7692177481805004e-10,1.7708085657129219e-10,1.7740402430806742e-10,1.7767917239680791e-10,1.780311398250523e-10,1.7843016544137156e-10,1.788089121017514e-10,1.7933753586037848e-10,1.797489045168131e-10,1.8040928766841002e-10,1.808682184737963e-10,1.8166123480129074e-10,1.8219161602323237e-10,1.8311609597806059e-10,1.8375365407450831e-10,1.8480939368442983e-10,1.8559956035849136e-10,1.8679113926025325e-10,1.877923525371124e-10
2600.3894376892281,1.5447204715791497e-10,1.5456062437049376e-10,1.5446549144241e-10,1.5461676378951588e-10,1.5461252088109356e-10,1.5481843632317863e-10,1.5492063003579152e-10,1.5517466707033504e-10,1.5539627960348402e-10,1.5569481300223552e-10,1.5604494333164889e-10,1.5638786724460838e-10,1.568720376618194e-10,1.5726388232484017e-10,1.575902195984454e-10,1.5804154678971668e-10,1.5879082628424741e-10,1.5931810615071696e-10,1.6019329805706675e-10,1.608221508530227e-10,1.618171336199748e-10,1.6258075846838467e-10,1.6369291661954451e-10,1.6463560340061043e-10
2695.0021046860479,1.3574213871208331e-10,1.3588769579881845e-10,1.3585936348096878e-10,1.3602961729333885e-10,1.3604776981442322e-10,1.3623110559875501e-10,1.3630624888541172e-10,1.3649551597849187e-10,1.3663916342734639e-10,1.3683307725400015e-10,1.3719225955170508e-10,1.3739745761797111e-10,1.3771360820973019e-10,1.3794028304782353e-10,1.383574118107767e-10,1.3862489634290877e-10,1.3915148726040356e-10,1.3948559716596812e-10,1.4012787767170958e-10,1.4056230628251832e-10,1.413258787892601e-10,1.4189999165611015e-10,1.4279216019130763e-10,1.4355302523781248e-10
2793.0571625134503,1.1897748980526734e-10,1.1907873326496862e-10,1.1903283126771482e-10,1.191667754534413e-10,1.1917383400810988e-10,1.1933215259187295e-10,1.1940257076658539e-10,1.1957946215442271e-10,1.1972290180975017e-10,1.1991605424273935e-10,1.2014052980022766e-10,1.2035167183390129e-10,1.2066371831184173e-10,1.2089942317399186e-10,1.2130293999994691e-10,1.215755181430699e-10,1.2207306273839151e-10,1.2240018917008776e-10,1.2299244359016809e-10,1.2339896825641656e-10,1.2408658815498816e-10,1.2460303719509968e-10,1.2538922279716993e-10,1.2605407783124325e-10
2894.6798592487494,1.0428013246718357e-10,1.0434774746648109e-10,1.042896273759346e-10,1.0439129249014084e-10,1.0438549742995242e-10,1.0451495457360239e-10,1.0457122902266468e-10,1.047239301446664e-10,1.0485101346821472e-10,1.0502506191005466e-10,1.0522985002383563e-10,1.0542639914343815e-10,1.0571407373533731e-10,1.0593801169501816e-10,1.0631099574037484e-10,1.0657178373565853e-10,1.0703091794289793e-10,1.0734238011624619e-10,1.0788644791108547e-10,1.0826843399059133e-10,1.0889598494792123e-10,1.0937319929136698e-10,1.1008487396742961e-10,1.1068897522407314e-10
2999.9999999999977,9.1447337748743869e-11,9.1488350524279431e-11,9.1417805196450147e-11,9.1486429274951048e-11,9.1298347205712522e-11,9.1392483492944172e-11,9.1423690824329505e-11,9.1541116157448995e-11,9.1638201173413344e-11,9.1779306951187516e-11,9.1950046950799566e-11,9.2117264660119763e-11,9.2367199521110091e-11,9.2565437595031281e-11,9.2896902969783337e-11,9.3134253925849002e-11,9.3547423922047962e-11,9.3834981019982073e-11,9.432755053023856e-11,9.4681011190960666e-11,9.5249950144296324e-11,9.5688779745416194e-11,9.6332559218708521e-11,9.6882103420602379e-11
