t\s,0,0.04347826082608696,0.086956521652173921,0.13043478247826087,0.17391304330434784,0.21739130413043481,0.26086956495652175,0.30434782578260872,0.34782608660869568,0.39130434743478265,0.43478260826086962,0.47826086908695659,0.5217391299130435,0.56521739073913047,0.60869565156521743,0.6521739123913044,0.69565217321739137,0.73913043404347833,0.7826086948695653,0.82608695569565227,0.86956521652173924,0.9130434773478262,0.95652173817391317,0.99999999900000003
0.0010000000000000002,1.0132109348591989,0.87149373035103339,0.99482859032969273,0.95694862800454683,0.90818481955106745,0.97650769659226988,0.91033273827415551,0.99990451507379352,0.9373942762173828,0.89957460318994542,1.0557932838696793,1.0121649087858327,1.1873345872388423,1.0022719244750142,1.073827289297725,1.2600077821609519,1.043738044056532,1.4938593030763769,1.1097524568545127,1.2602393215647965,1.5436772959543816,0.91117254481559939,3.4609910884382771,0.33417656046050315
0.0010363068525512035,1.0125191505822571,0.87083696740410632,0.99413682801896375,0.95625422356475087,0.90749644147700481,0.97578778330996263,0.90962006203572976,0.99913715733009179,0.9366213552417908,0.89879005402590728,1.0548841373626665,1.0113442287687491,1.1862573271282244,1.0013346042940761,1.0723823755811175,1.2587440104896286,1.0419562692283195,1.4920578679754755,1.1075194585473938,1.3659323396393432,1.5395623955346025,0.90746432914270514,3.4421395092126659,0.3376470787296455
0.0010739318926445826,1.0118022441250645,0.87015636140245411,0.99341984795912186,0.95553454602468846,0.90678318522021684,0.97504196484701922,0.90888201306794836,0.99834242008240448,0.93582111859030237,0.89797798976479637,1.0539410717558653,1.0104890744524049,1.1851363522935561,1.0003621622178276,1.0708818066147394,1.2574306338005705,1.0401056351462454,1.4901842107027434,1.1052030808453752,1.3634862732314303,1.5352928146597833,0.90362024618664094,3.4226238760979868,0.34130667594615183
0.0011129229795208641,1.0110590524137049,0.86945127440824665,0.99267657640004625,0.95478878490423735,0.90604422848033905,0.97426888844074622,0.90811742814083707,0.99751920101074809,0.93499243394692388,0.89713747919813702,1.0529630426592966,1.0095981325688221,1.1839699927741112,0.99935301652424968,1.0693231692243828,1.256065727863426,1.0381836337122348,1.4882346606493186,1.102800655449645,1.3609428193506687,1.5308625820144925,0.89963617015707342,3.4024224110498835,0.34516562837617926
0.0011533297100391751,1.0102885906050343,0.86872046876938414,0.99190631744039148,0.95401604988949551,0.90527869163695118,0.97346795445433543,0.90732549552426911,0.99666665085341366,0.9341346495304983,0.89626780691837027,1.0519486809782812,1.0086695990937375,1.1827559956652856,0.99830633996207929,1.0677041330941712,1.2546471874583716,1.0361877472773049,1.4862063776391707,1.1003086115543228,1.3582986662172942,1.5262662553731161,0.89550712434922985,3.3815130345665239,0.34922045802674795
0.0011952034817644893,1.0094900217871867,0.86796342261331161,0.99110792892586463,0.953215411247199,0.90448565930829039,0.97263837710925971,0.90650537197172021,0.99578378796773404,0.9332467524018252,0.89536804158613048,1.0508968985433889,1.0077021799936183,1.1814925861148957,0.99722058821238591,1.0660226646631017,1.2531731517326365,1.0341147835271736,1.4840963809598477,1.0977239835764596,1.355548950142591,1.5214975862773201,1.1853313588240155,3.3598744426617486,0.35349702770844615
0.0012385975583455986,1.0086622778286323,0.86717919803953702,0.99028045419936905,0.95238588433136395,0.90366435099551135,0.9717789929516174,0.90565621733227886,0.99486961687322761,0.93232781261131059,0.89443714542069674,1.0498062060996247,1.0066938884289094,1.1801778060679435,0.99609419206721483,1.064276142197869,1.2516411336926083,1.0329062249248668,1.4819005578016871,1.09504369655399,1.3526898933664029,1.5165502082209343,1.1807784314229934,3.3374834561441276,0.35800684834958219
0.0012835671372667327,1.0078044996208799,0.8663668961858505,0.98942308117997158,0.9515266732786658,0.90281379988684496,0.97088882540596355,0.90477698879423851,0.9939232495047019,0.93137692453450338,0.8934744161424728,1.0209421544970638,1.0056431386658886,1.1788094108595271,0.99492599573178708,1.0624623243949571,1.2500490904170662,1.0306186702086944,1.4796160720586258,1.0922640549146543,1.3497170450305589,1.5114179857328622,1.1760486054977548,2.6366417145491141,0.3627632848126261
0.0013301694200590472,1.0069159090739106,0.8655257387608869,0.98853479144139111,0.95063670607602813,0.9019329834625408,0.96996696850229647,0.90386686481473255,0.9929436079788041,0.9303929634736271,0.89247864438589808,1.0196308106460243,1.0045478888669859,1.1773854290252856,0.99371454517061331,1.0605784992888445,1.2483947134968583,1.0282447304181606,1.4772392244753547,1.0893821179837095,1.3466263450558529,1.5060946569672069,1.1711353844547716,2.6159156496992182,0.36777938321203862
0.0013784636850612507,1.005994562471761,0.86465442876743581,0.98761455173975321,0.94971508200216759,0.90102104480022249,0.96901241729511067,0.90292487302683444,0.99192974332178707,0.9293752450521211,0.89144923275214616,1.0182717922513866,1.0034062091951821,1.175903071054071,0.99245815849248764,1.0586219667460028,1.2466755273792609,1.0257811592043673,1.4747662833239232,1.0863942477181503,1.343412437724183,1.5005736895069788,1.1660321828015583,2.5945000728743253,0.37306985812890403
0.001428511362821959,1.0050403614697654,0.86375244148241648,0.98666140475527708,0.94876074505286057,0.90007703297350161,0.9680241345575924,0.90194994492469172,0.99088070987256716,0.92832245505037381,0.89038507067377193,1.0168634520305773,1.0022163556498178,1.1743601497629594,0.99115557911712493,1.0565902358120773,1.2448892598105785,1.0232254514355965,1.4721930390147193,1.0832965636511105,1.3400711842717783,1.4948476909079318,1.1607320201039215,2.5723771641905842,0.37864811290849332
0.0014803761142396545,1.0040517593624099,0.8628185877052168,0.98567404514252566,0.94777268576178175,0.89910002928778909,0.96700102063177606,0.90094111026476353,0.9897951503033191,0.92723407065845531,0.88928520564521918,1.0154043498062819,1.000976093289486,1.1727547859786149,0.9898050785669934,1.0544804627180362,1.2430334128628435,1.0205738578136714,1.4695159695552888,1.0800861241072646,1.3365976688085084,1.4889103327936937,1.1552284062013314,2.5495282762299212,0.38453041525863796
0.0015341239115396782,1.0030280865021499,0.86185225784833164,0.98465175919348358,0.94674989721720448,0.89808890785623341,0.96594226706975927,0.89989767080906835,0.98867233369335317,0.92610863380969588,0.88814900601732472,1.0138928556421725,0.99968310267414218,1.1710837314198326,0.98840515016047448,1.0522899026209913,1.2411051392832588,1.0178232390834268,1.4667307786018355,1.0767586748799767,1.332986708312788,1.4827539892384607,1.1495144323290276,2.5259351757836157,0.39073213354460279
0.0015898231221912246,1.0019679886059798,0.86085211457719502,0.9835933693986183,0.94569137074807863,0.89704288837841939,0.96484670406890949,0.89881843275983853,0.98751117855622939,0.9249454270417885,0.88697526956246886,1.0123273713915246,0.99833533296118482,1.1693446466478665,0.98695431203728745,1.0500153586888743,1.2391022303105821,1.0149700613032433,1.4638331714028183,1.0733110257657845,1.3292327985467409,1.4763722449351917,1.1435828045643746,2.5015797472601662,0.35541924536762792
0.0016475445958711165,1.000870365241056,0.85981741949585655,0.98249779830178863,0.94459618263717404,0.89596103181263298,0.96371309343662048,0.89770253107263587,0.98631055965205228,0.92374349574777903,0.94878028036294015,1.0107057991660469,0.99693060183058968,1.1675349827635042,0.98545095377062708,1.0476542860318112,1.2370215839257881,1.0120112072435816,1.4608189125437931,1.0697392152809817,1.3253314607180755,1.4697576016035896,1.1374262455401265,2.4764449932022217,0.36134502606520869
0.0017073617545849409,0.99973450320432278,0.85874717118957211,0.98136390615562075,0.94346320739519096,0.89484203063212731,0.96254080413794174,0.89654885887507008,0.98506953147139109,0.92250195464360696,0.9472853177364331,1.0090272561142868,0.99546631505514149,1.1656517741087917,1.0276298397181156,1.0452033007436228,1.2348606594191871,1.0089429416809264,1.4576833719877555,1.0660394824118011,1.3212767373923384,1.4629026894134824,1.1310380382277287,2.4505135005515513,0.36758880911000347
0.0017693506860602217,0.99855857901955503,0.85764041705911531,0.9801908549124585,0.94229144073250048,0.89368513838545383,0.96132851552623499,0.89535663431785084,0.98378721383066603,0.92121961576755651,0.94573993412925805,1.0072897333598512,0.99394009950639628,1.1636922329604822,1.0259222426638348,1.0426592023263339,1.2326170218606269,1.005762133782178,1.4544222539232123,1.0622082495765861,1.3170633530915694,1.4558002678649871,1.1244108368550201,2.4237681176828119,0.37415920272708547
0.0018335902405303805,0.99734215417967498,0.85649628254449217,0.97897738300666326,0.94108007452299391,0.89248962539694199,0.96007526595955106,0.89412491504286962,0.98246235944708937,0.91989584441734307,0.94414275686967652,1.0054915736739751,0.99234944556955185,1.1616535861906101,1.0241549192582213,1.0400194729774128,1.2302873251705524,1.0024647581633808,1.4510306814595637,1.0582419479051959,1.3126858340353351,1.4484433446548053,1.1175377770168495,2.3961936362125016,0.38108269556366281
0.0019001621310326443,0.99608395794314397,0.85531386870845272,0.97772252182224051,0.93982778226132413,0.89125429649351984,0.95878028030313267,0.89285286535881336,0.98109416858733267,0.91852975201983211,0.94249276226724876,1.0036313033120976,0.99069162858035398,1.1595328488120096,1.022326342468157,1.0372803956516954,1.2278691943798405,0.99904772430723554,1.4475039868130111,1.1174325712925353,1.3081381833980288,1.4408243901901301,1.1104116672277371,2.3677740003263352,0.3883729280513819
0.0019691510373474265,0.99478290790900559,0.85409229509476192,0.97642526768568771,0.93853397335403421,0.88997844426225325,0.95744247202640054,0.89153943765262023,0.97968184769082223,0.91712043892442374,0.94078892013333792,1.0017072309561854,0.98896417904042799,1.1573268459882957,1.0204351624535712,1.0344388629841781,1.2253597287087112,0.99550731478580268,1.4438375010277156,1.1126946851295771,1.3034150826455004,1.4329363263045138,1.103025893623311,2.3384953444128769,0.39605162069685207
0.0020406447137114505,0.99343813241523193,0.85283065530529867,0.97508474174938709,0.93719765216126827,0.88866118795501658,0.95606074477890157,0.89018402716653389,0.97822439207991296,0.91566721590575972,0.93903011213939291,0.99971807058474482,0.98716417207978324,1.1550325870297176,1.0184798752543762,1.0314918398383135,1.2227557261962436,0.99184013361791568,1.4400260945892214,1.107794059274263,1.2985107183651934,1.4336982223089052,1.0953736372779872,2.3083446371742866,0.40413771634342766
0.0021147341004415644,0.99204853242925672,0.85152835261400395,0.97369997295632515,0.9358178400363657,0.88730174529284656,0.95463453538848864,0.88878586125453873,0.97672103436375579,0.91416946839704982,0.93721514928392802,0.99766210928699373,0.98528923030207594,1.1526469684014362,1.0164590542604406,1.0284360915242274,1.2200550319871368,0.98804270448642306,1.436064970482164,1.1027267634226214,1.2934195264281385,1.4249007889247167,1.0874490811075646,2.2773108324108762,0.41265962232040465
0.0021915134396113,0.99061331686565346,0.85018454144910915,0.97227008185288533,0.934393964207761,0.8858993556149457,0.95316293629769078,0.8873442746043636,0.97517103946222505,0.91262660372041182,0.93534339106158226,0.9955382323785873,0.98333605043803018,1.1837926941487797,1.014371342321351,1.0252683617187976,1.217254371233258,0.98411172660840407,1.4319492580152939,1.0974896307267261,1.2881355988047716,1.415808419651853,1.0792457777754692,2.2453824709809851,0.42163343770388906
0.002271080394927248,0.98913147339817975,0.84879856189240999,0.97079420036225805,0.93292500072955431,0.88445350757322583,0.95164514616103624,0.88585857336988882,0.97357401739371641,0.91103806348328686,0.93341388760313349,0.99334500810568649,0.98412359915108905,1.1813289644401141,1.0122156618620957,1.0219856716886078,1.2143510895532499,0.98004379975928035,1.4276739302432304,1.0920787620627048,1.2826534809200467,1.406415209950822,1.07075873423085,2.212552882358068,0.29934527744026695
0.002353536175957802,0.98760226573485888,0.84736986351106891,0.96927157896846694,0.93141056004582257,0.88296349230668036,0.95008074112807783,0.88432836834288864,0.97192908402911904,0.90940356616385976,0.93142620880542215,0.9910813624742314,0.98182260647566011,1.1787645883946709,1.0099908776983688,1.0185847301327655,1.2113429401421858,0.97583617548486767,1.4232338774973883,1.0864912604839954,1.2769676980069846,1.3967162161797546,1.0619825118267556,2.1788149148574121,0.3085046347600553
0.0024389856668722248,0.98602520313987618,0.84589795458133532,0.96770172016294875,0.92985007692191068,0.88142892081880742,0.94846895945934584,0.88275326762864348,0.97023615069856017,0.90772285149901744,0.92937958532676523,0.98874611900918197,0.9794359163549391,1.1760965764974767,1.0076962739868729,1.0073534831178392,1.2082270163597337,0.97148533496209488,1.4186250850395936,1.0807247671743117,1.2710728502305386,1.3867064040927914,1.0529132772411742,2.1441649492235229,0.31822250670148833
0.002527537559853855,0.98439948520630161,0.84438254384129008,0.96608405625937621,0.92824306699915959,0.87984954617015609,0.94680972899624827,0.8811330004061928,0.96849482833309963,0.90599576649793934,0.92727398816083673,0.98633865969856416,0.97696125302712566,1.1733212861166447,1.0053311339837296,1.0037761406352175,1.2050012267921022,0.96698888762824886,1.4138420057835006,1.0747764003227434,1.2649639895791864,1.3763817775726608,1.0435475244013901,2.1086029769953711,0.32852494013633304
0.0026193044933570972,0.98272474153638711,0.84282336173905248,0.96441817545160458,0.92658939239524951,0.87822511944922832,0.94510234252300585,0.87946748405798392,0.96670504182537798,0.90422237087590618,0.92510902753594415,0.98385817162941436,0.97439650701184455,1.1704352582865543,1.0028948450596826,1.0000721489031221,1.2229315261404035,0.96234456782727396,1.4088806744015585,1.0686447667255798,1.2586366905371165,1.365739514304849,1.0338827302177833,2.0721319296126239,0.032075708655568747
0.0027144031953841201,0.9810007430788481,0.84122036341747763,0.96270381868862387,0.92488880080248537,0.87655563672142844,0.94334720086934087,0.87775694754611966,0.96486699712384016,0.90240314934714838,0.92288519171634831,0.98130442963892506,0.9717397112186994,1.1674354073672735,1.0003870321083164,0.99623864661118233,1.2191077419240914,0.95755004624782636,1.4037365193916429,1.0623282055450296,1.2520856867411965,1.3547774107773023,1.0239175813034649,2.0347550697845236,0.036832736592074866
0.0028129546319634463,0.97922732896284792,0.83957375068003759,0.96094103409265763,0.92314151695189151,0.87484158068205442,0.94154429172850929,0.87600166075607844,0.96298086617924961,0.90053870904465483,0.92060268002813639,0.97867729929881442,0.96898889281300526,1.1643185784050853,0.99780821643369999,0.99227345324109706,1.2151507594528554,0.95260372697783424,1.3984058728362356,1.0558265499378443,1.2453077026515018,1.3434944884994735,1.0136524414472632,1.9964844061569238,0.042443351436318721
0.0029150841610193702,0.9774045417123105,0.83788379951469827,0.95913005399050455,0.92134776220729275,0.87308292623221029,0.9396938611692649,0.87420200972973705,0.96104753147343969,0.89862975662863653,0.91826224917258803,0.98708724489771349,0.9661423530948543,1.1610816613107833,0.99515856189950613,0.98817446890937077,1.2110583280343092,0.9475039783006407,1.4183521910802313,1.0491393864665979,1.2382996144548315,1.3318903977847611,1.0030878665187117,1.9573345064873138,0.04897298184515364
0.0030209216918278487,0.97553283938665558,0.83615106032267672,0.95727116607258367,0.919508233173017,0.87128072374503951,0.93779663180620876,0.87235902612673577,0.9590677048550873,0.89667730540232893,0.9158650212825723,0.98379831716792943,0.96319858526388114,1.1577217878422843,0.99243892279577139,0.98394008794746668,1.2068286907755998,0.94225071345344347,1.4129415406528167,1.0422682967555426,1.2310583706368163,1.3199679793305847,0.99222784263010055,1.9173237591371617,0.077520921976628188
0.0031306018502617766,0.97361267673859153,0.83437646427982304,0.9553651058908752,0.91762362933272179,0.86943568390770098,0.9358535746134482,0.87047371669784102,0.95704253543834561,0.89468307316350493,0.91341264996701899,0.98042525301218397,0.96015678057908005,1.154236073165368,0.98965076181784117,0.97956861529632988,1.2024604816415494,0.97158908814124345,1.4073301279142498,1.0352147891412582,1.2235816403720463,1.3077301731098885,0.98107741950799721,1.8764778204470076,0.088297609080456141
0.0032442641500357553,0.97164530024884499,0.83256122597001669,0.95341292060272309,0.91569521348981187,0.86754929856083707,0.93386582980085464,0.86854764547341734,0.95497378715688352,0.89264866596923786,0.89036301209894042,0.97696995652159302,0.95701570993917073,1.1506224291684761,0.98679582772093954,0.97505954539377981,1.1979526173531638,0.96688020242724093,1.4015144841423961,1.0279821452435056,1.2158690696859367,1.295182632599321,0.96964395489047206,1.8348267527694588,0.10024534789721429
0.0033620531701682613,0.96963162983029783,0.83070679353062293,0.9514159630309269,0.91372454126550273,0.86562315080611796,0.93183503728940842,0.86658268879965183,0.95286335730262683,0.92211421366574808,0.88759200568695784,0.97343475184550776,0.95377510946944355,1.1468786422331938,0.98387677404379459,0.97041257704873018,1.1933048538641191,0.96203602645153552,1.3954918151231723,1.0205746570955689,1.20792035546107,1.2823333932251018,0.97640992556756601,1.7924095052455868,0.11343458971646214
0.0034841187388868658,0.96757363814840325,0.82881518854803238,0.94937609224653308,0.91171361536690521,0.86365950260305446,0.9297634906014034,0.8645811151120798,0.95071373391927283,0.91952067363530532,0.88475531088261938,0.96982259784945946,0.95043509315462593,1.1430034992299483,0.98089618500801801,0.96562813131696146,1.1885176555188897,0.95705851080435522,1.3892603858457804,1.0129979989497835,1.1997375350807999,1.2691923636427873,0.96273442146100052,1.6779322066491886,0.12793608480063767
0.0036106161242105187,0.96547324146686364,0.82688868889572698,0.94729545091960965,0.9096647692056179,0.86166071863659055,0.92765359316377349,0.86254574953138419,0.94852804330835472,0.91687626751157336,0.88185567770783369,0.96613711564014704,0.94699612892904472,1.138995361897237,0.97785857508637031,0.9607074465886285,1.1835919233019596,0.95195071684662835,1.3828195415925535,1.005259956119553,1.191322728857898,1.2557729975339669,0.94879464792983725,1.6298605352839104,0.14382371131659966
0.0037417062314512271,0.96333322888429862,0.82493019723553518,0.94517682277989401,0.90758114069661522,0.8596300766468089,0.92550849696361226,0.86047994323294241,0.94630987253385701,0.91418478786197699,0.8788960075885438,0.96238326503878469,0.9434596789784111,1.1348541216757759,0.97476815468551459,0.95565278720011193,1.1785299691407267,0.94671675431889213,1.3761687789790642,0.99736948618550203,1.1826802396201828,1.2420916845556462,0.9346110642976555,1.5813732338297086,0.18507778550878129
0.0038775558078864491,0.96115690001785303,0.82294334243591849,0.94302365331197713,0.90546631204519035,0.85757115637392523,0.92333192535850728,0.85838769546773186,0.94406344471079606,0.91145046080912695,0.8758805346183608,0.95856647951162266,0.86363237976564244,1.1305796484119917,0.97163115164023983,0.95046718926078455,1.1733343927170625,0.94136228582499371,1.3693097060213546,0.92157086569920121,1.0905521981424897,1.2281683863423538,0.92020808220478756,1.5325736425758123,0.20377298773689745
0.0040183376548624441,0.95894795618321105,0.82093196452755357,0.94083986411024156,0.903324177859679,0.85548839670540622,0.92112827724564994,0.85627375273511719,0.94179374269646665,0.90867858682871816,0.87281405353468888,0.95469361433807531,0.86001687708048768,1.1261730871847409,0.96845420414168304,0.94515500721434265,1.1680094169113271,0.9358943071424104,1.3622451402194713,0.91424612693959695,1.0799395341894424,1.2140270400728284,0.90561432447719881,1.4835807570973429,0.22370527730936374
0.0041642308475984867,0.95671114433733706,0.81890096476177077,0.93863025188021076,0.90115998854448209,0.8533870188287217,0.9189027920653583,0.85414354749984978,0.93950653979406562,0.90587518109206377,0.86970229113565101,0.95077260502853989,0.85633836618868653,1.1216360706249686,0.9375226043248408,0.93972220501396109,1.1625609332056939,0.9303218174999035,1.3549792410622281,0.90683369811321413,1.0690957219291732,1.0392010572510486,0.8908627759771548,1.4345250919047885,0.24464885143743231
0.0043154209629714174,0.95445178611334924,0.81685601177350164,0.93640034128355154,0.89897955850410871,0.85127274707847878,0.91666140842990096,0.85200321333634721,0.93720888745757458,0.90304738956997599,0.86655216810894342,0.94681274144403549,0.85260354948404693,1.1169717838555293,0.93418297245164927,0.93417540550746025,1.1569954008944372,0.92465499249444605,1.3475182797929435,0.89935203902479,1.0580345032608349,1.0264862463014488,0.87599212321337205,1.3855544927221217,0.26696602957952109
0.0044721003155703968,0.95217629704571038,0.81480343822737744,0.93415659828571318,0.89678942991397914,0.84915253749376018,0.91441111164963917,0.84986014317122316,0.93490823497062747,0.90020363675595449,0.86337179612445614,0.94282508093884321,0.84882101111889385,1.1121842098776797,0.93083536234819031,0.9285242249051997,1.1565949194292227,0.9189068299566614,1.3398701787782059,0.89182290970862077,1.0467730045023984,1.0137475360486352,0.86104582779053729,1.3368296735790182,0.29005790551411792
0.0046344682023220004,0.94989189785072803,0.81275045177729388,0.93190627161886219,0.8945974906019114,0.84703416744496185,0.91216003473412322,0.84772270307733821,0.93261341857902114,0.89735334812374368,0.86017035965369926,0.93882210020714751,0.84500051296816414,1.0477933769547239,0.92749276058536301,0.92277894860236032,1.1513669943587064,0.91309250472004688,1.332045859517887,0.88427106086057883,1.0353316451569157,1.0010296766465316,0.84607380338389859,1.2885283878954397,0.31404866816626509
0.0048027311559969499,0.94760702396511221,0.81070575556015501,0.92965820906787755,0.89241226778870786,0.84492649735848524,0.90991709940891585,0.84560009412519022,0.93033459655249118,0.89450749180334177,0.85695867129349668,0.93481813005739056,0.84115338675509577,1.0431589689135645,0.92417000643869085,0.91695281844330623,1.146052152346591,0.90722950488763221,1.3240586717381078,0.87672424857301756,1.0237347670894223,0.98838427095483894,0.83113145843797653,1.2408464704445237,0.33944605333795153
0.0049771032079208013,0.94533123998871105,0.80867880207933229,0.92742198533295905,0.89024400068413623,0.84283979332650905,0.90769267516673136,0.84350299337392753,0.9280831521019195,0.9309835426733104,0.85374911668801112,0.9308296306447339,0.83729282307907393,1.038428447893228,0.92088389279420779,0.96827173262899358,1.1406641172725092,0.90133865390471968,1.3159247238629668,0.86921476236365969,1.0120102678706999,0.97586891432659328,0.81628147136637885,1.1939953716673699,0.3662509502089506
0.005157806160222907,0.94307558958458593,0.80668050512117351,0.9252087741721553,0.88810395156957567,0.84078532715773802,0.90549882553624172,0.84144345805609466,0.92587176998949738,0.92700985465387764,0.85055574705115089,0.95112254735682711,0.83343423675481487,1.0336119573111358,0.91765342404490513,0.96150227166452851,1.1352187533734646,0.89544362818150169,1.3076633505110848,0.86177800725784337,1.0001912893024212,0.96354782355532276,0.80159370492259363,1.1482059829023115,0.47476341708352265
0.005345069867969808,0.94085222062337159,0.80472296119959275,0.92303097918927612,0.88600483510274086,0.83877622228259174,0.90334828490541152,0.83943485511207583,0.92371490512156917,0.92302064378005877,0.8473945125140685,0.94681504457552734,0.82959517891995738,1.0287214816326422,0.914499892269237,0.95467475851011674,1.1297344803400908,0.88957157495378647,1.2992978082680793,0.85445446853580975,0.98831519419385927,0.95149360755857515,0.78714499370812341,1.1037275457703686,0.50311768862934514
0.0055391325315420729,0.93867536199702428,0.80281994073218288,0.92090273379285748,0.88396109847613402,0.83682664665235895,0.90125625175201485,0.83749233084820751,0.92162863125463224,0.91903216964586165,0.86416060774471648,0.94256455684890561,0.82579556422816891,1.023771032077093,0.91144723578092202,0.94781318310538509,1.1242328538054931,0.88375347121602266,1.2908553544735142,0.84728926193993104,0.97642429456445257,0.93978548259138872,0.77302005830424303,1.0608277689405554,0.53233368370206335
0.0057402409996263441,0.93656039538032232,0.80098671976641267,0.91883987808031087,0.88198867991327301,0.83495272825499034,0.89923898545331316,0.83563271727372745,0.91963098050689984,0.91506329790831753,0.86032146542338206,0.93839690858012836,0.82205776939445774,1.0187773733449372,0.90852194288053267,0.94094439570349753,1.1187382883987813,0.87802399118135277,1.2105558782362316,0.840331347359907,0.96456763624578201,0.9285122819405347,0.75931118429923039,1.0197920395349342,0.64570229343848951
0.0059486510832081497,0.93452503298564515,0.79924041673707913,0.91686021233988413,0.88010550615079164,0.8331725418988517,0.89731537640939241,0.83387447693286165,0.91774165005644592,0.91113577771043341,0.85652409029436016,0.93434122562036126,0.81840745956867955,1.0137602038938223,0.8569468197047263,0.93409957083220663,1.1132793508218999,0.86642610859310687,1.2022487662700279,0.83363586901223741,0.99187824964280935,0.91777181864799318,0.74611951024819345,0.98092594220469209,0.67062415472400971
0.0061646278809647488,0.93258865916006251,0.79759971362965965,0.91498292760258071,0.87833140448409897,0.83150558599677393,0.89550560204888541,0.83223867357452164,0.91598289419610213,0.90727354721185294,0.85279161735779552,0.93042953041058718,0.79910868870892082,1.0087418974778073,0.85405500219344788,0.92731431480030979,1.1078876426145263,0.86163228629216659,1.1939977454740998,0.82726314818848934,0.98129944808209757,0.90767081118759685,0.73355344496053287,0.94455070597905433,0.5417445681805475
0.0063884461164719786,0.93077288034931804,0.79608569318011624,0.91323017866035627,0.87668832501661842,0.82997409523933408,0.89383244570910758,0.83074755812534096,0.91437872428940459,0.9035040391709328,0.84914989145114306,0.92669762090971197,0.79587877861091294,1.0534977446693112,0.85138678588654537,0.9206281467801265,1.1025993314493026,0.8570834459844705,1.1858506271164764,0.82127864176680276,0.97090970116447295,0.89832638752145044,0.67979778227886256,0.91100553805856066,0.56975105719561725
0.0066203904876540346,0.92910164769897818,0.79472116453478947,0.91162596607310409,0.87520035144374564,0.82860210227850861,0.89232074466575195,0.82942631399679012,0.91295595398948137,0.89985782980362794,0.84562758609744759,0.92318481636174765,0.79285088320865915,1.0490137405900519,0.84898180607209683,0.91408534812732922,1.0974543474022211,0.85283310102339627,1.177860375215019,0.81575372936030277,0.96078330841224613,0.88986616313429623,0.67177052028064499,0.68158489856784854,0.51183092076121284
0.0068607560289206783,0.92760109656194167,0.79353126883805802,0.91019628004250563,0.87389389215456947,0.82741568064127169,0.89099780646093052,0.82830239766779412,0.91174364989167112,0.89636898140492594,0.84225668477059723,0.9307932649954157,0.79006602703273798,1.044607539726325,0.84688386995769838,0.85222727878504312,1.0924974205892899,0.84893960293413873,1.1700871349849056,0.83462598049086978,0.95100314937678831,0.88242884410204447,0.66477748766231959,0.65350442043137491,0.54392907644046318
0.007109848486452487,0.92630007803188796,0.79254332948399564,0.90897031153389385,0.87279798130705677,0.82644361221566209,0.8898933993367204,0.82740522530907501,0.91077346548179916,0.8789999102900099,0.88861522905864365,0.92812674993772615,0.78756950471198139,1.0403149886314882,0.84514024608850224,0.84656997294166103,1.1401344332632779,0.84546608861473693,1.1625967104218642,0.83152756588935617,0.94165993643447621,0.83212618925706372,0.65896682011722396,0.62854333097635617,0.57759800377516513
0.0073679847071115197,0.92522970335513044,0.79178735415367685,0.90797920911341023,0.87194367993815824,0.82571710610800952,0.88903990511192044,0.82676714579050459,0.9100797603562456,0.87445625012014938,0.88551790202525349,0.92577399190891541,0.7854108001586233,1.0361761339587492,0.8438022980455866,0.84121927193012003,1.1363046740989939,0.84248087704792063,1.1554620779268685,0.82919080953428193,0.9328531400191622,0.82680908772483308,0.65449409846274564,0.60705392100720701,0.61475973924757454
0.0076354930414721384,0.9244242477315554,0.79129507713423086,0.90725689215766092,0.87136503030779355,0.82526948281149282,0.88847207123954997,0.82642285277191774,0.90969918264862115,0.8700843794912112,0.88262236004771966,0.92378514577807458,0.78364381185854604,1.0322352809116051,0.84292534229504756,0.83623846441354899,1.132836728023803,0.84005804875800472,1.1771958988813154,0.82771560005437905,0.92469130345464379,0.82293023535328036,0.65152405678056802,0.58940376780549286,0.66221204419662172
0.0079127137614846063,0.92391941459928351,0.79110118513756456,0.90683991601502534,0.87109826356651987,0.82513686207538006,0.88822756087965793,0.82640929237434524,0.90967170383827312,0.86593021239646317,0.8799699559506674,0.92221458124808309,0.78650913414547741,1.0285414525750145,0.84256863964250428,0.83169648599750057,1.1297940884757338,0.80158164073877991,1.1708743286088463,0.82720827864817892,0.91729148141039474,0.82066494583051686,0.65022735157115896,0.57597830518136561,0.77313513735361994
0.0081999994933027124,0.9237549681598205,0.79124232998004773,0.90676743817716954,0.87118224525731058,0.82535755093222662,0.88834632062261409,0.82676633754405293,0.91003913711313056,0.86204401059304825,0.87760605439831529,0.92111995274732728,0.78460355951621152,1.0251481490421925,0.84279506723995468,0.82766802585199206,1.1272460511737181,0.80033332018970782,1.1651580509307635,0.82778073627792992,0.91077945278304995,0.82019634890410664,0.65078040218368471,0.56717963610041977,0.83180398448894266
0.0084977156658260031,0.92397221848287536,0.79175723416824551,0.90708071646597066,0.87165798850089016,0.82597207198995082,0.88887056323594038,0.82753546042773318,0.91084622772796597,0.87168400291299397,0.87557907340105523,0.92056295944352806,0.78327976131902843,1.0221131283659632,0.92373756060236989,0.82423247391462784,1.1252657594737465,0.79990489737837756,1.160150215310761,0.82954987960630433,0.90528967525823134,0.82171722729152208,0.61605988112732035,0.56342665092314803,0.67151867006987231
0.0088062409755271989,0.92461492760933606,0.79268684372267662,0.90782351360800151,0.87256872592055434,0.82702280576360854,0.88984490050701293,0.82876069409759678,0.91213919174389568,0.86808049465048898,0.87394115763315583,0.92060832857275754,0.7826126690501094,1.0242958253527101,0.92456543068721686,0.82147477048256756,1.1258422409458042,0.8003879214125238,1.1559608810719233,0.93580934717974174,0.9847714154225109,0.82542665042231889,0.61758628640871116,0.73463227229152039,0.79518687231984586
0.0091259678681560284,0.92572890478496284,0.79407357563055903,0.909041420398633,0.87395916197520473,0.82855405396724946,0.89131552981058215,0.83048729343230632,0.91396663125566224,0.86485028943906173,0.89795898556875109,0.93946855460754719,0.7826810538022051,1.0222648832712533,0.92616384650254169,0.81948417791771977,1.1245827717574444,0.801876930366614,1.1527067972250578,0.94025399112139496,0.97992298601157302,0.98815892958719331,0.62150665591214427,0.75336273607051396,0.83527294594796331
0.0094573030379321976,0.9273613805398977,0.79596080951187975,0.91078132121467203,0.87587554937814871,0.83061094140491631,0.89333000305116483,0.83276173702834688,0.91637773961931646,0.86205819380118687,0.89760046407894212,0.93947923579066739,0.78356713236947817,1.0208259998625775,0.92860933274980617,0.83471548442729882,1.1240841913528312,0.80446752672826349,1.1505095483398939,0.94619309569581844,0.97655958031278622,0.99795797666077135,0.62804982571798318,0.77836013172341723,0.94752502251367332
0.0098006679448624564,0.92956029595600276,0.79839246660117569,0.91309107339121387,0.87836467785520145,0.83323915020541262,0.8959363705637029,0.83563095415500144,0.91942242146865583,0.85977371783271916,0.89769374345538111,0.94017835730971644,0.78535576553139563,1.0200555279381853,0.9319801287383207,0.83559877503618907,1.1244277774894513,0.80825621101001843,1.1494951384681613,0.95373501349637024,0.97484749463881037,1.0107356003448729,0.63744647406923305,0.8099060280350443,0.97860946290256834
0.010156499350839883,0.93237417088085373,0.80141263071726065,0.91601834202603283,0.88147279592346073,0.83648428646221462,0.89918262903140511,0.83914132907186056,0.92314952909611392,0.85807028530929763,0.89828711117197102,0.94163081618222577,0.78477494394332226,1.0200313614943886,0.91832282902752027,0.83758621241907871,1.1256938542427841,0.81333777006456032,1.1497920498049048,0.96298251845301763,0.97495638385541206,1.0266993322032647,0.64992237346409887,0.84826766113334884,1.0034096147028322
0.010525249875207218,0.93584953975473595,0.8050635801152799,0.91960980811487936,0.88524531735201717,0.84039013572466015,0.90311497264701035,0.84333774978198062,0.92760708818400484,0.85702515164071968,0.89942930909566066,0.94390174743951505,0.78786059640850326,0.96539709920819516,0.92236575919672248,0.8407785947634876,1.1279612973141724,0.83873231296858108,1.1992207654419187,0.97402773379846508,0.977054749820776,1.0460491837070833,0.66569673258637652,0.89369782311655399,1.027401603306771
0.010907388570490948,0.94003199542582738,0.80938537529596033,0.92390951286819833,0.88972484985266242,0.84499787482381672,0.90777769525960794,0.8482620339947653,0.93283884180711196,0.86785174154184119,0.88407531695279928,0.9865394050450611,0.79207556052345396,0.96820555643701189,0.9274480310318296,0.84527511392637589,1.1313042907364554,0.84940356819653218,1.2043793711981077,0.9869501988339664,0.9099983538193861,1.0689699147694967,0.68497433115865958,0.94643143342347003,0.96235567998792249
0.011303401519038452,0.94496232054044782,0.81441393027667797,0.92895824001485017,0.89494967978625495,0.85034434817025994,0.91320960437063714,0.85395117157169431,0.93888416574343481,0.86903284696691774,0.88639596082445316,0.99031325378449697,0.79750253368696278,0.97208478232529272,0.93363316902649274,0.94037373716844463,1.1357897185420978,0.86177921332449614,1.2112893524309627,1.0018113850318571,0.91472891582470517,1.0956260508260129,0.70793882936041186,1.0066860216387568,0.97906933315834976
0.011713792451317229,0.9506761317070519,0.82017910027677221,0.93479023375200909,0.9009520309814989,0.85645997418730024,0.91944362640879007,0.86043564108489723,0.9457744346113226,0.87097426493994501,0.88934815544590862,0.99497463605963432,0.80422009215499912,0.97710706174440232,0.94097784786828953,0.9484723727505262,1.0529539550600751,0.87593550825608091,1.2200580696786618,1.0237589419472215,0.92160930267893981,1.1261549033335143,0.74512629271049491,1.0746565780038964,0.93320396704393715
0.012139083386662601,0.95720054602165994,0.82670284338394318,0.94143180695595285,0.90775559416881357,0.86336660674481269,0.92650384610055203,0.86773658015519173,0.95353183693681864,0.91814248030251377,0.89295897351276921,1.000561798665661,0.82381940840693346,0.98333662016194134,0.94952875313224894,0.95804449670761294,1.0620694970235283,0.89193111875552233,1.2307749854601053,1.0443147429588748,0.93072611726864984,1.0913779906258867,0.77093832645385874,1.5540781614191701,1.1506347461610176
0.012579815297288934,0.96455204011014772,0.83399619906718048,0.9488982668502246,0.91537281363896295,0.87107463745887515,0.93440220556091924,0.87586293934011694,0.9621650137845098,0.92230989789529971,0.89724777195322147,1.0071026867423232,0.83393018589186596,0.99082548925335501,0.93009801922838165,0.96913038723794465,1.0726512718154968,0.96897101856978196,1.1347002880160291,1.066915689047562,0.94214226219798292,1.1245584700738789,0.80005386309721871,1.6614121424602217,1.2616056441903538
0.013036548796408986,0.97273387155662294,0.84205682278140692,0.95719092435102959,0.92380175755793204,0.87957994978661436,0.94313628035284003,0.88480880938375117,0.97166625747903823,0.92727101459727379,0.89572376909522999,1.0508790387016766,0.84545302067094497,0.99206408612776242,0.93908503672926713,0.98174733024830729,1.0847203180943641,0.98818022183540677,1.1486191908844932,1.0915029879552947,0.95589063831072352,1.1613998271484434,0.83238542089586076,1.7775722054997232,1.403216957876225
0.013509864851336774,0.98173118720602215,0.85086559133997319,0.96629386559124153,0.93302309440290498,0.88886099247506767,0.9526847163957608,0.89454901760680539,0.98200780505586804,0.93303310028436215,0.9037631287528729,1.0612870491655766,0.85840794055459924,1.0046238751395276,0.94922645015279983,0.99588462824690893,1.1392426906983686,1.0091830566919455,1.1647159727906078,1.0428177480793579,0.9719673942815632,1.2018841208972049,0.86777404067268549,1.9020821849433105,1.5235618606116077
0.014000365522480943,0.99150877464267473,0.86038267658023493,0.97616974581268601,0.94299573025332561,0.89887420688875697,0.96300380034275335,0.9050358533216869,0.99313742693616947,0.93958727292315913,0.91255036181150473,1.072497214137675,0.8727906775386387,1.018666031116426,0.96050427029215513,0.98705933353343056,1.1548983641580008,1.0318956534708406,1.1829722869140753,1.0716608550608555,0.98295103515265181,1.2459358779005356,0.88066677956721762,1.54705180891699,1.6313730780575497
0.01450867472916862,1.0020061491764822,0.87054456943457836,0.98675622117789152,0.95365314078732322,0.90955081084064737,0.97402335558893793,0.91619480314466184,1.0049738870278802,0.94621966679134673,0.96674119337192987,1.0598160592647172,0.88495237530198523,1.0299783385152244,0.98877149091714145,1.0046767714094997,1.1721232674803597,1.0561809855571411,1.2033175192420931,1.1023984811152445,1.0099020063864894,1.3070776774222281,0.93175473004928477,1.6450387215639921,1.2045556855895256
0.015035439043273929,1.0131335793053811,0.88125942443956795,0.99796129853873261,0.96489942750468582,0.9207920131989713,0.98564226872531147,0.92792024525811367,1.0174029384899548,0.95695240891860678,0.97935611382418131,1.0714967939468014,0.89919754309965327,1.0465487879427202,1.002509062765931,1.0234925000416126,1.1908050855398491,1.0075226567969935,1.1697241673871028,1.13479662626753,1.0394712811324021,1.3590177441970468,0.98666775392367256,1.7469825852554095,1.2844967783221364
0.015581328511660681,1.0247682008422652,0.89240388422792272,1.0096598450043017,0.97660518016693398,0.93246647183853071,0.99772469313390499,0.94007170114168748,1.0302728772269512,0.96818038970198828,0.99258513800471082,1.0834527221437487,0.91436214109188541,1.0645424436385968,1.0171146453783457,1.0474216858238918,1.2084576456495739,1.0321800370896952,1.1961897031639666,1.1685401192122526,1.0714452968284616,1.413179894693485,1.044956823631459,1.8523123201495082,1.3346621151165436
0.016147037508485406,1.0367506023987811,0.90381967565761911,1.0216897670326297,0.98860401887103233,0.94440544221355971,1.010096361644742,0.95247010129656928,1.043391079424866,0.98552795783364644,1.0062470193435082,1.0954718188036949,0.98996645546319684,1.0837892843967811,1.0525442172539172,1.0701028583513121,1.2301002124493827,1.0575847337800468,1.2244293430630604,1.2032202820170994,1.1348447196864284,1.4689754554287049,1.1059819212892847,1.9602944798211865,1.3900339166833362
0.016733285618444747,1.0488803115741294,0.91531090381174884,1.03384879465872,1.0006900298512447,0.95640125820300881,1.0225419420294954,0.96489604692293529,1.0565210690920299,1.0022021737555846,0.97401798103420845,1.1126355864646973,1.0042142686119533,1.1040526040841814,1.0659599990563677,1.093369178723183,1.2524416338377975,1.0833368863170918,1.254079278960593,1.3593536719039889,1.1692722473164481,1.5256587675729918,0.91803994611867878,2.069966423438359,1.44230130703437
0.017340818552090808,1.0609164668250621,0.92664318274813873,1.0458936807748236,1.0126163011816267,0.96820556109428679,1.0348034647000897,0.97708763450144609,1.0693823513890663,1.0189114985245631,0.98891357535235436,1.1261244533289236,1.0184919773191865,1.1379873961878051,1.0793012658335499,1.1700023112344056,1.2750621429214561,1.0963509841011465,1.372325404577647,1.3959419073463692,1.204575446232248,1.6713333360360565,0.97796108657274239,3.1022182805008924,1.6097853150324601
0.017970409094378741,1.0725767770507502,0.93754337541206567,1.0575392787779974,1.0240952067721363,0.97953025846415542,1.0465812120605886,0.98874243971338682,1.0816505252346338,1.0686058993064194,1.0035422488951582,1.1388940087749186,1.0324954547346081,1.1596537719857043,1.0922455694088029,1.1965015619381818,1.2112845431500876,1.1262912388232547,1.4082184912003921,1.4308428798696298,1.2400270292093962,1.7283787664058536,1.0381126010201882,3.2320613849184099,1.7341304649673361
0.018622858087653158,1.0835385643885995,0.94770314102787445,1.0684618274818694,1.0348015380669393,0.99005070418387753,1.0575368144432802,0.99952072892989374,1.092962027256446,1.0872621153258315,0.99227203702207323,1.1765553362159256,1.0464260185241372,1.1313412254728301,1.1001245052426718,1.2219273423346486,1.2352127362783865,1.155585880938192,1.4440574557317047,1.4411997230768065,1.3799295421034863,1.783096483172443,1.0969927501387924,3.3508887019869462,1.6599340760792813
0.019298995450323576,1.093446022233711,0.95678417594113263,1.078304409735777,1.0443783127654651,0.99941165339007654,1.0672997645355982,1.0090522256286842,1.1029220423377741,1.1047196483455117,1.0094478157423796,1.1905828619257759,1.0601079657840273,1.1551335537019001,1.1095915438202333,1.2455124433641618,1.2583177696966281,1.2099269982666527,1.3969876518012128,1.46895915558936,1.4092409014516569,1.7658656321751636,1.3096569658406902,3.5478603874074608,1.5922341037141052
0.019999681232524824,1.1019188220023455,0.96442745880118252,1.0866862487486055,1.0524466908385475,1.0072376371670435,1.075478045657603,1.0169478524643898,1.1111157162025671,1.106359670915614,1.0255608367849876,1.2027315569889361,1.0678893093450696,1.1781192554848245,1.1172123746678047,1.2815248955765086,1.2735739499795975,1.2314554946798602,1.4252841713536928,1.4922908964714736,1.4344843529418299,1.7916641305718457,1.3529188696950281,3.6561198316378682,1.5039960152491858
0.020725806710105182,1.1085639705793073,0.97026660990035118,1.09321579930635,1.0586196250456505,1.0131471536116914,1.081672382493239,1.0228147365414615,1.1171256361198902,1.122992414377042,1.0638368792553874,1.1770870451641899,1.0747389584669573,1.2055495027383032,1.0972987317346696,1.2975531497837938,1.2944848269183988,1.2493889475675644,1.4506119040322201,1.5099357884756373,1.3872736812805786,1.809792539559723,1.3871662511636857,3.7378346634561406,1.506143463214471
0.021478295518333718,1.1129964677486806,0.97394600643111229,1.0975099669409547,1.0625207695563226,1.016771668233015,1.0854965270344596,1.0262759355440774,1.1205529760510886,1.1367641468545955,1.0792169297431393,1.185131985262216,1.0781311476955189,1.2218427520950708,1.1035974135287141,1.3092037975949842,1.3124942741774979,1.2226275875518793,1.4718114042515613,1.3642522330026416,1.4148472863807746,1.8186797055285737,1.4099960055476242,3.7870952305950905,1.5085690010459984
0.022258104826769043,1.1148589737779044,0.97514202674057326,1.0992153767853847,1.0638073892379101,1.0177786536296107,1.0866009158157268,1.0269960605089372,1.1210437321642213,1.1412680634923118,1.0857230842025816,1.1688831135087268,1.1088091924040127,1.2350427849103554,1.1064440509678795,1.2471928755175006,1.3879361955584562,1.227344196717526,1.4708361508700403,1.3693504647475923,1.4355364455083386,1.9277502058207974,1.2380476982395408,3.7982132807145632,1.4529406378469503
0.023066226556783781,1.1138502566745512,0.97358962208479216,1.0980368225787904,1.0621978081715553,1.0158988178739468,1.0847010651084859,1.0247087969653181,1.1183200229791752,1.1091248727459952,1.0941905752603609,1.1726832615422056,1.1034730208291956,1.2705810805641207,1.1717943447111976,1.2499936445234443,1.3976524012180391,1.2259158238837593,1.4856159623092253,1.4458995087085265,1.4478672115697577,1.918342317431438,1.2601526811486821,3.4826173922903423,1.3320764356653854
0.023903688643293591,1.1097550636793834,0.96911062374678858,1.0937665115963786,1.0575012086019338,1.0109568195240963,1.0796088526876808,1.0192483162262052,1.1122118272027708,1.1138168262014363,1.0991194081498998,1.1724406446403997,1.0854443998699614,1.2720748061126184,1.1652971523473457,1.2463720958559499,1.4015794545250921,1.1129909404630425,1.5238610120435325,1.4385153595009696,1.4930434813928883,1.8933328027003395,1.3040945253496616,3.3451206099229118,0.78610360770130683
0.024771556342295536,1.1024759691441659,0.96164445791651998,1.0863166321622109,1.0496499650110269,1.0029015364652332,1.0712650522152354,1.0105819160704157,1.1026918409202817,1.1140663626802496,1.0648341288791636,1.1631056835389106,1.0733994798780992,1.2230419815078779,1.1745991128524058,1.2382247726591693,1.3456672077475642,1.1032586689861148,1.5253904493755783,1.4201263146717142,1.4783547757207636,1.6983907514158147,1.286803452195123,3.6229385517196988,0.59448250508376077
0.025670933585879095,1.0920659271711042,0.95127764301193074,1.0757510804451051,1.0387307116711408,0.99183760961820366,1.0597706681795014,0.99883903919770489,1.0899063936182056,1.0892440008738555,1.0624662252224493,1.1587850657917311,1.0713428964382721,1.2146664982929103,1.1584357515202091,1.2259564795425888,1.335080216686455,1.0872220273227846,1.5181022739517118,1.3207169365457627,1.6441825463822539,1.6395237702167265,1.2528400254016674,3.4461481058743857,0.43987027883906649
0.02660296438643335,1.0787574104772588,0.9382704773917907,1.0623146168146613,1.0250119430168225,0.9780510159627861,1.045414599485603,0.98433794987711642,1.074202436967403,1.0786804532435106,1.0300115696219923,1.1790802510841187,1.050390590609444,1.2010035428417609,1.1370844127118005,1.2072719620679067,1.3183852083007515,1.0783886893771992,1.5154341878803592,1.2785066806652896,1.6026993952204549,1.5663463172280814,1.2026391133508127,3.2227436860009675,0.40780638619878573
0.027568834291836514,1.0629861311171673,0.9230767334751907,1.046455062099926,1.0089656283437298,0.96202946854351568,1.0286941388145516,0.96760386749996452,1.056146461055921,1.0307821799743007,1.0180039532682734,1.1659517283574079,1.0247299116188497,1.1758016025973674,1.1151790222108309,1.1769000417502511,1.2643214479597429,1.0449496177012243,1.4798582117350207,1.228112306583192,1.5477980884628408,1.5338691780436449,1.1541496575534893,2.9604252775700388,0.23271079842606923
0.028569771893478792,1.0454062132284889,0.90635540453783281,1.0288382764830217,0.99127931453725193,0.94447275851926116,1.0103266513863014,0.94937740070362664,1.0365325463618622,1.0114896233050317,1.0311024113971676,1.1008534997019357,0.97552026458248386,1.1356020374652438,1.0915934239351264,1.0740594306215989,1.304347142835816,1.0245739418477537,1.3872303838394942,1.1159513013288933,1.3747709922868125,1.4208765949367823,1.0727076848918955,2.6646303868096766,0.090374346121564031
0.029607050389036851,1.02689202478774,0.88896984814514546,1.0103491414325134,0.97285560789746039,0.9262898615868953,0.99124665101383602,0.93060972453877966,1.0163762774810055,0.95153407920551647,0.96449727527451756,1.0818495649490618,0.95969216822264092,1.098781693928025,1.0954001837929481,1.0381781541571087,1.271050562774974,0.98233213172970579,1.3431820805500934,1.0622341577981267,1.314418008740887,1.3252702559572782,0.86071760034451472,2.3528314699619841,0.0084022609641216661
0.030681989201987656,1.0085265200794105,0.87197091098622104,0.992077436365566,0.95479552317797545,0.90858157518717231,0.97258908749784556,0.91244193591639389,0.99689239599108603,0.91901989493048308,0.93645840604729358,1.0352036496140116,0.93483071835253917,1.0606692025080662,1.0665128297244491,0.97931914978052248,1.2354928052919192,0.8428709986046008,1.2959330866237622,1.0085141779701097,1.3489782902403391,1.2221384153179926,0.78987185856681208,2.0086570146614235,0.0055744537401292149
0.031795955659921847,0.99156735779719085,0.85656325844222003,0.97528474860573766,0.93836286676268843,0.8926031596657058,0.95565174618817217,0.89616708336204431,0.9794535842350891,0.89137259545921399,0.88056253582712962,1.0661235762634131,0.91166412236970795,1.0225881996061865,1.0610949765520439,0.94999986084442511,1.1429890705766788,0.80834943281479832,1.1911568415611669,0.96597209353705971,1.2798503295109001,1.091193801953348,0.72519998986348355,1.7039129652395388,0.055181147890749571
0.032950366733791245,0.9773913935978964,0.84404753444265646,0.96134685724515911,0.92492577615515725,0.87970521371846666,0.94183580385839871,0.88316851600802304,0.96552570300237361,0.85854957170018031,0.85353291435606637,1.0450412086132665,0.92492926038130463,0.98769565025613915,1.0350996108322137,0.91541087822937328,1.1048259811530112,0.84261002942292273,1.1460806576660687,0.89966054683634322,1.1856195588086393,1.012971573667639,0.8458337757564891,1.3253647147014362,0.13809425964569755
0.034146690840303091,0.96740819093299812,0.835736450050935,0.9516670548321029,0.91586787621155985,0.87124633807459118,0.93255668845249406,0.87483156310544519,0.95657370233055339,0.88240644436731541,0.8689115173879669,0.97573669567455013,0.87846220402339537,0.9574168725126464,1.0091732731244833,0.89300755398562259,1.0596757205157301,0.82286665772042733,1.169157942813932,0.87295783285636386,1.1296448351493211,0.95800617899213236,0.80203979188295804,1.1691703314107258,0.27254163675297605
0.035386449709753513,0.96293869187194048,0.8328374411366769,0.94755498074371358,0.91246635946616284,0.86847117243578642,0.92911893832111891,0.87241977148653005,0.95392985307144296,0.86917849172086648,0.83548970275814849,0.96108287111279656,0.87598580843898421,0.93385012434012504,0.99903624245122691,0.90397172891846578,1.0386370809666838,0.82850421958367981,1.1329836480147648,0.91211137602190817,1.0885509401318032,1.0016759573870715,0.64585683096104818,1.2987881307136391,0.45010194877590948
0.036671220321676121,0.96505195681802602,0.83629784248460393,0.95006238011321775,0.91572882980995296,0.87234972769724384,0.93254980485507877,0.87690887261063721,0.95861843137769831,0.87227924756983199,0.8240208345826967,0.92339949438269364,0.87604058876534108,0.92299238199588007,0.96366494885235365,0.90743517818625463,0.99890093670762581,0.83235770229268269,1.0239412732161561,0.92537689911100074,1.0575598531051913,1.0143981000042572,0.65982788433946915,1.2693273188908305,0.67698692928934179
0.038002636910767926,0.97436224690094386,0.84661358993719382,0.9597807374820293,0.92619140423585089,0.88337690495106402,0.9433902914576503,0.88878012206503043,0.97113468642380463,0.89580853462240739,0.84936295420619956,0.94741223788499895,0.90653422263566608,0.94971010603485839,0.96851351986842626,0.89093526093566378,1.0072231924825399,0.85989973652210949,1.0167843742668516,0.88366040726023698,1.061256978840305,1.0629402597382978,0.59927700811612716,1.3219189232992008,0.87903958811511984
0.039382393045644108,0.99079962697016799,0.86361321338620023,0.97661152338673851,0.94369075880404152,0.90134615343472024,0.96145776802902461,0.90778309663828383,0.99119228646568813,0.97958292626329069,0.88025566231009833,0.95700838546679401,0.93395998057198426,1.0092727967553046,0.98817317575895558,0.93143716520626541,1.0192643982432319,0.89192733189280204,1.0365849060533059,0.943230196329921,1.0961311161113594,1.143654520022352,0.6592933111091881,1.4371161356102391,0.83807891770288734
0.04081224378306586,1.0133856881573799,0.88625150399349728,0.99954248982845018,0.96714463136255535,0.92513245519290166,0.98561600849421449,0.93270801534072145,1.0174810504447596,1.0046385873664647,0.90536288729923164,0.98661134585480248,0.9516892566038706,1.0424653317920427,0.98428830981748128,0.97190676787047714,1.0636060783383883,0.95570347506583175,1.094664188079236,1.0476117379256635,1.0194737431214242,1.4133170112802986,0.81741020598227276,1.5662965198600318,1.1348878831900038
0.042294007900381417,1.0400773779841623,0.9124692228260507,1.0264932792728707,0.99440310050018077,0.95254615728653036,1.0136201527322322,0.96123372384423078,1.047507247845461,1.0279588320555568,0.97358760508675246,1.0029738025039663,0.92880214431897201,1.1048037845908745,1.0163735778624563,1.0520582732713839,1.0720129695591893,1.0033064653621651,1.1473267078400968,1.1227945447873395,1.0958664551384274,1.4690409646372018,0.93732610495645474,1.8364338196236076,1.275409402973537
0.043829570209020015,1.0677608673724031,0.93920217485895918,1.054313713472276,1.022256548028782,0.98034763217148146,1.0421263299963286,0.98994687133287051,1.077618694983915,1.0508120868185102,1.0452278242959956,1.0480366107558137,0.96530730585607394,1.1351511292351386,1.0634593050511647,1.0727196528989893,1.1241074061445495,1.0557311374487099,1.1984048496039605,1.2032869231406238,1.2248451176855815,1.5960990884148032,1.0608462830092975,2.438089802545818,1.3111980524357705
0.045420883951981537,1.0924847396044666,0.96262264900945027,1.0790236609494037,1.0466883422746722,1.0045086473751343,1.0669627436224167,1.0146298481799896,1.1033184528783169,1.0969364951303402,1.0754621789839831,1.0854358939824085,1.0052161282421226,1.2547667605643524,1.0756034094397968,1.1240795580606844,1.2466271930168169,1.1563149163225077,1.3334024311305015,1.2762338286657382,1.3161475563571958,1.7903212186195105,0.90894697109052203,2.7771860408289797,1.5526248588741396
0.047069973288371467,1.1099892312570903,0.97866696342163984,1.0963522098321521,1.063430124535901,1.0207804148071045,1.0837181853385029,1.0308724328144887,1.1003843076745432,1.1209657098694215,1.1248268302165516,1.1837294891719345,1.0488503518948518,1.3010118850942396,1.0974533556752828,1.1837536731765155,1.3073295354264083,1.1597056158218031,1.3958219367227098,1.3415555561003885,1.4175919657195069,2.0126640875903661,1.0964978819519486,2.821791508444333,1.9170284576923251
0.048778935868141471,1.1165086831696764,0.98382222601545521,1.1025505484440115,1.068787643298907,1.025530438116796,1.0886135220067872,1.0349661377614803,1.1353135670068661,1.1412149342176643,1.1278963561296822,1.2159786397352077,1.0113212564846314,1.3198399084096821,1.1913736312387808,1.1677773220072019,1.3456347292793867,1.182721147637062,1.4193509186406716,1.3233474161000984,1.4024557136362796,2.0603923647204851,1.1733559588595917,3.0348823056427694,1.1360721228571049
0.050549945500310701,1.1097107855651469,0.9760323018413315,1.0953368203043445,1.0605930183809755,1.016697982815729,1.0794940888584434,1.0249083915176214,1.1719297635533752,1.0616064210330376,1.117324567700221,1.2300032105085716,1.0309067288642455,1.2675434654505278,1.1563376006504704,1.1864469998759151,1.3951702141026932,1.1756234822192404,1.4878120084485251,1.2904831383812991,1.4319009724317553,1.9819898517734513,1.2458576110327044,3.3985269925841735,1.3252602568646239
0.052385254918061869,1.0895311679174258,0.95548400411221879,1.0747291671114518,1.039027618812524,0.99460436190235657,1.0566683186977488,1.001226273146995,1.1533342214010054,1.0601825142472485,1.1087442963425849,1.2498324642470853,1.0481806397226698,1.280797196545894,1.1497384666285602,1.1809323915394483,1.396767134721189,1.1608328232425746,1.5511034023861345,1.2845098148867691,1.4244665336279638,1.8344642133216986,1.049937392378073,3.1054455329481812,1.0936351636443078
0.054287198644229165,1.0586292218744786,0.92500093108714965,1.0434867598104391,1.0070350350361643,0.96233554087431383,1.0232997645225168,0.96732288702841862,1.1031738070427135,1.0420247275176961,1.0037586706246593,1.2209394940823337,1.0409472312414252,1.2189908159542,1.1185535368071011,1.1294482227167624,1.356269674264138,1.1205406197535261,1.4940089871140572,1.1598954016621379,1.5041304987153552,1.709794310759186,0.94442682588788074,2.7913137444595009,0.62543008421624791
0.056258195960823126,1.0222785960063163,0.88987404272133608,1.0069757474093848,0.97014477452289238,0.92552041330224577,0.9851739176718608,0.92917470065941266,1.0767309082655032,1.0110192446623736,0.96574893666317685,1.1505511130575741,0.99593600959642903,1.1240782904230926,1.1286088918340615,1.0204302220189625,1.3465670396547615,1.0561232658721127,1.3978300458804256,1.0559046246986239,1.3212739089109249,1.6221452651522412,0.90897782248063663,2.6795557082198229,0.56149182296616118
0.058300753986369434,0.98768130270210897,0.85713475074611967,0.97245834494897565,0.93571333323269101,0.89153498554255062,0.94987831394166911,0.89444773451322801,1.0288371492479094,0.9633726183131579,0.91093841649130036,1.061126606818096,0.97258604783857816,1.0327492957225886,1.0367802910697157,1.0105388341711077,1.2599748137120779,0.97583152774887838,1.2750566886134962,0.94616193560377093,1.1666079793928361,1.4121448037830682,0.8231434475294428,2.0444656855086691,0.10696043573351943
0.060417470864976577,0.96284106303167682,0.83442883234007137,0.94795061934451752,0.91175153052562852,0.86831532306544623,0.92558992601955836,0.87125918135040026,0.93312194102547608,0.9529616415555604,0.86925972657655071,1.0115882761694799,0.98497004392527343,1.0124043532928493,0.96055709879319129,0.99300737524394156,1.1247277438272327,0.90994980267313808,1.2523463059970439,0.91665216091850921,1.0691353632463887,1.0984131679220344,0.7095278409370116,1.7953941042379427,0.10796504012196273
0.06261103907118791,0.95511168811890101,0.82861917683058661,0.94076781759823813,0.90546517106169433,0.86292103180195556,0.91961157653966374,0.86673951942372551,0.90497842463100842,0.90141461045680793,0.85906126211358091,0.95022142976333246,0.9071821521637764,0.99159042081694937,0.92988614443669049,0.96045749338859787,1.1005536564409688,0.96083924208849325,1.1682375772902311,0.96962212557006922,1.0860844614385599,1.2020167211487951,0.78214978195281759,1.3936586165175129,0.28036483774303633
0.064884248834823202,0.96936467127147719,0.84406960302704215,0.9557024729545458,0.92145146708166104,0.87977506597955246,0.93656424135211824,0.88527793897016882,0.89643472710832039,0.89568730954321141,0.90733232417891774,0.942078684740981,0.91364021914898963,0.94881300268904789,0.95381801811680411,0.96988549544839464,1.0877646733525843,0.97726334049710673,1.0678508035561216,0.91536533073357873,0.99981405775750121,1.2287878796093494,0.68355317068348498,1.432020249028092,0.47947642005624402
0.067239991690164716,1.0057326496967831,0.8805419432739483,0.99277222922950648,0.95948006102002925,0.918480225246457,0.97611274820704041,0.92628504415742297,0.94359679321127921,0.95075040665916788,0.93023521647029028,0.9674805887068203,0.94881093213646306,1.0442759426318693,0.94274773054684147,1.0748855034170131,1.0570902394902397,1.007259683257292,1.1696029468120597,1.049277959605277,1.0023746787652383,1.2659972629240315,0.89111253609283381,1.3564008196472486,1.2387643900788134
0.069681264154003733,1.0574526894948919,0.93119540409677981,1.0450700428139645,1.0123796174078938,0.97172159410751746,1.0307524622475519,0.98198305209366188,1.0038854287119783,0.96987908756999097,1.0243785975891457,1.0760819848390852,0.96687089899990752,1.1227920750290163,1.0700188280852672,1.1303208121650652,1.1773235114429461,1.0989779950740335,1.2690739710143077,1.2915655138099709,1.031271364262532,1.4411398123698405,1.0925299820578616,1.6631930526058718,1.0072663539931455
0.072211171537224589,1.1103971328825248,0.98221652445380059,1.0983127936811845,1.0656487220693749,1.02489371898925,1.0853863332686293,1.0370073548549996,1.1120896017655397,1.0704045754741855,1.0492753600405544,1.128185755211125,1.0171724164745743,1.1548528441451107,1.1456394535756687,1.1808505820319528,1.3288200024555152,1.1592260985789107,1.3686719059181804,1.2791367481341922,1.2669477490925023,1.7084019356355427,1.1443820986641384,2.0122023796379249,2.0133497638637436
0.074832931894776314,1.1463110445857163,1.0160428199329505,1.1341402277371064,1.1008546606045333,1.0595637847278647,1.1209105126686718,1.0721163762401829,1.1905680120287121,1.1390261082367452,1.0667224420391213,1.1852616885435383,1.0947773605440911,1.2361985508339661,1.2103252112416065,1.227241339284304,1.3422497545278667,1.1596593836955145,1.4759322186757584,1.4233540873333723,1.2803460845144716,1.8829694508685293,1.348223641155986,2.250289243172336,1.7720956547662468
0.077549880119054199,1.1501659581932886,1.0185452205398411,1.1375573185600008,1.10318486040598,1.0611136322370149,1.1221668014806683,1.0723417758752556,1.2046303226100941,1.1609787847989903,1.117575141639356,1.2235814771040692,1.1260526426004471,1.2300253669409602,1.2820079435431779,1.2139476574815422,1.4360631500465115,1.2721754162563315,1.593692072309258,1.4606766860355185,1.308568295321308,1.9434048763474117,1.2894075573900654,2.5612934119462381,1.8957104129914875
0.080365472181900266,1.1185204827880972,0.98706659349086001,1.1053407646222146,1.0698703291869283,1.027174366289449,1.0866956023387591,1.0358178800471174,1.1689335591014576,1.1559173427384253,1.0928516209145949,1.1809543831831393,1.1093087351244906,1.1798921888490455,1.2945271283415078,1.1545076843732005,1.4261658744648482,1.1396557731926267,1.5992556744137154,1.3546540607842312,1.3848518788246338,1.766754657072255,1.2601462954723814,2.296610429999987,1.2658890385136934
0.083283289530616339,1.0634374892134399,0.93394681445902117,1.0498783810794645,1.0138523677944942,0.97111518276208231,1.0283120630013971,0.97710395600759725,1.0582895102275742,1.0440875423090414,1.0711310623595391,1.1179943437352069,1.0502466318020316,1.1561177418029107,1.170586100157716,1.1301617481803419,1.2985539324596473,1.0344414803029389,1.4942971919302153,1.1789547063073185,1.3118111404380031,1.5383310658763492,1.0898167808116916,2.1638715192156326,0.97280544451952267
0.086307043643583686,1.0087103902544516,0.88247548923579944,0.99521630245866444,0.95952714544037121,0.91749733507410491,0.97235664855150716,0.9219643322456158,0.98342796196324578,0.96396603313809237,1.0011466953941017,1.0452938572917891,0.96269122807657226,1.0994680146944527,1.0724062460658299,0.99179500656839004,1.1354108609101914,0.97799197192172482,1.3029160274528024,1.1112224593030442,1.188908454429864,1.2463230249217077,0.89240388959461558,1.7849572493403798,0.59390527249130987
0.089440580751281543,0.98040611036031766,0.85750207702186287,0.96746388243333037,0.93292891737244577,0.89212350864255008,0.94544601339783174,0.89685336773244295,0.92835191443976961,0.87775862967087592,0.93386919791894307,1.0469051421159039,0.88735034423825343,1.0701537009126068,0.94684782797004674,1.0134986562081529,1.0637230771071018,0.91815170249017908,1.1213872303648351,0.9642614566037544,1.1053056426465311,1.0559221252991682,0.90457124766045993,1.2615537757150719,0.48141637278186522
0.092687886728712393,0.99573371191268456,0.87481005783898036,0.98365815980236748,0.95062224599200107,0.91108595398562708,0.96426034441435049,0.85693347954053189,0.98427297571859906,0.90071842291662474,0.91152404629693018,1.0427947861620281,0.87598284918360747,1.1030135184083907,0.92455309188611601,0.98708331061610233,1.016373205596599,0.93459656101421018,1.1178793071178248,1.0541512527232584,1.0828761002537142,1.0914638000129777,0.92165796617669571,1.3647524939900837,0.70291464077547516
0.096053092165454393,1.0519561266973323,0.93080696908798721,1.0407384233236243,1.0088667176233699,0.97017192498040039,1.0245934399488821,0.92156113267394879,1.052479179086105,1.0035612433621104,0.91665687756527836,1.0991407286424286,0.94688446965965056,1.1248761926571458,1.0128025357002741,1.0463377480807836,1.1277135109356955,1.0172774001172051,1.1495563587373079,1.2040621920644412,1.1517769921736203,1.2130491540930279,1.1035997823938217,1.4069018098017065,1.0532203218639324
0.099540477619792678,1.1196731550893302,0.99643370517091867,1.1088923998219089,1.077201369380294,1.0385544916334872,1.0946769112276442,1.0033516375742124,1.1336939923579421,1.0890800907936793,1.0220668927527612,1.1937544788569441,1.0999353652137813,1.1976702249900844,1.1228872921056876,1.130676301199518,1.2835132480682923,1.1276118194493687,1.2939092327109725,1.3375305403503148,1.3333601150890737,1.4977523192655298,1.38894948631836,1.637539557241964,1.7097024099361988
0.10315447906361094,1.1534162894438158,1.0277751384797877,1.1423570573093078,1.1096146354340526,1.0701478105028492,1.1268624377338567,1.1107336281769538,1.1680757788678158,1.1854335371664901,1.1402277354909787,1.1777892542124173,1.1931019040156672,1.22835873407274,1.2291980862880099,1.1761906396756137,1.3998929256373795,1.1981518746533968,1.4392281883915055,1.4528745445872602,1.4597797374560508,1.7271112888203213,1.6340316669007859,1.9457730154212354,2.093994232336712
0.10689969352496964,1.1247961527744463,0.99838422281695172,1.1129283903887313,1.0784792021762577,1.0378929840240616,1.0932104706880064,1.1060326372890619,1.1673936123799615,1.1479158895774466,1.1630818876289462,1.1431565127613628,1.204512838623885,1.2434903590195487,1.2152013776405317,1.2036023245175758,1.4265350236407177,1.1715759061295057,1.509568077772645,1.358580137184322,1.5309568567492882,1.6190236202023094,1.426002652000733,1.9210108999231892,1.9475574120829435
0.11078088493554963,1.0518265353406253,0.92721261549442302,1.039318766828222,1.0037365087427514,0.96275905696411179,1.0154605382069253,1.0454076267567807,1.1051141703672425,1.0478231761403527,1.091071366654635,1.1162767541204701,1.0834517124913354,1.146491218289869,1.1266521190886234,1.1469486417915622,1.3021150743282917,1.1005109024671249,1.3842685291792804,1.1872141645518255,1.3627587441220044,1.5438905371041329,1.1173210985158022,1.8306278776160667,1.3960065183849037
0.11480299019039646,0.99010768941748317,0.86877290028196263,0.97775028732350044,0.94246708522561073,0.90229982424339417,0.9529387372511513,0.91587616992709719,1.0061147678642808,0.95613036439955856,0.95193477111525127,1.0519658504808633,0.93180448809626937,1.0943308496572737,0.98055115755389144,1.0732656652934014,1.1625160634956648,0.9944802420830865,1.1833874684322687,1.0460834545017885,1.2411830408411575,1.1533601251022787,0.89613160696345062,1.3806171261996951,1.010323169040813
0.11897112542767653,0.99361589772418668,0.87446512866748138,0.98222304816449402,0.9483977182561385,0.90967012918594847,0.96026825337420529,0.86915603285916199,0.9552208736402189,0.93673708238037723,0.91015227988961533,1.0683023708024175,0.90497902371387462,1.0254829894240107,0.99201371019627338,1.0386822133467355,1.0586856309887223,0.99340961725887134,1.1375152623513736,0.94083620938459234,1.1889894311667706,1.1343689874370737,0.92398041911995499,1.2764812244394346,0.79318168806186407
0.12329059253642989,1.0742671012697125,0.95432884488785907,1.0641527751094433,1.0318653536688025,0.99431418553510831,1.0471204454549197,0.95895156959214134,0.99549308680881543,1.0290223195635875,0.97224193262859693,1.0914277160040453,0.96023144585988973,1.124666721973367,1.0709732172482127,1.108551689842534,1.1841219338337687,1.1494026297333555,1.2229769121616982,1.1818911691199929,1.2107963584312429,1.256346696994882,1.0572680686355582,1.5077550989389437,1.0083604594578333
0.12776688590060065,1.1733988249603298,1.0505820566136403,1.1640308570250675,1.132135636597309,1.0947792815414106,1.1500306509159091,1.0759576191834057,1.1231701348311116,1.1165497160143998,1.1204985435979191,1.1895073555807691,1.1314545697399065,1.2017475153148816,1.271307453072648,1.1719075532695791,1.3828670442918094,1.271671145608571,1.407274951279069,1.3206686524083437,1.3731060659312095,1.6395618796389471,1.423621168132712,1.8828790990043665,1.4871150960979094
0.13240569938792018,1.1924848256331793,1.0680184200514873,1.1826702968094212,1.149560590056254,1.111233686908665,1.1659234887238434,1.1095587165620449,1.2394546595169371,1.1312536892692262,1.1417536311597025,1.2416708522607602,1.1550875089600994,1.2871039076246846,1.3303172311867533,1.2798627771590905,1.4630707622865946,1.255573882160405,1.5772646931828469,1.4576096469001669,1.4929345483221326,1.7675436337476853,1.4255773858026117,2.0272586283692728,1.7770083500454916
0.13721293359253647,1.105733114011568,0.98350114277168643,1.094905669356788,1.0603408748037626,1.0211710434664878,1.1491609645716894,1.0698155994930909,1.1597806457184987,1.1276508892593458,1.0667009537732453,1.1883914913963363,1.058177484992717,1.2531709136198774,1.1584817725106817,1.1878480033978143,1.3832974097841024,1.1813162108142778,1.5037488131355019,1.2513864596033937,1.290901977616592,1.6694635452894167,1.3201115417630547,1.7278512756140714,1.5381822584221676
0.14219470334059872,1.0087622126882643,0.89124269202373863,0.99776995727221074,0.96339346129710479,0.92496332986940799,1.0785850076780505,0.94213038363017487,0.98151977066691209,1.0348825452295376,0.98635506189785083,1.0717208110500938,0.96437349253812843,1.1195444336104217,1.0181491732526002,1.0538170091115884,1.0950256553432407,0.99938240575792525,1.2918300030596974,1.0356068979941098,1.1899937524979194,1.3971245181609149,0.88898403256022718,1.5362850937393731,1.081961783968107
0.14735734546834808,1.0140255958530418,0.89897984206502324,1.0040758472507267,0.97136272752234143,0.9345990495023514,0.9641158638719034,0.91638123697092588,0.96785068233996707,0.96368995795442303,0.99284744245820389,1.0107448343309897,0.98587420302641959,1.0427744993262456,1.016406250996317,1.03104442217319,1.0705017113186601,1.0290438831614264,1.2464858521836917,1.0680226416782759,1.1104228042649593,1.3142092191348347,0.87466033351309136,1.5541232741522339,1.0017675930256118
0.15270742688260411,1.125257969441414,1.008129092693796,1.1166356725747175,1.0852589653522946,1.0495803823533922,1.0158739255400593,1.0043768962892354,1.1387134181141381,1.0226423933158415,1.0942047751498709,1.0940343436482802,1.1086171659965398,1.1310346474462913,1.1428766621361923,1.1092484488300212,1.2359798095238723,1.1503201563978607,1.3364168668124088,1.2823494307199894,1.2744104698642638,1.5040879302401819,1.2279959579049375,1.9870408122609646,1.2280736832369428
0.15825175291390461,1.1974633198827516,1.0774747492739607,1.1889410896918016,1.1569073754099777,1.1206903504556607,1.1889070201363907,1.1135723037172331,1.2478002362883078,1.1657547998357405,1.1530102358114371,1.2920450548455902,1.1971721237149886,1.2507459650098858,1.2897274793058751,1.2258611378951207,1.4007865390669849,1.2279766586688312,1.4907096219798646,1.5121759265916381,1.415891486978869,1.6748005423424832,1.4944231942229744,2.2914518325036042,1.4863087187591937
0.16399737597291922,1.1152815418819344,0.99691839271838389,1.1055603738255473,1.0716698695106199,1.034187171955818,1.1910657576590502,1.0970971016420008,1.1258061779527466,1.179232870554844,1.06696388254448,1.2846724038369635,1.0713550727834482,1.2556167455621896,1.1978376207904744,1.2522788117330521,1.3745709459846722,1.1321186386399078,1.4800327159341968,1.4358098055552695,1.3103233913757535,1.6222881721574867,1.3776357319065866,1.959573717722634,1.3018645691539366
0.16995160452115241,1.0062939719781401,0.89254951514638381,0.99627724515018112,0.9622707442032612,0.92532045192848189,0.98444377020014429,0.96115631027816351,1.00901933260627,1.0050776365917891,0.98485198251112283,1.0794824518122148,0.95018183774083109,1.1282639273161585,1.0514215859457265,1.1292226708746078,1.130938377074493,1.0053595869437557,1.2305439647152703,1.0899723822811409,1.1202405268217461,1.3944419075169154,1.0499588122142072,1.4301961493453987,1.0225185401904859
0.17612201236734229,1.0567281805785118,0.94349699131014975,1.0481540477852316,1.015860889127582,0.98066270593791827,1.0113060536380307,0.92933106244205588,1.017127504161998,0.97895220391222582,1.0349654561429085,1.02024829126044,1.0302500748954451,1.0886429606135524,1.1269411123209174,1.0967554378511737,1.1570148917110075,1.0823535228470647,1.1991084606196449,1.128573285855051,1.1787623110850394,1.2694802710641087,1.0200463479501352,1.4533246391841832,1.078858010177413
0.18251644830138475,1.2148476582586387,1.0976884641377938,1.2078257438142312,1.1766723876422782,1.0473938268684018,1.1834052840576454,1.0943563714458122,1.1500893934964842,1.1544144203624178,1.1435166310856011,1.1980463010066611,1.2065513874191947,1.2381320308096044,1.3050671561037142,1.2717235297809442,1.427979954266398,1.3084106890567924,1.4069910946712518,1.3612353505378465,1.5497588320537066,1.5089505454442929,1.3762711485655075,2.050229007829663,1.4709933374449662
0.18914304607803245,1.2004326878065481,1.0836177534932707,1.1927337973882504,1.1604274107919192,1.1169262963401265,1.2153830167214454,1.17402748403776,1.1966661978936115,1.1749967706955602,1.1453036776109089,1.2902149280877016,1.1831900761480758,1.3133112996437988,1.2761594275945196,1.2922103265798706,1.5134756588749481,1.3253606290045385,1.4376376756392544,1.4477042825179745,1.5213528146657254,1.5827075344294776,1.5538975558282861,2.0984666860293544,1.4847350877615861
0.19601023476307319,1.0328496903611537,0.92239701476649838,1.0240131177041762,0.99095142857908103,1.0502892024732173,1.0565621504331344,0.98439257475564812,1.1095003078461692,1.0228696749742416,1.0396497845066168,1.085492080949046,1.0406004105350841,1.1412418994795566,1.0508591723779199,1.1330900784901079,1.2088302923051337,1.0775962462669968,1.2833356772756543,1.1862208132684788,1.2195283568204687,1.3686196007955724,1.298401715467886,1.5134239333991957,1.0232928086997068
0.20312674945514284,1.0503314544058142,0.94106385173197515,1.0426354446688162,1.0108949712835442,0.94754493461960587,1.0402265736634204,0.93811509419903238,1.0476756035776691,1.0148765963280226,0.98203090769382984,1.0833565471844775,1.0451329082456535,1.0590172986454682,1.0437647643452497,1.0733374245709699,1.1024515730961566,1.1054214410402388,1.2593722710576789,1.0943757255242907,1.1923532941217125,1.3333085461853784,1.0937995547175099,1.3130338647170801,1.1756539248563911
0.2105016423968161,1.239478098233455,1.1247330419229611,1.2335343242416297,1.2026747283694119,1.0978987654490595,1.165561679420998,1.1673079149494958,1.166938733954388,1.2295391382668095,1.1516035961373756,1.3133259876501531,1.1563260935915514,1.2684002754771475,1.26931364515589,1.2039203911288774,1.3738993224750242,1.2981011855718769,1.5070256335697869,1.4036090640326506,1.6200262692416247,1.6402753564728982,1.4251724483777473,1.8736271104364839,1.7917059310503305
0.21814429448910344,1.179800472799573,1.0670504820086402,1.1727832710474426,1.1405373177135165,1.1310158845337279,1.209673964615551,1.1554101248816147,1.2329750656285807,1.13342448939262,1.1796701905301923,1.2733106666551883,1.137836135572261,1.3346409836324657,1.2585692550355234,1.2222820436651891,1.3956077758678922,1.2716120641981696,1.5175239725600935,1.4326720426219093,1.5001702205581893,1.5917581550823332,1.492584074884963,1.9339384026617168,1.6734094152855956
0.22606442722400577,1.010540443061978,0.90485591591513503,1.0026702937977441,1.0599698282762042,0.98142183473424494,1.0417800945116991,0.96776525715793327,1.04815518798471,0.98689862989983501,1.0384506223613195,1.0483022709537058,1.0085724493422918,1.1060955236675212,1.0582345498637467,1.1225992352959122,1.14677266508656,1.0149361640749208,1.2970591920646197,1.190361702720578,1.1336911319333183,1.3029819538812184,1.1896866902902836,1.4211770744004468,1.0847744095264407
0.23427211505029999,1.1686182827203662,1.0589789337290094,1.1628391899346164,1.0880406957979254,1.0755122898525986,1.1019397787342302,1.0838817084325374,1.1014609266993123,1.1636298008381463,1.0659783493515018,1.213847037987577,1.1444394263691615,1.208878302049941,1.2617960276807487,1.2220949980868037,1.2824617847093087,1.2321149842917123,1.4264614913343618,1.2577244652859108,1.330009398526073,1.6588075133057458,1.3753088510174489,1.5388921354960914,1.4382238480929743
0.24277779818828998,1.2776789053687927,1.1657413113139565,1.2726887432736371,1.2062181743494651,1.1648358802331824,1.3082580395382366,1.1682919948643042,1.267445956567224,1.2354201243306908,1.2276916961200259,1.3439512587070082,1.2180677857339364,1.4091405059627058,1.3576068097165106,1.3607049848032688,1.527074164018035,1.4140953011645463,1.4858529471377988,1.5086460006968281,1.5603684109262081,1.7811611628684501,1.4851951413252618,1.8811749153509083,1.9013409757690098
0.25159229590981802,1.0375261147861821,0.93518056366266666,1.0307745708027662,1.0667272985790131,1.0224926350921952,1.0464872128664471,1.0421331646341452,1.0757118784102935,1.0335877966294467,1.0624124620184219,1.0995735699451457,1.068361992827966,1.1606253560616508,1.1069334428406215,1.1450574917149816,1.3144167762077628,1.1024429917569638,1.2053339477771361,1.2802235619486253,1.2549393197317045,1.4058651716885242,1.115378029482111,1.5694649722823195,1.3847206359086561
0.2607268203004347,1.1431581562344262,1.0375462271600306,1.1379943816761611,1.0776465882107038,1.0472254662006977,1.089838520862763,1.0707578223599121,1.1430943860554033,1.1426595004569595,1.0858756130147267,1.1871950592010663,1.1448399051048437,1.1781490509967174,1.1878931925036227,1.1816796355027712,1.2827979957233815,1.249370384078901,1.3755888262952034,1.3392700416376613,1.2627004110431024,1.5042405007253947,1.346746032892419,1.7346861515860823,1.4053604980163783
0.27019299052122669,1.3169918739602682,1.2067995218219654,1.2120755708451028,1.2639907216000699,1.2219717111152342,1.3047907237532255,1.1990069213787695,1.3064690435945445,1.2469116846386408,1.287891946143559,1.3300795208679859,1.248383917544901,1.3858603964890324,1.3704752512585678,1.3164560306168429,1.4759099823187443,1.5091524216702761,1.5645458123093561,1.4914773580898133,1.6115955461788065,1.829140496088798,1.6112765455205087,1.9946769713040737,1.7212198543694623
0.28000284758844979,1.043129261488094,0.94446332986565107,1.0538004312772828,1.0518581929947115,1.0397427571638993,1.0541167168076631,1.0473079069395326,1.0421319025368005,1.0820767391061594,1.0455045656285868,1.096058346058145,1.0944033181013766,1.1660755559021001,1.1090115683159272,1.1131040689640319,1.2222827510677616,1.1672424302018691,1.2534273326258798,1.1970743235965813,1.3430301212020224,1.3761870274916035,1.1154536822710444,1.4798806139294332,1.3071751411967387
0.29016886968976069,1.2271979510530584,1.1219468404618445,1.2052894051813228,1.1620942449055836,1.1037761130870116,1.2107694429543812,1.1446917062120665,1.2515755313952681,1.2127093015760888,1.1526970338812301,1.3120729927638557,1.225414843706389,1.2770202983531753,1.3521116859037505,1.3385645733734979,1.3698980875973383,1.3029899693558278,1.5388565513423274,1.4111264781303205,1.4835042350982821,1.5041648372109648,1.4749042465346065,1.9304687856998335,1.6551101177661138
0.30070398805653642,1.2713135830351066,1.1677240856924147,1.2227448839502586,1.2409423393454384,1.2574996656560031,1.2432192858432258,1.2025639897328859,1.2593958307112862,1.2159836508829645,1.2961117775599948,1.3003181046703414,1.2228058805152313,1.3742065999917366,1.3733526271712968,1.3451476625217906,1.447449164711714,1.3776917815678547,1.610615252831022,1.4045001949809159,1.5731919136306187,1.6905684477325367,1.6642568070820833,1.9913832525584283,1.5937944968410918
0.31162160341246387,1.0412537437043128,1.0425505681849074,1.0549865054492549,1.0473636409709326,0.97281019241150979,1.0867940686200397,1.0437956761009026,1.0872248472483133,1.1016770456303036,1.0390391223034232,1.0933177074787039,1.0963091122355628,1.1666013286327348,1.1048828820185221,1.1819512945588659,1.3125953689386947,1.1573319627614751,1.260479226743513,1.2294114087161034,1.3417864783870854,1.4206009437907774,1.2820851964432336,1.4623733473491969,1.2370053807690624
0.32293560301933,1.4032549645668693,1.2705892412793593,1.3165195678343804,1.3073632293221884,1.3230372698648818,1.3021841276766253,1.310138243229515,1.3753428216143062,1.3197635590814185,1.3174627803174683,1.4295194222713077,1.3230887453719333,1.4139189870889322,1.457647959403765,1.4922988592149027,1.5726551953899035,1.4713288848350246,1.6627425488676142,1.7048960504788369,1.6761894903323218,1.7731849038194554,1.6931946139045237,2.0498046903266909,1.923273980817676
0.33466037834168677,1.1016677990978767,1.0063935590701938,1.1308395439091528,1.110259884470711,1.0645268186830963,1.1534902493119841,1.0708014679046407,1.1163113264982538,1.0999406282520479,1.1163700908694487,1.1497352276435242,1.1635280769764957,1.265704339971252,1.2079310541200892,1.1432762155848732,1.2543892170849009,1.2921612808820129,1.3305948386329276,1.2768014572293591,1.2470652635426975,1.4417707846495915,1.3892834140456412,1.6027306834655257,1.3497292348850323
0.3468108433528686,1.314508255198058,1.2100615479010592,1.2531355795530228,1.257129452330382,1.2525970689904327,1.2753474859080391,1.2599154027829762,1.3327027331107502,1.2888539366473886,1.2972866970676762,1.4274353728914342,1.3644635885920025,1.4121977416637961,1.4144483906045622,1.4839116138777868,1.5609996545870288,1.4573273108453364,1.5548542357422157,1.5872384446423524,1.641806560978857,1.8969091630824124,1.7101046772227591,1.8703085774859218,1.7407358418716683
0.35940245350563965,1.1313618291608964,1.1290553209116787,1.235167458174466,1.2160660249305861,1.1615740419789926,1.2178047055542436,1.1771538374617645,1.1983336093769612,1.2309211160892026,1.237695967343309,1.2365624782715556,1.1939285377465154,1.3224592963465214,1.3568820213423471,1.3132165004254428,1.3276603004528509,1.3076213391967944,1.4956019538867213,1.5015587196462032,1.4833511124494179,1.5889794133076218,1.3856617091669352,1.6641095693876669,1.6510334903496897
0.37245122539160996,1.3668977381092091,1.1815577127361792,1.2036082896593818,1.2013572666427308,1.2379164459957437,1.2605616846789971,1.2283362766172345,1.351008492423059,1.2728048192564927,1.2616053933375682,1.3536572623730976,1.3406148174342434,1.3910622863093174,1.3461689960656642,1.4138334070096334,1.5304613656104067,1.4963309216291378,1.6502816456369587,1.5001960592206984,1.5640137921394484,1.7795088291084653,1.6746662041254865,2.0134422656023503,1.8998516157637084
0.38597375711441811,1.1775671722209005,1.2335118693296963,1.3382395095627544,1.2851107666303676,1.2487813480412235,1.319631937377018,1.3027124549222471,1.2666138553812631,1.2866160182808031,1.3269334140144728,1.3913208979526352,1.3208618366257472,1.3732095288955293,1.3850649990382564,1.4425481887268061,1.5171024705269529,1.3832012907176594,1.5377096730855619,1.5140994009748603,1.6550656000471626,1.7864352343572341,1.5745929242659487,1.8025721194628512,1.6429197437823593
0.3999872494026056,1.3521484986094237,1.2980751397953298,1.2384807159153226,1.2551679360821169,1.2900145394249591,1.2834137689653957,1.2609420142461403,1.3665119179432992,1.3656928111512485,1.3084962069864261,1.3873906260363924,1.4066825620888039,1.4910028228187642,1.4713905725430152,1.3958719090573624,1.5502401637555039,1.5245153542720118,1.7241914415772328,1.6721594520804217,1.7310747453704209,1.7708839214946579,1.6504186256463527,2.0217520874686841,2.0146172919187961
0.41450952748902736,1.227602765711822,1.2050915843473007,1.3717156530601677,1.2940495748237026,1.2755418846145332,1.3350336641674723,1.2927947895129179,1.3459113610419955,1.2954906313140597,1.3377491908377195,1.410656557820122,1.3333461735204146,1.4023675485623919,1.4219320134786102,1.4468352107999038,1.5478233036470179,1.4906616056544557,1.5821823085849687,1.4986377274983624,1.5696605665019732,1.6997534097155835,1.671409589729258,1.9929842782752782,1.8282558109462563
0.42955906378464082,1.4989170443694917,1.431509066772449,1.3894785640254668,1.3899265756136998,1.3957754628627299,1.3871894178079671,1.4072634285130334,1.502628189471352,1.4579742592550247,1.4368616072583933,1.5221266203774206,1.5235087265116931,1.6241284591178129,1.636116039449945,1.6393576225391513,1.6736764111202262,1.6690491825494291,1.8225630853184498,1.9106976400428834,1.9679901395357717,2.0973837933823347,1.9855159271395735,2.2174999369343311,2.0874002074599503
0.44515500137550273,1.3573840179105474,1.3042999582876291,1.2661847105933752,1.3318858786975909,1.2969216016073801,1.3762904708899697,1.2930872427175046,1.3478272854072344,1.3431019039321797,1.3736380139481952,1.4363220287976475,1.3822307088023109,1.398581170066592,1.375462482591999,1.4468460119706492,1.5522162681303939,1.5290952606185044,1.6414325926747892,1.5925971396600005,1.5417222021495007,1.6665499104185812,1.6155170586336851,1.8884479462309969,1.7968299235321865
0.46131717837287423,1.5165956422006559,1.5141697691682765,1.6268682325022752,1.5831472150761527,1.5436934749521072,1.546299108575397,1.5838806024154053,1.6774320217611489,1.6278956034113747,1.5775006028711118,1.6478269387288407,1.6822674630601,1.8260108537305086,1.8127674748689913,1.8285450591426127,1.9257465569373977,1.7846557239461163,2.0037788379140693,2.0014515286252674,2.0883098409979084,2.365371799431955,2.3037014752993628,2.5501885539678284,2.4043784395381635
0.47806615314739531,1.5521358702290513,1.4278025232282801,1.4680638310758525,1.4935528113783221,1.481054290936811,1.5149278084353455,1.4246418872402558,1.495149641629439,1.5047551328998452,1.5361854525263539,1.5890924693260899,1.5433932774700452,1.6109444170677136,1.6239822900271861,1.6022286598281994,1.7774116571420109,1.7781006153815042,1.9572004000750667,1.9094862309228802,1.9267340451986001,2.0529982949263399,1.9143641317874653,2.0578324338152925,2.0373317678867124
0.4954232304794392,1.5606627977315384,1.5729144076274792,1.5503479126602713,1.5420999749309203,1.5695233107626052,1.6323220504559401,1.6380442789766505,1.7166370180933228,1.6588560219244215,1.6176653177512605,1.6677980055251567,1.6621180078175541,1.7632872211726749,1.8150795958740389,1.8520088859911823,1.899672915579572,1.8199625265031614,1.9274330412970784,1.8661187614343078,1.9554655761682227,2.1441738232569207,2.0969326475982086,2.348925965731695,2.3409084686249457
0.51341048865889705,1.850109859696488,1.8300164890414408,1.8633443841754342,2.0156797713070205,1.8218590933925611,1.8696279346491451,1.8242392793060276,1.8843268104556046,1.9322516767583693,1.9653407784073238,2.0518780471991818,2.0300566612316402,2.0736599795482675,2.0719222108153872,2.1310159866984577,2.2410328262359371,2.3130667247349948,2.4919653874574124,2.5852021350976884,2.7055609477473581,2.83112172294841,2.708866405359629,2.9653517174022568,2.9042195469641001
0.53205080756887724,1.7948830844788404,1.7668218289046536,1.8006732003469779,1.7919997736726145,1.7570671965082738,1.900605531107658,1.9010783578739847,1.9090309991815957,1.8721679155873971,1.8464824854216886,1.9151015300517429,1.9647553307406724,2.1068261906558519,2.1110441742365538,2.1570995382189722,2.2462296587397077,2.1872086716473405,2.2428699693697354,2.2761438395255027,2.2970517642830828,2.4090070907891459,2.3801968657946873,2.6859621299299761,2.8101610017774874
0.53669961580458514,1.9224362328552616,1.9411866228953158,1.9809160167037589,2.0516580469932251,2.0462766085950079,2.1083236811517736,2.0411744433052945,2.1037388556961787,2.0810189162762072,2.1156236290156585,2.2134627411768406,2.2351171091013384,2.3990114284649735,2.3982387405901591,2.4205094472517885,2.5088026961525429,2.4548029341518713,2.5471609918821514,2.6240957940307226,2.6716901820807379,2.869142611435791,2.8826754592923862,3.2946978969189331,3.4147983817645127
0.54124036695023126,2.1248889720206989,2.0851051393035505,2.1714835454300783,2.2294117926497847,2.2649316567175219,2.1710138080183015,2.1314018580166021,2.1789964243622535,2.2079689341769608,2.2421967495623676,2.355753958939431,2.3812000942159557,2.5137130790120636,2.5251493697621754,2.5276818486232742,2.6396178256877647,2.5874869645268745,2.730355185854819,2.8506868228948861,2.9359920887454791,3.166652199375676,3.2047972613856928,3.6078063765884281,3.7231742980457057
0.54567557268926681,2.054255294503605,2.1201318654929082,2.1752049530059026,2.1773915840230416,2.1309417803998372,2.0605101216394246,2.0608272279491757,2.1478239542153119,2.1925311238901486,2.2344667329982713,2.3377890103733989,2.3124815041084048,2.3943288389852455,2.4075503845116373,2.3987800522525049,2.526063671025554,2.4686379023697782,2.6684968014751576,2.792107429451903,2.888165067638397,3.1250996949401042,3.1460922708821499,3.5107387671472452,3.5463786674569064
0.55000768632346864,2.060874064569532,1.9721846079893339,1.9970747401349627,1.99364397949455,1.9378892320952446,1.9573612139698184,1.9554773648033006,2.0506324592149667,2.0802410746848068,2.1103188658067324,2.1711676729480018,2.1366382962754074,2.1833490571730749,2.2086184902775017,2.19227152358485,2.3305685780101157,2.2882005315357219,2.4891092069990464,2.5978262276996702,2.6837185551237326,2.876297687631336,2.8659534121356955,3.1587521336551845,3.1150758714446738
0.55423910412996691,2.0391845958470185,1.9472822266641288,1.9139122990438864,1.9411409548845313,1.8475673016556584,1.950161888651337,1.97034155409915,2.0684681083788519,2.0734272064806873,2.080394213898785,2.1156997696290318,2.0609477668859881,2.087547168905644,2.1299386140080969,2.1085827637656394,2.2795526990491908,2.2589324808941456,2.4717387118973875,2.57501822196582,2.597184931755578,2.7617831757379463,2.7188882268444559,2.9671048719715145,2.9075826503113831
0.55837216668672762,2.1283227719213755,2.0369462168455357,1.9869400103740418,2.0231509475862595,1.9869361114771209,2.1573625566857118,2.1690725709117942,2.2100269739802343,2.2104927110997323,2.1755249068168041,2.2259940227604602,2.1799336905440896,2.2201341402908383,2.3125452695705917,2.3267934812495241,2.5290919493188539,2.5050714255580715,2.7030356464076704,2.776987548799525,2.7853442003436157,2.9405142759305818,2.898404475976804,3.1289214617204379,3.0828679309479412
0.5624091601672252,2.3096653747913933,2.2465544460251294,2.2528598601866179,2.2780343202439326,2.3292334775705967,2.4312843358786722,2.4182207359358472,2.4704512882374274,2.4309122643394403,2.4214736406288466,2.4868411577183451,2.4648684590501944,2.5571520690207308,2.6636526178062923,2.7231526416483121,2.9270517273319001,2.8954826772167053,3.1054486483258188,3.1358148938338672,3.1527779636476225,3.3154954344997805,3.2941539906059916,3.5623142918245776,3.5265091069029495
0.56635231760502469,2.3712372077700365,2.4577438991705094,2.5291010431776613,2.5094606382015172,2.5934339877105685,2.6440386585192073,2.5813166307282245,2.622043917303813,2.5910224615108746,2.5925724295675536,2.6802992104194345,2.7199556859545737,2.8285258770790733,2.9582082394665576,3.0407392803244875,3.2583515845337843,3.205758044686263,3.4005178123256883,3.4272453188311829,3.4455004427859421,3.651401135806509,3.6261790709709203,3.947993832535758,3.9451658676402985
0.57020382012896664,2.5028826951476049,2.4951416793287535,2.6138424358445036,2.6082620586182657,2.7006054626272089,2.7214222151815193,2.5871290366886797,2.6342901996507635,2.6103837661739817,2.6407541308155942,2.7804634887515931,2.8136591163172398,2.9534033826021187,3.065573000375025,3.1056139200561574,3.3195183182226629,3.2707504080424314,3.463584116159268,3.4709522862851827,3.4852724183596138,3.6994619299587157,3.6765666165190396,4.0471161259151813,4.0576944352658302
0.57396579816964266,2.4301126795627397,2.442042750082237,2.5726109454799371,2.5703172249425279,2.5434831731049599,2.5749942926652238,2.4648285067848974,2.4992160021081418,2.4987634000331127,2.5281798546595837,2.685625095943351,2.7440949540109614,2.8654522137386493,2.9553730464194814,2.9872066859154529,3.147903714414042,3.0696852792785876,3.258706679482998,3.2561577265713595,3.2672447745553654,3.4780121728214226,3.4760564883672487,3.8536517400659704,3.8830189884108677
0.57764033263782832,2.3915313666957445,2.3323252662314644,2.3743982013362483,2.4152061777514291,2.3376473610260291,2.3724602329649542,2.2846112664822158,2.3630619743428269,2.3848746910653063,2.4462714510794967,2.575762571564951,2.6283020715684415,2.6940681455441791,2.7368350976634019,2.7777389966526016,2.8966668849659527,2.8147025693067462,2.9745458890337204,2.9675245280369609,3.0108263606005039,3.229945149928426,3.2166413531429043,3.5547769640427305,3.6441554320915657
0.5812294560755239,2.4031872107924528,2.3385593949308259,2.2870273628991526,2.3527837644065812,2.2490142956612544,2.2526615875068501,2.2876939809119676,2.3768163950754797,2.4142074422663882,2.4511818518208202,2.5564010157365828,2.5945908599944687,2.633529095505537,2.6459042299206885,2.6486234030096512,2.7335649771516728,2.6984608908749124,2.8498440240166474,2.8415391852993253,2.9270439748675017,3.1786167395760003,3.181933552284363,3.5055965035883219,3.6113016068147772
0.58473515378023855,2.5569890274448426,2.4604770040391486,2.3881246320133869,2.3926110861591496,2.3650143337160898,2.3965913684844509,2.4411246517588552,2.5408685290740323,2.5886597470378092,2.6216452588078027,2.6829848275160657,2.7012939853811986,2.7381424112031709,2.7424561482255285,2.7692118975867288,2.8432469396454962,2.8244594105478882,2.9963225324802352,3.0301324907884464,3.1408302600304978,3.4302064936732677,3.4789826990950132,3.8330187178407868,3.9328224395048892
0.58815936490314524,2.7106275362382348,2.7092311682608852,2.623395536794078,2.5981443026994384,2.6310549554866611,2.6422732998321408,2.7538441971291832,2.8909959269242336,2.9103971046347397,2.9136760334765768,2.965352583500362,2.9477749218708595,3.0083468711759451,2.9896357009088206,3.0445324313848232,3.1595429731601143,3.1701999178626465,3.3834761813741352,3.4792536550726254,3.6015864468172367,3.9342562939741583,4.0351885276800203,4.4074612827007513,4.5110029602924442
0.5915039835217073,2.9740940955493897,2.9320743999305705,2.9483033385997715,2.8614362172033907,2.8817465453175828,3.067228321225457,3.0975251803638457,3.1950938745746953,3.2173967841274589,3.2054955979726856,3.2341946498045218,3.2246073059166065,3.3058496047781318,3.3165480861284777,3.3807691923414041,3.5217077447209704,3.5831570892491982,3.8282500185514436,3.9740564218213876,4.1047529169509289,4.4988323661909817,4.5940250916228251,4.9586627969169967,5.0847105681459652
0.59477085968737287,3.0193746425945847,3.0913771191264914,3.1926592056515801,3.1748926681839293,3.1486925658234668,3.3083075039958203,3.3130669928018506,3.4050199892483306,3.3912730276631464,3.3692445160475017,3.438761592135279,3.4221362337138999,3.5107792239759874,3.5483812920408582,3.6486399900695687,3.8213022158631702,3.9200518122038375,4.1928953793376422,4.309485282300102,4.4813702094793371,4.8887745222546073,4.9251460227706048,5.3481250241702583,5.4413555817473025
0.59796180044891845,3.0715501734744066,3.1067669477276922,3.2386660975116683,3.2506088519742207,3.22103460580297,3.3884833648417043,3.341497511276657,3.4171539568717435,3.4001446079030302,3.364293762170746,3.4495413416989322,3.4161071590822303,3.5545014591782547,3.5766699200494259,3.7295107789127542,3.9161864304937808,4.0447718150539913,4.3097084696964885,4.4142500186831057,4.5927599516121518,4.9739937711128732,4.9996488695278458,5.3599394397415381,5.441525292917504
0.60107857085200456,2.9889234864422178,2.9895973557511297,3.1523980387703432,3.2707696442012093,3.2275429543331029,3.289205258438642,3.2086098050863257,3.2566726853262935,3.2366009619158831,3.2302299429152299,3.3133649018061533,3.3034286706267721,3.4560784014036017,3.5442995263149442,3.6607555957446039,3.8589646373270625,3.9787251199286402,4.2018738885692528,4.3051876482136322,4.4767452677103847,4.7892765854219306,4.7888809202981975,5.0959517948754183,5.1162925455548702
0.60412289491549709,2.9034602592141709,2.8831633693021104,3.0303670157238685,3.0883747903194489,3.1434885817034228,3.1006679701772555,3.039392203526404,3.0766180730208816,3.0426630379824928,3.0537048375242648,3.1640910807877844,3.1699893166871789,3.3737209760233782,3.4292428052947344,3.5676528555450204,3.7525960333496187,3.8345495911382841,4.0282245951500499,4.0928413837400512,4.2444434790374999,4.5103028110786454,4.452173297758236,4.7246263969311713,4.6772002306984177
0.60709645658509692,2.9574467944596563,2.868114601469415,2.9061954115384196,2.9691335448599148,2.9950768755143145,2.9429522421223737,2.9195445911550451,2.9455707761849226,2.9600141796859134,2.9939944286877562,3.1206265756816265,3.1234077954879922,3.3068094529962764,3.3947602619282407,3.5042440657900897,3.6715300848959487,3.7575292706947039,3.9175549939341181,3.9502259128471451,4.0774461446735586,4.3122380970148697,4.2303707870041762,4.447433106394783,4.3937917653709064
0.61000090066480195,3.052579743979777,2.9863240957490689,2.9655349941021996,2.9702113274338444,3.0066126273777627,2.9938193520958976,2.937121043542902,2.9753119621166206,2.9962751492141706,3.0734441070794674,3.2155835322041639,3.2392704932608467,3.4166867836179335,3.5081417559413239,3.6050765934560332,3.7566844741822933,3.8203589120007564,3.9492004662656655,3.994558164562477,4.1006225046385225,4.3117781183050283,4.2139128603985228,4.5057243059054599,4.4809680265129828
0.6128378337267173,3.346827556631979,3.2327332790164292,3.1651450537210621,3.0742743660650831,3.1098493521649289,3.1623272948336307,3.1487705278786962,3.2085148536139059,3.2568889655603925,3.3361109506272442,3.495185644263529,3.5242776377858718,3.6814258905524184,3.7672546858680107,3.8299061276288739,3.9988167876845182,4.0727422997829308,4.1954918848850866,4.2451734325964026,4.3412167920623688,4.5679431223038591,4.5073579074964982,4.7995510058049149,4.8107258493523659
0.61560882499972069,3.6277216882463108,3.5684582697390397,3.4828819072513397,3.4227275737521268,3.3513846955470399,3.4931448932115927,3.4013234331459898,3.5468506657198304,3.6273502675044256,3.7113972098386512,3.856483266100895,3.8987663945849818,4.0630637397857754,4.1736605538180811,4.203524260589802,4.371430462853823,4.412614972130541,4.5285205139430218,4.6163434182644778,4.7351296345113951,5.0169326268928671,5.00673276525049,5.3162966117806718,5.430450581504374
0.61831540723746925,3.8889918208428753,3.8758459640521323,3.8154407076203825,3.7702187728968966,3.6513430652485113,3.8263905705816796,3.8126742345034472,3.8955133052045312,3.9861857005148522,4.1194353028804471,4.2666748838814783,4.299912278357624,4.4570315243677214,4.5141695839065505,4.5616328925029848,4.7387321895189416,4.7712480688933283,4.9017176834777274,5.0065115969659928,5.1618228613192514,5.4623248727903047,5.4935176475878507,5.8499787581577039,6.0113701454420152
0.62095907756623026,4.0921073214803982,4.0908787608473176,4.0599485999823628,4.0931347807409111,3.9337852947114698,4.0489388106993829,4.1236290776187161,4.2485638226880837,4.318995523347894,4.438112448688571,4.5871580361754241,4.5871965871283464,4.7038765073189097,4.8257689296865465,4.8305888232839607,5.0154554622672549,5.0334155649493368,5.2029082918247695,5.3343912261584592,5.4923514263750803,5.830187484473754,5.8924447385761596,6.309190318844685,6.5131483219201982
0.62354129831300709,4.1473927604497476,4.1589837250512574,4.2429342421864931,4.2690241732202594,4.175267764651835,4.22290943827511,4.3118510134372627,4.4629418162321599,4.5274318128053892,4.5964634644838043,4.7432388781303416,4.7545141152195356,4.8609366698483427,4.9310098147052486,4.9331016519281548,5.1277615184221759,5.1697873597267971,5.317437341096138,5.4518033646613731,5.6651154587216297,6.0442774240141262,6.0664490635604125,6.5482579354288646,6.7472732051692219
0.62606349781441384,4.0535864340597527,4.1003630153427366,4.2006960579678889,4.2687928604973422,4.2267181200254527,4.2675032034139804,4.4110493574585234,4.4925706864664789,4.5462762567626669,4.6264623235410909,4.7404221564997897,4.7524571103022026,4.8387303016675105,4.8996246977671944,4.9075919931378849,5.0860442331468221,5.117445313137523,5.3138968520393064,5.4462107910408122,5.6547951978855053,5.9854527457041513,6.0953892248112425,6.5483355410738113,6.7810749378450055
0.62852707120674933,3.9140025825508928,3.9383341433333499,4.0692917853455128,4.2097497217391719,4.2340450161141234,4.2269258617020569,4.2575243970454721,4.4443350201195244,4.440270204913304,4.5005062313784947,4.596424385365026,4.6161983588026487,4.690904058950764,4.744208815600814,4.7375341705414939,4.9536848429906968,4.9693286484425698,5.1545226378279949,5.3401393019266834,5.540033225674506,5.8877524830863877,5.946357163574703,6.3983705237465074,6.6555475897671386
0.63093338119770714,3.8096841163501267,3.7851310262849438,3.9616648255264408,4.0530766585789024,4.1587394812345337,4.2082655405192781,4.2092700120688278,4.3266750508923906,4.2993197246828458,4.3209587042169915,4.4479750226441865,4.4303281483025785,4.4835522488433526,4.5750607726549788,4.5812353366522984,4.7812091413352391,4.8335162202715765,5.0092745145279878,5.1782764049999059,5.3928178763635515,5.7696634148351222,5.8233062917756797,6.2498821797908022,6.4569419989393282
0.63328375882014665,3.7587355796604243,3.7352043091605083,3.8120044011052414,3.9252707854566324,4.0478625345035653,4.1465623547182986,4.115117399349856,4.2217752176729846,4.2117411396475291,4.1716103241387827,4.2967013991260501,4.3077923006280798,4.3588598480087057,4.4676594264919913,4.4710437684611861,4.6948634098689581,4.7501915329335134,4.928523623480487,5.1425234621501659,5.3582973453758314,5.6666684414590236,5.7564620373914295,6.1649789475995931,6.3884007987671794
0.63557950416834508,3.877489736539701,3.8389700290313158,3.860015513158487,3.9265770697429616,4.0732763512974088,4.1879777070821547,4.0960347379459563,4.1985405592108691,4.1818255238204074,4.1334900076753911,4.2683197892788485,4.2873319672498837,4.36198965704898,4.4812135800293618,4.491626098807501,4.7620769387617656,4.8210989305480325,5.0172476220864155,5.2827486188498369,5.46172724848293,5.8130977587161397,5.8914682294516751,6.3155457029570243,6.5256088224314226
0.63782188711713461,4.1513870104863599,4.0356413705362684,4.0902578616828578,4.0602353551362285,4.1516169353963051,4.3225397930391409,4.2509475971983193,4.2867886860740327,4.2392669836149253,4.2425885713300886,4.3561474396824451,4.4283339386374792,4.4976936770176508,4.6543288077191391,4.7029400019096101,4.9980879712711612,5.0823583755327491,5.3315605331436018,5.5822793835386619,5.798272429350618,6.1565381970804083,6.2617005036081537,6.6873810937649978,6.9177000633944772
0.64001214802432438,4.471742150992668,4.390854652325288,4.3727407724591103,4.3193506959619299,4.3112829032929767,4.5092561271872,4.4716284423930119,4.4949075084023207,4.4905325822765008,4.4693979806156676,4.6279691172289859,4.6867993606238088,4.8216088709186806,4.9865821540279285,5.0457358452795233,5.4028738210554366,5.4858840996466824,5.7685309726584819,6.073315587680554,6.3012713345087832,6.7125336477038218,6.7993990115692213,7.2531922703346936,7.517771594203623
0.64215149841679564,4.9536196600311087,4.8451563399448787,4.7738019221751529,4.6608920734825006,4.6560220359833693,4.7867241635512983,4.7760211950553639,4.8020170154045445,4.827054769562892,4.799672175791784,4.9667466927494388,5.0597612387300615,5.1929523735179828,5.4295640571390322,5.5300949054108059,5.8937624446589325,6.0028605322431758,6.3586583472861093,6.6970372170453629,6.9176082441417748,7.3705976178862329,7.4730459138127117,7.9924777068981712,8.2821085822006353
0.64424112166064906,5.4023973697167094,5.2673978558459567,5.224766409750373,5.1265484955092688,5.0010608438378767,5.0954177037101545,5.1711839419167518,5.132830032941456,5.1601890163810822,5.2023570514347739,5.38973926419294,5.5097722606351454,5.6987529754733259,5.9378653374005808,6.0524393801679253,6.4316571666022355,6.5569319475280281,6.9200831068128537,7.2905356307974216,7.5622048035293119,8.0413509261852596,8.1667155034301686,8.6946489847850899,9.0474905594019219
0.64628217361577467,5.6984345637984006,5.6662497288580198,5.6455564969255647,5.479004185193844,5.3532024325877501,5.3559908582283242,5.485301725246245,5.4721555831883961,5.524045550379924,5.5957369662191923,5.7926810056696922,5.9051738705275056,6.120127649760434,6.385390291998192,6.5495806048420491,6.9560111531300208,7.1001654709352806,7.4916422781207075,7.8558979320287108,8.1385134072233996,8.6810904073890924,8.7748070651932721,9.367510926009345,9.704566070535293
0.64827578327520763,5.9472115947528437,5.9273085882523446,5.914341439490272,5.7743434597605301,5.8055399604072591,5.6502946050850369,5.7252577363324235,5.7948271199784358,5.8641655419514791,5.9475244135401226,6.1424435691596955,6.326258893323029,6.5164479373142967,6.8000470156111987,6.9482798780527446,7.3524401078375377,7.5313474058593783,7.9044085692130466,8.262681516595876,8.5637001380682705,9.1103409210609243,9.2188620600181821,9.7909243470203364,10.173226008715574
0.65022305338962305,6.0858908886657446,6.0823740123914831,6.0822253682908922,6.0886203565123651,5.9537760893172162,5.9178776307817316,5.9308275433013478,6.0249699646356021,6.127420717671157,6.2076919943019675,6.416870318880683,6.5854195382908074,6.805873939830235,7.046813223009849,7.2217068117879535,7.6433082152880161,7.7987096358820054,8.1917502961159698,8.5269043437401706,8.8255040773483415,9.2401133706616747,9.4463759466507327,10.094358060337072,10.396941662047539
0.65212506107731316,6.0633244866940004,6.0790586991615783,6.1644139715845085,6.1641492837889018,6.0977528128823906,5.9995366805624144,6.0198263102583951,6.1610872762094004,6.2781475565525398,6.3840481108009044,6.5718403349992514,6.7203430486079014,6.9656478403239817,7.2159072346858011,7.375710650471774,7.7734264842711127,7.9093340987183183,8.2756778510156437,8.6024355702784305,8.8648747898760121,9.3551462854093188,9.4665990285766384,10.055583299136742,10.368082701072126
0.6539828584199886,5.9574565436219018,5.9711218203824501,6.0334630048810141,6.0703790484403726,6.0734400047795134,6.0777223332488575,5.9612835927409833,6.216687619728873,6.3362527018698529,6.4807281256589704,6.6473354080462741,6.783260295481341,7.0182379092293559,7.2408007848725902,7.380660676341904,7.7692448264888299,7.8828840917658454,8.2485061111365212,8.5382354760440649,8.7749892448055107,9.2526275780555807,9.3072733808030534,9.8586317060926376,10.155414378180467
0.6557974730447298,5.6926795107860926,5.8230463293807588,5.8797913352746036,6.0071777645134716,6.0768142861970773,6.0831864551055332,5.9953310763403351,6.1767625357679208,6.3497001523619474,6.4637879920037449,6.653429281616809,6.7677645523335741,7.0218363444764691,7.2056948897698021,7.3467296167264067,7.7000055520084061,7.7801652416601428,8.110468557340937,8.3866875097546654,8.5667214240229441,8.9328393199439233,9.0449110513509368,9.6044348235272992,9.8371795051689332
0.65756990869241005,5.5858039791105512,5.6545309847065255,5.713993900020796,5.9047931022064404,5.9950011153832747,6.1032341223099138,5.9964299062567079,6.1206942193375653,6.3438646782733485,6.4899109631242027,6.6278796239221265,6.7810655434341243,6.938417037776162,7.1317591268634715,7.2484376440288543,7.5535363662329473,7.5852607236511176,7.9375797663396952,8.1729925124891452,8.3402912000610741,8.6988935208491966,8.7426446824092636,9.2458763773902319,9.486826188483974
0.65930114577290932,5.5026225879987578,5.5161499143555375,5.6081578491148321,5.7601494183322757,5.8657279211292916,6.0682436540191702,6.0256739309470504,6.1122300625202115,6.3717220570879363,6.4772625522809903,6.6399227870542745,6.7148032479599351,6.9536176128440275,7.1053770625558172,7.1925650402927204,7.4691540018866363,7.4757765433178065,7.8110951784356075,8.0329924685393053,8.1566084900186979,8.4753950101821829,8.5037809814493812,8.9896991034329403,9.2185410907432015
0.66099214190741984,5.4489771619064413,5.4810753046276659,5.5803934423338433,5.6378979576256825,5.8275241692272175,6.0730085811637764,6.0330516965386778,6.1666113188639429,6.3946763221438232,6.5326983108816421,6.6750794986573965,6.7450508129531954,6.9760147000388315,7.1065467106773212,7.1768576218755697,7.4247959496660769,7.4189349277903602,7.7239689581965649,7.9456404523134552,8.0644811505489997,8.3817110744066667,8.4375111882091005,8.9066176100086523,9.107951608149051
0.66264383245814684,5.5458990581964827,5.5914378985617077,5.6339237279235022,5.7346085641938771,5.91228703111301,6.1659857024969824,6.1738378717236628,6.330258781908924,6.5490803370330468,6.6589199571108111,6.7679914703739996,6.8710062388954611,7.0354581852789124,7.1679674282122505,7.2753157638153425,7.5121757899851218,7.5115624633035623,7.8163447156503025,8.0273100624262952,8.1215131178887532,8.4715552085654053,8.4882357665510426,8.9648276579937374,9.2145545238336126
0.66425713104569861,5.7972348869607231,5.806760865934848,5.8711590033180983,5.9985511480808782,6.0687289357811096,6.4173714159614974,6.4656660286291299,6.5229358200422212,6.7566273712018301,6.8751249962670045,6.9988579061500786,7.0457243031005419,7.2539114133169278,7.3722837736404472,7.4729371587245623,7.7122067318550762,7.7229675550033789,8.0197011850468698,8.2567128521204722,8.3738846955402551,8.7354125010688222,8.7865905263724926,9.3103138301366926,9.5666584224909457
0.6658329300544481,6.2695216058527876,6.1597613632620778,6.2014860020235574,6.3239223137579756,6.4173978597464156,6.6289747420178173,6.8554096140533147,6.8285991501861645,7.0586478528639418,7.1617838234378723,7.2637017548904623,7.3454780280872001,7.5697100015731849,7.657997076463289,7.7738406419493913,8.0535130660437062,8.0605605367536555,8.3991756654859273,8.6345195621779567,8.7815445302685475,9.1663519552275829,9.2962717196151061,9.8232668690470746,10.158309625741822
0.66737210112614909,6.7753575682518203,6.6549010444259693,6.7249350626534579,6.7215628330659456,6.7223537347172169,6.9836541449985816,7.2084279938908367,7.2902654561394229,7.4426967632361993,7.5530301915723612,7.6511606637532168,7.7420282125322046,7.9429503983737959,8.0664715029561194,8.1850680245624972,8.4973870918074681,8.5639372045880009,8.8784920824673463,9.1501583145945915,9.3256030509000993,9.7792315673577832,9.9337227836749662,10.542211075124214,10.93214310572148
0.6688754956420786,7.3428457858190086,7.2286512886439596,7.2270089959984034,7.2121358251506535,7.2279385800065938,7.4059355671588492,7.652380769987758,7.755422848089438,7.8621018397934677,7.944356205427539,8.0954375882811291,8.189778139541886,8.396968618117171,8.526170261669904,8.6806078979570884,9.0017684837894194,9.100594230232673,9.4796455212763249,9.7726510040829453,10.005729470422011,10.515914810988761,10.72966370751783,11.413230930405916,11.877950253428935
0.67034394519397233,7.8940443977953692,7.8100335651542991,7.8411102033387579,7.7686815296601708,7.8236081482791633,7.9248903626094034,8.0905828687973553,8.2649805496184854,8.2960580125982233,8.4041473697707261,8.5383001508125744,8.6282582894873485,8.8745173918105138,9.0324326328263851,9.2102617508189724,9.5598900895438419,9.677742277888683,10.10077355136491,10.457008537425281,10.717921600569753,11.298153192641621,11.568488505048663,12.336545291551374,12.884939825109541
0.67177826204401314,8.5846517968366243,8.4416372884570592,8.4209598932648078,8.4569484468174778,8.3564608549459081,8.3848836447414214,8.56852618305129,8.7053135643891437,8.7615262813142181,8.8530638546453702,9.0024932332707976,9.0940365706428565,9.3571289896735834,9.5325259515429934,9.7332730510734109,10.089688052152269,10.289032564300214,10.750570779660848,11.146367290566559,11.476114304272414,12.092085021891762,12.447347959388935,13.263670029558853,13.917854905452259
0.67317923957412851,9.1601939390893676,8.973116101409687,9.0168700039903342,9.0484229743869946,8.8416815005984972,8.8517728426722897,8.958694201464823,9.1201110823858471,9.1220093737774732,9.2132074367818859,9.4226825119585556,9.5058748855735757,9.7949071011626074,9.973436712703915,10.235892995866379,10.611618213511974,10.851697288722789,11.368324401082646,11.782029260208219,12.185244784108363,12.852110470785192,13.258246032204624,14.173930692193608,14.916121667505649
0.67454765272484374,9.641529001051822,9.4798179720201006,9.494921142277235,9.4751259310305613,9.3463446737223421,9.2924456718101283,9.3018038250720565,9.550134211734985,9.4903166776402941,9.5947009649462416,9.8030526945349266,9.8720754341684369,10.183292140167396,10.406055699246281,10.679994787036776,11.088801182140742,11.321981127059189,11.897085519680331,12.381529223606776,12.752244548832095,13.540736036971794,14.001627778523471,14.996640370763998,15.765212869195238
0.67588425842393451,10.046932702749473,9.8658663698988676,9.9418617071805784,9.799433545455031,9.6718291249617323,9.6240231219417183,9.655858129814078,9.8404158886787627,9.8076790130398876,9.8834982912594569,10.083195425802842,10.14189458292276,10.543553966990657,10.756401816131984,11.045615659040777,11.474778687448634,11.752684723951461,12.353441003608168,12.862283414078775,13.357078817885849,14.117516726701069,14.6324230716491,15.641415848524048,16.468975738338486
0.67718979600511597,10.23213447436865,10.186225409581311,10.227031452146548,10.225672311391463,10.07645493884047,10.01147628281069,9.8783164427131851,10.102702087628131,10.017899091610161,10.105679595362744,10.317816741027855,10.385794449246532,10.807630843150037,11.001418338732037,11.325200452769423,11.75836285227706,12.095744150228711,12.724871648641056,13.25824264225048,13.79681550969508,14.549633133628959,15.079845802616546,16.181118582631825,17.011877235396241
0.67846498761700058,10.415244531639473,10.400534157486618,10.404396996544165,10.392778348312277,10.33881505307545,10.258802229907815,10.0742784928334,10.184426332134535,10.144651143062219,10.23383495789858,10.530525512727763,10.587308253236188,10.96507739162189,11.185128744387839,11.524807069885355,11.996196708054413,12.327826168102547,12.964556747481765,13.535705809697902,14.003363339588759,14.894818064847641,15.458196101470094,16.547674337920398,17.456513477842236
0.67971053862254782,10.504041724142553,10.464081124042423,10.520091349409995,10.525239553717256,10.415512167712222,10.314392719001262,10.12891422609755,10.27483482455682,10.26424967627463,10.357262651796191,10.640446780880666,10.681418073372697,11.065533097485968,11.328694754462049,11.677462289968389,12.130152741614438,12.500558714564249,13.141804186705485,13.714975253560624,14.251064934029273,15.09460207801385,15.683968339426428,16.798126924746612,17.692485297890016
0.68092713798923221,10.494193420616284,10.439185109865321,10.538790803096163,10.482190348750009,10.451933816239034,10.42206451722268,10.150643113231126,10.292871414747424,10.321701478062096,10.398436399367711,10.678768165445945,10.736606187367215,11.139163084468237,11.383266156070022,11.752054457405393,12.210944353817467,12.605402208753731,13.242198634670785,13.824514671337965,14.359412571824578,15.200318401602999,15.796637653062135,16.922403894108356,17.864852658201926
0.68211545867013967,10.425143080447924,10.352980114913407,10.474543689942948,10.415695595680518,10.44046008418627,10.370130139985122,10.206153691524378,10.261763227519623,10.320176118340896,10.428710875523393,10.718879623846078,10.830436843287316,11.150967952333303,11.447204985930512,11.788335313183779,12.265401574306452,12.647674274834571,13.289789785436369,13.874797311706061,14.382707750812187,15.268462724650817,15.809186885135205,16.986397293891059,17.905240872087234
0.68327615797620667,10.317783796576805,10.27426521714915,10.348846536050587,10.329067321600633,10.348398795370485,10.413003815485354,10.159268820274519,10.182578119327445,10.336419077024402,10.445323803085557,10.755819292759043,10.85844868732238,11.181842262110877,11.472958045875203,11.824288442541729,12.315947706070801,12.681200325978352,13.327188822022435,13.923384547208116,14.411007049026011,15.29796140912913,15.914339413466223,17.020152932234851,17.937841673037838
0.68440987793980756,10.084857084004398,10.13448276309191,10.191216335259014,10.239546695502213,10.256893360789945,10.423314740919523,10.270678366712673,10.184230126429611,10.366574450574262,10.479530340653582,10.729690502899757,10.878955807804232,11.222184434445808,11.499459232813024,11.882204681114672,12.376115860310165,12.74927636213215,13.392148168471977,13.946841511706225,14.414502487608843,15.337602499854256,15.938116269509919,17.07589575343809,17.928948974287778
0.6855172456698897,9.8787577666553261,10.053119304756365,10.082782749600483,10.105008859974077,10.250221402307943,10.382136376221752,10.340333881353217,10.210241309645426,10.40275962042324,10.537482313231521,10.798673972463803,10.921620242970675,11.314909712944427,11.629426935771335,11.968934839685971,12.437852675273462,12.841192974223304,13.486031338625253,14.062191566015827,14.466240890371409,15.4280184892541,15.991028264048509,17.120118585136879,17.993544659771942
0.68659887369885386,9.8014852553160381,9.9705500500203925,10.025525404119435,10.066302487545727,10.139595936461774,10.341773709087647,10.313797468501434,10.311019287930321,10.489832635654238,10.652706089484127,10.929649863466693,11.066445683038182,11.464795359508571,11.760856048056667,12.111371245084229,12.592482657375513,12.993863553720075,13.658693058721838,14.219524816007834,14.721057318049134,15.598814814027719,16.194771965600012,17.276237168358421,18.214576313930593
0.68765536032137298,9.7846535831740766,9.9097070819298096,10.024195992402383,10.05677579769872,10.190050504168539,10.412701216659116,10.44150754549446,10.424114604264105,10.649734956443353,10.804890971559871,11.153732370750731,11.28669793420886,11.66967807581932,11.971370006140205,12.337154802427904,12.834605853195171,13.229459682377637,13.900125244061201,14.450677131479097,14.938685062586956,15.857987484903788,16.472322629384507,17.604917040524015,18.47428135167138
0.68868728992533379,9.9157330035468476,9.9677589387811167,10.019970350282165,10.146927629062702,10.192818437782989,10.45692410513584,10.588868159660706,10.668545000798986,10.92632812075135,11.072057855522871,11.413967761758613,11.574424425607504,11.958414192091368,12.306695029596085,12.65165982502549,13.172855438826446,13.589872832582842,14.235617840646228,14.803184349710136,15.250694735730576,16.22722872122722,16.839110942866682,17.993014137879072,18.85452986513701
0.68969523331508664,10.056223206023787,10.090516776881486,10.1255510391602,10.178253586225765,10.332933759187654,10.68125575178783,10.863566287858703,10.92720187357736,11.244901827438298,11.421701984821993,11.758359407798707,11.913363689882317,12.332567331088285,12.707328310145385,13.06462521294452,13.553646961458071,14.01443338338504,14.703734174976489,15.261034639941499,15.729912790324306,16.72838878354014,17.332048548447347,18.516287567428662,19.435082248059189
0.69067974802718257,10.289583972724358,10.334047403377554,10.37349337077103,10.444839870582655,10.585960576860089,10.934390939723016,11.186699990377747,11.295432865470502,11.645210664100887,11.819903828030874,12.234429806703702,12.357781259921467,12.787734097415523,13.190530962288904,13.589540956845667,14.077217840333105,14.547415902539797,15.275112168656051,15.849090534276911,16.430213964300492,17.406436865374417,18.070615976805129,19.204993479561381,20.211513319303776
0.69164137863876962,10.619789898790259,10.682011614426301,10.720366941717657,10.787533219136094,10.961494846094865,11.180190335946463,11.603782119531388,11.807538413626389,12.127372239838223,12.308606621316358,12.763213403992268,12.904868433040974,13.349545401088108,13.756188338154971,14.198767899966697,14.715443568384217,15.18990669483901,15.955050104003021,16.556031341315247,17.1416194422236,18.159878799804574,18.867918869102141,20.098762144392822,21.098133531027997
0.69258065706882233,10.981729029334019,11.103768585631769,11.081642429815474,11.220091875708022,11.382749170092211,11.675733888157993,12.137642341389437,12.312938769253378,12.684165282125832,12.884291093094362,13.371477780052373,13.604454867081586,14.02388814475853,14.440381779466406,14.863728775169875,15.470073400909314,15.977822531989659,16.712824123711471,17.358278036728734,17.967091862345114,19.01634348382504,19.774443976381008,21.076597027651587,22.124488442015718
0.69349810287236879,11.496166378705311,11.629673413623095,11.641871887344678,11.761806018783318,11.947696549214015,12.242164929784849,12.641099956381368,12.926989252611747,13.308704928442239,13.608211962098721,14.046012115508347,14.296949034058343,14.741707451619732,15.181924979689938,15.670094598077412,16.263524380770832,16.786205204924045,17.599974892116734,18.273994042210688,18.946774992731662,20.07235577265601,20.798037816341093,22.166506828703859,23.290197869591793
0.69439422352787861,12.193094193158686,12.181214121865196,12.213463162233893,12.35708251674987,12.484403530888812,12.779213634752523,13.287690404038585,13.638322133341717,14.006392669740308,14.310483894292702,14.721514928874967,15.031444911088329,15.471711394653539,15.989445594514109,16.507356856756815,17.09860583061527,17.678142649383517,18.538383449500543,19.249732861881057,19.976506421648082,21.149278523476823,21.982776149940037,23.3801451169129,24.589957377349492
0.69526951471797072,12.854986330905376,12.855950624993056,12.883589470360675,13.055861106780867,13.176875471375752,13.466990761695342,13.83259063659716,14.338814059843571,14.72186886776035,15.052694702411827,15.501776482749847,15.832017669301422,16.302215031806554,16.860292959285289,17.383609122505732,18.00338420621847,18.623009141712828,19.525446012772591,20.300713012293272,21.069633992665331,22.303627730419976,23.228347722637409,24.658861783413158,25.961705608315242
0.69612446060359723,13.570737212605309,13.557619193521532,13.604002586089337,13.740432344238798,13.923305280226487,14.154203658250481,14.584849196835421,15.118168047534709,15.469343156990362,15.802684507321828,16.318721635056136,16.672746576983627,17.169568537272426,17.764781449652219,18.293076318470412,19.015875842749665,19.618035518666147,20.563822860105574,21.393168045389757,22.206076232734631,23.503785303095356,24.491859854872018,25.985157321098086,27.384587063512299
0.69695953409185274,14.450975053652655,14.323707507650397,14.396096122512972,14.51204825442619,14.665895882451878,14.911862505090539,15.23346984478485,15.8739128601228,16.272015955033567,16.61111056052323,17.207683811473544,17.52240160862857,18.077459322830691,18.673846259069251,19.251077099812392,19.994049942793936,20.683224605880241,21.665198832291935,22.499660021538148,23.367800930278463,24.741904438364145,25.770687157793873,27.408749300331692,28.864839897512866
0.69777519709756008,15.240091648276575,15.122792015070445,15.19005186682989,15.325330247676902,15.405570768125472,15.69142009857751,16.0317699121224,16.610828895896702,17.066874850275781,17.425879453017842,18.023948895017384,18.380461488992296,18.969106124717655,19.588699330503005,20.198433764711808,20.978129422543134,21.692035529151326,22.735270461533219,23.61515967367086,24.520850976441579,25.979452426934586,27.032210386903898,28.800186026746815,30.324545320996549
0.69857190079877507,16.040849092278222,15.917534149317362,15.941052682977897,16.10807237373956,16.337938253251195,16.474893746824819,16.790131623514753,17.417028588748508,17.839156440812076,18.23232572154302,18.825590478074446,19.214752122847131,19.808337510574347,20.495861267700093,21.129603649143974,21.94147231995521,22.702642477182962,23.779578780933662,24.730043697029032,25.655756520955038,27.19697604940302,28.333525395508332,30.16539206446032,31.767197468005179
0.69935008588635184,16.831903279140533,16.731786495707638,16.73264256065886,16.890279418908904,17.108262049096084,17.242439776837273,17.599628298918105,18.17002039793806,18.706443610855786,19.010285247219144,19.618010661753942,20.094304944108444,20.666361390045495,21.38650412259085,22.028296144770138,22.86448326133177,23.741713804174651,24.795438232071319,25.795053546753479,26.787159885712754,28.409002562770183,29.616361189706367,31.478752214323322,33.168889971828321
0.70011018280770843,17.62354305675035,17.502464732951921,17.584141377908963,17.784731006642687,17.865553481093229,18.125932747690968,18.375563790072192,18.950209185837593,19.492824518478301,19.756378365771525,20.373151536456135,20.87286998266427,21.497852677399351,22.237247143748391,22.904636479484907,23.80536488357393,24.675628590026463,25.778825251665694,26.826782778189227,27.880208696773479,29.575214513333776,30.825930494233035,32.779548987280577,34.534605489243404
0.70085261200492532,18.391680223245203,18.279309561337868,18.380712945760024,18.53645581206365,18.666325697187858,18.85178651861861,19.029059208605759,19.691936142327904,20.183322190070612,20.46662124505383,21.169945091965928,21.619666252659954,22.293427183667518,23.051855743728083,23.721574469185725,24.679641072438244,25.571898266116477,26.703542455910792,27.803410815078678,28.908233836587897,30.647313799581752,31.951204997385503,33.97888538594998,35.829517848556861
0.70157778414730998,19.184537391760387,19.045767472354783,19.108473527852766,19.409304332140891,19.371326942076848,19.548072465349833,19.733551012537646,20.264703062064655,20.900370318133355,21.141234087383054,21.875770864233345,22.29775823284217,23.003706578740093,23.831832104668138,24.484863154317281,25.49978963180547,26.408185468040756,27.586028488007287,28.718478151873569,29.842337949179637,31.633708354158443,32.994060131488368,35.093359026694088,37.009659710529377
0.70228610035855554,19.889904532930814,19.754733852481877,19.799529582807736,20.096974044405215,20.131243319221539,20.286192882707837,20.420286780554306,20.905548727456335,21.549184423271072,21.780081692551903,22.526915042253677,22.97468884508271,23.689437669607287,24.514367162035342,25.200650101112842,26.252404941922578,27.172193467155012,28.394549206379452,29.57137429452996,30.711411363794468,32.551305102093465,33.926372883084696,36.127856409737433,38.075402498332551
0.70297795243861949,20.550627235566935,20.403572191531566,20.606329982863826,20.740616059756576,20.801556442514993,20.897591229495447,21.022636441881332,21.461353100130509,22.113051894957607,22.41640089545399,23.048201525329205,23.591961792866641,24.317840352203348,25.162168735452724,25.869069817570562,26.902301185262331,27.85677949069941,29.140917283057206,30.332519208335725,31.500871964835824,33.396200230541581,34.809178348798014,37.069069921722985,39.052564259276551
0.70365372308044494,21.323660809943249,21.049267778831563,21.206498430503416,21.337216493076994,21.387730701444525,21.678647629152692,21.584319707460963,22.046680850104167,22.670041445289826,22.957343074627715,23.571539906133694,24.159851175470976,24.882722339752945,25.727373149726191,26.479624107654672,27.517737265126925,28.532863615626411,29.813166312302201,31.021269378328725,32.213379284687107,34.152858248344273,35.618158988756477,37.900413801959075,39.927643678398454
0.70431378608164452,21.896701243760617,21.618147689128818,21.760668333001377,21.901147314525588,22.087411890843214,22.213295344856306,22.062529524631827,22.596891551918816,23.177472772895271,23.429889657312742,24.049227732011786,24.67080868458288,25.388368360621826,26.246271853960934,27.01865574083422,28.071906954563019,29.09423899637477,30.358709875908971,31.617586762240535,32.84529511027722,34.818111725951894,36.324653827286966,38.628114985924185,40.688958576793084
0.70495850655126391,22.419386878202204,22.136437636043411,22.346553823783324,22.416784093151364,22.56462994591493,22.689433047078637,22.681694476232224,23.07600097147224,23.64278362521145,23.855592211693875,24.490820384271501,25.12697717183255,25.787313105782232,26.7170634794129,27.444417289654666,28.57454960578616,29.584418373844528,30.85778855107128,32.139643456936028,33.403768852534995,35.392677327417914,36.916018725234608,39.232372698977997,41.325729120893811
0.70558824111173868,22.892612861131056,22.605654731010873,22.804966991425317,22.874943895469187,23.013690826715901,23.119407994956418,23.103200249868678,23.437537621623051,24.072470104958484,24.234850031640235,24.901008876382548,25.435878622858581,26.172246340269339,27.093453141744249,27.858535318035138,29.016997752620227,29.995605133608478,31.294766054816137,32.595506930414558,33.895140042717685,35.884625958671677,37.425486039588577,39.793024683218391,41.870117248996394
0.70620333809615832,23.248156527552055,23.040490629507985,23.217468641938467,23.401651780968677,23.47743874709704,23.698265292801807,23.660929469690018,23.826002391284419,24.492442171827861,24.583844776476326,25.27039965768563,25.786772165032744,26.522399041892641,27.443832501852739,28.226191899120749,29.408461938339315,30.35839011234566,31.690950290467299,32.989281931408186,34.292436651365279,36.307102025126369,37.723972335643339,40.251330404869805,42.330441891190276
0.70680413774094331,23.631806857858464,23.421813367614959,23.603978432271106,23.767555694939801,23.853150779308635,24.054070070014859,23.99748436889422,24.119536870806769,24.637102946257073,24.908978028735874,25.555417732612113,26.093306777507678,26.837255126076343,27.755468625982758,28.537292275261279,29.728480098081491,30.711349758046708,32.047286779477872,33.290446778195474,34.638374257137912,36.663738999901398,38.093801193954278,40.627922510586359,42.721612225410354
0.7073909723740448,23.975442828763335,23.784502163569414,23.985283265079488,24.109172523465531,24.189777547671838,24.333184328719653,24.300005785829853,24.42212433855093,24.946209568992344,25.192059971657727,25.836833504064998,26.376463555196096,27.110445457561582,28.027801714692032,28.818354962706508,29.976677122442197,30.984413977417717,32.332780136031943,33.584921642435802,34.925580345254275,36.931311987722438,38.420356401238678,40.94005002558697,43.002467756799888
0.70796416659876948,24.225003717263462,24.134714017101942,24.287023525695986,24.415802473398799,24.446282127624727,24.652138432524225,24.553012488107925,24.697671767797146,25.208282746651093,25.448326912828634,26.077580500015756,26.638861113813618,27.368679331262683,28.279815158981364,29.055380056935974,30.201567757558223,31.219458601917722,32.574293882025813,33.830878379263595,35.152352190438251,37.150422042966966,38.691912332491484,41.150978485671658,43.256299196382315
0.70852403747333148,24.505692477509001,24.406652792255045,24.558713119120512,24.739024578328099,24.700129194890906,24.921649124498799,24.937992390481668,24.943683172732563,25.445589027953247,25.683148466298007,26.299552889395272,26.876879276995169,27.610444722286047,28.49173676974533,29.259243978616723,30.395343140244222,31.413593429289904,32.72084665175862,34.042345620986453,35.355505792944314,37.356057501961914,38.925137434391218,41.359286689443252,43.448206354052672
0.70907089468623041,24.760895212893956,24.667599653479556,24.814066715112858,24.998521018183965,24.963416542072082,25.167270069749065,25.162105565068487,25.323515202289855,25.588255215188838,25.874098097399838,26.51179303459503,27.11940429196693,27.760951626409224,28.68882743352151,29.448805051732052,30.590558727551979,31.58629689189911,32.90740622857993,34.226709052647493,35.538035992976802,37.511736321954231,39.103307949764712,41.536241058129235,43.626151710450358
0.70960504072755393,24.995875776890898,24.894598155842687,25.119183366601646,25.233162416530831,25.207533762019011,25.38844412216713,25.376196889992571,25.542885322960501,25.81277114972545,26.072244957489602,26.717386275828176,27.308791092302272,27.949317039929156,28.808065310720849,29.616388245991402,30.759931668664649,31.739483872774144,33.083119031085516,34.273596244634973,35.696343893396261,37.672363299367134,39.28942389245276,41.691786275379854,43.789317517501331
0.71012677105629751,25.215948785807996,25.10806773828881,25.33333241674336,25.393527584568801,25.367662876906252,25.656750703667058,25.736053183711192,25.703030718847003,26.038341154453519,26.269767851907091,26.913646199114737,27.474055702248734,28.130730892695283,28.987442865476623,29.767326260880509,30.945594340191747,31.894313358607178,33.244654542038916,34.430971238172788,35.848030871082301,37.867576401531551,39.442929048029328,41.830707992885436,43.930739741572324
0.71063637426379578,25.475339669297682,25.313210505024472,25.538140145643411,25.613959729103954,25.594184517449321,25.877471663920005,25.938715013071487,25.936791925672878,26.195442846074002,26.474318074066105,27.115184152604343,27.642506199092168,28.312962728945422,29.164100155969209,29.922735208059748,31.065463801547594,32.056198756577942,33.419683329706459,34.596517662987026,36.004110289875825,38.018657672873815,39.580456932475499,41.975365444850468,44.025906529328495
0.7111341322333542,25.683719569769892,25.552157800964778,25.847531554391026,25.830288650497096,25.817409196621156,26.095125230120175,26.140515420691372,26.189922371479042,26.42022209454808,26.665033141798631,27.321130329233711,27.825726374248916,28.494477128428116,29.353063967348135,30.102339554956416,31.199448406674492,32.240514077540865,33.592955822365184,34.774588840067736,36.165899554078351,38.159297428541322,39.587875076904311,42.129936458190059,44.159184921842098
0.71162032029617128,25.892524058297568,25.750066621458245,26.053946869949868,26.007161667374021,26.041970048743678,26.276572420436423,26.346310911456385,26.390550318501482,26.64926041867875,26.890774638559378,27.53849377228471,28.029596678548842,28.687949090679467,29.565019154793845,30.27389148770817,31.377906260200689,32.418091014777019,33.713520982306363,34.957461132027674,36.344968654822878,38.321976398310653,39.796922506528063,42.309460997785209,44.355328921137698
0.71209520738363574,26.106231714467867,25.953523698542995,26.223068357499869,26.16655203262053,26.27221620700584,26.516284946799715,26.560605497263168,26.608918676927715,26.859437038314354,27.127864180052711,27.773349402104941,28.227800104279595,28.906438949139556,29.789154161411716,30.488735163846286,31.563361128020915,32.621999689315999,33.933143627196841,35.17698357250265,36.544462272122473,38.527105046603538,40.032257216076687,42.527173388280062,44.568128846131003
0.71255905617608395,26.222315552051441,26.166662694500701,26.442820574764482,26.402080534651759,26.471481005075475,26.772336394667946,26.940600477293629,26.837632157621556,27.105824552763806,27.44230465315195,28.024534729644074,28.479716046120302,29.1486944060307,29.9816787579839,30.721136793737969,31.773691666650848,32.837698154289683,34.167508348316915,35.419713481514918,36.771179176808801,38.741204409936472,40.27505157041378,42.782244796435407,44.843205270750332
0.71301212324809993,26.454324641825224,26.375628251385933,26.61839548892749,26.650854605151835,26.712437015103205,27.03609786274319,27.121653307181987,27.22702039286014,27.316968583600101,27.726179733144818,28.25558991998696,28.749220850990241,29.413506691686052,30.246428234211635,30.977501827812375,32.025261989892897,33.080686660905485,34.431953499002702,35.687261837549158,37.04158658669985,39.008233261793066,40.573098850134556,42.996291227002075,45.155494930073473
0.71345465921043727,26.702941309853486,26.672522131302685,26.872393840927543,26.916106350603513,26.985448724492016,27.316934020331246,27.395296052265621,27.466542721256701,27.595961029954196,28.02561301939204,28.55493067549105,29.051769788133242,29.705385345005197,30.53860757921575,31.263360944773012,32.289507495006546,33.375786135766248,34.71525015822408,36.006366994923155,37.294968950849579,39.350585410931672,40.916163376779878,43.328744012305833,45.513153120613424
0.71388690884864314,26.971031473371113,26.931505483222281,27.096794264143682,27.200649162397895,27.278684428940323,27.497081786146737,27.69025227282691,27.764797979391005,27.904163536688429,28.343455054869992,28.880148815151188,29.386067181167164,30.018496707285522,30.875284476849629,31.588275964208151,32.61394883241519,33.684439449210913,35.056739129366179,36.354875032262498,37.660311301307956,39.717485270142788,41.300391021679388,43.742728080625966,45.938479983851721
0.71430911125845908,27.261048757623939,27.21235840868394,27.392788407483749,27.404603289061924,27.472438651191624,27.826771452466346,28.015782830207172,28.088442030861188,28.268580251708045,28.673613871196721,29.230042933104414,29.744701662806619,30.374200830592599,31.237798780970479,31.869980597490212,32.979656397950748,34.068434108590736,35.42277218313393,36.608700022374251,38.065446885644633,40.126821681224101,41.651339327963797,44.202523948857561,46.421964350469352
0.71472149997807566,27.414683203554887,27.557482431908284,27.712325415541272,27.734646936583886,27.812899669814215,28.105610404370964,28.371558467930299,28.602804211215698,28.648999572498724,29.059357828151406,29.617895956951543,30.138738459914748,30.767485340842541,31.63495879121183,32.257428102144331,33.393942270333355,34.486018646162847,35.852572684645565,37.046975306744571,38.516396448736486,40.604100957410992,42.148786110828951,44.744590083551884,46.956685751545592
0.71512430311731179,27.751853267789556,27.887933890244312,28.057061045743467,28.090543205616996,28.08551367605105,28.484064346335799,28.693306176563055,28.986764248540567,29.04940625141171,29.409733549229713,30.034330270413193,30.564376338272268,31.192745589240076,32.070528753974941,32.697117987150705,33.838078340831999,34.930723376284732,36.335719445931318,37.541263114111644,39.02690758308745,41.117423659612541,42.694412935903529,45.333866147557274,47.55504225356708
0.71551774348379282,28.11608961811362,28.263558130722231,28.376381320878863,28.47348578857418,28.478943247249845,28.650211457097612,29.100679536695679,29.388577089019236,29.474155829200754,29.863029821066448,30.486751214182732,30.936057219409122,31.601043044487596,32.546136328914145,33.168590436795057,34.346480866857746,35.438667177448224,36.876655077940086,38.092937060249824,39.591759502625791,41.710896276083076,43.297124718468694,45.992178216736647,48.188054389072931
0.71590203870619395,28.508293573460833,28.650890678185533,28.776622639266861,28.784040157315758,28.723057740138756,29.083025892614387,29.536508832054096,29.789162915934867,29.937874697709049,30.365906967650517,30.977558297065116,31.431768931208353,32.107349043475551,33.072722904849797,33.691215740996995,34.893982927856996,35.991714136267547,37.384063904184586,38.691866474142444,40.216732969645818,42.347069222792925,43.983627937173878,46.717720229433326,48.983105064733536
0.71627740135462092,28.929000790118153,29.066281990882999,29.204883678270562,29.220617224076705,29.164817115848564,29.545240168907185,29.857042333660502,30.260929075524473,30.432912712672987,30.885709852365835,31.496286409383174,31.957065411999793,32.647163775862282,33.629608562870999,34.247129671584844,35.469841041154723,36.593218366204383,38.001888458711619,39.348144764400786,40.89295408106409,43.060627234430285,44.74146652159834,47.445667820749804,49.832200668875885
0.71664403905819096,29.37846227391492,29.510005126991018,29.661403274112672,29.652265292097582,29.636036536576285,30.036925897391484,30.362585469145415,30.764417865855648,31.106688587766257,31.448112262056384,32.018609512117109,32.525279511977715,33.220202443106245,34.170145681877329,34.853680547865224,36.094174295303674,37.232062997485627,38.675019037698803,40.051676697883522,41.630908519320656,43.851299787005701,45.556512178081903,48.313327489166113,50.766096122628369
0.71700215461988159,29.856637542387034,29.982032471765706,30.108692759982659,30.146505877284653,30.136556582299818,30.557880997333996,30.897129908204079,31.374328840582166,31.658694715963065,32.033623385126702,32.606172161613358,33.133264558993687,33.834681244712556,34.811340593638306,35.513135792545654,36.758489909338095,37.925375799895846,39.387900161884318,40.813028071192093,42.41757041017263,44.683804963911825,46.464650512760272,49.247325221920619,51.762730617170746
0.71735194612870956,30.235688693948759,30.480801367026288,30.580520669565885,30.669375855646649,30.665990993882588,31.107660231489717,31.460208677028277,31.94492218346204,32.219969026104081,32.667450756438484,33.23385869014237,33.772227940728044,34.478479888657603,35.483542639147345,36.20272329008003,37.485938002886542,38.657011612980568,40.156905057760014,41.577198963903356,43.250781094684498,45.586773017319501,47.404470626162947,50.255123331779032,52.829736009836779
0.71769360706930252,30.766319825303071,31.00911959183577,31.121243263933138,31.220309149950481,31.223713166182279,31.670542254538304,32.05112992141585,32.548585900698527,32.833583251369419,33.315946139890002,33.889945316252124,34.468703433263727,35.165876046965423,36.206026533101976,36.957018773435266,38.236444555557682,39.439211027915007,40.968498566209746,42.415795813583827,44.144067626613833,46.532940658296866,48.425814828020521,51.320060535967059,53.968390279347659
0.7180273264289232,31.324261813886551,31.55471050527558,31.688937880604499,31.79850866304696,31.788220907972573,32.138642085676111,32.552533191428665,33.175728941951093,33.417557052758639,34.008246378874901,34.580553072653856,35.175786428160791,35.889934714814444,36.950903017706878,37.723867897155287,39.047679662660812,40.241253487336508,41.828427013315377,43.314216876453429,45.031042185299157,47.485645879300137,49.484190374045284,52.441113747911004,55.168155186001968
0.71835328880200677,31.908618185807427,32.137490006960434,32.282684581845388,32.403026381147356,32.317924127783044,32.764915159688826,33.200624672987033,33.824863182053377,34.174024630829081,34.715038879501662,35.281251891468855,35.88380788944778,36.606829217933409,37.730106246053765,38.398799642920494,39.876497038378147,41.106895716242434,42.74538074463635,44.333784566806571,46.024961023285869,48.538827184034744,50.613282130856533,53.629369457165012,56.438927930721547
0.71867167449226776,32.518316257144761,32.744999108130287,32.901410683050926,32.829616656665166,32.946207953471458,33.416949283182475,33.873984003370424,34.427275889360317,34.88047485518473,35.352749679266708,36.029645582944795,36.652337905296008,37.397458110899606,38.5394730356129,39.23292197977571,40.741865578165743,41.999159509083256,43.609950674544962,45.236477795326209,47.065989503978926,49.635124248634384,51.780742725408345,54.875195261411136,57.750819692766527
0.71898265961243357,33.212327499786625,33.376054421125446,33.471848267963651,33.476202670884959,33.598990240570856,34.093452753117163,34.571269953583396,35.135350650369219,35.600954319575976,36.109161409433,36.783480641242932,37.461901051930909,38.21215453856712,39.38213059768168,40.103155810167664,41.6569623169853,42.939902633574093,44.592744003384723,46.256004880611727,48.149142366237356,50.78427064029529,52.935579561257327,56.174896397831617,59.14235417166492
0.71928641618166045,33.864523170275788,33.976467498425336,34.136674833018333,34.07598647028135,34.274928430924774,34.793026104951423,35.291052255946852,35.865407667835825,36.344815990421921,36.876437792794604,37.544201961281942,38.284933060684125,39.060678319241561,40.189119994516659,41.002406540195807,42.589589457616967,43.912633842817741,45.601160953061481,47.326248269811913,49.273569158889586,51.969831511589291,54.19956838338112,57.526950853149174,60.576739541385905
0.71958311222068394,34.538233848703385,34.650664713535662,34.822672563692322,34.764382488934643,34.972605775445118,35.406357611613203,36.031829028848733,36.568367403713637,37.118799261719687,37.679297081151162,38.36737520632596,39.148422955993738,39.92836039984104,41.086705489979067,41.947613433454535,43.557416793402808,44.919709757494275,46.654191202964284,48.433852733905951,50.42508324701339,53.204696306740516,55.507807880487235,58.919749871623935,62.076515357031894
0.71987291184475888,35.232018302784127,35.351431350645726,35.487114542262134,35.47279317435823,35.690523928285984,36.138267727517814,36.7920413241809,37.339445238590997,37.903752435369825,38.495916843217856,39.207138228688564,40.018173143958848,40.81988290490699,41.99311218335788,42.902410490314651,44.54857589166204,45.956375671310525,47.738904541794909,49.575825505708053,51.623838618863374,54.471352705942991,56.828470424137777,60.364635563324555,63.624433834491356
0.7201559753544382,35.944390279655636,36.065425197681179,36.21126131080382,36.20908274177782,36.522354162836564,36.88910631667386,37.358698430354707,38.128474171433481,38.712839128435007,39.338323971758655,40.072558916006528,40.910698985506315,41.736926621728344,42.938589466648409,43.881531676284794,45.553773872190504,47.016071334612207,48.852581770945108,50.748742663374287,52.86538767509046,55.779846367535356,58.215813340924797,61.862364163323946,65.213951203098986
0.72043245932424249,36.673835175468412,36.795943056131364,36.952221603125508,36.948422624045634,37.269716260125278,37.657304690488672,38.152374167417292,38.939312367139792,39.678780544491019,40.197631502691365,40.943408947554417,41.818666639795993,42.669950237177545,43.904943247100164,44.908090223492763,46.593585607086425,48.104928125118022,49.993709130874777,51.966865264628723,54.12725937434152,57.120666024304228,59.631815059379733,63.386300901242066,66.848884256622114
0.72070251668926744,37.418840193240612,37.541488962073345,37.588128044895711,37.703245717115351,38.032521257788176,38.441265384368307,38.961217979827779,39.759044466343767,40.517718292714562,41.070412537854281,41.842882221004402,42.743376794824144,43.612594155340048,44.881566397256393,45.92968438918615,47.654675079938897,49.221515699020529,51.15762827888102,53.193870406088536,55.411637954712205,58.520811988360947,61.085893145515001,64.944380585606268,68.5180608794617
0.72096629682977909,38.177872590196785,38.300539357944217,38.357625277851184,38.472028193929873,38.809231307619484,39.239403020328609,39.783607914330787,40.621121854557714,41.377766146331851,41.958635930779565,42.756628279406868,43.689544954933808,44.579056182868953,45.884034411064931,46.968986602099903,48.733312355579983,50.352926507570373,52.343080613965867,54.468628770089708,56.720108901703497,59.918527155939955,62.568196373023966,66.516282589000184,70.222540112416027
0.72122394565384274,38.949409210632439,39.071587481172173,39.139424752247578,39.253237984659791,39.598311476154777,39.974220033131132,40.617938195166062,41.473390132174245,42.24119565255387,42.934061808038678,43.677444101813307,44.642128849955043,45.559492982691154,46.902575162232097,48.026023020785942,49.830452598354896,51.495730828275555,53.559115950250998,55.738390971360786,58.05702459216991,61.349952719967405,64.089781236558338,68.134752392492373,71.956504382062121
0.72147560567803015,39.731967115563748,39.853160967497388,39.93202074495639,40.053779673980898,40.398261908470886,40.785596125060692,41.46261584135209,42.335658120100561,43.004580910259392,43.859621702307777,44.615076611837139,45.605881135248637,46.535169665032299,47.93308292839356,49.094795225944836,50.998300950908742,52.657513897320314,54.780557198319002,57.025780522271816,59.426022662853939,62.792373369098641,65.619701802192139,69.777519454961293,73.714892918505939
0.7217214161062524,40.381575415951374,40.64379599061067,40.59192380188324,40.854419191258785,41.207601908245124,41.606449069200607,41.993346525378001,43.217066362027253,43.885614650222124,44.780482587557344,45.56167645707319,46.574731542888912,47.537878295435803,48.974387408656185,50.162468126982276,52.124551631139184,53.836247318453388,56.016305271172314,58.228525726161024,60.79857289994834,64.252410801200313,67.17864605194336,71.45290318208572,75.497086276838672
0.72196151290675892,41.17966127175896,41.44207858498703,41.398786917430698,41.663065645749157,42.024881700788683,42.435307913903671,42.846589774140739,44.014067899835936,44.938135785472696,45.71579953989567,46.532117470516823,47.554769741997006,48.54909867519018,50.036742088581377,51.252019235551415,53.261206217677682,55.025966402747144,57.258492929038766,59.537950559504679,62.184961340812151,65.698973254984594,68.743731903807202,73.134008884604555,77.298255454195896
0.72219602888734757,41.984428876690799,42.254798415116966,42.212239392509218,42.47832842713251,42.848710108090017,43.270770145660208,43.706250070405076,44.896413880276668,45.829666813609947,46.648383352752717,47.492409594284254,48.449885930735036,49.556516561286116,51.09435956087691,52.349383085122099,54.414565152903378,56.224438342294889,58.515355952535174,60.857947144781065,63.572942088285345,67.185576336880331,70.321916480301297,74.829687013902003,79.112266706550145
0.72242509376882647,42.794555354041222,43.046034498409426,43.030934538284782,43.298863281939703,43.666392946244741,44.111466952716,44.570921777740296,45.779715862132434,46.732689507771283,47.584647491254145,48.456904711252719,49.415789247585053,50.581340656935936,52.157327602035366,53.438314810242446,55.565912873506022,57.430285392474616,59.779911918005382,62.181486300956749,64.978951047392911,68.681818828445103,71.988898316572886,76.522452867749962,80.941313313451246
0.72264883425676774,43.608743986820627,43.863477817540115,43.853564228811592,44.146844085669727,44.492022894999536,44.904488473803212,45.43924567403883,46.414930730999913,47.638053697242867,48.505076552122773,49.446809162611316,50.410279736308439,51.60955156419368,53.240672868982074,54.545544725362561,56.721897586801788,58.641168691974599,61.0476174653013,63.516757534700446,66.391606549215794,70.157885381806409,73.587211206773645,78.237687986984383,82.779877585722716
0.72286737411159396,44.425744124411722,44.683360542891023,44.6788850125522,44.972217961119895,45.320183306735998,45.749905054777628,46.309928773705906,47.305614306991629,48.54779486930056,49.44331400932424,50.415140090808563,51.406390147953061,52.66757829143171,54.309871437450056,55.655383699144295,57.88079752480553,59.840112091253104,62.321322791773127,64.856142280412314,67.786620689999836,71.666489214767353,75.190883943054359,79.959072810685029,84.62010935950093
0.7230808342170354,45.244388013488788,45.504507980847848,45.505714944774809,45.799124385026516,46.071469123453426,46.596760579115653,47.181750264506263,48.18850407818536,49.454399428948818,50.381220081188076,51.384461807232583,52.384518485545414,53.698825913947076,55.379578608190059,56.759469696546148,59.038865019341756,61.05534438968607,63.557876880920958,66.21191460362752,69.206620011900668,73.17775329646247,76.797574475334841,81.677743913242011,86.469466962167644
0.72328933264699602,46.063549213889928,46.325799848811585,46.332913956510311,46.626438788531232,46.900541074006469,47.443917372504075,48.037116766332474,49.079214613841032,50.359673451406707,51.317593855317682,52.360992491696379,53.380362822783354,54.729238387139048,56.423505310427572,57.86981734760775,60.198302007825987,62.270359207497677,64.861701169007574,67.555418525349523,70.627033051598119,74.689581544167595,78.390564032946713,83.404265303644934,88.320073989772936
0.72349298473086499,46.882155282335589,47.146186721125559,47.159411331209412,47.441727360652294,47.728791858578916,48.338334240077529,48.748057654731383,49.968170084081066,51.260781091928948,52.235022486318485,53.323971878715383,54.373926354812284,55.788866558170412,57.490828495290771,58.978298663540045,61.355934862229333,63.4702499942141,66.13737419420795,68.897478339349618,72.043749687538366,76.217477397745824,79.996764916257234,85.129650636808947,90.179521202808246
0.72369190311731035,47.605598767229822,47.964662034130015,47.999564037731034,48.266677281768352,48.555232360005903,49.175676799655776,49.605998253689904,50.854350050707581,52.169170421228046,53.164670726306213,54.283403696805181,55.366398800731986,56.814255465484166,58.554797421886178,60.083577658559079,62.497348120981769,64.680267718351388,67.409962043864653,70.292465537648241,73.459985334455268,77.725270341325086,81.599610562581802,86.853195510950172,92.085348391512525
0.72388619783659014,48.418404497890151,48.780295693715743,48.821666253672447,49.089002079337661,49.378921135787095,50.010185483835812,50.46100633169408,51.734941173745028,53.064703738637036,54.089672711699677,55.24658791377442,56.352835867015528,57.835175986780087,59.614219107912504,61.180941001824976,63.646930137161689,65.885657318838639,68.682500861868903,71.629223606207233,74.871423899370711,79.228022438488551,83.185643191682175,88.570101746881846,93.928406389342854
0.72407597636141408,49.22778561157611,49.573236080083007,49.640212245925795,49.907812799734529,50.198987923249661,50.840964455579524,51.312167700794816,52.613037400209578,53.987315985832538,55.003942250172258,56.19583315525233,57.333677174792683,58.850582206534455,60.657120620642672,62.276367410850071,64.790772435662802,67.080820893970667,69.943913357674319,72.959870487866283,76.276539638100076,80.75045343254169,84.776218698185403,90.279771671892377,95.763681726457435
0.72426134366639228,50.03292865655385,50.343731197353918,50.358034271826909,50.722285430470947,51.009181184526824,51.667202807926515,52.158652867241472,53.485612100252183,54.830486650804232,55.916684811651066,57.138543725021009,58.307948267924075,59.860363867112028,61.703901493281592,63.365151932244771,65.949725288824993,68.273209093233163,71.198150978023477,74.283026798249921,77.708374981768429,82.238038883617264,86.358171241197851,92.058991253637942,97.577015864750138
0.72444240228610046,50.833048159300233,51.148598837025929,51.164445439375413,51.471985930227675,51.817417056459817,52.488132711630897,52.999661875575839,54.346960472546925,55.713652087084483,56.822160542447818,58.073958906934422,59.291818675184913,60.861719860127778,62.743059092048497,64.446251173489145,67.108287941002345,69.45735230531136,72.444016584689962,75.720778610368143,79.096737059604493,83.715988205891335,87.929973290054477,93.772435639286414,99.391230896289926
0.72461925237179625,51.627455972447933,51.94749216495984,51.965088762997766,52.271457824463141,52.619594554664218,53.30305101054546,53.834475473966449,55.205771228196681,56.58911975936644,57.719648296064406,59.00023349707044,60.250203053321457,61.854835169273429,63.773701258229266,65.512799226766219,68.230531300694565,70.632238830869028,73.654105703419191,77.028514528021333,80.474773559020832,85.183001227866043,89.468302334484179,95.452971649094252,101.19235549375298
0.72479199174681785,52.415461724958732,52.739736293398892,52.759305463070632,53.064374834284536,53.415087460838549,54.132027968036709,54.662391299316369,55.860489522085118,57.45625473849941,58.605698139879678,59.918886926541745,61.262603823393874,62.838933250677655,64.77698156421684,66.575716565021139,69.342939962865785,71.799209192475246,74.880167253890249,78.325245641506626,81.841370199181256,86.658324008923955,91.015268089104211,97.11989801072923,102.9788938301499
0.72496071596069322,53.196484374966531,53.524741495362832,53.546469405911921,53.850153023544408,54.203306683339179,54.933163591631455,55.482820111785259,56.703417214630463,58.293469629214087,59.487736093527928,60.828296936801053,62.202042143348081,63.779680034167541,65.787855880393181,67.62839161309239,70.444665816772613,72.953253269879497,76.094834953240934,79.609988427982898,83.206682417410775,88.10033101902809,92.548225775070023,98.771890168602113,104.76112976219156
0.72512551834199346,53.96996127586317,54.301960313248856,54.326037175385864,54.628241291458835,55.020760389976203,55.903171264923003,56.295185013354057,57.562829580616381,59.141715883888537,60.359977367559623,61.727764192219183,63.096185537571728,64.743230065141688,66.788034971839807,68.670122638504836,71.545697699126322,74.095450956570858,77.297291711925936,81.056993480000529,84.547203623209498,89.528073538385797,94.066066231651348,100.40249822974147,106.51413474157744
0.72528649004995649,54.735402080070344,55.070880248997128,55.097485791964573,55.398132114700275,55.79325047977909,56.68430424908729,57.09896242988907,58.38796286113211,59.980008482139965,61.221923638913722,62.59511792480771,64.014860031915305,65.695841959684913,67.776906169616268,69.756903758781846,72.62337542570458,75.2251034212386,78.476623407281295,82.316117037495133,85.873414996851352,90.940551341715036,95.54750307300128,102.02072430374392,108.24873061563994
0.72544372012491098,55.492309850735182,55.831048961161287,55.860345938825049,56.159383526457532,56.556945748023281,57.456447159085656,57.893691793244216,59.234500245664094,60.80792429648136,62.087982577213552,63.472825146825926,64.922314296833065,66.636775429404224,68.750329281465383,70.775706220978464,73.68837673310918,76.393688811738684,79.652480429933348,83.560561115285964,87.184538077461184,92.367526448579156,97.03210752546147,103.62082286845543,109.96386376855662
0.72559729553752883,56.240317367439275,56.582065695285564,56.593283410860749,56.911586849804735,57.311455976596335,58.219206948837382,58.740534328018839,60.039193683900521,61.625066385837272,62.927886673955072,64.369002391336835,65.818071017034526,67.571354311119649,69.715300396142993,71.781786748731975,74.740148267839686,77.486769014285528,80.814051578148792,84.789727550858515,88.497122648346703,93.747002015457838,98.498957465490093,105.2017176389927,111.62789348789374
0.72574730123693165,56.979021151622874,57.323553950191126,57.337433492299169,57.654372505334322,58.05641752720112,58.972226214042166,59.610894802608527,60.833432475941663,62.277937345745158,63.756267536584346,65.225185067531129,66.707430672890041,68.488102668263309,70.667488131482969,72.7746978134237,75.786150545500277,78.575660819886252,81.960776377098227,86.002877758961404,89.776271050664946,95.109022953241947,99.947327611473156,106.73550146260823,113.30100222022156
0.72589382019768056,57.708106103193131,58.055186166842759,58.140062784965266,58.387420902814483,58.791506479166856,59.715195827113348,60.369146548640856,61.622344877869182,63.07896137786156,64.572826258678106,66.069245598453563,67.579043571051443,69.392111661967647,71.606501685433614,73.786343965410197,76.809745312675659,79.649784037574136,83.09215173649136,87.06556316356,91.038429229782196,96.457534925357322,101.37658095310326,108.27589862282912,114.95215535194438
0.72603693346567244,58.427276309106674,58.776692180639657,58.863085560151376,59.110444787140295,59.516455082753964,60.447841331006202,61.116964968052343,62.39472840235976,63.868292981431296,65.377309506089659,66.940082633969723,68.437960188806755,70.283074063692766,72.602077163071954,74.752105064224452,77.818813429905276,80.708738060500764,84.225203662339482,87.846527618719847,92.283095642807893,97.783127512040664,102.77417147724191,109.7951805305056,116.58069426273869
0.72617672020296986,59.136264166423643,59.487812502855377,59.575866649429372,59.823190471441194,60.231022681335162,61.169927328322956,61.85411064116488,63.155796174840361,64.645755096447829,66.17712789397774,67.758995277414215,69.283888603749801,71.16071671028476,73.497665881383,75.703583994225482,78.813014446910529,81.733321192295989,85.324700400931761,89.002172700871597,93.509857665238087,99.072550572833279,104.1641306176316,111.29285715216247,118.1860101489292
0.72631325773158939,60.111878223084204,60.188328204436402,60.278209570191393,60.525558916990121,60.934990734924213,61.881234771230083,62.580327863572165,63.905323245140607,65.41110899328487,66.957108568421972,68.565052023943281,70.116633374811499,72.030198729495169,74.396490698221896,76.640550452917523,79.792090458780876,82.760923937006737,86.407728982907429,90.140531984492554,94.738068697944982,100.36019429014414,105.53350660469732,112.76840119081317,119.75730254866357
0.72644662157627127,60.798981449195708,60.878057300316868,60.969917463342426,61.2158227260079,61.628187132693711,62.581604322993371,63.295474202073819,64.51276886578853,66.132599861608469,67.724432184244506,69.358085361331177,70.901743640381028,72.88032011200994,75.281064742252056,77.562762436980847,80.75074751527427,83.772459460946266,87.474001227892586,91.261312124930555,95.928543115383945,101.62802756013116,106.88187911671412,114.20684398147569,121.31453230477928
0.72657688550625554,61.475279073099955,61.556848755986721,61.65083939419128,61.89524899872049,62.630176008598937,63.270888837330858,63.999375183608208,65.212903616091353,66.873077872980502,68.478969354895526,70.137963027620572,71.706639109812386,73.716529277844529,76.151215724967187,78.480801706587954,81.699164639794617,84.767710337910103,88.523300480774196,92.413990261484287,97.100156581916963,102.87578581542766,108.20900719927158,115.63716668702546,122.84729142249853
0.72670412157608721,62.1406396364182,62.224591637044796,62.320836073326063,62.563716893389937,63.302743899286725,63.948974482453195,64.691910301095049,65.923020928203186,67.601069523989281,69.220640600338811,70.93079323672282,72.49780603399995,74.538726414961275,77.006821268347267,79.372613628984254,82.631842733215308,85.746527164745203,89.559823612122273,93.499926011048956,98.252706370869419,104.1032514883118,109.52942153712502,117.04437972081359,124.35530510501121
0.72682840016547245,62.794952540651138,62.790895059413742,62.979789201286621,63.221129199118877,63.96400323441776,64.615769336371159,65.372980632033432,66.621231156328577,68.316503701382317,69.957852750361781,71.683864353675744,73.275300117369625,75.346796480756893,77.841137164643442,80.249230434077617,83.548711579445808,86.70877763399767,90.574610423274862,94.567677303319215,99.386033465969376,105.31552897572692,110.81363874084491,118.42828454573464,125.83832355977211
0.72694979001820825,63.438159605844703,63.437397748362855,63.627641743711138,63.976379941574123,64.613890527405601,65.27120271113381,66.042518721958913,67.307468237246212,69.019321222607687,70.673030301273684,72.423563906922936,74.039040896452207,76.147460696891358,78.667722067664727,81.110582582368806,84.449658772966359,87.643269959822646,91.571981805667747,95.617133512947476,100.49999104403832,106.50206553706084,112.28816950971668,119.78871293432894,127.29801786824828
0.72706835828020844,64.070196415959799,64.072645807871595,64.264332549973915,64.610107051543309,65.252372037510213,65.915238416244392,66.700474964280147,67.9817098965068,69.696438921469962,71.375190669714357,73.149874541399186,74.789012460889353,76.927481893690128,79.47953993234114,81.956616985393339,85.342345596924133,88.572204833290016,92.551899270314607,96.648228888050653,101.62296390766278,107.66786079361918,113.5297311898903,121.12560352942091,128.7311120506929
0.7271841705366443,64.691045475563442,64.696600239636609,64.889819594660366,65.232581349504471,65.978725323991966,66.547848357477051,67.346804858832911,68.643904441094492,70.374114416372322,72.064350889981142,73.862792702107981,75.502734571069595,77.693274179080618,80.276606211678882,82.787343579417211,86.211421975436679,89.484413879014028,93.514298454996606,97.79512655682629,102.69806388797588,108.81289469185867,114.74923750736343,122.43624839340919,130.13885823349119
0.72729729084822248,65.30069173737138,65.309262995207973,65.504094900614291,65.843763156262867,66.595233428684878,67.169039185537258,68.006527284931508,69.264323232273455,71.039221247803653,72.740544075822982,74.562357642185816,76.225240368185041,78.444852940519922,81.058918529626681,83.582743211460183,87.064533441342064,90.379880788786977,94.459179777943064,98.790871200471884,103.75365185174451,109.93718645718764,115.89896495417634,123.7260392614844,131.52128516994708
0.72740778178662024,65.899149185272108,65.910638752859086,66.10715649206395,66.443693664994498,67.200282335594238,67.77879824781121,68.622922827300499,69.902511491789483,71.691772281163139,73.419268618781643,75.263059245560726,76.934041682718089,79.182267866832262,81.826490386069054,84.382309416876524,87.901703258983616,91.258636084770842,95.392672631096502,99.768185647859355,104.78979740446084,111.04074772476451,117.07436516525922,124.99220265504846,132.87833679521282
0.72751570446909608,66.486438681364234,66.500744875149394,66.699025130466907,67.03238058295392,67.793927519996942,68.674928292282857,69.227787364841788,70.528704768999887,72.331781756271084,74.069067654309038,75.935564291277842,77.629197288399155,79.905531669035554,82.568928860360757,85.166652381114545,88.722979701058648,92.120721355073329,96.302954172504542,100.72713054435735,105.80645877108327,112.14898774801986,118.22775432429626,126.23478395868733,134.21013283637876
0.72762111859229639,67.062585269122792,67.079635251910076,67.279751504705928,67.60989138091827,68.37621660795412,69.262049569872033,69.821137419676234,71.142960131721338,72.999853144428926,74.677229854372854,76.594881788194471,78.310769805539167,80.614761203971284,83.307187620266632,85.935853184484586,89.528450514852011,92.983489449245099,97.195878056845686,101.66778381455515,106.80378445112729,113.21182271526777,119.35927280309261,127.45382583366882,135.53084864643461
0.72772408246527609,67.627673904324183,67.647354909066053,67.849362856111838,68.176259459287394,68.94720006861462,69.837720336967323,70.403058970085112,71.745343267357384,73.646985585168295,75.301519306281989,77.241124638232577,78.978878397567314,81.333957524679136,84.030945587110182,86.689997706736904,90.318202834620024,93.812363267163164,98.071494722862553,102.59021167529863,107.79327627560997,114.25415082025575,120.46898753273126,128.6494724831573,136.81278548440605
0.72782465304175248,68.181753771401418,68.203982156192069,68.407932797024841,68.731575608871935,69.506972170354857,70.476470314104517,70.973615448478085,72.355683803551074,74.251152086057118,75.913235623593209,77.874376748302893,79.633601164125139,82.015638376207789,84.740313627007708,87.429172389463929,91.105841187491023,94.624856686816202,98.929968726239167,103.4945528916287,108.75163226098812,115.27608712991059,121.55705336011306,129.84634802081564,138.06977825415379
0.72792288595160781,68.724901495064842,68.749587646547297,68.955549344405881,69.275909767988196,70.055603957538551,71.030507333300193,71.532901014943491,72.957981376639509,74.843069389273296,76.512493458889367,78.494773019541753,80.273199119947094,82.683570604400302,85.435397866822314,88.153531627118355,91.864381425191823,95.421094235418423,99.771382953782449,104.55026314349379,109.69102530699456,116.27783315107808,122.62364063598216,130.9955295927939,139.30204971360217
0.72801883553166136,69.25721363559569,69.284266606351594,69.492288462235592,69.809366142304498,70.593209503800608,71.573355927554076,72.08101289204933,73.525980287915445,75.393402977082587,77.099415369229973,79.102427300422278,80.901696909779275,83.337894085045264,86.116351241500524,88.846848223234701,92.60755224199238,96.201192009451916,100.59590600735828,105.41992285514425,110.61156244840822,117.25950547683169,123.66006825385557,132.12177143360896,140.50974781384866
0.72811255485572512,69.778789691139536,69.808115654486755,70.018248350126669,70.332035461324267,71.119885706597415,72.10512530937558,72.618062379828189,74.082462301419582,75.96393107122276,77.674120655086881,79.688266772696807,81.51720984831627,83.978742960192903,86.783281899675785,89.541376412766112,93.335501775109151,96.965362675546203,101.39974194359093,106.27193300850922,111.51345338532701,118.22130658855895,124.68439234665129,133.22532139113173,141.69311818185088
0.72820409576396117,70.299905916668649,70.321257394040003,70.533532461951836,70.844037419788947,71.63575655862951,72.625946177788137,73.144164382065355,74.627552126301453,76.522645643039141,78.236790277005639,80.270697602165455,82.119876628916245,84.606281505271909,87.455251844970917,90.210152624043985,94.048374475474702,97.713766802880855,102.19090830745699,107.10648559045512,112.39689022675157,119.20682278323511,125.68780531977245,134.3064025818021,142.85240310676454
0.72829350889155664,70.800564058037708,70.823799983299978,71.038254795632383,71.411157896625809,72.288564193913771,73.13594144480885,73.659426957528922,75.16137441018509,77.069666275507188,78.756955481818295,80.840847544481221,82.709865971912222,85.220648413327581,88.095014685663045,90.876676434891124,94.746330163252424,98.463587943209859,102.96569508341781,107.92373593804223,113.26208182742994,120.12952571909409,126.67054534905765,135.36527652255609,143.98789320515061
0.72838084369673239,71.290788243015413,71.315868240038981,71.532533538898861,71.902197647592402,72.783901695904206,73.635242831544019,74.163995506765787,75.684066420028103,77.605151341740566,79.296031681195018,81.398864618466177,83.287345232347434,85.825699473949498,88.721250736576621,91.529156149357732,95.429607437181403,99.277304602896038,103.72430872880796,108.72391727153445,114.07310727590811,121.03299696557224,127.63282862203778,136.40212068025721,145.12758222973207
0.72846614848810021,71.77074041623564,71.797584168220055,71.839338392404898,72.382923484052299,73.268719813910138,74.123991419714002,74.657998009104631,76.195752936793724,78.148384434287436,79.823532395043003,81.944934037404892,83.852475904277526,86.414098483706766,89.334164979947673,92.167775705136592,96.145562260120641,99.980591117593576,104.46694029834907,109.50725525664166,114.90235524307354,121.91749698042986,128.57494131493149,137.41731571218406,146.21645535706193
0.72854947045138485,72.240533926953503,72.269109028835373,72.310354475346685,72.853487099571794,73.743188427637506,74.602341528567194,75.141589252962149,76.696616535853536,78.661086340565816,80.339640335994773,82.479192499486089,84.417805304685317,86.989828184676298,89.933916040601616,92.792683025523729,96.800798209776985,100.66887963123008,105.19382474724262,110.27397496749472,115.71402288947138,122.78326543400181,129.4971251720126,138.41660839375982,147.43661531544058
0.72863085567552377,72.700315785739804,72.730557507835329,72.771387111970398,73.314021126192529,74.207468550906924,75.070426200261863,75.640847654540266,77.212610282476817,79.162717893668741,80.844505925939302,83.001847208666732,85.09317204310355,87.552980932203354,90.520721821063489,93.404079754691338,97.441933830785274,101.34237895722617,105.90517313194869,111.10633938178944,116.50837648782181,123.63057490345091,130.39966005532187,139.3890967299667,148.48080193587521
0.72871034917816158,73.150234490829462,73.121354400784185,73.222566600335995,73.965091033445788,74.661688960884931,75.528423794508853,76.103993006450764,77.691878080404422,79.653421747512766,81.338334804095211,83.513076225703117,85.624234166774841,88.103861663592397,91.094748853844067,94.010536427929765,98.069170929542452,102.00130315372371,106.60119923550519,111.84071999906882,117.4243123690394,124.4597016038897,131.30225820549822,140.34077030861226,149.50262093300989
0.72878799493055058,73.590431937795074,73.564254588534823,73.664042640848493,74.407223255024292,75.106016869773157,75.976468054504949,76.557166439582943,77.922513454730506,80.13341238618159,81.82126460980362,83.972587415795715,86.143645477422979,88.665814449697791,91.656229120424541,94.595485099765938,98.682747764869418,102.64587089724955,107.29891974168277,112.55919389359769,118.18547155390843,125.27086487700581,132.16644308941613,141.27192903512332,150.50245133177668
0.72886383588187365,74.021054387041659,73.997533798465156,74.095975516785984,74.839711717431783,75.540594837359095,76.414717550120258,77.000531112658791,78.37851767612301,80.602872744158958,82.293518121172383,84.46096324762766,86.651582260914438,89.192843918695871,92.235701989367954,95.167513291249634,99.282859127313714,103.2761458084351,107.96528504937305,113.26199484772224,118.93004655277764,126.06441244570306,133.0118587253819,142.1829175902385,151.4806237454759
0.72893791398300123,74.442275367524417,74.42136511188437,74.518503107254219,75.262726038308756,75.965614160711993,76.843343267224554,77.434225944722129,78.824555879153195,81.061939943137986,82.732874478781014,84.938485110695183,87.148236382025061,89.708207805051643,92.772428217132983,95.726886330507114,99.869749397781561,103.89254921220709,108.61705217398412,113.9493896403219,119.65830726172862,126.86014337820234,133.83871219228604,143.07400722967577,152.43744378152769
0.72901027020969578,74.854234442063898,74.835891032831569,74.931766341374896,75.676414709705568,76.38120752764371,77.262521886761533,77.858423888334073,79.260794880734466,81.510812893429829,83.184412228350993,85.405339147859195,87.633817833186185,90.212068188557168,93.297212464531185,96.273865203336754,100.44362250011909,104.46681818207435,109.25445966258849,114.62163201581279,120.37054363763309,127.61916955681227,134.64737067309034,144.11779740120983,153.34917604383372
0.72908094458527739,75.257098528039933,75.241279872105224,75.335958121664589,76.080939999286784,76.787552868125204,77.672378608214785,78.273282640628167,79.687392638414167,81.949671184025647,83.625807329648524,85.861714281636523,88.108517033084354,90.720203022880014,93.810277690434305,96.808640377232223,101.00472252498002,105.05609968438512,109.87773953910073,115.27898127459048,121.07948138935899,128.47995571505453,135.43817885512544,144.97125257320295,154.26448645013443
0.7291499762027629,75.651007281798229,75.637677830716711,75.731196341323084,76.476459949364653,77.18481969700224,78.173898268119956,78.67896214358916,80.104539338521136,82.388129225437297,84.057249117948231,86.307809680874925,88.572528456650616,91.20169086275564,94.311812485851988,97.331418413348729,101.55326156633237,105.632232119322,110.48716730294836,115.92166647837439,121.7606868160874,129.20583021247876,136.21142845961731,145.80573918380833,155.15952280488273
0.72921740324648887,76.036157244598144,76.025244979762647,76.117667144419102,76.863138970365981,77.573159239211236,78.567071064680931,79.075627088721376,80.512371069824439,82.807521579481545,84.478916779662541,86.743809304891329,89.026035365444841,91.672338661002868,94.802025676632184,97.84244506869436,102.09672244744434,106.1953984226202,111.08294453608687,116.22360659160768,122.42668481551664,129.91552376802429,136.96745445790293,146.59486806216592,156.03465168236289
0.72928326301323387,76.412644552779966,76.40414404841431,76.49550047134835,77.241139100689907,77.952747033763444,78.951376485631044,79.463449411239708,80.911065302330826,83.217416199040599,84.891006665449822,87.169899186199473,89.477208405718557,92.132313583657378,95.281165929569397,98.341935278258461,102.6205808128434,106.74587463882199,111.66535186828696,116.83551435077243,123.07776208709402,130.60932779169525,137.7065636850748,147.39261862114654,156.89020234000054
0.7293475919328487,76.780696721594722,76.774534147407394,76.864884041329788,77.610623571352335,78.323729816205741,79.32694694215752,79.842576910661592,81.30743708544469,83.618002462120785,85.293687051598681,87.536286085436586,89.910296385256515,92.581818236874824,95.749408421688713,98.840367871169292,103.13258505728299,107.28388195423759,112.23465531778493,117.43391461090505,123.71416331287764,131.28747142069915,138.42904170803376,148.1724468695611,157.72659025683242
0.72941042558840696,77.140428828330187,77.136575471973629,77.225950561864011,77.971742262045154,78.686305910552619,79.693980063559138,80.213184977910714,81.688386916124728,84.009467693213082,85.687157862397726,87.943669295804284,90.333478667504096,93.021059371203592,96.206972812658933,99.31746332620969,103.63296788340813,107.80967322772631,112.79105536896532,118.01877270267869,124.33617463359406,131.95030658861651,139.11926226460491,148.93472634487262,158.54415426919877
0.72947179873588819,77.492015604955668,77.490414669540769,77.578870904544601,78.324670982743555,79.040608744006022,80.052639531430032,80.575426409261127,82.060709510427841,84.391992935001326,86.071605956472922,88.323199557045882,90.746969335166796,93.450252841277688,96.654063994123135,99.783671746401524,104.12191818861902,108.32347204095277,113.36583080977289,118.59035085345386,124.9440969718853,132.598113343156,139.80924768369005,149.67975854831457,159.34323302441044
0.72953174532340193,77.835623807739466,77.836225726852717,77.923811500935699,78.669568799326953,79.386810993681138,80.403075415175408,81.068720737661351,82.424555201061594,84.765755809356051,86.447185453871498,88.712091320834588,91.150939687577193,93.869577221332293,97.090911364415661,100.23920647007617,104.59968644962646,108.82554235193675,113.89731433383713,119.14891791223636,125.53815965150716,133.2311835010114,140.48358268053562,150.40792039882217,160.12418172792241
0.72959029850996704,78.171382614600589,78.174162370516569,78.260897844702413,79.006587503878109,79.725082478631521,80.745473988637968,81.411968618289393,82.780098875962722,84.726602199734771,86.814099115596036,89.092021056225349,91.545602069963934,94.279252125415951,97.517493244922662,100.6842953034793,105.06651486060582,109.3160800507103,114.41668696946726,119.69468467492698,126.1186965434681,133.82214640669554,141.14257892953174,151.1194900264527,160.88738017277501
0.7296474906838526,78.499496960343095,78.504387865323224,78.590314782566566,79.335880823760817,80.055580993168405,81.079981748509454,81.747346289746929,83.127532460610382,85.082912915095221,87.15467601511773,89.463175422519271,91.931131370773073,94.679437847662484,97.934374012169428,101.1191148692451,105.52259862068604,109.79536246131465,114.92412808959489,120.22798205394065,126.68592106134747,134.42656591068953,141.78647007687687,151.8148339689069,161.63314731836726
0.7297033534804932,78.820066132670036,78.827030886073771,78.912197199097136,79.657623483835778,80.378447482515185,81.406776172152604,82.075007913357695,83.467007794839446,85.431022321572527,87.505056013949797,89.825714971979323,92.307729292020667,95.070367578402511,98.341622319763701,101.54391388658405,105.96815121540567,110.24704537011712,115.41993548523897,120.74897609696927,127.24014326684846,135.01713297137758,142.41564773563005,152.49428295885446,162.3570745375182
0.72975791779998833,79.133262174094853,79.142274316509429,79.226708093396155,79.971950207604095,80.693868778726028,81.726000657006807,82.39512453845964,83.798688896247768,85.771109355307999,87.847286619566148,90.17981584584777,92.675592550716829,95.484586930186197,98.739417591939855,101.95888152065163,106.403430701037,110.70432911731041,115.90431069301121,121.25797641409736,127.78162994364538,135.59409994041926,143.0303587767703,153.15812721224211,163.06902543905017
0.72981121382419423,79.439256615325576,79.450255479998305,79.534010207105894,80.2790313311707,81.0019832959224,82.037824127502972,82.707840187300462,84.122733357886318,86.103343188282452,88.181544291459431,90.525671914045233,93.034857805170759,95.857526848958514,99.127982231664646,102.3642293258381,106.82860198889102,111.15101552965643,116.37751337514055,121.75522282090242,128.32701624871697,136.15779290898354,143.6309393107731,153.80670717539033,163.76462421919859
0.72986327103341886,79.73817985450296,79.751136101200245,79.834214789523685,80.579003774721059,81.302949079246901,82.342402137583122,83.013324519903108,84.439303957711672,86.422575074946508,88.508001295085705,90.863466284667084,93.385785329781356,96.22177410502627,99.507497190053982,102.76015450427803,107.26307071113843,111.58735255404463,116.83976612234255,122.24094596775831,128.84360395296972,136.7084146570196,144.21763198675035,154.44033445131208,164.44416460355569
0.72991411822272856,80.03019113677874,80.045044746038911,80.127510547106795,80.87203726455482,81.596919953393808,82.639896269567544,83.311732747708447,84.748564429173712,86.739498736387759,88.826838985427457,91.193360583471076,93.728480828707688,96.57752481578791,99.878155944432365,103.14686154614174,107.66898395373573,112.01352145348937,117.29113436422631,122.71543393603497,129.3482161329157,137.24631502805278,144.79077117796987,155.0422440328548,165.10803058635793
0.72996378351787616,80.315428516667453,80.332155879936181,80.41401881150523,81.158251515618758,81.884036852483405,83.002962337326608,83.603198512922972,85.050659161730437,87.049065150436945,89.138201555011619,91.515544415473414,94.053700759934145,96.924965022990364,100.24015687827341,103.52455739058496,108.06542524263205,112.42977682450874,117.73201937294652,123.17886338098469,129.84110937666992,137.77172344360588,145.35063213141984,155.64706537456368,165.75654643280723
0.73001229439085824,80.594057170128508,80.61259594400326,80.693893811148882,81.437820703307807,82.164459262618038,83.286425681617402,83.887890648089524,85.340471448122116,87.351411175826797,89.442262500691868,91.830200041003991,94.380333589491784,97.264254361769417,100.6182102465682,103.89343349601404,108.45261446874792,112.83632545988803,118.16263579580846,123.67474263318582,130.32256539952505,138.28492854865908,145.89750020108477,156.23784338058613,166.39005338631978
0.73005967767511115,80.866182203957578,80.886513913974341,80.967280794407998,81.710879274192848,82.438329432108731,83.563241113064578,84.165933790536656,85.628543263439497,87.646706889048801,89.739187389364815,92.137459664474591,94.699298751991591,97.595587303148932,100.96385570347047,104.26909093595896,108.8307584278009,113.23336091567035,118.58322493436572,124.11701732085203,130.79279695198784,138.78618476940028,146.43163909434952,156.81491219853342,167.00877995825431
0.73010595958035363,81.131984307263338,81.15405286657915,81.234307201280899,81.977561223167868,82.717329022263584,83.833561919229396,84.437496449798346,85.909910765854875,87.870119017919933,90.029133894568076,92.437501114254701,95.010772373592772,97.919145503321488,101.3013554623758,104.6209040634858,109.20004482021614,113.6211106519695,118.99399268140405,124.54896333027136,131.2520680053276,139.27575858758792,146.92614440005855,157.37854355718446,167.61315587500576
0.73015116570708494,81.391575278590608,81.415348472197365,81.495119581486506,82.238015751907369,82.978440667415271,84.097553399624303,84.702716246654745,86.18471181402856,88.151413157531351,90.312253630472696,92.737949192414817,95.314893962058704,98.235083763021976,101.63093113850482,104.96445307076647,109.56066681974335,113.99976367248746,119.39518133994716,124.97080172303686,131.70061733019247,139.75389767999877,147.43572679664067,157.92904215276212,168.20345093935612
0.73019532106074492,81.645106275653234,81.670533498378063,81.749854850779229,82.49237786125741,83.23342964737094,84.355323698575376,84.961729392678535,86.45309914144309,88.426125764599419,90.588696963612165,93.024288330168929,95.611859990589437,98.543595173170615,101.95276489794196,105.29994025833003,109.91284256472863,114.36953087728034,119.81245181652048,125.38275818636612,132.13865854367759,140.22085987453465,147.93343711058696,158.46671606056043,168.77997898234753
0.73023845006554611,81.892704606725601,81.91975979860581,81.998643985614763,82.740785330854123,83.482426721850061,84.607030664039485,85.214663428159838,86.715202405132004,88.694395823928062,90.858624177380989,93.303864552115556,95.901807327019924,98.844819260426448,102.26700858231197,105.62754032773228,110.25671554425935,114.73061865160707,120.19511304352636,125.78505614891765,132.56644967024477,140.67686509070336,148.4194973233607,158.99182827617187,169.3430128821492
0.73028057657798384,82.134510168958514,82.163146522936586,82.272197701808182,82.983360474449,83.72556928339327,84.852809398355021,85.461680263942981,86.971189069729007,88.956363911049266,91.12216967765562,93.576826632779557,96.184906706141192,99.138934983420768,102.56658300399431,105.94741645101749,110.59251377471082,115.08320462649863,120.56876915683097,126.17791846900218,132.98423131903837,141.10035571378103,148.89418533549178,159.50463733390643,169.89289925190678
0.73032172390003169,82.370621414462221,82.400822284253081,82.508687233937962,83.220242509465606,83.962978875068075,85.092786793102277,85.702883919562737,87.221151196572464,89.212185170828889,91.371263211083715,93.843358855025144,96.461265265854308,99.426123092947819,102.86606047757959,106.25976384132809,110.92038454061549,115.42748911581293,120.93366943812725,126.56154123087617,133.39218385922868,141.5352956925708,149.6024438172899,160.0054751475036,170.42990192223078
0.7303619147920315,82.601222302357201,82.632925675054139,82.739637436301564,83.45156366674928,84.19479721377138,85.327115965439589,85.938430915783101,87.513002596162551,89.461982195214659,91.622557279290049,94.103576943060034,96.731062205719354,99.706511277174286,103.15845900218847,106.56474217677896,111.24054510789574,115.74700030421081,121.28998826505267,126.93612817228859,133.79054187656584,141.95999484499043,150.05598053715948,160.49453208919294,170.95430942108942
0.73040117148528261,82.826380921993405,82.859557481882803,83.083472983336833,83.677435373137996,84.4211551313565,85.555885037123517,86.168441308946058,87.749752087838715,89.705905639319099,91.867913211084669,94.357645930009312,96.994491982608452,99.980272860484547,103.443961417026,106.86251008288673,111.55315885481104,116.07521171760891,121.63790016617713,127.30190551422857,134.17955202984012,142.37471399638889,150.498847720708,160.97213933031162,171.4602362310543
0.73043951569433929,83.04623938320583,83.080873618840997,83.303720622483524,83.89799585052242,84.642165363831737,85.779282244780916,86.39302284927544,87.98092666555749,89.944068565004272,92.107460257306229,94.605694760881306,97.251656242835452,100.27835823570058,103.72268079521746,107.15326051486772,111.85838698640146,116.39567470851034,121.97763244828093,127.65908113576734,134.55942528507876,142.77971493631776,150.93131058610015,161.43851098012237,171.96035410487821
0.73047696862902167,83.260939360297925,83.296982162763015,83.51877047092421,84.113358601105574,84.857945464034856,85.997371341807593,86.612327341274067,88.206661395313859,90.176605362750706,92.341325087996665,94.847880523084314,97.502742283693806,100.53917564443691,103.99481176231347,107.43713097746513,112.15639079910034,116.70853857736802,122.30934559181333,128.0078036152554,134.94004762632539,143.17513334951946,151.35360727030638,161.89394833816914,172.4487381727522
0.73051355100614812,83.470578480337281,83.508000027512026,83.728772184666013,84.323647341494507,85.068635342300695,86.210295193675847,86.826452822446299,88.427084306407778,90.409454965905752,92.569636217493098,95.084312129918544,97.74786795944965,100.79380281033082,104.26049534049525,107.71428451708198,112.44735502996627,117.01402410767332,122.67072275326063,128.34829429753154,135.30223011507769,143.56125904132932,151.76594674590888,162.33865275116841,172.92563104394503
0.73054928306099409,83.675268291539396,83.714038231453742,83.933828359433392,84.528970029750781,85.274350072249945,86.418183410751226,87.035538522766728,88.642310128343524,90.631255215768761,92.792547382792691,95.315141247279826,97.987172523018671,101.04238676771638,104.51989029736433,107.98488023365644,112.73145193061646,117.31228363993432,122.98699896551261,128.68077875972813,135.65585572449345,143.9382672353895,152.16855518208467,162.77288028815383,173.39129353810858
0.73058418455848595,83.875137288618134,83.915212700536358,84.134043226222275,84.729451857034292,85.475184959519538,86.621153190884797,87.239689659530995,88.852467971482838,90.847802851734741,93.010159336081415,95.540499994523998,98.220792027786956,101.28506383189233,104.77312248202361,108.24907769705169,113.0406484848354,117.60348246567446,123.29581054201844,129.00537841623736,136.00111540266516,144.30636846948619,152.56170565341017,163.19690105916379,173.84597581232083
0.73061827480413288,84.070291475967679,84.111646963305247,84.329539602033037,84.92519391492533,85.671272568695713,86.819305366909248,87.439002855491708,89.057665845510201,91.059228166770481,93.222591079975246,95.760497843621124,98.448860095602868,101.52198762436456,105.02036417207273,108.50699084295775,113.31139329289726,117.88778396687121,123.5973108659382,129.32229733801069,136.33823550521629,144.6658044300566,152.94556154949532,163.65448831502727,174.28995976803708
0.73065157265470626,84.260838033020264,84.303440415918885,84.520427296483831,85.116314618317119,85.862714271264849,87.01276517961378,87.633644435729366,89.258030681616219,91.26566195300984,93.42999067826895,95.975275727716507,98.657548741088249,101.75327427990851,105.26171451402479,108.75880969724676,113.57573750280426,118.16534074897936,123.89169288366247,129.63175328667421,136.66737656209443,145.01671735426498,153.32036289270764,164.05895701949339,174.72347076871665
0.73068409652866961,84.446889890838065,84.490706059601507,84.706801873711811,85.302918376473826,86.049624938466877,87.201635741548671,87.823648300720379,89.453653876247699,91.467206740409893,93.63245476144948,96.184959752026771,98.874787834363815,101.97908026613004,105.49734097510373,109.00466060107283,113.83381707705121,118.43632894914481,124.17908375483239,129.99234098886518,136.98875742726523,145.35937153829582,153.68629986575252,164.45386928323569,175.14673512350419
0.73071586441636738,84.628537040516676,84.673542204611294,84.888784211871098,85.485107744592824,86.232098385633435,87.386020223901141,88.00918196139537,89.652905480834306,91.663982013749774,93.830115699922317,96.389664065070974,99.086863540156628,102.19951364000735,105.72737348874944,109.24466429190215,114.08576125340187,118.70089048059162,124.45971100841416,130.28744463665498,137.30253153028752,145.69391172480391,154.04360888279189,164.83949705077248,175.56000406650855
0.73074689388997538,84.805899449573189,84.852059532728163,85.066478463093517,85.6629925728339,86.452632435197302,87.566034011819283,88.190324626513757,89.839302204934938,91.856099180979072,94.02307728138112,96.589490325539373,99.293901542878302,102.4147189766154,105.95195312418946,109.48884303349769,114.33173523538426,118.95918868480658,124.73368393482815,130.5755377835012,137.60887961611297,146.0205253319582,154.39246596240991,165.21599266474368,175.96353619568981
0.73077720211322106,84.979047960863682,85.026362928583694,85.239950634495472,85.836664863069018,86.627512934886909,87.741771737491945,88.458566128341772,90.021299874541,92.043664720498782,94.211436710400449,96.784588602946314,99.496002777857939,102.62480241000594,106.17117579617479,109.71756214823836,114.57188346391922,119.21133872052451,125.00117755297833,130.85680475067784,137.907989376974,146.33940538061142,154.73307390555419,165.58358801476425,176.35751558670745
0.73080680585087754,85.148140457487898,85.196528950626089,85.40934234555607,86.006227750556718,86.798248956416501,87.913331275580276,88.631341874854115,90.198998959029268,92.226794651585806,94.395323803822976,96.975035187555477,99.693306797787955,102.82989138063567,106.38520060123119,109.94083666161896,114.80634116508008,119.45752918923972,125.2622998994193,131.13142357174365,138.19999348940473,146.65076986891654,155.08630566941429,165.94251645434997,176.74220564452844
0.73083572147803688,85.313198913536326,85.36267909657181,85.574712361121783,86.171781766403001,86.964930513378931,88.080826596640691,88.800023908792355,90.372492842827342,92.405573140051274,94.574829958626651,97.184514116677747,99.885909742042713,103.03010003215604,106.5941470470716,110.15881525986333,115.03520114450657,119.69786081044731,125.51724572663079,131.39952643926517,138.48509519339132,146.95475618875935,155.41115248618735,166.29295649008418,177.11778829931427
0.73086396498916784,85.552727754889929,85.524882768331736,85.736174025361834,86.333412712388963,87.127651286231412,88.244333717026166,88.964723015924392,90.541891515575117,92.580115976976231,94.750079789628217,97.366176739233197,100.07392612990225,103.22555505546188,106.79811297799461,110.37162557281408,115.2586483605337,119.93248289629264,125.74688302815048,131.66130223092478,138.76345015249535,147.251522328188,155.72831577187753,166.63512283179443,177.48449245138909
0.73089155200696299,85.710312967275968,85.68325206382724,85.893825544517313,86.491218762508652,87.286502693787043,88.403969732302357,89.125511809877935,90.707266776436882,92.750524623334059,94.921145448999596,97.543515384029888,100.25746317594167,103.41634647455066,106.99723661501775,110.57937854553165,115.47679742251057,120.16155119468749,125.98982337359485,131.91683305068,139.03523631205462,147.54126554823597,156.03800221692654,166.96918904732593,177.84255645074154
0.73091849779098061,85.864159270378877,85.837879975464602,86.04774220330728,86.645270311688364,87.441581853679963,88.559811774808622,89.282501739588042,90.868746373329486,92.916888306324836,95.088160040300863,97.716645420303394,100.43662863600184,103.60262196006806,107.19163104206382,110.78218640240084,115.68977395274851,120.38517878068524,126.22702314038906,132.16632683430362,139.30056307688938,147.82416738096072,156.34035776597739,167.2953612750207,178.19213772529474
0.73094481724608495,86.014361694229592,85.988834817922907,86.198014829162275,86.795688973310462,87.592978683453111,88.711957310726575,89.435765776433982,91.026402274881548,93.079316941402794,95.251187185000163,97.885644714246155,100.61154180153244,103.78446129379881,107.38124662016344,110.98019291088713,115.89766860905365,120.60350126434059,126.45859223821026,132.40990019794845,139.55960579421662,148.10036112761736,156.63554468920483,167.61380674903194,178.53344157097308
0.73097052493069092,86.161013500714034,86.136223238740058,86.344736000821285,86.942543334887887,87.740775072968972,88.860478352711652,89.585397403752722,91.180324636137811,93.237891246833897,95.410348439734662,98.05064426077297,100.78228773206502,103.96196771640098,107.5664560412406,111.17349664528592,116.10063851940504,120.81662596353999,126.68465724881389,132.64770551209222,139.81249488142203,148.37002209392085,156.92373586104804,167.92473448322562,178.86668259729777
0.73099563506481746,86.304195855635044,86.280126912875858,86.487990259080107,87.085913075556164,87.885064113885164,89.005471539079736,89.731488210294629,91.33060648747778,93.392703502220684,95.565715493605239,98.211709523500758,100.94896702029655,104.13526182516944,107.74725241105625,111.36220551175938,116.29877607294475,121.02470538112539,126.9053679999779,132.87989118500263,140.05942245179176,148.6523670186798,157.20510337223823,168.22829930876469,179.19203450654459
0.73102016153795224,86.44395784896551,86.420603907077748,86.627838620624971,87.225894889576011,88.025928679409844,89.147034085697669,89.874123707471881,91.477331064088503,93.543849910536665,95.705011368765554,98.368946525741194,101.11169223378965,104.30443923847633,107.923767392429,111.54645306535531,116.49221701801434,121.2278435829503,127.12086264924437,133.10654459816578,140.30048699933832,148.90957397273451,157.47982552978647,168.52468982270511,179.50969994158368
0.73104411791673563,86.580425437536178,86.557767090434936,86.76438167541346,87.362555312898621,88.163435576403572,89.285219157827669,90.013377933632,91.620591050377698,93.691404276680259,96.047785055998247,98.522437587926106,101.27052997290593,104.46958864464978,108.09607093958039,111.72630827403918,116.68105865079997,121.42615832255979,127.33122993007419,133.32783347154327,140.53582262124837,149.1607232258466,157.74803047403111,168.8140400582779,179.81984028960869
0.73106751745246401,86.713656044372328,86.6916783032284,86.897702183563524,87.495979776467721,88.297688395570731,89.420130874947063,90.149327978026122,91.760451599104272,93.835477015927609,96.192515272683522,98.672280282306019,101.42560287006199,104.63080622163397,108.26428518873581,111.90188661044522,116.86540413466719,121.60284564892208,127.536624953711,133.54387550294632,140.76562230602576,149.40585884010216,158.00993591130828,169.09657804393646,180.12266425806592
0.73109037308842029,86.843734689173289,86.82241924412665,87.027859147539857,87.626232125021488,88.428757474772283,89.551839666477463,90.282065856234112,91.897016319082468,93.976117270154646,96.333803810754034,98.81857433616824,101.57696948802186,104.78818401242461,108.42849819227558,112.07330737017764,117.04539987086173,121.791845200838,127.73714375704003,133.75479217065731,140.98994630525704,149.64522348045284,158.2655641567253,169.37242510436772,180.41828717411408
0.73111269746703333,86.970710532641533,86.950061796855152,87.154944193847768,87.753417521922529,88.55669341180328,89.680422599201847,90.411653341951023,92.030335889969137,94.113427970238263,96.471732982630783,98.961383641886641,101.72476156106859,104.94184125500033,108.58881087177724,112.24064784101938,117.2210983608602,121.97637274390581,127.93291445100476,133.96069472770614,141.20896407011605,149.87890058488119,158.51519451064087,169.64173495632713,180.73631891626428
0.73113450293687066,87.094695490904996,87.074684360282845,87.279024033519818,87.877582071523648,88.681605154430144,89.805938806312042,90.538183317003131,92.160501913320331,94.247491829737555,96.606384732171136,99.100804265654006,101.86901307536027,105.09069725035806,108.74531808588654,112.40404054368992,117.39263900382502,122.15653696031222,128.12404215194692,134.16174320495338,141.42279087258794,150.10707618723245,158.7588803428589,169.90466455655405,181.01816551676166
0.73115580155946902,87.215734629535291,87.196346670767525,87.400161022713291,87.998811515342823,88.80354012218595,89.92849394625955,91.085545486916089,92.28759008814086,94.378356240151334,96.737849396471574,99.236904817145842,102.00985208088241,105.23718907756847,108.89809669717215,112.56353517051321,117.56011459162983,122.33239021907502,128.31063642219669,134.35800805799954,141.63155643781647,150.32981882792228,158.99681694389437,170.16139021156414,181.2933862765567
0.73117660511600679,87.333919611170131,87.315138811314682,87.518420761691232,88.354461964772781,88.922593769504601,90.048132502972294,91.206318926022504,92.411673127906397,94.50614111978939,96.866172725392971,99.369773853897641,102.14734130107536,105.38020182742912,109.04725551950833,112.71924437257985,117.72361194508994,122.50407596386503,128.49281559696101,134.54964183489938,141.8167846716824,150.54729302165651,159.22911280956032,170.41202977896319,181.56205403276545
0.73119692511381973,87.449289897522249,87.431112195183232,87.633897278286895,88.537069719866849,89.038806241973361,90.164933686937729,91.324218264737283,92.532820337990415,94.630887632891245,96.991455262730597,99.499491363407287,102.28155240932392,105.51981882879772,109.19286570556142,112.87127533907187,117.88322419035103,122.67170120384981,128.67066824204812,134.73671842348267,142.01575900152966,150.75961807972635,159.45590488270682,170.65676154700486,181.8243947150404
0.73121677279276664,87.561941360669152,87.544329853801173,87.746634780964087,88.650196615166351,89.152268413647107,90.27895097356668,91.43933184438356,92.651102993790118,94.765276093414286,97.113748067393317,99.626131807533966,102.41256649234128,105.65612109686481,109.33502376724209,113.01967723007692,118.03906303970143,122.83535035612294,128.8443148482329,134.91936364845606,142.20999336508248,150.96691866614856,159.67734575838404,170.89570196153363,182.08048597941524
0.73123615913144691,87.671920663604396,87.654880965266784,87.856713487595698,88.760650061623892,89.263035387561104,90.390282833697711,91.551705446225242,92.766598680034804,94.88416752593912,97.233142359749763,99.749757612888061,102.54050320106035,105.78918439462723,109.47380198479368,113.16458244408568,118.19118789006461,122.99511128426821,129.01384783504909,135.09767276894127,142.39967462005734,151.16932712186099,159.89353887312609,171.12897553208313,182.33056803663931
0.73125509485327256,87.779284542426467,87.762812023680453,87.964184058535466,88.868483228572586,89.371187785913207,90.498970315955376,91.66141475753102,92.879344338016381,95.000245590228587,97.34970845173666,99.87045242885506,102.66537069596961,105.91909336841491,109.6092809796537,113.30603239758057,118.33648358293431,123.15109444520203,129.17936963667307,135.27178212299623,142.58481883593049,151.36691847973998,160.10461808938271,171.35674884524633,182.57473248599126
0.73127359043240037,87.884141773338342,87.868187449210382,88.069105788901652,88.973758511616325,89.476757494892809,90.605070505422191,91.768524040773627,92.997133877350279,95.113568809145363,97.463499485034845,99.988273849179677,102.8035009791929,106.04592548336223,109.7415477691975,113.44413803145289,118.48147912122658,123.30338876156748,129.34096880218567,135.44174256455881,142.76558613950328,151.55984217959485,160.31067461240309,171.57912704881892,182.81309637922095
0.73129165609952529,87.986474627468851,87.971074031680473,88.171564131662308,89.076541254973563,89.579835503453069,90.708660326483368,91.873094354588829,93.104709701998217,95.224210695392685,97.574597573235224,100.10331863314059,102.92244100016978,106.16972479526885,109.87068759781687,113.5789583290898,118.6230554662834,123.45203598398803,129.49872663339193,135.60769134443399,142.94209524914913,151.74819015066169,160.51189719034301,171.84752648539143,183.04583088830987
0.73130930184753973,88.086394384346931,88.071530782213813,88.271583552246739,89.176890911294322,89.680465006040322,90.809796802899655,91.975171468591725,93.209745602311159,95.332239675881283,97.683058123599039,100.21562297836499,103.03854396790848,106.29059783245611,109.99675203926745,113.71059845281707,118.76127974510746,123.59718227364647,129.65277740524471,135.76968911709992,143.11442364172399,151.93210522854497,160.70834376195126,172.05953779010451,183.27308262258157
0.73132653743706055,88.183957621426089,88.15011609645444,88.369239252733678,89.274865708583093,89.778712236555293,90.908530098200572,92.074832181089732,93.312307456424605,95.437707537923416,97.788931744260481,100.32526344488724,103.15560481468128,106.40861021827732,110.11984003344696,113.83911904755223,118.89619955342641,123.73890036929515,129.80316313463118,135.92784859949461,143.28266177625483,152.11164685327094,160.90014423655521,172.2665605971124,183.4949589859898
0.7313433724018289,88.279214196703833,88.245897863551363,88.464591018826468,89.370506298153487,89.874619484682626,91.00492414378823,92.172138347425062,93.412429523817991,95.540669115569472,97.892302017346083,100.43231039537204,103.26625780230825,106.52382733424747,110.23999152996839,113.96457955591904,119.02795786960633,123.87725307821529,129.94998274535465,136.08228803507518,143.44692731535179,152.28695748835162,161.08741876184649,172.4686953881901,183.71158555489819
0.73135981605398293,88.37221677296111,88.339424533281999,88.557688911689183,89.46390272462304,89.968272328042076,91.099049338026816,92.267136873659183,93.510198725027294,95.641200962163566,97.993217104834912,100.53680919279577,103.37429313836765,106.63630132046819,110.35731401148223,114.08709267478844,119.20596005516563,124.01231355624623,130.09332447259658,136.23307790341642,143.60732164254296,152.45811301045615,161.27025750569737,172.66607145168382,183.92309309107804
0.73137587748920918,88.463025079272484,88.430729206284013,88.648588120729983,89.555073255498428,90.059694593230233,91.190932849440287,92.359891470357979,93.605651347588719,95.73935599671313,98.091752582011395,100.63884063128353,103.47975466128264,106.74611469655065,110.47183722387126,114.20668440482405,119.33163490267179,124.14419114129123,130.23328745155595,136.45106826074334,143.7639144863715,152.62523072433396,161.44878604925179,172.85874258421245,184.12961454757169
0.73139156559177365,88.551679505413631,88.519878322200384,88.737341587599076,89.64409039851671,90.148949484293553,91.280644271053461,92.450443770914717,93.69886573909389,95.835187520246109,98.187943581811851,100.73845355690719,103.58272721023968,106.85332292252133,110.58365295347903,114.32344571186695,119.45435826820903,124.27295291434712,130.36994341132231,136.594896969822,143.91680744344194,152.78839993401198,161.62308047583792,173.04688636679202,184.33126293466921
0.73140688903943607,88.63823428291289,88.606925797186705,88.823993788897496,89.731003516830242,90.236094320596749,91.368230534004397,92.5388505246774,93.792717597647425,95.928757569548907,98.281856631881965,100.83570611027244,103.68325321884186,106.95800001191674,110.69282676535659,114.4374549969798,119.57416110306804,124.39865403329895,130.50337438515999,136.73530338398996,144.06606525919779,152.94769773173175,161.79325972634979,173.23057450801571,184.52812922357407
0.73142185630824996,88.722753284604551,88.691910362467752,88.90860226523364,89.815866493798239,90.32118266539328,91.453740635421127,92.625161223790201,93.881575486702786,96.020105936906475,98.373547671086271,100.93064371718356,103.78141261152632,107.06018781234161,110.79941101119766,114.54876393839368,119.69114636610902,124.52138258999912,130.63363881721307,136.87238363605138,144.21180733382062,153.10323381800117,161.95945672757807,173.40992903878941,184.72036958909302
0.73143647567725134,88.805258994172618,88.77489641534703,88.991213899862487,89.898717787094938,90.404248987397295,91.537243924754875,92.709424209806457,93.968319359235466,96.109303530120087,98.463057374458003,101.02335463721829,103.87723826833826,107.15996559571067,110.90347104633838,114.65744116363203,119.80534475887544,124.64122321979812,130.76083760939218,137.00622083668713,144.35411868521624,153.25510729602684,162.12166506049107,173.58506399828184,184.90805122681195
0.73145075523303749,88.885833376898518,88.855913361374405,89.071872481461469,89.979603777792363,90.485355887212791,91.618757610045577,92.791715106483025,94.053032548003102,96.196397084575437,98.550460523467336,101.11386391941051,103.97080091709358,107.25737466560531,111.00507169535558,114.76991936950799,119.91684818925569,124.75821054250991,130.88500674285751,137.13690387787938,144.49305984074454,153.40339663493069,162.28007552520285,173.75604188075522,185.0913148362597
0.73146470287424104,88.964485516193236,88.935026783179637,89.150637061753514,90.058583600006386,90.564544257613306,91.698342969113583,92.87204352018307,94.135736371837993,96.28141780513397,98.635782020035549,101.20221030624089,104.06213975238643,107.35248087406944,111.10426576036843,114.87356149625703,120.02572931415489,124.8724406605761,131.0062617030926,137.26451203594479,144.62870945360919,153.54815885493736,162.43477455266839,173.92299266779446,185.27027176292904
0.73147832631589815,89.041295139322756,89.011089456187619,89.227532790893747,90.135696584806283,90.641856462192663,91.776050441396364,92.950468041206477,94.216492165429372,96.364441270947282,98.719099865476892,101.2884828610695,104.15132226442074,107.44534630411363,111.20111093830928,114.97474640703149,120.13201748779102,124.98397706990363,131.12465104307921,137.38908817694028,144.76117136975517,153.68952815612283,162.58580910487217,174.08603095636499,185.44498461787589
0.73149163309371634,89.116285225347383,89.086538233430474,89.30261322102524,90.210977977545554,90.717331125790224,91.851914722923539,93.027051187029429,94.295343479589064,96.445503653601918,98.80043926860526,101.37269629617367,104.23839730968757,107.53600750662008,111.29567736851459,115.07356374989467,120.23581263479718,125.09286245330441,131.2402469075023,137.5107300240561,144.89051161785756,153.82755228161841,162.78477911623486,174.24519947631779,185.61557512095897
0.731504630568243,89.18951309852855,89.16021586345596,89.375926871740376,90.284490427187848,90.791030308537302,92.253244373012421,93.101816383623373,94.372334476065589,96.524636930116685,98.879848916323681,101.45494817162398,104.32341038389859,107.62451830913051,111.38798794752802,115.17001175785117,120.33713459723367,125.19919669018418,131.35310524248052,137.62952030686574,145.01678614065895,153.9623328438538,162.92873710013373,174.40062157378998,185.78215361906769
0.73151732592893648,89.261007034194336,89.23214642631865,89.447510195746872,90.356270048516308,90.862996291856689,92.326168421615876,93.174812816730991,94.447516735544923,96.60192168962385,98.95737021019886,101.53522941773554,104.40640308544971,107.71093414595089,111.47813671852055,115.26420532773045,120.43607408047683,125.30299935704534,131.46329006514134,137.74548621409485,145.14006729432731,154.09390976782015,163.0693040588958,174.55236362913274,185.9447823957089
0.73152972619814327,89.330810136900254,89.302377942363819,89.517408944353519,90.426355760984734,90.933255643711163,92.397380032118235,93.246085592734744,94.520920380284224,96.677382104171556,99.033084996863181,101.65942051057937,104.48744417775742,107.79531905442855,111.56614257362526,115.35615215112921,120.53266689623706,125.40436248543847,131.57088214464602,137.85869360684592,145.26046917125495,154.22239343387628,163.20654730741808,174.70055658640922,186.10362300738052
0.73154183823498198,89.398969794401637,89.370952793960896,89.585654989736213,90.494778874057374,91.001859900894488,92.466899110349914,93.31567959221502,94.592601621057838,96.751046276491252,99.106986173854239,101.7360177077644,104.5665647253918,107.87771471836459,111.65207683314657,115.44595682791987,120.62698098342662,125.50332583788986,131.67594590576482,137.96927487724315,145.3779966301372,154.34784208194469,163.34057698480319,174.84524204360787,186.25865957420319
0.73155366873913763,89.465518076940498,89.437920636584749,89.652307028562063,90.561588579123054,91.068832118708087,92.534774320774886,93.383637443079351,94.662590492189338,96.822981546745723,99.179151251897565,101.81078903847083,104.64383507554885,108.05221726606396,111.73596428836754,115.53362455715251,120.71908144062036,125.59994938375166,131.77853193203191,138.07721815048717,145.49277074800193,154.47032495032181,163.4714445337886,174.98648922844586,186.41009568567824
0.73156522425456749,89.530508855004882,89.503305345049739,89.717364821772208,90.626821790927352,91.134240177587344,92.601059353826713,93.449975285406254,94.730929446497612,96.893218557612272,99.249600017337798,101.88380327239429,104.71925354047562,108.13079733634368,111.81788771839638,115.6192240488308,120.80900431388727,125.69429633032996,131.88523002242437,138.18262114321988,145.60486110275087,154.58993378000014,163.59921721588762,175.12444254507136,186.55791895103903
0.73157651117312095,89.593960364974919,89.567154195941839,89.780906503132428,90.690518876614078,91.198084330822894,92.665762853772321,93.514745524418686,94.797652800163632,96.961803020491061,99.318391755226912,101.95509262345149,104.79290296104591,108.20753039063129,111.89786633593758,115.70280335365533,120.89681283985556,125.78641932013852,131.98304934465705,138.28552454228338,145.71428871829266,154.70673242598423,163.72399431654048,175.25914343399927,186.70232688420947
0.73158753573807478,89.65591727350693,89.629494302749663,89.842954268235189,90.752710004333494,91.260430766906211,92.728954171947407,93.577995025436394,94.862817816741881,97.028774146376236,99.38556936751047,102.02470605557755,104.86480683727859,108.28244611855189,111.97595576826279,115.78441809688229,120.98253544972249,125.87636876101169,132.07853733788943,138.38601530248707,145.82113145764015,154.8207729334099,163.84582187401975,175.39066394737165,186.84327727548953
0.73159830404758674,89.716416940987983,89.690361684701202,89.903527373895486,90.813447984950471,91.321314336895739,92.790647429868841,93.639762107770366,94.92644077436853,97.09416647261969,99.451148049993208,102.09266677681444,104.93502522044582,108.35561537914327,112.05220828254824,115.8641083099501,121.06623271851277,125.96418781988905,132.17178500942828,138.48414254051022,145.92546354234946,154.932116228636,163.96477918337769,175.519095997166,186.9809179064905
0.7316088220580691,89.775482906083198,89.749809923981957,89.96268037668051,90.872740163969866,91.380752404267696,92.850880101555958,93.700069195823744,94.988567877935566,97.158009875765856,99.51519125483901,102.15903997724672,105.00358550723467,108.42702600207122,112.12666735541279,115.94191312724433,121.1479691843706,126.04995821169723,132.26282476840424,138.57996347804146,146.02733673764305,155.04084232675814,164.08092179913365,175.64450868450513,187.11530458780908
0.73161909558748262,89.833163795396104,89.807847773674439,90.020438440908038,90.930633301220951,91.438790158717893,92.909697443137702,93.758942237673182,95.049230436772632,97.220355194054719,99.577712315542158,102.22383158292723,105.07053869734227,108.49676173772605,112.19937217286497,116.01788251933613,121.22776968549442,126.13368288271886,132.35173753294657,138.67349599651789,146.1267990911947,155.14702939904237,164.19435301578051,175.76697571955447,187.24655939867807
0.73162913031855548,89.889485112278635,89.864513843873283,90.076850203175127,90.987176588998409,91.495465726908151,92.967134575857926,93.816433900359698,95.108465454381076,97.281221649671352,99.638764750896371,102.28710391941422,105.13589266601048,108.56486329701147,112.2703558502908,116.09207514708396,121.30569004108111,126.21545480549685,132.43853253452835,138.76485445294384,146.22393468816153,155.25066227267234,164.30509475102735,175.88652963579079,187.37473567533016
0.73163893180192596,89.944484767835092,89.919854853811557,90.131922405282239,91.04238445680312,91.550792181835277,93.023199986662803,93.872573805449065,95.166317669860291,97.340677452499222,99.698375507712626,102.34888573383796,105.19971119525871,108.6313490449611,112.36288533113839,116.16450847730448,121.38178864518704,126.29528849246708,132.52331416581001,138.8540591798519,146.31880419973459,155.35190226572013,164.41323211597046,176.00329709278594,187.49986416270986
0.73164850545921345,89.998197243090544,89.973896749783307,90.185699867277435,91.096285397507017,91.604829227762821,93.077953818268725,93.927391854136658,95.222795252924698,97.398703408482106,99.756590390261408,102.40920016877499,105.26202420602203,108.69628050272877,112.43055450594693,116.235233369247,121.45608391070709,126.37325423587754,132.60608483798569,138.94115123106167,146.41140399459255,155.450742219924,164.51886457921501,176.11728563504585,187.62207241650322
0.73165785658601667,90.050626662316063,90.026672447093006,90.23821926146411,91.148919004619529,91.657588582653261,93.131414441151719,93.980908502187958,95.277947072234383,97.4553836026098,99.813424968124309,102.46810752947567,105.32286489029502,108.75966427551612,112.49660130483971,116.3042948715447,121.52862325426395,126.44936072121345,132.68688794786431,139.02618276266003,146.50183879077667,155.54725629164022,164.62196703634254,176.22862837648427,187.74138389298605
0.73166699035484339,90.101821149652096,90.078188059847889,90.289496871697338,91.200309698520869,91.709108943454339,93.183613520119252,94.033175719581777,95.331787327017082,97.510726336691732,99.868914757891616,102.52561641374268,105.38228742703359,108.82157328836911,112.56111694983701,116.37174191725353,121.59946062823292,126.52369776315754,132.76581566267851,139.10921853113541,146.59014353239763,155.64150313454593,164.72264390830969,176.33732856103597,187.85791302516736
0.73167591181797142,90.151819358081411,90.128504915926897,90.339569113773905,91.250495772739669,91.759424302490515,93.23458581351224,94.084211885969125,95.38436200857177,97.564759276352561,99.923110945655935,102.58177562947458,105.44030642906728,108.88201039488195,112.6241107135429,116.43758700557373,121.66863675207424,126.59626731236494,132.84289556235308,139.19030360323086,146.67637202342303,155.79132667228987,164.8209681905355,176.44348912824353,187.97169089855015
0.73168462591024319,90.2006487072249,90.177646960015409,90.388469907637045,91.29949716754345,91.808529757043289,93.284359798304649,94.13404059552704,95.435714143495716,97.617541451178113,99.976021629299794,102.63662207020752,105.49694420515152,108.94103575099143,112.68560751538462,116.50188950370648,121.73618242749944,126.66714084114938,132.91815153972857,139.26949134121969,146.76057641103398,155.88120880685165,164.9169739642166,176.54716550526064,188.08278477237036
0.73169313745179532,90.248326103275758,90.225618287284306,90.436213653742016,91.347359630035498,91.856501127138472,93.332972880376474,94.182698059652466,95.485849255615904,97.669055147136532,100.02769553447069,102.69015352266433,105.55226543344907,108.99866841269977,112.74566813593992,116.56467725640687,121.80211992121622,126.73634525154193,132.99161916889716,139.34681112054386,146.84279710627743,155.96897569671273,165.01074936916848,176.64833882736275,188.19128692875529
0.73170145115072505,90.294889069391502,90.272469698440545,90.482845681279287,91.394089724723017,91.903328512125881,93.380422469392215,94.230213740833278,95.53480904389653,97.719373447951511,100.07815009791739,102.74244238614483,105.60626448474068,109.05494302413717,112.80431043237331,116.62598776259983,121.86651651598368,126.80392005819886,133.06336307969468,139.42230989937525,146.92308718281856,156.05471539068822,165.10229940729914,176.74719136917702,188.29722682299325
0.73170957160569461,90.340335471330036,90.318217935433495,90.528378858220094,91.439705064338341,91.949079977312067,93.426769366287772,94.27660896159432,95.582626236075157,97.768503028779378,100.12740420832779,102.79350214422448,105.65902708461363,109.10989315962797,112.86158268626605,116.68585244352289,121.92937600536243,126.86989591037855,133.13344140089612,139.4960371543275,147.00150144518557,156.13840983207774,165.19170383775054,176.84370123696135,188.40070178486349
0.7317175033084744,90.384733546816278,90.362895912883687,90.572826574938517,91.484274550297414,91.993730194819364,93.472016743595304,94.321925079126231,95.629302759833081,97.816469360048359,100.16307708074964,102.84335265001937,105.71052857312316,109.16354025235341,112.91750309081544,116.7443117787916,121.99077912709618,126.93434133353003,133.20184247086581,139.56801017395628,147.07805448104773,156.22015400079545,165.27899490156415,176.93795033401693,188.50171319123183
0.73172525064642824,90.428076894892001,90.406527624243608,90.616258269794344,91.527773548579717,92.037330918436055,93.51619942657635,94.366165545361582,95.674902012899111,97.863301051289454,100.21000738705698,102.89204234762292,105.76080643934256,109.21594198011735,112.97209459014266,116.80141812807415,122.05072721487522,126.9972629378899,133.26866747625172,139.63830978683836,147.15281807455904,156.29996340164507,165.36423494994233,177.02998387510161,188.6003792859774
0.7317328179049396,90.470417017011641,90.449137918443739,90.658650185276201,91.570263762805553,92.079918941177311,93.559343058732338,94.409357341424766,95.719426774921885,97.909049362133374,100.25584315069864,102.93958540212043,105.80993138284248,109.26710283671855,113.02542400034145,116.85715373128187,122.10927037956571,127.058697258748,133.33390488495206,139.70696566265542,147.22582316066837,156.3778904320061,165.44750662938895,177.11987570959172,188.69670276943361
0.73174020926978245,90.511753446222428,90.490739601409587,90.700051799423818,91.611747909984842,92.121498371529015,93.601475135641522,94.451540834845218,95.762907263520901,97.953703294922889,100.30060285728541,102.98599995498444,105.85788112685259,109.31706533090619,113.07748461583105,116.91159000158223,122.16644367825211,127.11869503730122,133.39760426765861,139.7739839749047,147.2971263146319,156.45399686552992,165.52879308186675,177.20762363397807,188.79081706870784
0.73174742882943666,90.552121134784102,90.531353880054667,90.74048690843847,91.652258892991085,92.162108410702785,93.642613682117371,94.492737753014808,95.805354405958496,97.997314294661919,100.34431722871159,103.03133002471805,105.90471404344862,109.36586558138515,113.12833369509462,116.96475042667589,122.22227226036921,127.17727852641838,133.45982992630888,139.83945577598206,147.36674411247805,156.52832870646671,165.60818060219026,177.2933531097442,188.88267982308025
0.73175448057734882,90.591531168847723,90.571032387982996,90.779972252235893,91.691822775672335,92.201757488786825,93.682793020809186,94.532968563180475,95.8468173631627,98.039911119394674,100.38698344007207,103.07558580985278,105.95043910870299,109.41350276301091,113.17797219332715,117.01665570084151,122.27678783013835,127.24432008375879,133.52059299386019,139.90336437763472,147.43471721185779,156.60091191200627,165.68569378784741,177.377029833493,188.97240720890113
0.7317613684141423,90.630029131370975,90.609770521543396,90.818525992843206,91.730454220247339,92.240474989499489,93.72202308793203,94.57225155229753,95.887308414410654,98.081501378641406,100.42865806457121,103.11881485561389,105.99509836823563,109.46001654175052,113.22645118249784,117.06734237408091,122.33001793052244,127.30020396642067,133.57991766910709,139.96579297364951,147.50112507795711,156.67178197603789,165.76141401662608,177.45874718048435,189.06000023055094
0.73176809614977356,90.667624440364307,90.647602368950174,90.856175164772139,91.768177562345954,92.278287439468841,93.76033289575571,94.610608036637132,95.926844821784471,98.122108156876493,100.46934754555696,103.16101838634495,106.03870898937748,109.50546084759844,113.27379197869595,117.11685019717697,122.38200271924143,127.35476351637044,133.63783768393478,140.02676539327513,147.56593702638202,156.74099076943821,165.83532457939873,177.53858205774304,189.14555405219289
0.73177466750564091,90.704329187225085,90.684548897032073,90.892952506626898,91.805026669113431,92.315214257007028,93.797745983731147,94.648064051747497,95.965458731145191,98.161769116792129,100.50909576500271,103.20223594159688,106.08128733777994,109.54980699809676,113.32002139510587,117.16518441317749,122.4327639746989,127.4080542639349,133.69441633432871,140.08628565639083,147.62924315869168,156.8085834041558,165.90750376047072,177.61652620059613,189.22911130923603
0.73178108611664183,90.740172361878649,90.720626810438262,90.92885059893888,91.840997109091404,92.351273107611632,93.834272144220449,94.684651249783201,96.003158513918606,98.200496544544876,100.54789720269764,103.24248510719917,106.12286399805453,109.59312500929809,113.36516508337809,117.21239238284761,122.48233562157839,127.46007929805637,133.74965867333958,140.14441014374461,147.69108452284127,156.87459344774106,165.97801270708442,177.69262421581516,189.31068854444311
0.7317873555331843,90.775176750401442,90.755859499109647,90.963919817415444,91.87613017849435,92.38647607321036,93.869945517759334,94.720376386656426,96.039995043713134,98.23832059833876,100.58579005171487,103.28180103740306,106.16346456246538,109.63542931604752,113.40923957961058,117.25849205107806,122.53074840259069,127.51089909497387,133.80362401672028,140.20117962606309,147.75145058488124,156.93907756882254,166.04687595273572,177.76696116547828,189.39037067479512
0.73179347922315052,90.809372642077506,90.790267936492455,90.998159202234092,91.910441665095277,92.420862667473557,93.904783680933178,94.755253471135802,96.075950846010528,98.275255379372538,100.62279855015004,103.32019298017622,106.20311172505899,109.67673914040643,113.45229148666112,117.30349736153585,122.57801265297167,127.56053384488041,133.85630499827676,140.25661465336452,147.81040423583909,157.00198410562734,166.11413029186224,177.83954324651131,189.51672833796329
0.73179946057381495,90.842746454032749,90.823874275964045,91.031601337552274,91.943944470705901,92.454438170549111,93.938801609219809,94.789319108291238,96.111076444114588,98.31133010342819,100.65894393302733,103.35766258350486,106.24182583366564,109.71708957872033,113.49434023377398,117.34746410717344,122.62418692310166,127.60896796437009,133.90777351679571,140.31075329237501,147.86798149011156,157.06345283858536,166.17979784803174,177.91043230640207,189.59273398044752
0.73180530289371837,90.875349681344233,90.856686285442265,91.064256776226102,91.97665974303527,92.487223904136044,93.972025853214291,94.822582669290568,96.145361625349324,98.346555294363498,100.69422852328353,103.39426978738993,106.27964375604279,109.75647581594239,113.53539836880373,117.39038944889762,122.66925350856036,127.65628079461749,133.95800957451866,140.36361826780194,147.92420535065321,157.12348665248282,166.24388901217026,177.97968224035867,189.66697848324111
0.73181100941449728,90.907181948634388,90.888728662495851,91.096154048856988,92.008608804026153,92.519250567511335,94.004455512218556,94.855068807763018,96.178842839355639,98.380954787695373,100.72868664231646,103.43001447972711,106.31657759417067,109.79494984134362,113.57547739482834,117.43231228887453,122.71328737254225,127.702507452188,134.00707075961691,140.41525026563613,147.97911344782187,157.18211638692446,166.30650603167305,178.04727089827065,189.73944926576951
0.73181658329267218,90.938276146858698,90.920028505024675,91.127289515046868,92.039814843112254,92.550521214241598,94.036149063267658,94.886791704819188,96.21155842483131,98.199561872468621,100.76234440485132,103.46492059811499,106.35263337739889,109.8325130906378,113.61462604578264,117.47325580225879,122.75628802300344,127.74761924910854,134.05498767913377,140.46567125291767,148.03274442044494,157.23935737435386,166.36766298252769,178.1132924730482,189.81023847556207
0.73182202761139326,90.968639434217039,90.950585678740026,91.157711306030251,92.07029259259798,92.581054997819592,94.067082940313412,94.917770197927894,96.243494705478952,98.232330813640147,100.79520370250248,103.49900564740528,106.38784955686424,109.86921583097865,113.65287587562489,117.51323922513984,122.79825958407309,127.7917053400015,134.10178092028946,140.51490352810652,148.08511196028121,157.29526441515191,166.42736808046175,178.17777073553589,189.8793635737311
0.73182734538214589,90.998291983360104,90.980432152067806,91.187411895691184,92.100042276448221,92.610885176422016,94.097287889864674,94.948019365136133,96.274688129829883,98.264316640386824,100.82730557203831,103.53230006406739,106.42223464093331,109.90503412892576,113.69019318548817,117.55227249930613,122.83927074769599,127.83473096034868,134.14749218359793,140.56298585491459,148.13624111415993,157.34985827450873,166.48570328033384,178.24072152209555,189.94687979146693
0.73183253954641614,91.027257471414487,91.009574880525179,91.216435322956386,92.129115811403608,92.639995864803495,94.126800160880521,94.977571133076708,96.305160441534099,98.295568450197607,100.85863862936094,103.5648077226906,106.45581309314002,109.92920666534337,113.72666289284098,117.5904022579125,122.87930740314187,127.87675893704727,134.19212013453216,140.60993335421517,148.18620136770187,157.40317109711032,166.54264704467641,178.30220192439447,190.0128018562973
0.7318376129773182,91.055526245909277,91.038043486183597,91.244753842598584,92.157480940753885,92.668450686625874,94.155608099761594,95.006421631027479,96.334896835745894,98.326098526064015,100.88924641888661,103.59655908441346,106.48861349320941,109.96335945071769,113.762270353036,117.62763567653747,122.91841576646402,127.91781522141537,134.23568766632525,140.65578028908931,148.23497458682687,157.45523930392665,166.5982683043112,178.36225769447628,190.07720942843298
0.73184256848118345,91.083145451797463,91.065846831621457,91.272413250175305,92.1851882829651,92.69621742941672,94.183744380286953,95.034598716269102,96.363960892005707,98.355898648009315,100.91913633596778,103.62757045380204,106.5206393555236,109.99671141592989,113.79703119515762,117.66398641075648,122.95659034853452,127.95788887280651,134.27826823816577,140.70057312897552,148.28259572142997,157.5061000906353,166.65259087133745,178.42090584161633,190.14006798998889
0.7318474087991127,91.110130704251787,91.092986631461827,91.299436167188105,92.2122624084368,92.723337246967276,94.211218275257124,95.062127300891007,96.392323578962532,98.38500344192289,100.94833629903951,103.65783977487808,106.55192163413449,110.02930149235908,113.83099280469469,117.69951207072882,122.99390553801641,127.99703118720208,134.31982089883968,140.74432062375854,148.32913041509892,157.55575516604586,166.70564968309918,178.4781677128849,190.20146944073349
0.7318521366084928,91.136468918732135,91.119496664992766,91.325817205586645,92.238687243043387,92.749820484961674,94.238054076693516,95.088991606007767,96.420039146170893,98.413430124976003,100.97683393929765,103.68740111481748,106.58246918955047,110.06112245582335,113.86415089118236,117.73418997573754,123.03030450588267,128.0352539909145,134.36041682170617,140.78701924117195,148.37453878602537,157.60426422450837,166.75744275454053,178.53411392416456,190.26144115046918
0.73185675452447696,91.162178674956522,91.145390271773067,91.351584911692044,92.264504081205814,92.775687524681416,94.264256090780691,95.115233474512934,96.447098281132639,98.441193478021887,101.00466645320557,103.71627666178028,106.61228220385601,110.09220089693554,113.89653532366356,117.76805130394496,123.06587200813374,128.07259970393352,134.40004081974621,140.8287245977408,148.41889809766872,157.65162773884367,166.80803930981347,178.58876032732223,190.32002755189023
0.73186126510143179,91.187296774140123,91.170677332731429,91.376751581636199,92.289706847044727,92.800950023403857,94.28985767849008,95.140867108530074,96.473524045199156,98.468304796002485,101.03186049381839,103.74448257809127,106.64141728818868,110.12254310186108,113.92816785100877,117.8011203090573,123.10061130027316,128.10904821803706,134.43877700250596,140.86946918169269,148.46223168161669,157.6978845243284,166.85743634284154,178.64209455972741,190.37725124228746
0.73186567083435017,91.2118344022565,91.19536298831008,91.401330415021221,92.314320925128413,92.82562676874295,94.31484070903025,95.165896658825659,96.499334961510613,98.494790384494991,101.05840967482436,103.77201802364652,106.66987033485566,110.15217598391609,113.95905653083173,117.83341855670733,123.13451600400731,128.14465762812324,134.47657256596722,140.90923996391211,148.50454077850009,157.74306345082732,166.90569779848011,178.69418638299976,190.4330714769967
0.73186997416023125,91.235788622678228,91.219493687316572,91.425330035217485,92.338379347449518,92.849712252929749,94.339254135989904,95.190336392053723,96.524533468073059,98.520640164595534,101.08433685627824,103.79891526011124,106.6976579185648,110.18113268663728,113.98921714128664,117.86497573355155,123.16765099813347,128.17941294646153,134.51350654966518,140.9480894531589,148.53932224982418,157.78719309081498,166.95282443482574,178.74507129110134,190.48761113815272
0.73187417745942829,91.259192863388307,91.243036030209623,91.448785011380096,92.361859700034984,92.873250297077902,94.363083676940732,95.214211527763837,96.549156526918523,98.545891736615886,101.1096586969943,103.82517768094476,106.72478386876537,110.20938681276311,114.01866957008315,117.89578402843472,123.20000695125054,128.21338574834954,134.54955974579934,140.98605252265406,148.57967291885871,157.83024074262357,166.99884302566352,178.79475277860911,190.54089235432912
0.73187828305696567,91.282041806567577,91.266039543661464,91.471663386539149,92.384778510859178,92.896224762371276,94.386359313662979,95.237519453599816,96.573198790221795,98.570556646518526,101.13439044601182,103.8508321623849,106.75127040896768,110.23699026725808,114.04743677748047,117.92586663747352,123.23159027341899,128.24654631505109,134.58478293877852,141.02308818993333,148.61905259936611,157.87232564811711,167.04379330176016,178.84330730784131,190.59293304118182
0.73188229322382481,91.304356152413675,91.288509198766405,91.494023666477005,92.407175407115574,92.918665588618751,94.409104793798178,95.260287578916177,96.596681617738795,98.594639514692972,101.15853590104234,103.87588758747734,106.77715054594228,110.26394614915262,114.07554075278313,117.95524830656359,123.26244663975376,128.27892500410235,134.61918724392308,141.05926823959453,148.65755909218569,157.91344034985377,167.08767156491376,178.89066535251186,190.64376404239738
0.73188621017820044,91.326161695593328,91.310445061877545,91.515859586030274,92.429043985976023,92.940580941347434,94.431297493287275,95.282522415316635,96.619609304958431,98.618162363658485,101.18212103792393,103.90034074011783,106.80242873983298,110.29027341252004,114.10296586347249,117.98393495681375,123.29257748776581,128.31056617905415,134.65276177113992,141.09461995722086,148.69513767583703,157.95353870598046,167.13055588880525,178.93696462841763,190.69339164836856
0.7318900360867272,91.347442985745147,91.331872845938051,91.537183041553362,92.450407095609989,92.961989986182743,94.452987250209844,95.304239490960754,96.64199972149072,98.641137638936925,101.20515439812152,103.9242360423741,106.82710826962284,110.31599621255373,114.12976360483299,118.01195515517611,123.32201565959258,128.34144149445638,134.68557160943601,141.129141620062,148.73183783378772,157.99273618675943,167.1724285917735,178.98215618269023,190.74184007963777
0.7318937730656786,91.368232800046826,91.352809543452167,91.558011065266328,92.471262982711778,92.982892922944302,94.474167530435807,95.325439223055582,96.663883833080035,98.663572874364036,101.22765520334724,103.94756198518007,106.85121796573367,110.34110197564587,114.1559339425512,118.03933640916512,123.35075206355395,128.37161320868472,134.71761164125928,141.16283087753254,148.76768750183692,158.03102100746764,167.21331600028498,179.02630887035048,190.78917457974603
0.73189742318213735,91.388542524269724,91.373233342997992,91.578352067255764,92.491642239019711,93.003301909779111,94.494836122506968,95.34615588660381,96.685237517707719,98.685492747194075,101.24961541820812,103.97035339313152,106.87475861890198,110.36561663919565,114.18149588044616,118.0660580835538,123.37882678784081,128.40107304455887,134.74889970562799,141.19575035968592,148.8026778481144,158.06840788005502,167.25327013930655,179.06941025183914,190.83539846705389
0.73190098845513896,91.408369999386196,91.393189507642091,91.598207444356376,92.511527354035934,93.023240485264978,94.515040840589791,95.366387296347966,96.7060958589027,98.706888452394196,101.27108327085443,103.99261884988664,106.89773808367318,110.38957255407149,114.20645318634342,118.09215902232245,123.40623322148167,128.42984885400801,134.77944255304465,141.22791566306114,148.83688292978331,158.10491383098997,167.29223901106161,179.11154345933028,190.88054419894615
0.731904470856788,91.427723485347087,91.412685792358388,91.617613112361141,92.530962741937401,93.042710247853393,94.534752704690618,95.386135433433083,96.726474454073468,98.727786368632223,101.29202038819858,104.01435087803475,106.92019562797577,110.41295832261676,114.23083149251033,118.11764920676069,123.43300780655409,128.45795760427427,134.8092909330735,141.25930530499318,148.87026921189681,158.14058410811413,167.3303302828208,179.1526484723654,190.92465327159152
0.73190787231334975,91.446644511994236,91.431722427772911,91.6365583353072,92.549937634281378,93.061732126578136,94.554040730276029,95.405433354982961,96.746371992609056,98.748204192572302,101.31248883028456,104.03557921871106,106.94211525464561,110.43579676283844,114.25463535814197,118.1425568644554,123.45913830531936,128.48539237451041,134.83843376788718,141.28997109926422,148.90289158681117,158.17539144219336,167.36752266030817,179.1928252445723,190.96772486210102
0.73191119470631505,91.465105128969299,91.450323230725189,91.655058604614169,92.568473361476208,93.080295718322304,94.572839069496695,95.424272732489044,96.765804622511496,98.785876699043001,101.33248728858234,104.05630317504983,106.96353374064347,110.4581161260794,114.27787901542615,118.16687341655779,123.48467651003011,128.51220752472,134.86691111836262,141.31992575402546,148.93472819912131,158.20940776772477,167.40385806909762,179.23205412581592,191.00977046231856
0.73191443987344151,91.483147168553842,91.468467606671766,91.673140249411517,92.586574221433693,93.098435235307988,94.591204382537398,95.442672067772946,96.784784896834026,98.805359900816256,101.35199712924441,104.0765480076916,106.98443697486437,110.47990520039457,114.30057534900698,118.19062655451853,123.50961904719588,128.53838313304004,134.894698484728,141.34917513390246,148.96582229008345,158.24261499703425,167.43935666075413,179.27036833273451,191.05084216563409
0.73191760960976959,91.50076131701644,91.486205490349676,91.690779623895651,92.604252190314583,93.116145705324016,94.609147321702039,95.460647639563831,96.803324558353779,98.824370000784256,101.37106314661651,104.09632380011317,107.00486372436717,110.50117631432659,114.3227580237799,118.21380744584167,123.53397418216628,128.56394063332846,134.9218497854672,141.37773972588911,148.99620572709682,158.27505082650168,167.47398338413041,179.30776736087137,191.09096033120295
0.731920705668616,91.51796187969012,91.503524288724293,91.70802215029471,92.62152417962352,93.133450216391793,94.626674089711742,95.478193459570321,96.821414800946513,98.842961540300166,101.38966757418166,104.11563405050401,107.02482018305454,110.52195830294295,114.34441712047555,118.23645575612318,123.55777975256933,128.58891410940123,134.94837134062982,141.4056419929766,149.02587563371344,158.30675171400071,167.50783115367813,179.34432725983788,191.13015322721185
0.73192372976254316,91.534762967115967,91.520445970876608,91.724852172683313,92.638376122926275,93.150340211523144,94.643790918617015,95.495333838698571,96.839105204620864,98.861103151721181,101.40785610706007,104.13449483882141,107.04430410101122,110.54225880788726,114.36558704463823,118.25858578014595,123.5809997506949,128.61329239280894,134.97426541220193,141.43288508290425,149.05484027255443,158.33765858875267,167.54090862108569,179.37998827090632,191.16839345736662
0.73192668356430646,91.551179233403673,91.536962237780244,91.74129727048421,92.654846962126612,93.166842583759717,94.660508128785295,95.512073567548214,96.856365236675629,98.878823324404948,101.42560824139582,104.15291480673477,107.06333104262376,110.56207313423511,114.38623025787092,118.28018818876444,123.60369090653694,128.63710527734656,134.99955607049924,141.45948523481638,149.08314031482587,158.36791281023761,167.5731530929479,179.41485501261195,191.20577589668392
0.73192956870777992,91.567201137084339,91.553102173249499,91.757362372878561,92.670926988404972,93.182957774548413,94.676829650019499,95.52843165514787,96.8732327283833,98.896130297995114,101.44295867310575,104.17090246381485,107.08189628622858,110.5814311305403,114.40639495853975,118.30128996413987,123.62584721911844,128.6603694758669,135.02425325290824,141.48549034662574,149.11078383652784,158.39741742971091,167.60472267438308,179.44891025785182,191.2422752176717
0.73193238678885963,91.582860214268294,91.568852819727908,91.773042611079291,92.686631990192836,93.198698113985301,94.692780256649712,95.544403640309611,96.889702841941471,98.91303804666677,101.45990317174437,104.18848134663494,107.10005125575117,110.60034550064665,114.42609909708699,118.32190393784549,123.64748411225446,128.68307855752209,135.0483805802287,141.51087352031027,149.13779663752211,158.42625717430201,167.63548230733431,179.4821509977628,191.27794602340146
0.7319351393663468,91.598153983522934,91.584247230217443,91.788359466583643,92.701972864004347,93.214069294281217,94.708347869051067,95.559995471146976,96.905791981815128,98.929549790966121,101.47643367990531,104.20562532023541,107.11777429227368,110.61880778436171,114.44536015000631,118.34201222843694,123.66860891129909,128.70528758216824,135.07193865152658,141.53566218723427,149.16413968703273,158.45439519710635,167.66559148492524,179.51462206172437,191.312723952542
0.73193782796280948,91.613081759693159,91.599281629893085,91.803316791781981,92.716961115962476,93.229082125279092,94.723554329444596,95.575222008574201,96.921507898539858,98.945671632391168,101.49259030296162,104.22239001853814,107.13508075744176,110.63684833706066,114.46414641221781,118.36168239975086,123.68925844706246,128.72693453547981,135.09493736801232,141.55985809428967,149.18987764084159,158.48189234096208,167.69495478154568,179.5463273912319,191.34674173051462
0.73194045406542529,91.627666646785656,91.613957153207593,91.817933975806227,92.731591245770687,93.243749443110573,94.738406982913148,95.590096739153523,96.936854309355112,98.961415896559629,101.50836143238121,104.23875407729429,107.15199673742245,110.65445154783811,114.48249724024208,118.38087670216191,123.70941571933508,128.74811027155374,135.11742264957138,141.58351244622463,149.21504513119726,158.5087407629253,167.7236248832196,179.57728541155666,191.37995170561044
0.73194301912680371,91.641907009732677,91.628296242932265,91.83219996346088,92.745893070135935,93.258065356840234,94.7529091933975,95.60462224960429,96.951839422825287,98.976797830451687,101.52377018682819,104.25474515274618,107.16849985776571,110.67166221372463,114.50043135655869,118.39961939833302,123.72910888869228,128.768769402006,135.13936959732382,141.60661667059321,149.23959392535471,158.53495046413445,167.75164397580374,179.60756090697396,191.41238194445759
0.73194552456578976,91.655812177104963,91.642299472783634,91.846129778892646,92.759835175114858,93.272051417199691,94.76707634129707,95.618812985438126,96.966476775967749,98.991820864190231,101.53882550439448,104.27034921327868,107.18463892852742,110.68845421272272,114.51792964453489,118.41793238532409,123.74833334168943,128.78895643672877,135.16081284744723,141.62916861097619,149.26356769161066,158.56058382479387,167.77901039393328,179.63710846447793,191.44404071590543
0.73194797176824899,91.669412298117095,91.655978805523773,91.859750401217752,92.773478844570491,93.28570374685296,94.780908045660908,95.632671854411456,96.980767219425616,99.006489149905974,101.55352354752904,104.28560251981617,107.20037471481191,110.70486240945684,114.53502807866607,118.43582019903988,123.78196328505146,128.80866075669474,135.18175557606446,141.65119178256282,149.28698890053056,158.58560784454312,167.80573023208126,179.6659524834904,191.47499788843561
0.73195036208783337,91.682670878584759,91.66933748149313,91.873040861963091,92.786782787970878,93.299052118989493,94.794423125214962,95.646209972881479,96.994730709695432,99.020822174436034,101.56788394502291,104.30048323937808,107.21576171916968,110.72088157673352,114.55174167850782,118.45329569701425,123.80032624339947,128.82791016148258,135.20220576164866,141.6726995531717,149.30988847149274,158.61003095106571,167.83181857813906,179.69415304869472,191.50522699455905
0.73195269684673103,91.695632095204928,91.682385957308725,91.886028995817469,92.799784011040174,93.312078632396151,94.807635802411824,95.65942654274113,97.008381424562685,99.03480722158929,101.58189898888304,104.31503651060848,107.23079556097946,110.73654921073103,114.56803323519853,118.47034686456755,123.81824381890328,128.84671836943744,135.22216982750979,141.69372263886908,149.33223563585489,158.63390575075755,167.85731600046711,179.72166975212167,191.53470724574436
0.73195497733639658,91.708283585980098,91.695120109812706,91.898716422550933,92.812481038152328,93.324801047074288,94.820512207643333,95.672337457042886,97.021686274656531,99.048477058749995,101.59560718270222,104.32924453039959,107.24545699994269,110.75181829364374,114.5839669497218,118.48700971552898,123.83573124753457,128.86508952283475,135.2416880987148,141.71423544506979,149.35405733293737,158.65718707253836,167.88222636395221,179.74857564386184,191.56354306132562
0.73195720481826654,91.720659640810482,91.707570249724085,91.911092368663958,92.824898135364492,93.337231031578995,94.833102506261639,95.684952079391223,97.034687564006163,99.061829855119868,101.60897437951644,104.34310730266225,107.25978880104958,110.76676100183613,114.59952462511137,118.50328410076327,123.85280614890507,128.88302490491333,135.26073243805877,141.734283302736,149.37537764351873,158.67998782449285,167.90653125730751,179.77480716859282,191.59169940119318
0.73195938052445619,91.732723839439132,91.719721672077867,91.923191791098361,92.837010978717444,93.349376981674141,94.845393923609663,95.697272844936379,97.047408251004526,99.074867924548016,101.62203132076684,104.35667145561092,107.27379029688382,110.78133494924987,114.61472028800199,118.51917702439823,123.86950900186639,128.90054619227158,135.27933858134202,141.75385560405994,149.39620071432728,158.70217010196939,167.93026439638925,179.80043623338861,191.61919789238891
0.73196150565844154,91.744510084441572,91.73158815059287,91.935001875255693,92.848838358957437,93.361222170969995,94.857408961128385,95.709292618175823,97.0598070566557,99.087604157222813,101.63478569397193,104.36989801811069,107.28744788226322,110.79557468481653,114.62956302674866,118.53470586060575,123.88580768530664,128.91766484741675,135.29750035443431,141.77298829984647,149.41651419499249,158.72388783781935,167.95346029556094,179.82549167290563,191.64604208412493
0.73196358139572504,91.756031848759449,91.74318484673131,91.946541068158695,92.860386055101117,93.372803436079266,94.869134945874976,95.721036127710249,97.071930143392819,99.100043009788351,101.64724823450524,104.3828148395587,107.30081182794675,110.80948630716375,114.64406209591107,118.54985637091886,123.90172709446779,128.9343720049219,135.31526268087327,141.79166522603919,149.43638572532655,158.74511734025873,167.97613803263812,179.84994632189773,191.67226259399467
0.73196560888448559,91.767278854389588,91.754505817098106,91.957818100694567,92.87166884702674,93.384113803327637,94.880581736095337,95.732513680166448,97.08376832176873,99.112185152218444,101.65941256662336,104.55255292321453,107.31384181352769,110.82307197408591,114.65822200098773,118.56466789516708,123.91727640252066,128.95069224800682,135.33258054717589,141.80989903264708,149.45575565577747,158.7658036285502,167.99824821958464,179.87382525994326,191.69787014598842
0.73196758924621397,91.778260074876016,91.76557312571822,91.968821491773269,92.882703304348979,93.395162232682196,94.891780919126177,95.743718928046292,97.095327261100465,99.124055692183902,101.67129210722123,104.56485018961757,107.3265887390553,110.83633173480121,114.67204445346579,118.57913912436925,123.93246232833189,128.96664231805335,135.34952142952534,141.82770372638333,149.4747318018708,158.78604281436128,168.01984724603972,179.89718188333791,191.72290073813201
0.73196952357633271,91.789001563283819,91.776367803176981,91.979580184539373,92.893466896719474,93.405948724899645,94.902702537507139,95.754665833854233,97.106619305144704,99.135643881087162,101.68290510125371,104.57685499709623,107.33900707198336,110.84930246754084,114.68554837197735,118.5932525356402,123.94730476752011,128.98219747485564,135.36604984528822,141.84510199367651,149.49322823399416,158.80583036185271,168.04097839124734,179.9199697363656,191.74734103227092
0.73197141294480261,91.799476422289445,91.786916889101121,91.990071422289475,92.903979476810491,93.416478634306259,94.913375195039407,95.765353314956883,97.117636291586678,99.146953574741929,101.69425097479689,104.58858801261522,107.35116629501863,110.86194471823546,114.69872800102166,118.60705120693456,123.96179060218856,128.99740932651912,135.38219443915295,141.86207987220405,149.51128654117929,158.82509800280968,168.06158606793178,179.9422268989365,191.77121169394377
0.7319732583967139,91.809709687997383,91.79722557545756,92.000324726945109,92.914254104834981,93.426771990478301,94.923792872188642,95.775792241704039,97.128415383536776,99.158009242259141,101.70532085120794,104.60003850017165,107.36303057982514,110.87431352899148,114.71161153433059,118.62052814792696,123.97594460906112,129.01225618656463,135.39797916049429,141.87868898455054,149.52894192931853,158.84394537500339,168.08170849002636,179.96395029971609,191.79453069049487
0.73197506095286502,91.819710942258098,91.807287805531814,92.010346235085308,92.924283112617559,93.436820370523492,94.933982509435737,95.785993121604406,97.138931126144598,99.168811128536618,101.71613643862656,104.61124198374819,107.37461908620753,110.88638007723057,114.72419833288586,118.63368605131836,123.9897606743325,129.02676394069567,135.41337976513751,141.89489230463369,149.54618965044938,158.86236345629732,168.10138611051661,179.98521291674842,191.81729858117615
0.73197682161032684,91.829465056038316,91.817115495647158,92.020127051826421,92.934077302215883,93.446633913565165,94.943920237899874,95.795946415120852,97.149208965372964,99.179350846192392,101.72669192507965,104.62217594461254,107.38594505105721,110.8981803858951,114.73649144398951,118.64654940016044,124.00325874435657,129.04092757865146,135.42844125448028,141.910713566911,149.56300891417777,158.88032794447645,168.12057709787769,180.00591691607406,191.83951179574797
0.731978541342994,91.83899842415849,91.826720329609088,92.029681475472898,92.943648808733997,93.456223340315773,94.953632172786456,95.805673430008028,97.159253772904776,99.189654947673262,101.73701002101006,104.63283553931615,107.39698764387867,110.90969117670102,114.74848960441886,118.65909184720658,124.01644365840184,129.05478282700642,135.44313733855961,141.92619362293772,149.57945101004589,158.89789246481087,168.13934756190429,180.02619905613392,191.86124360396934
0.73198022110212424,91.84831986361678,91.836094253751071,92.039014603054966,92.952989087352762,93.46558910893873,94.963115288810513,95.815172095579328,97.169042664343579,99.199710089837026,101.74709250042361,104.64327184411013,107.4077839249112,110.92093646782087,114.76021708703774,118.67133551579172,124.02932132408023,129.06828923714056,135.45747499469144,141.94129458099633,149.59551508068398,158.91504501973395,168.15767487665289,180.045962376018,191.88246624530439
0.73198186181686409,91.857419224183104,91.845257808450697,92.048126703397429,92.962113767793198,93.474734778814309,94.972379490998719,95.824454220037296,97.178615515789716,99.209529923995433,101.75692727544811,104.65345178082862,107.41832531195905,110.93192149058814,114.77166274377669,118.6833307995912,124.04190157324774,129.08147980113426,135.47149145356525,141.95604868049122,149.6111981006834,158.93180263803515,168.17555943923071,180.06528398436058,191.90317684035836
0.73198346439476292,91.86630750284894,91.85420384336976,92.057023887384275,92.971029305044794,93.483661605172529,94.981430381969403,95.833515480826463,97.1879624969406,99.219131824222131,101.76653572207579,104.66339701327888,107.42862407470966,110.94265081384583,114.78284709808213,118.69502647156332,124.05416496108228,129.09437623626582,135.48519892254262,141.97046128891088,149.62654855557048,158.94816939293378,168.193028788628,180.09895729272102,192.10064043432067
0.73198502972227519,91.874984888279869,91.862929608210834,92.065731921244151,92.979741694452969,93.492390248720767,94.990264173138712,95.842366034135921,97.197104860897525,99.228498309155839,101.77592456224374,104.6731113331989,107.43867484439033,110.95312721313894,114.79376137244253,118.7064464756404,124.06615976959438,129.10698609041719,135.49855345943797,141.98453150450223,149.64148278628272,158.96413602302346,168.21010664571804,180.11734997464373,192.12042307512456
0.7319865586652502,91.8834621614551,91.871481072081224,92.074219739184628,92.988239944606903,93.500908321137103,94.998900050977682,95.851010642945766,97.206016977372201,99.237648265388998,101.78509443237635,104.68259242501517,107.44850293304262,110.96336343705116,114.80442180617683,118.71759073002613,124.0778805651571,129.11925111549499,135.51163953125069,141.99825568111555,149.6561067764269,158.97975943755591,168.22679400890775,180.13533983930392,192.1397347805032
0.73198805206941175,91.891746796001826,91.879807049608644,92.082515108500957,92.996550357129308,93.509227723807271,95.00732078756846,95.859458886330685,97.214731008683884,99.24659370408699,101.79405413341374,104.69186188512322,107.45811037338717,110.97336261796954,114.81483591276628,118.72850042505888,124.08932750180247,129.131276057582,135.52439262183179,142.01168728354969,149.67036679882585,158.99499617142283,168.24308778466366,180.15289248556655,192.1585934601826
0.73198951076082552,91.899819912770909,91.887939978878421,92.090610231611208,93.004664267707994,93.517356086220389,95.015551620999759,95.867705513908732,97.22323575624614,99.25532354011375,101.8027976632402,104.70090495174736,107.46747992068413,110.98312856234043,114.82501834140567,118.73913030669064,124.10050570895692,129.14300789734989,135.53683552955772,142.0248055576667,149.68433479593659,159.00988852277078,168.25897718242049,180.17005120040994,192.17699721990357
0.73199093554635597,91.907718256748922,91.895893511322356,92.098526148765814,93.012580144742969,93.52529700901141,95.023596840677783,95.875754378168494,97.231550588283426,99.263850699593604,101.81133520523872,104.7097636602557,107.47663454537906,110.99266031427032,114.83496927891247,118.749534294162,124.11141348507226,129.15446370960854,135.54900969404844,142.03761150225182,149.69793032653979,159.02441977267881,168.27451475850103,180.18682064208406,192.19499458285281
0.73199232721411289,91.915435252249154,91.903657621824095,92.106252284858783,93.020312154912972,93.533049020876206,95.031452092167456,95.883619273867225,97.239664856846503,99.272179413648701,101.81968313554171,104.71838008219856,107.48557007044292,111.00198328184342,114.84465599822579,118.75968322582048,124.12208528944029,129.165656676043,135.56089871930453,142.05011116649985,149.71123850392905,159.03862613967067,168.28967725969414,180.20320106275904,192.21259197885229
0.73199368653388719,91.922963057098968,91.911239509452571,92.113804582291777,93.027879724260856,93.540636007528519,95.039126808373112,95.891304081855196,97.24759039446144,99.280320712990942,101.82783675346946,104.72681551425921,107.49429924846118,111.01107056478213,114.85413763459655,118.76960338564822,124.1324951324932,129.17660809667723,135.57250804261275,142.06231414433569,149.724224634032,159.05248626186221,168.30450935237604,180.21918232768803,192.22973987342993
0.73199501425757663,91.930309395251243,91.918648921440763,92.121174857478763,93.035263939513243,93.548024831328803,95.046609807275672,95.898804576703697,97.255334736641089,99.288262142981694,101.8357876875707,104.73505040311284,107.50282907465225,111.01996123911158,114.86339823911112,118.77927952954633,124.14267299832136,129.18726176060591,135.58384149716585,142.07425013303873,149.73690478054777,159.06603300122515,168.31897038200259,180.23480773888878,192.24654147584806
0.73199631111960206,91.937502366028639,91.925886075965536,92.128371855236765,93.0424783370363,93.55525164401115,95.053935867807013,95.90613979380214,97.262896946071123,99.296029689408897,101.84356804232448,104.74310171868638,107.51115825277884,111.02863757848172,114.87244322810147,118.78874427211849,124.15259517303639,129.19768964016112,135.59492564226093,142.08591951136623,149.74929787559813,159.07929753678036,168.33311519792915,180.25005861549289,192.26288969139569
0.73199757783731312,91.944519634518656,91.932950572594564,92.135411893872515,93.04952128685909,93.56230857274204,95.061077381873474,95.913304475616314,97.270280419896153,99.303605043463904,101.85116211535569,104.7509583211322,107.51929339806884,111.03710271051023,114.88127846413408,118.79798645841947,124.16231195667933,129.20786422040692,135.60573978785396,142.09727883657615,149.76141108955926,159.09221370932937,168.34691314407974,180.26493937828491,192.27890291473159
0.73199881511138543,91.951380287646316,91.939854553638725,92.142280225980357,93.056390299585473,93.5691909254856,95.068055466355872,95.920296255568246,97.277499586161866,99.311022121455608,101.85857384985138,104.75862893365047,107.52724746487729,111.04538749647327,114.88990123494295,118.80701859502005,124.17177540409466,129.21782169683866,135.61630285321007,142.10840150812874,149.7732209638416,159.10482598790259,168.36040124439751,180.27948376187851,192.29451092826639
0.73200002362620842,91.958071322351316,91.946595792018343,92.148984975603526,93.063111308561929,93.57592964592186,95.074872822620819,95.927124770831142,97.284545495684142,99.318247327606514,101.86581402359297,104.76611794096971,107.53499809736968,111.05347776699637,114.89833111613552,118.81581787727191,124.18102751411061,129.22754554692074,135.62662315569469,142.11925572517066,149.78476626556221,159.11714487589779,168.37356935924618,180.29371676919982,192.3097630015327
0.73200120405026303,91.96461922290473,91.953184777357819,92.155543501077773,93.06967002768215,93.58249672169768,95.081529974268051,95.933790842576855,97.29143363205003,99.325304443758796,101.87289345265162,104.773439202585,107.54257971832703,111.06138202417787,114.90656882192707,118.82443288200011,124.19008560432121,129.2370163616215,135.63669835479232,142.12986206696223,149.79604277190083,159.1292087900656,168.38643121902714,180.30757498819003,192.32466920222942
0.7320023570364923,91.971005401112052,91.959606463569799,92.161945641430066,93.076072779225797,93.588921117770951,95.088032933668728,95.940303690535075,97.298149864764127,99.332201846103999,101.87979981895114,104.78059773288987,107.54997860751246,111.0690847825208,114.91459469027905,118.83284758825903,124.19889739160135,129.24629420457495,135.64653450041078,142.14021710913948,149.80705667334405,159.14095567550976,168.39900066838163,180.32112717902055,192.33923422166845
0.73200348322266218,91.977241415352182,91.965896117097145,92.168191737579036,93.082337078511046,93.595191348180379,95.094391744121822,95.946670921854093,97.30471463199865,99.338937743046699,101.88654318621775,104.78757173954727,107.5572286813549,111.07662071840969,114.92245255751186,118.84105240731151,124.20752429179265,129.25534822060581,135.65615337801864,142.15033067117474,149.81782150183426,159.15246105782717,168.41127157783194,180.33437082315504,192.35344002686179
0.73200458323171436,91.983345666005334,91.972028899788711,92.174297054476483,93.088453345848393,93.601317538708827,95.100595515457826,95.952890123444377,97.311129218229325,99.345523183452315,101.89313959981155,104.79438643707181,107.56428204576878,111.08397404828793,114.93012029826059,118.84907237088191,124.21595511369378,129.2641901665047,135.66555019438965,142.16021106162225,149.82831499551685,159.16367712590727,168.42327358849434,180.34731745631871,192.3673368391901
0.73200565767211079,91.989298712702293,91.978011165778298,92.180261654946662,93.094424377031828,93.607306894205976,95.106651001282444,95.958947175571666,97.317394881159998,99.35194811510155,101.89958070337161,104.80104860303618,107.571177645641,111.09116890474979,114.93761435562192,118.85691342029168,124.22417154652067,129.272820829392,135.67471188535274,142.16987291102851,149.83858843726193,159.17463509421941,168.43499410105142,180.35994470456353,192.38088568376406
0.7320067071381704,91.995105041420175,91.983883563036215,92.186095253229723,93.10026226017726,93.613137466527405,95.112573556394636,95.964881549993152,97.323508713849151,99.358227309352515,101.90587117570249,104.80755195302117,107.57791159776025,111.09818849437215,114.94492674232606,118.86456088902924,124.23221151871985,129.28126611770858,135.68367426082114,142.1793111159277,149.84860128149012,159.18533818413562,168.44640919796075,180.37228403827612,192.39415574341547
0.73200773221039772,92.000793218383478,91.989583396774833,92.19178091727008,93.105957758773002,93.618847074521909,95.118353049841971,95.970669556245412,97.329496618669509,99.364358973878552,101.91200631693573,104.81390837147046,107.58449519534406,111.10504868326097,114.95206092188891,118.87203606202092,124.24006750090484,129.28949476265552,135.69242987097095,142.18849393704295,149.85841079197417,159.19577857718832,168.45758742262115,180.38432913169527,192.40709244882601
0.73200873345580408,92.006327786359179,91.995168058780109,92.197334649161348,93.111524501709937,93.624425012541906,95.12400688498019,95.976334004026285,97.335328193265013,99.370354097460222,101.91801209536061,104.82012934908562,107.59092250489994,111.11174031138944,114.9590416337378,118.8793360203781,124.24772721750924,129.29754160949233,135.7009783608155,142.19749010861415,149.8679663820003,159.20601623992115,168.46848875420983,180.39610580910812,192.41972626921779
0.7320097114282208,92.011736629825464,92.000624751544819,92.202755531907314,93.116960184161144,93.629873864596448,95.129520408598182,95.981854689107422,97.341025419813377,99.376198938101879,101.92386140360759,104.8261828335344,107.597210580916,111.11827946374615,114.96586318267509,118.88645936030662,124.2552270385786,129.30540207173908,135.70932229617756,142.20627395810152,149.87731777349109,159.21597281854338,168.47914197628415,180.40758605516749,192.43205708066671
0.73201066666860659,92.017041567414708,92.005942779007455,92.208059491727909,93.122257522776636,93.635200148310105,95.134904480815749,95.987253714582039,97.346591446057573,99.381913425935636,101.92958661119337,104.8321007253362,107.60332790680695,111.12466296810817,114.97253093635663,118.8934257848814,124.26253887456551,129.31307319966436,135.71749279587675,142.21485942301661,149.88645319009083,159.22573796514189,168.48954143438459,180.41880478649546,192.44411214543652
0.73201159970534535,92.022197955298907,92.01114617845451,92.213242256839294,93.127443957018841,93.640390449298138,95.14016990930395,95.992523721761245,97.35202660052164,99.387493012131017,101.93517968646483,104.83788998434829,107.60931840931516,111.13090148298943,114.9790421008438,118.90022417416913,124.26968593319907,129.32056954569271,135.72544694920362,142.22322153108689,149.89533320741612,159.23523736793868,168.49972701797378,180.42977794709441,192.45589857573941
0.73201251105453979,92.027245089408098,92.016230544333666,92.218297307856119,93.132513727927289,93.645459520557779,95.145306635469751,95.99767333075215,97.357342119845271,99.392948199554667,101.94062738393768,104.84353626376105,107.6151742155489,111.13699852887657,114.98537154705991,118.9068735276669,124.27664266424836,129.32788245542179,135.73321873159875,142.23140365197469,149.90404848929757,159.2445232004975,168.50966806337237,180.44050206026441,192.46740832742944
0.73201340122029612,92.032170791379031,92.021196853977017,92.223229936807911,93.137457068554795,93.650402238414244,95.150323206682515,96.002695355295145,97.362527568046062,99.398264686711627,101.94596383997487,104.84904932513018,107.6208797907093,111.14295222930014,114.99157514890248,118.91337540136738,124.28346763491572,129.33505729104218,135.7408032311796,142.23940320724796,149.91253727714502,159.25359953019506,168.51935729255638,180.45095885271439,192.47863788826362
0.7320142706950028,92.036991983291955,92.026041863693536,92.228060425914009,93.142286345973844,93.655253339147748,95.1552288323619,96.007606232858961,97.367587945071136,99.403469499615312,101.95117339980789,104.85443740369374,107.62646095200034,111.14876094592182,114.99763314889424,118.91970040444721,124.29010507499333,129.34203785457066,135.74823433105485,142.24720887542207,149.92084609710582,159.26248077543278,168.52881439778866,180.46118690508592,192.48960156356043
0.73201511995960367,92.041690658123116,92.030776646868617,92.232773874500708,93.147004626818671,93.659986585022125,95.160003709992452,96.012401221629261,97.372546100352338,99.408548845673067,101.95627195420093,104.85969969499638,107.63192697893828,111.15444711572854,115.00354920028622,118.92589230684098,124.2966193819957,129.34887608353165,135.75546510981803,142.25485973487957,149.92895049659273,159.27113590860972,168.53805665286927,180.47117428090132,192.50033350603917
0.73201594948386328,92.046290007227071,92.035397159033892,92.237369670350745,93.151606693114445,93.664595921964064,95.164697943873762,96.017092862490244,97.377374546751525,99.41350921958292,101.96123516148145,104.86484521211969,107.63724814508532,111.15999752479911,115.0093267776756,118.93194035995111,124.30298046232929,129.35553210262151,135.762555240457,142.26227935045608,149.93689472475671,159.27958368881082,168.54709091813129,180.48090341540228,192.51078896025865
0.73201675972662672,92.050775697458448,92.039914416247484,92.241875185332901,93.156111042753764,93.669105641307397,95.169256825713092,96.021659968559106,97.382096250865288,99.418356510726881,101.966084195843,104.8698607667684,107.64243127952795,111.16540645473651,115.01497472464689,118.93783004075522,124.30916723973496,129.36202240561397,135.76946458129532,142.26957514994865,149.94461982695066,159.28783822591504,168.55592237108067,180.49045402999764,192.52099391318916
0.73201755113607403,92.05517158339353,92.044327400642942,92.2462632462084,93.160512944461516,93.673504915466765,95.173719923008321,96.026131747876207,97.386711152455973,99.423087363647937,101.97082477586082,104.8747663746035,107.64751699678891,111.17069804171842,115.02050036840956,118.94360288477765,124.31524360730691,129.36839658016106,135.776220062231,142.27666287273314,149.95216659875587,159.29591301213804,168.56454588991619,180.49972946434718,192.53102899351506
0.73201832414996759,92.059434121754748,92.048637785301253,92.250550853212189,93.164796349585231,93.677807206640864,95.178075028627063,96.030492240901367,97.391215881230892,99.427713680037414,101.97546925879215,104.87954779578286,107.65247272555644,111.17586744053551,115.02587435668102,118.94924879328028,124.32114485528291,129.37461823751801,135.78280647729844,142.2835966788698,149.95955068575131,159.30379756337788,168.57297273936274,180.50880128861172,192.5407352764887
0.73201907919589426,92.063623080357502,92.052845709153189,92.254734520709462,93.168991408274451,93.68201210629195,95.182332411081006,96.034758990848786,97.395617353995476,99.432226631757658,101.97996840004271,104.88424118698822,107.65732278775613,111.18091230083883,115.03113799218409,118.9547496552841,124.32692545592727,129.38066182239709,135.78925781288126,142.29038023702014,149.9667565938289,159.31148350412695,168.58118812056637,180.51767608235969,192.55029049038421
0.7320198166915024,92.067706218607782,92.056955083273351,92.258832647057716,93.173091588669195,93.686118365087168,95.186483487046644,96.038924002474232,97.399917254537286,99.436627390827198,101.98439633458474,104.88880917777351,107.66205006127348,111.18583633146409,115.03626381151844,118.96012533941393,124.33257120024791,129.38658550979744,135.7955500165699,142.29698697682034,149.97380427413009,159.31901855300384,168.58922902353515,180.52635037002619,192.55956037589203
0.73202053704473224,92.071689661981509,92.060969744954491,92.26282630395508,93.177097888546996,93.690130676364788,95.190549133800232,96.042993518891308,97.404106684880389,99.440942072691541,101.98869959747753,104.89326685755805,107.66667394690012,111.19065980485175,115.04129359275248,118.96535374375526,124.33808456744009,129.39237474262336,135.80169885155919,142.30346707945864,149.98067689379241,159.32637824022095,168.59708069328917,180.53482138851541,192.56866094272846
0.73202124065404206,92.075578855605272,92.06489273472107,92.266723150096368,93.181005587037362,93.694042519666255,95.194511669942585,96.04695825449744,97.408211084246432,99.445153001066501,101.99291793249358,104.89762416904341,107.67119116912727,111.19536000781227,115.04619699515024,118.97049644744402,124.34347755539056,129.39802184522705,135.80771508411271,142.30979589864,149.98739308970107,159.33353792293201,168.60473843935324,180.5431068534308,192.5775338309395
0.73202192790862797,92.07938586720411,92.068724079977983,92.270544857274217,93.184822297134815,93.697864010533522,95.1983846741241,96.050847101923864,97.412220834179607,99.449258539581933,101.99703437081553,104.90188148184825,107.67559622426052,111.19994990258056,115.05098293465562,118.97550706290349,124.34871269006544,129.40354860253137,135.81357131845289,142.31593489055376,149.99394830660458,159.34052019964292,168.61221231142554,180.55115440605005,192.58622128442221
0.73202259918863999,92.083103030508937,92.072465500907128,92.274270594116388,93.188546184039296,93.701607344555669,95.202168094703666,96.054636931326968,97.416129375851597,99.453277918793901,102.00104542456393,104.90604224075287,107.67991115669429,111.20443989966589,115.05566536619153,118.98039159519249,124.35386469439254,129.40893148247415,135.81929320999916,142.3219726979296,150.00035903108801,159.34739904395974,168.61953595147497,180.55908457268379,192.5947023882909
0.73202325486539188,92.086728990176198,92.076120312289277,92.277897398893401,93.192184392391937,93.705252354942786,95.205862728773354,96.05834262494318,97.419942472417461,99.457187583557243,102.00497401743269,104.91010963599911,107.6841107809596,111.20882196121238,115.06022317845782,118.98516926557204,124.35888094148686,129.41420883002138,135.8248856187638,142.32787293072761,150.00661080072314,159.35408300647396,168.62667270902602,180.56674898290657,192.60295161526301
0.7320238953015662,92.090279377323895,92.079686342360219,92.281450647802558,93.195740386458056,93.708812147717254,95.209478703698551,96.061952651689353,97.423675390036806,99.461016343822848,102.0088225036634,104.91407002980486,107.68822003371679,111.21309853690036,115.06468932693679,118.98984268437925,124.36377440539945,129.41934405670327,135.83034486574616,142.33361125419469,150.01271931066731,159.36060672885651,168.63362452389993,180.57428089672612,192.6110187528393
0.73202452085141578,92.093730319254973,92.083173636528954,92.284922544047731,93.19922014932672,93.712299910432193,95.213000873078272,96.065479711800435,97.427312420793896,99.464756492874585,102.01255339737691,104.91795307026041,107.67745400480271,111.21729077307828,115.06905086524785,118.99439016096585,124.36856987830106,129.42437656689435,135.83567779822624,142.33922607466229,150.01871094774106,159.36698623158009,168.64043947790196,180.58161840037064,192.61893053568929
0.73202513186095897,92.097125282078196,92.086598694342683,92.288311166332278,93.20261323255545,93.715693138012284,95.216447386610525,96.068926219402783,97.430874299025163,99.468421634715924,102.01621342419094,104.92173278663176,107.6813796988572,111.22137060024761,115.07328655682795,118.99884585948894,124.37322774321365,129.42929882674071,135.84089036135993,142.34469949464255,150.02454114723514,159.373200408103,168.64711233746493,180.58879705031723,192.62663167970459
0.73202572866817106,92.100417743695289,92.089906668970798,92.29161906446825,93.205926248621836,93.719016597868176,95.219804564079823,96.072299061510421,97.434357135840401,99.471982192102587,102.01979173759173,104.92542514937668,107.68521519566275,111.22535303348559,115.07745349622564,119.00319885717909,124.377797469293,129.43407194159226,135.84597579695401,142.35005134146923,150.03024240566447,159.37927577737719,168.65359580755467,180.59582949119067,192.63417625000147
0.73202631160317178,92.103647945470584,92.093155647246022,92.294856368527689,93.209165854590537,93.722255615197355,95.223089308954513,96.075598371360684,97.437745173076109,99.475458513908961,102.02327307818996,104.92904643403017,107.68894897555947,111.22924968564985,115.08151729989913,119.00744259908242,124.38226342583221,129.43876492943673,135.85095871856174,142.35528872448049,150.03579886972875,159.38523754147172,168.65994365533697,180.60264869862294,192.64151967465295
0.7320268809884074,92.106801305701083,92.096325060669187,92.298010811231507,93.212329945730744,93.725432265018753,95.226312652204797,96.078809758771968,97.441055124098057,99.478867480993358,102.02669231002074,104.93256626104994,107.69260284244956,111.23306567491454,115.08547682961944,119.01159429928521,124.38662809225934,129.44333633088536,135.85581615630508,142.36040139191027,150.04121723679418,159.39103909103869,168.66614473093068,180.60935560191865,192.64869986435224
0.73202743713882912,92.109873103556311,92.099425465792592,92.301095141479891,93.215415772523556,93.728509231841599,95.229437323720049,96.08195077921846,97.444304871074564,99.482194063613861,102.03001847596533,104.93601937132189,107.69618136190547,111.23678907655994,115.08935742457106,119.01563193732727,124.39087155881862,129.44777821506432,135.86055598941311,142.36538816046959,150.04653385413258,159.39668768558477,168.67219407380617,180.6158813797374,192.65571069974249
0.73202798036206751,92.112887826257065,92.102456141434232,92.304109093434818,93.218429525953979,93.731549102281861,95.23249950153695,96.085012544197525,97.44746574776218,99.485453864013834,102.03326212239335,104.93937680267481,107.69965307005623,111.24040652083931,115.09313743690291,119.01960320206854,124.39503147577489,129.45214590715477,135.86520047659724,142.37026315744879,150.05170653196546,159.40221586595726,168.67810877538432,180.62226545585872,192.66255107092002
0.73202851095860255,92.115830780225224,92.10541576905598,92.3070562916364,93.221378784321132,93.734498341211292,95.235484923530748,96.088006602494715,97.450567045536445,99.488610076394252,102.03643847097919,104.94266169651382,107.70306336113572,111.24395360655762,115.09682866244111,119.02346118177229,124.39908601378556,129.45642718246381,135.86971794044075,142.37502314728044,150.05678777312278,159.4076303860129,168.6839032156131,180.62850935361348,192.66923970713106
0.73202902922192992,92.118697014680947,92.108291830114467,92.309926494777756,93.224250657094672,93.737380817969097,95.238410992562422,96.090929429006792,97.45356803544928,99.491712049493799,102.03956091357031,104.94587697757015,107.7063822165801,111.24741027850905,115.10045082223223,119.02723918790434,124.40304958410707,129.46057244106487,135.87415873898863,142.37967705756455,150.06173171651608,159.41292593734397,168.68955119819293,180.63457787841617,192.67577750931378
0.73202953543872318,92.121496350300731,92.111122600854287,92.312734785336943,93.22706457757522,93.740196926199133,95.241257896654133,96.093798429497838,97.4565267173748,99.494737659999373,102.04257827545734,104.94900852502178,107.70963210597984,111.25079974587425,115.1039674519634,119.03092911150452,124.40692881690484,129.46463923975534,135.87845623349858,142.38421168900095,150.06658724483714,159.41808808152564,168.69504636024067,180.64053315227648,192.68217574438313
0.73203002988899246,92.124224231374683,92.113866260227951,92.315480374174513,93.229803681300837,93.742946923663112,95.244040324403613,96.096581065736245,97.459403882447077,99.497691132044565,102.04553377442062,104.9520684669551,107.71280440479313,111.25410038351765,115.10740241857275,119.0345220499803,124.41070895543089,129.46860895615828,135.88266043010663,142.38865012629685,150.0712598157188,159.42311194262584,168.70041983194824,180.64633308201883,192.68840560159151
0.73203051284623921,92.126900869956444,92.116562924591562,92.318153990996507,93.232484745614784,93.745633945996815,95.246766720276355,96.099302145627007,97.462220824010728,99.50057050435862,102.04843006748342,104.95506082240172,107.71591471699503,111.25732579992473,115.11078624413494,119.03804773612501,124.41442239521712,129.47247706515918,135.8867975853791,142.39297795376478,150.07587734259869,159.42804664526921,168.70567743859283,180.65200107926648,192.69449726435414
0.73203098457760796,92.129510716840741,92.119186182986596,92.320765834203485,93.23511403599332,93.748255157079257,95.249430471812957,96.101975185196352,97.464968061030959,99.503396988911845,102.05124425532631,104.95797740175476,107.71893509511574,111.26047691383792,115.1140588454,119.04147973870568,124.41801587802911,129.47628336181515,135.89080672595446,142.39722333318059,150.0803746605452,159.43284017764381,168.71083636374533,180.65754038072191,192.7004486075748
0.7320314453440333,92.132051139538817,92.121760562982672,92.32332889677491,93.237667727364169,93.750826881205285,95.252018084014708,96.104565148605616,97.467648392404953,99.50615186198047,102.05400902791735,104.9608473237713,107.72188351580553,111.26355924401287,115.11727699567564,119.04484170716023,124.42153413379856,129.47997171797033,135.89473345236911,142.40135505910439,150.08478283767181,159.4375478714428,168.71583878029196,180.6629527944242,192.70626340521994
0.73203189540038482,92.134551930310408,92.124266064794938,92.325825728810742,93.240168657583126,93.753321346088342,95.254559323308058,96.107111195058678,97.470273557766632,99.508844380306982,102.05670243496206,104.96362146841057,107.72478378762389,111.26656498747252,115.1203964111628,119.04812078104442,124.42497745373112,129.48359575596987,135.89857320715964,142.40540899067128,150.08906474065589,159.44211790668487,168.7207308301804,180.66825125357718,192.71192299846007
0.73203233499560805,92.136982194027951,92.126712393157504,92.328256576267449,93.242606943069404,93.755769399202109,95.257029869477265,96.109590632975596,97.472834498796146,99.511465602514363,102.05933901120443,104.9663464464611,107.72759134371881,111.26951637107777,115.12346055466332,119.05131495775277,124.42833067632455,129.48713286826387,135.9023300751287,142.40933179758576,150.0932544562238,159.4466063515938,168.72552983738569,180.67340846252773,192.71748408265557
0.7320327643728618,92.139371062472492,92.12910488932539,92.330639338408218,93.244986639678245,93.758151917038049,95.259462471000006,96.112018956977408,97.475333047903405,99.514035323907592,102.06190434232485,104.96900955554884,107.73034817783991,111.27236604498103,115.12644786571764,119.05445308687194,124.43162857227435,129.49056604561338,135.90598924208462,142.41317794620409,150.09736570771202,159.45095719146775,168.73020768606511,180.67846310085588,192.72288929436763
0.73203318376965298,92.141679271378962,92.131443936497817,92.332962357544602,93.24731415648057,93.760490083135664,95.261811824097094,96.114377246260119,97.477775309951539,99.516548098181374,102.06441303555039,104.97159754821769,107.73305075926328,111.27517498790985,115.12937115370732,119.057498713104,124.43483092911629,129.49393014288216,135.90955759760254,142.416952716987,150.10137753845629,159.45526078622788,168.73476366004616,180.68335728657257,192.72819273511413
0.73203359341796792,92.143953566854179,92.133727820626518,92.335230637389031,93.249595501081785,93.762769998553267,95.264114322195383,96.11669646935843,97.48015662439866,99.518985862960108,102.06686499023272,104.97414524577835,107.73567379186716,111.27789915028916,115.13221790188254,119.06047036998643,124.43795205795323,129.49721735330968,135.91304757502803,142.42064236530859,150.10529066410527,159.45942303067568,168.7392263472575,180.68818553420715,192.73333944730985
0.73203399354440046,92.146162452663702,92.135951886244584,92.337458367946965,93.251813058115658,93.764995120749518,95.266369082663005,96.118956366277416,97.482487605411734,99.521377601973654,102.06926203671901,104.97662117576328,107.73823810884278,111.28058735762897,115.13500574216596,119.06339165766985,124.44102671438304,129.50043300337711,135.91645900622825,142.42422368814005,150.10910336628876,159.46351764969586,168.74358433923044,180.6928963839382,192.73838847261504
0.73203438437027779,92.14832051421763,92.138130497885868,92.339627300807479,93.253991076460807,93.767168198497529,95.268584096567793,96.12115427880417,97.484762860225601,99.523718721524347,102.07159781678638,104.97903938130912,107.74074567197749,111.28318696555652,115.13772323117155,119.06624033865955,124.44401365296653,129.50357811136928,135.91979952041584,142.42772243145009,150.11283065885073,159.46748804827803,168.7478342972754,180.69746588549606,192.74331375926704
0.73203476611178231,92.150440282068303,92.140259517400409,92.341737428130727,93.25609881308992,93.769285347665573,95.270732202192448,96.123304580145486,97.486996104642458,99.526002349371993,102.07388118778545,104.98139617832567,107.74319281990029,111.28574651607414,115.14038814715605,119.06901825170644,124.44693658016331,129.5066309032627,135.92304136940948,142.43114414950105,150.11646531233419,159.4713769428854,168.7519954901436,180.70194861475466,192.7481322380263
0.73203513898007155,92.152504598354426,92.142337836765364,92.343804958920373,93.258171063665941,93.771366231881984,95.272832343111077,96.125412492085161,97.48915794772256,99.528226080852619,102.076121274662,104.98370818350304,107.74558632744811,111.28823555556301,115.14297651044035,119.07174744126678,124.44979124340171,129.5096212680146,135.92623884198838,142.43450302839483,150.1200304360973,159.47517973343929,168.7560536187375,180.70637133881974,192.75282422643068
0.73203550318139499,92.154512374887418,92.14436534487686,92.345827528704831,93.260197872743447,93.773384280037135,95.274880203531211,96.127470655785146,97.491283825806022,99.530396975962503,102.07829725935153,104.98596852288756,107.74792119233825,111.2906674202095,115.14552038774127,119.07439048229571,124.45256194665853,129.51253577588795,135.92933652683132,142.43775587072741,150.12349827022263,159.47889278679213,168.76001095535321,180.71060446400952,192.75742345618346
0.7320358589172079,92.15649054405003,92.146346434943553,92.347795368019433,93.262162656468718,93.775362694908836,95.276878655196924,96.129471412768908,97.493355763865111,99.532529111565964,102.08042349275638,104.98816050028836,107.750198588481,111.29304900142961,115.1479942027072,119.07698640794115,124.45529308306868,129.51540740132623,135.93236740071734,142.44095916119841,150.12689431781473,159.48250858865504,168.76387078004336,180.71481834934093,192.76190973719349
0.73203620638428279,92.158412510561902,92.148282516973268,92.349724284104013,93.26409403829166,93.777298582695948,95.278839895923738,96.131439906341257,97.495379853618942,99.534611370596394,102.08250462059732,104.9903134767228,107.7524258266385,111.29537553021873,115.15041717736312,119.0795125794757,124.45794864907657,129.51821191605268,135.93533525842213,142.44407200290152,150.13021528383251,159.48604565430287,168.76765670895838,180.71887111147953,192.76629167140345
0.7320365457748188,92.160281659475004,92.150168637712341,92.351608221397328,93.265995496585674,93.779189159246016,95.280741740840313,96.133352487468073,97.497352752681763,99.536635373740864,102.08453283175186,104.99243047369964,107.75460733508953,111.29763063141581,115.15278516228136,119.08198522445309,124.46054337323585,129.52093913246063,135.93824589514406,142.44711249817919,150.13345468189073,159.48949463190365,168.77135618558532,180.72285784975975,192.77059341485437
0.7320368772765472,92.162117144056538,92.152021494031942,92.353443512136437,93.267823889029387,93.781023959152662,95.282623891453113,96.135217050290521,97.499280107251252,99.5386071830726,102.08652264929333,104.99447435429829,107.756726688669,111.29984138133295,115.15507636643451,119.0843990309877,124.46307270963007,129.52356970344408,135.94106311649375,142.45008901190886,150.13660325481032,159.49286843625305,168.77496962442092,180.72675277158123,192.77475098461582
0.73203720107283565,92.163917378275073,92.153827478829044,92.355239684282424,93.269628197940619,93.782833140856383,95.284440174618794,96.137053525526426,97.501167350539617,99.540547285745561,102.08845565282172,104.99647623904457,107.7588212034716,111.30202036858464,115.15733240887494,119.08674758621055,124.46556016484101,129.52617624072445,135.94380979617563,142.45300321439572,150.13969700404414,159.49617681322707,168.77848473269842,180.73053621229337,192.7788408376
0.73203751734278999,92.165654933338374,92.155584473759518,92.356997004768346,93.271388350101915,93.784588082682603,95.286231573758414,96.138831150979968,97.503012799239514,99.542435986928467,102.09034445929137,104.99843671265262,107.76084993362383,111.30412042959142,115.1595385435794,119.08906273946923,124.46797139020782,129.52871498127934,135.94650714181626,142.45582224393729,150.14273151609814,159.49941894635413,168.78192516697891,180.73427256321156,192.78281455145043
0.73203782626135239,92.167376888948638,92.157303338401107,92.358702886489482,93.273087296449376,93.786303702785517,95.287972316546075,96.140578922775603,97.504808947011043,99.544287003198406,102.09220487913626,105.00035028692218,107.76282453324166,111.30618125354522,115.16169363995141,119.09130855236435,124.47033361189096,129.53119829644857,135.94913768670085,142.45860719858319,150.14568306245201,159.50256201342563,168.78530150960432,180.73790156649193,192.78670773054182
0.73203812799939905,92.169039172436896,92.158992331475019,92.360380797796097,93.274762525579717,93.787988227668393,95.289662066406891,96.142275228554354,97.506566130348801,99.546084242341749,102.09400242574338,105.00221600935402,107.7647482786706,111.3081984585333,115.16378257539327,119.09350326885033,124.47264402065048,129.53363288409309,135.95172093815199,142.46130315219489,150.14855140369764,159.50561530521372,168.78858325349574,180.74142496153945,192.79052037354268
0.73203842272383413,92.170666977024666,92.160621785376861,92.362021315784659,93.276401959876239,93.789626693411265,95.291326081875013,96.143936688444228,97.508281556289148,99.547848953578068,102.09576148832639,105.00403981634008,107.76664347494443,111.31016424743211,115.16583689078834,119.09564505833259,124.47489526115532,129.5359846196443,135.95423125857633,142.46396153829119,150.1513457742185,159.50864565715892,168.79178591439268,180.74487866867275,192.79424441362062
0.73203871059768233,92.172259956085327,92.162232403232338,92.363602513247315,93.277993067975331,93.791227008314308,95.292948037415044,96.14556401102891,97.509955614012142,99.549571548854146,102.09748608316295,105.00582372196732,107.76849255534034,111.31208478918779,115.16785074985091,119.09774782146997,124.47710239102889,129.53829093938111,135.95668688158912,142.4665363525055,150.15411138163472,159.51156866448582,168.7949057820515,180.74829860418686,192.79787784275686
0.73203899178017895,92.173821650310856,92.163792833547632,92.365161179666757,93.279561280793132,93.792785417397681,95.294528038379212,96.147151831599331,97.511600317393459,99.551243769747089,102.09917076592319,105.00756374814227,107.77029335894986,111.31397926946011,115.16979642273509,119.09980242473102,124.47924405182857,129.54055969095498,135.95908336182765,142.46907073537295,150.15678560174274,159.51442546345788,168.79796681921289,180.75157768037025,192.80141097932938
0.73203926642685802,92.175333011506154,92.165324160232558,92.366687196885323,93.281084471174836,93.794319545599137,95.296071559994743,96.148700539826677,97.513192906575568,99.552885008419253,102.10082574163971,105.00926084299863,107.77205745617539,111.31580223892524,115.17171567202604,119.101795945302,124.48134066619241,129.54276373098401,135.96142973526003,142.47151981155184,150.15941222421679,159.5172279194885,168.80097385500994,180.75483320624335,192.80487623048248
0.73203953468963834,92.176821468547132,92.166824573330814,92.368176390202279,93.282570575789578,93.79580839276241,95.297580915790604,96.150211622065399,97.514754100237042,99.554490114493092,102.10242356390881,105.01092596078161,107.7737767255785,111.31760086499344,115.17357209001784,119.10375581104745,124.48339587042574,129.54490325951338,135.96370912210841,142.47392598574515,150.16196968458098,159.51996793611761,168.80388280866464,180.75795976257359,192.80828075709724
0.73203979671690755,92.178265485290467,92.168281499845762,92.369625129904307,93.284030706294288,93.797261323819839,95.299059669989219,96.15169169870569,97.516282260512526,99.556054470038362,102.10398553684718,105.01254803343181,107.7754463295787,111.3193426210164,115.17540755736991,119.10566298655613,124.48539486714435,129.54701181018754,135.96594233955693,142.47627613367513,150.16445671531255,159.52263450459577,168.80673974112869,180.76101769175875,192.8115401326213
0.73204005265360417,92.179685846480425,92.169710677830153,92.371046084659611,93.28544575626438,93.798696268291678,95.300500317611295,96.153135079861386,97.517770123427908,99.557585231781559,102.10551535505147,105.01413191578467,107.77709769338253,111.32105381003203,115.17718342605804,119.10752287867217,124.48735504654906,129.54906509513967,135.96812689960643,142.47857155434758,150.16689425040386,159.5252425613071,168.80950424664479,180.76403959066374,192.81476447673049
0.7320403026412976,92.181058987887809,92.171099430848699,92.372432866188319,93.286831312583672,93.800078834057786,95.301901200815337,96.154551189385529,97.51923384692418,99.55907495205247,102.10701243083167,105.01568328217036,107.77871286994559,111.32273906496994,115.17892679380748,119.10933963782736,124.48927826150612,129.55108138176729,135.97025433772069,142.480803792605,150.16929559613345,159.52777807715756,168.81224813601148,180.76695047136309,192.81793083558296
0.73204054681826691,92.182413731636188,92.172453444272833,92.373796230032895,93.288186268997379,93.80143491355193,95.303277281982446,96.15592034445217,97.520644186341087,99.560536491142557,102.10848243325017,105.01719579288692,107.78026800704174,111.32436048226009,115.18062406873651,119.11111571793299,124.49113195457903,129.55303243629896,135.97234500571358,142.48301014021126,150.17161292883247,159.53026826667337,168.8149015515155,180.76983603345434,192.82101637667802
0.73204078531957661,92.183742853383592,92.173786779592774,92.3751116214371,93.289507723591669,93.802760983209737,95.304628272504488,96.157275818484777,97.522038739189156,99.56196156817532,102.10990126282923,105.01866132492432,107.78179527602697,111.32595150252018,115.18228278334573,119.11285870612483,124.49296189555753,129.55494322989398,135.97438942588633,142.48513783143426,150.17389602083858,159.53269371597708,168.81749130631215,180.77263657215371,192.82403685066674
0.73204101827715207,92.185027082861779,92.175082892463251,92.376396395859047,93.290811808456056,93.804056892124208,95.30594397119421,96.158582058626052,97.523392356437398,99.563348673225846,102.11129399489073,105.02011254612444,107.78329655376001,111.32750660236343,115.18390196815017,119.11455462229787,124.49473559359467,129.55682579972927,135.97636967852304,142.48722757829819,150.17610553622944,159.53507806641574,168.82003230212285,180.77537492685951,192.82694058645575
0.73204124581985197,92.186285234252864,92.176351223235542,92.377664421626832,93.292063842498465,93.805325454792182,95.307227916789998,96.159867104772275,97.524715346924495,99.564715073251136,102.11266239257384,105.0215216768047,107.7847533959939,111.32903926238214,115.18548768334585,119.11620383668196,124.49648951333802,129.55864990081318,135.97830317466287,142.48928010252712,150.17828357961844,159.5373897502941,168.82250736640708,180.77803934061376,192.82981815211679
0.73204146807354009,92.187519578081265,92.177592550480767,92.378887978335115,93.293307710977388,93.806554667819,95.308472269938648,96.161117563719017,97.526010830217274,99.56604788797631,102.11398221285344,105.02289105280943,107.78618169108813,111.33050781545535,115.18703274879954,119.11782372323796,124.49820605027344,129.56043322318874,135.98018905042409,142.49126055773377,150.18039560739271,159.53965242964478,168.82492343872582,180.78066045763262,192.83263633587922
0.73204168516115431,92.188720049209223,92.178795830990566,92.380099637903186,93.294503474244266,93.80777021841277,95.309700803281885,96.162341373859817,97.527273348208837,99.567343858139793,102.11527987372392,105.02424590955343,107.7875736369715,111.33196154745383,115.1885438716854,119.11939786149014,124.49985446740175,129.56217868064414,135.98203809458209,142.49320379498386,150.18248628194851,159.54187204300251,168.82729620041937,180.78320638249716,192.83535124727496
0.73204189720277502,92.189894838305918,92.179976292172796,92.381267643610045,93.295689605027292,93.808945663942723,95.310887451778399,96.163540967692825,97.528506886581454,99.568612489547377,102.11654963434194,105.02555012849552,107.78893219431848,111.33337534240854,115.19002571694728,119.12094825392705,124.50147666825796,129.56386949029547,135.98385134710406,142.49512155858974,150.18449254027655,159.5440265444704,168.82958914792835,180.78570157622744,192.8380304001621
0.73204210431569161,92.191036927182722,92.181125590155716,92.382417589324177,93.296828659826133,93.810092227537098,95.312058935560344,96.164714273541904,97.529714360771322,99.569845553724008,102.1177869787316,105.02682845875825,107.79025656745216,111.33476304629221,115.19145334851055,119.12245222996717,124.50305998799013,129.56554875591246,135.98562133220548,142.49697979710618,150.18647863468505,159.54612640366395,168.83187464750517,180.7881234012093,192.84066899907339
0.73204230661446701,92.192150422793929,92.182255568564869,92.383542176172341,93.297965762045351,93.811221156727697,95.313204052690708,96.165854752078303,97.530895917643647,99.571056315777241,102.11899992694816,105.02808443942558,107.79155059931145,111.33611575613759,115.19288115678501,119.12392852288031,124.50459946440969,129.56714728869702,135.98733414920571,142.49880224469962,150.18839800365822,159.54818881092797,168.83403675330919,180.79051220687688,192.84322216705186
0.73204250421100148,92.193259906554886,92.183357991933008,92.384641375327192,93.299055398169003,93.812318215681444,95.314312494538171,96.166970461476012,97.53204720611393,99.572228549102874,102.12018587927014,105.02930759227092,107.79282182762472,111.33742914292088,115.19424977792369,119.12536656149314,124.50610403698374,129.56874636768771,135.98902759461635,142.50056900184427,150.19029609436984,159.55019947590336,168.83618826552993,180.79282961996796,192.84567472500203
0.73204269721459381,92.194329472957179,92.184438417185447,92.385707712870499,93.300126836391428,93.813384076151124,95.315391306259698,96.168052543071099,97.533176310833369,99.573390632376686,102.12133533523956,105.03051498733475,107.79405900794518,111.33872152218828,115.19558272756694,119.12677680635534,124.50757670762687,129.57028665692633,135.99067933863262,142.5022764575624,150.19212601615436,159.55215888060775,168.83830618455249,180.79507513296994,192.84811307729979
0.73204288573200271,92.195352740131057,92.185484342786367,92.38674782057933,93.301168855581636,93.81443863577806,95.316466252657847,96.169115542405052,97.534263997509697,99.574514948544675,102.12246689670792,105.03167159366058,107.7952696994289,111.33998507037177,115.19690715897741,119.12815636750747,124.50902816058078,129.5718097397621,135.99227393584442,142.50399243963329,150.19392369080742,159.55408736028039,168.84037201660976,180.79729582690925,192.85049819229607
0.73204306986750523,92.196380390061677,92.18650828400132,92.387769518431014,93.30218840327143,93.815465314652101,95.317493578553695,96.170161884991103,97.535337389945198,99.575616856895067,102.12356249411459,105.0328064919413,107.79644873449433,111.34122096378269,115.1981907535519,119.12949304901122,124.51042928084644,129.57327806035028,135.99384790358454,142.50563819042145,150.19567638037552,159.55596701573086,168.84237606286479,180.79944084722956,192.85282667895081
0.73204324972295454,92.197371054393443,92.187508335646271,92.388767141819699,93.303188066562143,93.816467547709181,95.3185000721096,96.171170315701602,97.536380119756359,99.576686930569849,102.12465242785038,105.03392881582477,107.79760315441672,111.34241578934598,115.19943170549232,119.13079234283214,124.5117982316151,129.5747228098553,135.99537961659371,142.50725312538998,150.19739747286076,159.55780315035372,168.84431602239783,180.80157421824697,192.85507544786378
0.7320434253978364,92.198344247448404,92.188484581467492,92.38974158747078,93.304163263554074,93.817437240479194,95.31948900011048,96.172161483249511,97.537408431020594,99.577738503656292,102.12570188182872,105.03500518903093,107.79872814495684,111.34358687504937,115.20066673669498,119.13209843158984,124.51314674237074,129.57614760119759,135.99687652708235,142.50881650637166,150.19908686690178,159.55959476852149,168.84621040338243,180.80364006863238,192.85732158095198
0.73204359698932409,92.199291511529736,92.189440403162735,92.390693787441705,93.30511345485138,93.818392773086089,95.320462044666783,96.17312896257863,97.538413161906647,99.578762137032754,102.12671954058169,105.0360707255677,107.79982235655552,111.34473025846091,115.20184761360724,119.13332422722306,124.51446659932844,129.57750604143803,135.9983424465172,142.51036125209794,150.20071514091978,159.56134235557693,168.84810339537944,180.80565822060453,192.85945528217417
0.73204376459233211,92.200220754468319,92.190387538219511,92.391617138669972,93.306046462217637,93.81931875668306,95.321409341791878,96.174083826423157,97.539381634916936,99.579754473186767,102.1277252874097,105.03710756448709,107.80089796175162,111.34585320547194,115.20302041064861,119.13454156181251,124.51574025867012,129.57885797449853,135.99977413620945,142.51185715716565,150.20230742765852,159.56307104851294,168.84992179051915,180.80760924667993,192.86159309968934
0.73204392829956899,92.201134914830618,92.191285563232668,92.392528919379401,93.306955013329571,93.820239264201518,95.322328674665187,96.175004414144496,97.540346868405322,99.58074325601774,102.12870502510123,105.0381204246878,107.8019519389527,111.34693854345096,115.20416362703691,119.13573938362242,124.51699850028672,129.58018828012428,136.00116289582365,142.51332924202143,150.20386312863411,159.5647248864334,168.85172016317665,180.80953024693008,192.86363877474651
0.73204408820158806,92.202016121380439,92.192184540064773,92.393412432600599,93.307837982691126,93.82112298408174,95.323231784357631,96.175902220569697,97.541258932928031,99.581697853998776,102.12965995468039,105.03910595887282,107.80297728774894,111.34800573342363,115.20527654570469,119.13690416614554,124.51821074881445,129.58144723159785,136.00252796870336,142.51476826786529,150.20539791889314,159.56633691868774,168.85343893010577,180.81141421071516,192.86563940163614
0.73204424438683802,92.202863841808721,92.193050987549213,92.394280983571662,93.308710129378596,93.821997352806648,95.324104460156377,96.176782858081424,97.542179529911664,99.582637263803917,102.13059559057365,105.04007950746382,107.80398134965071,111.34905196959517,115.20636131639185,119.13804915918445,124.51940596887289,129.58271042173146,136.00386275212804,142.51616719470621,150.20689402779681,159.56792443637096,168.85515734219371,180.81326522864401,192.86764679366752
0.73204439694171164,92.203728113348916,92.193908394507162,92.395128278531047,93.309564431649051,93.822844484046072,95.324962840353692,96.177639808316599,97.5430547219039,99.583543930330052,102.13151242078675,105.04101838951465,107.80495804569,111.35006495513153,115.20741262716911,119.1391508485176,124.52057894378959,129.58392106433166,136.00515100760094,142.51752532536193,150.20834005491633,159.56948502964951,168.85679168006027,180.81502493855805,192.86954249523842
0.73204454595059343,92.204543603253114,92.194723158434499,92.395950194157194,93.310377720976248,93.823664871149958,95.325802296265465,96.178486417251406,97.543925986436079,99.584431140636298,102.13240285958818,105.04194961428948,107.80591388324319,111.35106406507839,115.2084597152425,119.14023709100002,124.52172408884508,129.58512367864751,136.00644619905506,142.51886616368574,150.2097854030726,159.57099879095767,168.85842049303756,180.81679200609506,192.8714210056205
0.73204469149590667,92.205340823998995,92.195539743832342,92.39675746845387,93.311186570073914,93.824491762377875,95.326626633679552,96.179301665095409,97.544776564191125,99.585294235930633,102.13326903970665,105.04284483911397,107.80684208367165,111.35203093206655,115.20947528961551,119.14128856595926,124.52282722754899,129.58629631272925,136.00766710561584,142.52017900378996,150.21114312091959,159.57247907786223,168.86000828525721,180.81850682569348,192.87323998947249
0.73204483365815864,92.206121731502208,92.196328703874315,92.397544239465788,93.311971407187229,93.825270817065757,95.327430046003428,96.180110339064413,97.545601159134094,99.586158197118493,102.13412098036497,105.04372497005897,107.80776477773907,111.35298744720421,115.21047922474099,119.14232996154897,124.52391993904894,129.58743361271627,136.00887076750223,142.52144619064347,150.21250665799744,159.5739424844578,168.86154923513095,180.82016090876277,192.87506296624633
0.73204497251598533,92.206894558596105,92.197093811137165,92.398315638383792,93.312749976670602,93.826040176747483,95.328209228086052,96.180885286834382,97.546411248869845,99.586980347561621,102.13495009276085,105.04458873550902,107.80864635373655,111.35391554072339,115.21143523634237,119.14335198915069,124.52496804085968,129.58855374096311,136.01006857742323,142.52268546148116,150.21382116312452,159.57535592746717,168.86305927157809,180.82180139762932,192.87679562507401
0.73204510814619506,92.207664277997537,92.197858054460085,92.399064898039796,93.313493944369839,93.826791839383077,95.32897485536887,96.181652342394955,97.547193585804052,99.587788818658737,102.13576531125364,105.04542145743108,107.80951175859082,111.35482354278065,115.21236629720079,119.14432509617473,124.52601359460823,129.5896520000897,136.01122844477504,142.52390858441504,150.21511139415816,159.57672658728552,168.86453608575539,180.82338604423421,192.87849786220613
0.7320452406238106,92.208375495854852,92.198602079242846,92.399804629305436,93.314236170186632,93.827530066875624,95.329716750027728,96.182415918166953,97.547982854630391,99.588585350829817,102.13655237896819,105.04624529690045,107.8103670148339,111.35569753533855,115.21329642466299,119.14528936524584,124.52703171993926,129.59069047486992,136.01234263993683,142.52509796033701,150.21638463270938,159.57807249793404,168.86596765909053,180.82494536168088,192.88021247855067
0.7320453700221109,92.209101521129924,92.199321121002868,92.40051347908593,93.314951280546666,93.828249693273392,95.330456122592295,96.183135066818068,97.548727255783888,99.589344244057429,102.1373393833419,105.04706001939849,107.81119350504741,111.35656352624937,115.21419424634223,119.14623486013443,124.52801081811049,129.59173785516759,136.01345308822056,142.52626632479951,150.21762034019048,159.57940409151342,168.86738135139603,180.82645500720537,192.88180036781705
0.73204549641267191,92.209796871440631,92.200018008516054,92.401222921958833,93.3156638831897,93.828954813088785,95.331157927877939,96.183845594041486,97.549466720331111,99.590107265561528,102.13808198248807,105.04784130583721,107.8120020417482,111.35742201171161,115.21507233112061,119.14716104259423,124.52897728121025,129.59275992021139,136.01452979222086,142.52739083562483,150.21883133082156,159.58067427622882,168.86876367034711,180.82793822511303,192.883402992622
0.73204561986540539,92.210493111051619,92.200703964856075,92.401905831418844,93.316339920238534,93.829640667172498,95.331851803217432,96.18454051838853,97.550179182959255,99.59084536530645,102.13882471398756,105.04859100393151,107.81280600544414,111.35824123201746,115.21592896214133,119.14805262336449,124.5299293473945,129.59374658080924,136.01558464207483,142.52849214876187,150.22001717239618,159.58193184233824,168.87009735826723,180.82938665999245,192.88496244668931
0.7320457404485986,92.211146346158785,92.201387824003177,92.402578339613683,93.317013654756011,93.83030722712283,95.332525342357258,96.185229228143726,97.550897698343761,99.591563026544463,102.13953777256393,105.049332152852,107.81356933304778,111.35904451376337,115.21676975861192,119.14892483445146,124.53083383695048,129.59470941229665,136.01660882470605,142.52958542617853,150.22114398897247,159.58316580270184,168.87141590547981,180.83080637865351,192.8864749157583
0.73204585822895096,92.211791999838169,92.202040145311912,92.403222082182765,93.317661871064047,93.830971994309948,95.33319401231347,96.185881622091983,97.551566025962529,99.592271307716146,102.14024166649688,105.05007096895133,107.81433091631334,111.35983595123253,115.21758747767308,119.1497886044599,124.5317319293099,129.59565492568072,136.01760681252927,142.53062729951489,150.22228287577309,159.58437570827664,168.87270776239166,180.83220875053667,192.88797797143343
0.73204597327161203,92.212433709599281,92.202675583070231,92.40386327885426,93.318299177473818,93.831602410005871,95.333840840485209,96.186537631394458,97.552235900369851,99.592961039616057,102.14093565400981,105.05078253829197,107.81506643490138,111.36059930470219,115.21840478780359,119.15062259287515,124.53262343387178,129.59657923546911,136.01859882382269,142.53166516735655,150.22337195412547,159.58554323518911,168.8739508117942,180.83353850019921,192.88942570925428
0.73204608564021667,92.213060381596733,92.203303089645487,92.404478570519132,93.318922773425584,93.832225716894754,95.33447719326432,96.187162635196728,97.552883551601553,99.59363203963585,102.14160749080111,105.05147094588028,107.81578641649685,111.36134791909717,115.21918174930761,119.15145247327746,124.53349687850277,129.59749116253806,136.01955212593748,142.53266452727257,150.22444810361776,159.58667561259062,168.87518513853865,180.83487573298771,192.89082152247283
0.73204619539692095,92.213659761717281,92.203911189182691,92.405099990584858,93.319522981779301,93.832834057237051,95.335092647452257,96.187784424691927,97.553538351588941,99.59428222967108,102.142258713513,105.05216042346365,107.81648417750694,111.36207455924159,115.21993436263074,119.15224340874556,124.53432047144452,129.59836473687028,136.02050008961669,142.53366115254903,150.22547707224294,159.5877833425111,168.87636827913229,180.83614885066345,192.8922408791841
0.73204630260243586,92.214262119246996,92.204507649996231,92.405682918612001,93.320127717219293,93.83344035947448,95.335697322243504,96.188405163986317,97.55415056374477,99.594923614076833,102.14290166731735,105.05282233517937,107.81718144125261,111.36279491127425,115.22069325621851,119.15302069280733,124.53513666574145,129.59923131953838,136.02139611500024,142.53461778286146,150.2264994677098,159.58890010485629,168.8775312725993,180.83740392361506,192.89357878491137
0.7320464073160613,92.214833133984939,92.205093962500541,92.406265745317796,93.320715126843425,93.83401545918241,95.336285030130966,96.188981200342823,97.554765590477473,99.595547641176381,102.14353217664029,105.05346899976212,107.81784198012247,111.36349290997168,115.22142046313456,119.15379091067007,124.53594508982496,129.60006356098893,136.02229695410642,142.53557310801989,150.22751314438938,159.58997772484145,168.87866334507271,180.8386223452253,192.89486837343429
0.73204650959571893,92.215394134578673,92.205666899433709,92.406834533147048,93.321282096982031,93.834588966572483,95.336864764911297,96.189555630364339,97.555354970925691,99.59615903316444,102.14415148725311,105.05409727245205,107.81849992413481,111.36418779034284,115.22212835841128,119.1545260908315,124.53672707158694,129.600886908338,136.02316776603402,142.53648571312078,150.22849281218805,159.59098881189857,168.87978935881983,180.83984861548379,192.89617632549198
0.73204660949798406,92.215952972492232,92.206216856764513,92.407392436478403,93.321833134999906,93.835143780623184,95.337421640499088,96.190130689607031,97.555937651981367,99.596760196771356,102.14473940236348,105.05472296898733,107.81914867653541,111.36484256647236,115.22284003692766,119.15526460872206,124.5374980348497,129.60169455065625,136.02400870201382,142.53737110385555,150.22944042172458,159.59202072327753,168.88086653664504,180.84099979342136,192.89744577266538
0.7320467070781167,92.216492111172556,92.206757048890722,92.407926965814113,93.322376558175165,93.835682657463622,95.33797065300314,96.190674248136929,97.556507053352107,99.597337178092857,102.14533011937237,105.05532084865627,107.81976719987142,111.3654996270634,115.2234972028491,119.15596747954987,124.53822524406132,129.60246254470258,136.0248465724726,142.53824073280703,150.23035676464497,159.59301080722071,168.88194729303359,180.84215441539709,192.8986781679414
0.73204680239009279,92.217008166866435,92.207295897103904,92.408465594686277,93.322899719547422,93.836215621049632,95.33851484220213,96.191209482956765,97.557063171047048,99.597908956693573,102.14589862604407,105.0559166615858,107.82038110170106,111.36613802756256,115.22415793909749,119.15666653231165,124.53896324806556,129.60323010711727,136.0256806496327,142.5391049511818,150.23127549908531,159.5939985290388,168.88296065343457,180.8432820208327,192.89985408550274
0.73204689548663338,92.21754411560687,92.207807515824243,92.408978777428274,93.32342068561411,93.836733940926933,95.339036509514699,96.19173493433118,97.557607554383139,99.598467066727608,102.14646192275177,105.05648451495654,107.82097999459074,111.36674415931338,115.22481001244887,119.15733669733163,124.53968132967566,129.60397548368201,136.02644885647169,142.53994660891476,150.23217251611641,159.59493496867799,168.88398786162725,180.8443897653051,192.90103692524281
0.73204698641923416,92.218040324663889,92.208319249159103,92.409469287289539,93.323919335562096,93.837234746533795,95.33954927697414,96.192240214790218,97.558136892257608,99.599005001953628,102.14700377016561,105.05704452457212,107.82155576761579,111.36736751780336,115.22543786340975,119.15800530062552,124.54036614789948,129.60470050902222,136.02722979565442,142.54075749047479,150.23306014043919,159.59587659855606,168.88496412853419,180.84544038919557,192.90217300237418
0.73204707523819379,92.218526823668071,92.208815157049685,92.409970223994605,93.324416092113097,93.837727560719941,95.340048570440558,96.192751219485217,97.558664130039688,99.599533327280369,102.14754041756896,105.05759823434346,107.82212984042053,111.36795326368883,115.22607063647956,119.15863687205274,124.54104949627799,129.60541878353979,136.0279902458642,142.54154047092743,150.2338821789599,159.5967795120232,168.88593764269172,180.8464914126962,192.9032928776578
0.73204716199264197,92.219004610964475,92.209293113184685,92.410445272544166,93.32489552829793,93.838220206718688,95.340533503313054,96.193243578472902,97.55915878360247,99.60006825052551,102.14805146413346,105.05814029478643,107.82268041905627,111.36852756023291,115.22667282692419,119.1592748166513,124.54170887999499,129.60610678594094,136.02872405463859,142.54233089719492,150.23469987446151,159.59765217458335,168.88687716826826,180.8475109159117,192.90437907449086
0.73204724673056609,92.21947473185719,92.209769559369306,92.410918847941502,93.325368045399955,93.838687377290626,95.341010212250694,96.193712639043952,97.559650705461536,99.60056287462794,102.14855592211461,105.05865427271056,107.82323036705566,111.36911544997201,115.22725537572478,119.15989430941409,124.54236541147111,129.60679900830291,136.02943425153353,142.54308804467291,150.235510982704,159.59849394049525,168.88779297384463,180.84848412640713,192.90546472621645
0.73204732949883844,92.21992945117745,92.210229303407687,92.411383187019965,93.325827896002011,93.839145198311599,95.341482389936573,96.19418121020135,97.560132647515275,99.601078481820878,102.14906072458689,105.05916986583907,107.82376723570633,111.36966474553628,115.22782813718004,119.16048975261947,124.54300443601096,129.6074710815592,136.03016017704795,142.54385209977772,150.23631716415548,159.59934763822093,168.88869606777735,180.84945736999362,192.90651955833891
0.73204741034324161,92.220389620884816,92.210683897934359,92.411825105817115,93.32627214509921,93.839590298779513,95.341942800150719,96.194642223948904,97.560605342183408,99.601534613684635,102.14953707710447,105.05967807685738,107.82427700078551,111.37019225115,115.22838859295007,119.16107821680635,124.54360652700416,129.60810193368525,136.03084171318915,142.544549938204,150.23708319127036,159.60019019916217,168.88958129608363,180.85041541408282,192.90751863209152
0.73204748930849417,92.220816575940262,92.211113491754077,92.412266552888468,93.326722124460503,93.840030966075574,95.342378441961046,96.195096249175549,97.56106127260864,99.602014269978099,102.15001093047977,105.06016638648725,107.8247896544417,111.37072491986328,115.22894609286595,119.16166826498375,124.54421024191106,129.60874504440289,136.03153077675961,142.54524986182514,150.23782459528593,159.600973495988,168.89044127733359,180.85133073492034,192.9085216858075
0.73204756643827518,92.221246770091966,92.211552148310147,92.412685828068788,93.327140054199845,93.840469163496891,95.342808826080727,96.195529472843191,97.561508522841905,99.60247766163593,102.1504597821222,105.06064850711118,107.82528393279426,111.37122974695012,115.22948555172115,119.16222193549766,124.54480150464224,129.60935938566399,136.03217264822888,142.54595851129125,150.23856999365671,159.60176439343923,168.89127295382787,180.85224230881431,192.90948480209045
0.73204764177524828,92.221662681695307,92.211965831455018,92.413110440142191,93.327561063542817,93.840879200379277,95.343232753304619,96.195944493338175,97.561949033522978,99.602919794404443,102.15091582186869,105.06111483511995,107.82576616947335,111.3717495283272,115.22999650944985,119.16276716310676,124.54537691869336,129.60996071536647,136.03281558451999,142.54663030517986,150.23927728004492,159.60253955411463,168.89210971019202,180.85314140945411,192.91043694626569
0.73204771536108582,92.222070447587612,92.212379072348995,92.413517215922184,93.327964924130356,93.841292565612093,95.343656027951511,96.196357556818839,97.562377314709011,99.603364702663384,102.15135383738379,105.06155271207899,107.82623480342954,111.37223265106149,115.2305222880459,119.16330432529503,124.54593976530305,129.61055642044084,136.03343864018825,142.54730671909056,150.23996927923145,159.60329451053985,168.89290842873015,180.85400146799657,192.91137132194854
0.732047787236491,92.222475946891791,92.212774850260757,92.413911999778065,93.328365708213823,93.841696379957284,95.344053496435663,96.196767802797694,97.562798483886581,99.60380049138621,102.15179503370018,105.06201130301633,107.82669514688314,111.37270912123859,115.23101429661619,119.1638341715734,124.54650162067264,129.6111296941308,136.03405607599416,142.54793994536158,150.24067697865394,159.60400942081469,168.89367981691612,180.85483447825391,192.91227013871685
0.73204785744122136,92.222854911855393,92.213168600635981,92.414300977721723,93.328756793936918,93.842073843723483,95.344448793668562,96.197164407647506,97.56321358353307,99.604209897453984,102.15220811730251,105.06243739969432,107.82714157305963,111.3731843263231,115.23150369931682,119.16434401682636,124.54703638976207,129.61169610916841,136.034647906803,142.54855870639585,150.24134447445249,159.60474656087899,168.89444983409339,180.85565143480926,192.91314904670435
0.73204792601411006,92.223234345670789,92.213558793424454,92.414692527268926,93.329136454074614,93.842458483515657,95.344842127346055,96.197548792872112,97.563605026989535,99.604625091720663,102.15261209625169,105.06286840187386,107.82758631848992,111.37364221977623,115.23197662962775,119.16483443978359,124.54754526953911,129.61225210790144,136.03522978652472,142.54918510929565,150.24201038783212,159.60542175167939,168.89518950213824,180.85645725577342,192.91404451259586
0.73204799299308776,92.223601453042647,92.21393323241864,92.415053894717857,93.329503036566166,93.842833048445755,95.345213202181185,96.197921287242934,97.563996447977843,99.605025923865469,102.15301839587482,105.0632808181108,107.82802501322658,111.37408644357492,115.23244099964722,119.16531711030257,124.54806786227709,129.61277410135517,136.03582755321258,142.54977134786168,150.24262260474643,159.60611112778861,168.89591214610846,180.85725348703272,192.91487756036076
0.73204805841520326,92.223965713528742,92.214280619347846,92.415417104683002,93.329865846855682,93.843192676908075,95.345579330929468,96.198291974669701,97.564375394184026,99.605406676117127,102.15340619567723,105.06368419246064,107.82842942059506,111.37451232779495,115.23290283622919,119.16580101252475,124.54856644754182,129.61330521475611,136.03637025130593,142.55035547095031,150.24325734467857,159.60678145703423,168.89663997369644,180.85802313067688,192.91570665283507
0.73204812231664451,92.224325835413765,92.214646857282787,92.415770496540063,93.330222843280353,93.84354873153643,95.345941760122514,96.198652287897858,97.56474195228293,99.605798126456648,102.15378566177606,105.06408068415476,107.82884756396743,111.37495653100268,115.2333458741341,119.16625886861584,124.5490436969485,129.61383858908084,136.03690537117654,142.55094276770251,150.24387108798692,159.60743346261006,168.89732916116918,180.85876554472634,192.9165051738164
0.73204818473275801,92.22465560753335,92.214993192716065,92.416118631263089,93.330570592166623,93.843890037576784,95.346295219926105,96.199005761012813,97.565114338507556,99.606171204977727,102.15416358786388,105.06446099621098,107.82925231003537,111.37536167410508,115.23378584440798,119.16672593013209,124.54953384413238,129.6143267149746,136.03745336325665,142.55149798413913,150.244452477702,159.60804950829333,168.89799704060715,180.85949035947124,192.91728061359754
0.7320482456980687,92.225001002123463,92.215323481552332,92.416449161813944,93.330908710348012,93.844244050287671,95.346638065977459,96.199346086697915,97.565464086233987,99.606529041018803,102.15452505677604,105.0648494220477,107.82962994119225,111.3757636505652,115.23420386746511,119.16715467182075,124.54999998345011,129.61480517113523,136.03796424938628,142.55203981547675,150.24503129609366,159.60869448704761,168.89867033926566,180.86021993409668,192.91806527171138
0.73204830524629927,92.225342175202968,92.215654653089587,92.416790501076321,93.331237709047855,93.844563625130831,95.346966838143999,96.199694417464343,97.565818189777929,99.606888220572728,102.1548896254717,105.06521662551677,107.83002105804553,111.37617611694805,115.23462230589939,119.16759393219399,124.55045064842125,129.61529543862707,136.0384631556808,142.55258533134474,150.24560223253502,159.60928439682903,168.89931538733072,180.86093353945762,192.91879150558088
0.73204836341038837,92.22565526867038,92.215989048771007,92.417107316625334,93.331564772648562,93.84489011036203,95.347301566282113,96.200016178194346,97.566149941660115,99.60723212189987,102.1552293725581,105.06556969986195,107.8303870188538,111.3765573727942,115.23502331081545,119.16802016316069,124.55089578767365,129.61575383098534,136.03895038177143,142.55309986929933,150.2461576427304,159.60989423856518,168.89994326347369,180.86161745640129,192.91955810383661
0.73204842022250893,92.22596979096852,92.216298573319364,92.417420124591445,93.331872637489141,93.845206475998566,95.347619418353133,96.200339821909438,97.566476820975367,99.607566785205563,102.15558158739805,105.06591972224487,107.83073976554806,111.37693094661881,115.23542147523403,119.16842962577357,124.55132649562438,129.61621025110071,136.03944982433313,142.55361790169263,150.24670546848938,159.61045358837146,168.90058082553878,180.86228160468454,192.92025093676784
0.73204847571408616,92.226272859941673,92.216608278104104,92.417735473045468,93.33218770118765,93.84551637550976,95.34793252156669,96.200642818108463,97.566810308027925,99.607902761355945,102.15590269000313,105.06626456250888,107.83110540844427,111.37731402584541,115.23581229173942,119.16884682771342,124.55174527052441,129.61665685210755,136.03992655672482,142.55410680366913,150.24724104675988,159.61100740967959,168.90115618297568,180.86291199351399,192.92095155483548
0.73204852991581504,92.226584023890609,92.216912211690214,92.41803261646055,93.332486603532743,93.845817109697236,95.348234225690248,96.200953572271828,97.567116771537258,99.608229733370536,102.15623154110654,105.06660490708236,107.83145218082427,111.37767261867339,115.23618172854185,119.16923723366199,124.55217031050415,129.61708964136051,136.0403691882384,142.55457824392215,150.24773830345657,159.61157323088992,168.90174501117872,180.86356659996818,192.92167567826982
0.7320485828576766,92.226890660778736,92.217202174047998,92.418326805134711,93.332780409658881,93.846112355677178,95.348536903744389,96.201251953836618,97.567424913671857,99.608544778580836,102.15654383721994,105.06692529339853,107.83180494663611,111.3780186763579,115.23655340066762,119.16962103373953,124.55258346248593,129.61751732850098,136.04084215093462,142.5550636692933,150.2482644028787,159.6121228945558,168.90233228580473,180.86419593160099,192.92229777992179
0.7320486345689553,92.227158028832491,92.217497689987795,92.418609768854367,93.333063123860484,93.846399706399097,95.348819847931736,96.201544259172806,97.567724861473835,99.608849006923265,102.15685279357058,105.06725269029266,107.83213469041584,111.37835714907487,115.2369105554717,119.16999038257927,124.55296889758029,129.6179322910466,136.04127825600153,142.55553672748647,150.24873597666738,159.61264315965673,168.90290296456806,180.86479057619727,192.92296230569627
0.73204868507825493,92.22742844710956,92.217773228108854,92.418891273933696,93.333345349870797,93.846676606666733,95.349109978516935,96.201837082669954,97.568023200878088,99.609157108385261,102.15716147002968,105.06757051756358,107.83244877772086,111.37870095895414,115.23726322203584,119.17036138370895,124.55334694542398,129.61834097756946,136.04170049035747,142.55597037737607,150.24923075201514,159.61316001739033,168.90344406423537,180.86538161648059,192.9236146432886
0.73204873441351437,92.227703833043051,92.218051849835319,92.419162269889057,93.333627945310582,93.846948060057912,95.349390090388624,96.202107103501476,97.568303395339171,99.609442029228376,102.1574490665007,105.06786793657011,107.83276977360583,111.37904355939099,115.23761362106961,119.17071231152659,124.55373519475688,129.61872465731722,136.04212164021737,142.55642202198214,150.24970381538151,159.61367155631888,168.90400293385028,180.86596185909002,192.92422002865351
0.732048782602023,92.227969997409673,92.21832893541432,92.419433495731937,93.333895405117801,93.847217631049716,95.349657337425015,96.202380768067087,97.568590869883337,99.609748651299014,102.15773442488353,105.06816517786501,107.83308100131762,111.37935661985102,115.23794544863995,119.17106766980578,124.55410707983538,129.61912267714797,136.04254293848498,142.55684987804852,150.25016408601368,159.61415216015303,168.90452240990271,180.86651772222831,192.92481609329843
0.73204882967043594,92.228249457562924,92.218580173670489,92.419686704095511,93.334151291848684,93.847486426740943,95.349924177378853,96.202652693380514,97.568867893598508,99.610018246956315,102.15801447698323,105.06845708058245,107.83339006332244,111.3796678401086,115.23825985911753,119.17141452577198,124.55446488279267,129.61949023771012,136.04293968919956,142.55728491251648,150.25060674086126,159.61463549203472,168.90501527678134,180.86705045453709,192.92541492143209
0.73204887564478882,92.228485325864312,92.218841306734248,92.41994939081269,93.334403260945692,93.847735534989624,95.350182150668843,96.202901242199005,97.569137519742071,99.610300556811126,102.15829498198946,105.06874960831919,107.83368378561499,111.37997309994171,115.23858265217496,119.17174704124045,124.55480794625328,129.61987395319738,136.04332498648,142.55768144297326,150.25106091207999,159.61509224403562,168.90552113823651,180.8676206104501,192.92598590910347
0.73204892055051185,92.228747033899708,92.219081434483087,92.420189582015155,93.334648910917167,93.847990002243023,95.35043210727963,96.203173002042604,97.56939641988356,99.610560245659144,102.15855999669657,105.06901744014613,107.8339667466862,111.380282152164,115.23889658706321,119.1720763997655,124.55514993947145,129.62023753615358,136.04370163410204,142.5580896119136,150.25146795768524,159.61555405562831,168.90600908484339,180.86813394398632,192.92654849720566
0.73204896441244449,92.228982004391582,92.219331554850214,92.42044073640136,93.334902359940315,93.848231442978431,95.350688963768334,96.203407987046376,97.569649340584874,99.610818469871447,102.15882422509821,105.06928861324923,107.83424022829058,111.38057044955349,115.23922509288968,119.17239008838078,124.55549576869089,129.62057090353483,136.04408725610847,142.55848689193954,150.2519204619457,159.61601080824767,168.90648630665964,180.8686545361561,192.92710693692788
0.73204900725484845,92.229214019032952,92.219570826910058,92.420674460030568,93.335129625553236,93.848469269927591,95.350920717977715,96.203642838838277,97.569903807099763,99.6110753413559,102.15908010938438,105.06955833858592,107.83451640862404,111.38085882403175,115.23949765295401,119.17271133949544,124.55583818458399,129.6209268544917,136.04445153798588,142.55886663515412,150.25230943202041,159.61644445105048,168.9069407850111,180.86914607894141,192.92763906154141
0.73204904910142188,92.229447842270019,92.219801400686265,92.420910884975456,93.335382779692736,93.848699717953423,95.351165058444167,96.203887361665693,97.570145308374777,99.611340912655578,102.15934282779926,105.06982208091358,107.83477477652923,111.38113962779971,115.23978603050273,119.17300776729098,124.55614018026972,129.62126684380928,136.04480105273979,142.55924879135273,150.25268558687094,159.61684703289939,168.9073977389271,180.86965021709329,192.92820620311977
0.73204908997531182,92.229670387911028,92.220028094401641,92.421128492340358,93.335592208462913,93.848930487220059,95.351391108859389,96.204121231759927,97.570378056705522,99.611578552256105,102.15958210036843,105.07006975190961,107.83504817571884,111.38141831416578,115.24008928222611,119.17331445189484,124.55644676299562,129.62158587064914,136.04514282987657,142.55962332528725,150.25308641247102,159.61727938982222,168.90787187116075,180.87013438800204,192.92867813254998
0.7320491298991274,92.229892522478622,92.220251350456238,92.421352814650163,93.335817348499404,93.84915866188021,95.351611032016081,96.204339471449202,97.570616458902805,99.611806081346003,102.15981696971357,105.07031311071478,107.83530298227925,111.38167603725742,115.24035199360151,119.17359595859307,124.55676793820021,129.62190739011567,136.04550328015466,142.55998204565549,150.25347173804039,159.61768541135098,168.90828517357295,180.87058749626885,192.92919231981796
0.73204916889495208,92.230114698515536,92.220475704893033,92.421569175832701,93.336031691353128,93.849367392849672,95.351835546294751,96.204555431919289,97.570832034885825,99.612045570851478,102.16004207044898,105.07056058512171,107.83554818905759,111.38193055510419,115.24062895312454,119.17388245747861,124.55706491821911,129.62221694702748,136.04582604231109,142.56032165167562,150.25386114933644,159.61809370360425,168.90871078033524,180.87104548887146,192.92968772268068
0.73204920698435627,92.230322402272577,92.220677635650645,92.421786506507488,93.336247139410261,93.849577935750858,95.35204610384244,96.204774788930081,97.57105575611422,99.612273193783039,102.16028377390103,105.07078917344916,107.83578840391419,111.38218741774472,115.24089576611004,119.1741590788879,124.55734458197549,129.62253604595753,136.04615222968278,142.56066263097455,150.25420660362579,159.61846791988501,168.90912163073517,180.87150764953549,192.93017745593534
0.73204924418840889,92.230516697694839,92.220899182422727,92.422004098491016,93.336451512208441,93.849784811940481,95.35225537718361,96.204986713615654,97.571276602197031,99.61249460927138,102.16049727382051,105.07101936492836,107.83602523805894,111.38245087133328,115.24115602524398,119.17444178600272,124.55764116649516,129.62283070501871,136.04646109959867,142.56099478228862,150.25456879164267,159.618855753557,168.90953794780216,180.87193565219786,192.93061487286468
0.73204928052768881,92.230716575726547,92.221086200726859,92.422186153919029,93.336651223104127,93.84998883946173,95.352459050591278,96.205181832447124,97.571489804951852,99.612717097126733,102.16072190455816,105.07123921105813,107.83626364750307,111.38268108694319,115.24139824588201,119.17470085465175,124.55792336678132,129.62311371682154,136.04678112529655,142.56133378719824,150.25492235742422,159.61922120995587,168.90991705946362,180.87236573299742,192.93111374332511
0.73204931602229706,92.230921582759038,92.221287281539844,92.422391586336744,93.336844110403035,93.85018682007285,95.352661690274545,96.205392685038532,97.571694218138873,99.61292317304833,102.1609284851038,105.07147358062502,107.83649830231661,111.38292408356938,115.24165413757146,119.17495234679518,124.55817427726288,129.62341066713998,136.04708267295064,142.56164273891773,150.25524428144126,159.6195915956996,168.91033318208065,180.87279755023337,192.93154608539044
0.73204935069186716,92.231114076326776,92.221481018004852,92.422573175619618,93.337040978480218,93.850371506458032,95.352863735035498,96.205586044750817,97.571897827587236,99.613124359024368,102.16114750495399,105.07167791326356,107.83671517430776,111.38315107171729,115.2418960121031,119.17520890520973,124.55845055325335,129.62367719555186,136.04737428852241,142.56196686536714,150.25559315196733,159.61992258425016,168.91067734788521,180.87318623099418,192.93198279597709
0.73204938455557644,92.231299690909509,92.221666953042586,92.422768287367944,93.337232386820688,93.850570967519161,95.353046559088398,96.205772282515682,97.572093086342647,99.613332799111959,102.1613369693514,105.07188737906836,107.83693512237005,111.38337514959494,115.24213358240013,119.17545943720324,124.55870825355669,129.62395180704334,136.04765926549589,142.56224913203914,150.25589940984355,159.62029161273676,168.91105669151875,180.87358950480848,192.9324282858579
0.73204941763215614,92.231483881874738,92.22185305018138,92.422945787326171,93.337404559457354,93.850748714728979,95.353229176533205,96.205955244910001,97.572290036354389,99.613534429019637,102.16154493559952,105.07209897223947,107.83714497488108,111.38359655972818,115.24236607629427,119.17568909999682,124.55896331599797,129.62421885930962,136.04794343152025,142.56255423153925,150.25620982224791,159.62060412367282,168.91140530518169,180.87397940981464,192.93285462853964
0.73204944993990251,92.231656190320791,92.222035877792223,92.423128045320482,93.337595501521719,93.850933914749476,95.353419444683823,96.206136419677932,97.572471597857657,99.613724369330157,102.16174074931405,105.07230730724041,107.83735157459887,111.38380595828494,115.24257726775613,119.17592741553381,124.55920821113978,129.62447389269801,136.04822262770176,142.56285611174826,150.25651489054871,159.62094402802177,168.91176653810544,180.87435601160541,192.93325106368866
0.73204948149668636,92.231832700454106,92.222211943444563,92.423314019470126,93.337767894194258,93.8511076815048,95.353602734277956,96.206322930072929,97.572660184290726,99.613920451774902,102.16191662475467,105.0724860987757,107.83755934777218,111.38402010219215,115.24279934963124,119.17615789770207,124.55944512849237,129.62471247137728,136.04849487942556,142.5631190678032,150.25683587316598,159.62126123331836,168.91213464210159,180.8747229562141,192.93362460537901
0.73204951231996296,92.231999004641693,92.222382859185018,92.423474424434971,93.33794395836594,93.851273297601438,95.353768349417805,96.206501657474291,97.572837956191506,99.614095120126876,102.16210473527099,105.07268483143707,107.83775305137169,111.38422473540413,115.24301059278878,119.17637745838147,124.55967435850471,129.62497904869815,136.04874872329674,142.56340835345327,150.25712049166032,159.62160247380962,168.91243563434546,180.87508240824536,192.93403323795792
0.73204954242678211,92.232165417899523,92.222544881224167,92.423648241772753,93.338102694029658,93.8514432002994,95.353940389453783,96.206660596013535,97.573010434221942,99.614273563896859,102.16229200300222,105.07287077194997,107.83794733487957,111.38443169218226,115.24322802287497,119.17660911386338,124.55990326913889,129.62523025511473,136.04900766961509,142.56367026619409,150.25741263722739,159.62188356823754,168.91278456091095,180.87544062929373,192.93441015795543
0.73204957183379704,92.232337976634881,92.222717198532337,92.423799990778207,93.338260110416741,93.851607140462875,95.354098222596804,96.206824424789374,97.57317990473166,99.614450912227767,102.16245844035075,105.07304807243418,107.83813889777593,111.38462476610948,115.24342145107948,119.17681671996252,124.56013893391355,129.62545006636356,136.04926032208459,142.56392328147922,150.25769086812215,159.62217519972182,168.91308687079436,180.87581053678878,192.93475992401363
0.73204960055727408,92.232490426453296,92.222875788920646,92.423967394392093,93.33842923188422,93.851771161160286,95.354270081075811,96.206998283421854,97.573349901314941,99.614627783201286,102.16262336204454,105.07323628525774,107.83831573925636,111.38481423342819,115.24362659415056,119.1770296626637,124.56035960482404,129.62568329358328,136.04949262799346,142.56420415447064,150.25794854391279,159.62246450548992,168.91340823413339,180.87611601167737,192.93512910457503
0.73204962861310152,92.232650951893447,92.223029341948859,92.42411528329103,93.338590912699146,93.851921874640539,95.354416521884559,96.207157395991089,97.573514999701729,99.614792272295745,102.16280830884352,105.0733989067121,107.83849831231782,111.38500910324728,115.24382780028463,119.17722577964014,124.56056982086011,129.62591655089636,136.04976679071842,142.56444825348444,150.25823168994248,159.6227516039944,168.91371978977986,180.87646155617404,192.93548389168427
0.73204965601679806,92.232801578749786,92.22317835040667,92.424271974807198,93.338734463941364,93.852075787966896,95.354568934468261,96.207308566314168,97.573688334377948,99.614952327137871,102.16295726103635,105.0735677076409,107.83866976683566,111.38517826956377,115.24402784345875,119.1774221486703,124.56078215998423,129.62612565574818,136.04998932886519,142.56469624792953,150.2584827021783,159.62305636211386,168.91399498416285,180.87676767643279,192.93582188056462
0.732049682783522,92.23293893920345,92.223333233312587,92.424418979273469,93.338892144278361,93.852222106255795,95.354724914464896,96.207452919708885,97.573832718968333,99.615108180314564,102.16312952615044,105.07373673576876,107.83885419493163,111.38536429678425,115.2442016668283,119.17762637270062,124.56097834106913,129.62634894256917,136.05020343973592,142.56491907982127,150.25874203062995,159.62331133524276,168.9142887494163,180.87709316339897,192.936165565181
0.73204970892807919,92.233090372337756,92.223478081861685,92.424560679741262,93.339022009055043,93.852368604173535,95.354875801240269,96.20759971617008,97.573982216134027,99.615274437619519,102.16327428277873,105.07390131142165,107.83901881210113,111.38553377771314,115.24438339911649,119.17781291287974,124.56118108097871,129.62655094554066,136.05043398823182,142.56515301200125,150.25900062372239,159.62358523101284,168.91457816160982,180.87739293377672,192.93650753017573
0.73204973446493116,92.233233312188531,92.223619163782132,92.424701920343068,93.339167101457861,93.8525151300164,95.355022754705715,96.207745791234629,97.57413294419166,99.615429257471988,102.16343748276995,105.07405534459031,107.83917818443661,111.3857179098959,115.24456814898076,119.17799979340634,124.56138182649738,129.62675239171949,136.05064476736879,142.56538243328396,150.25924389687134,159.62383078573475,168.91485283579823,180.87769747283164,192.93682295603503
0.73204975940820338,92.233369983947341,92.22375584063775,92.424844111075799,93.339311209470907,93.852648392239644,95.355157311594667,96.207888861958054,97.574276459708926,99.61557864544011,102.16357461602092,105.07421904584771,107.83933762172819,111.38587304816247,115.24473233192475,119.17818927705957,124.56157209147204,129.62696888660867,136.05086426669732,142.5656194242838,150.25948341168987,159.62410203401669,168.91516255313763,180.87798932711303,192.93714060727507
0.73204978377169327,92.233500871599972,92.223892296016857,92.424972806271398,93.339436867307086,93.85278157067296,95.355300103547052,96.208025246411125,97.57442344660376,99.615712038201309,102.16373038897655,105.07436818229689,107.83949803137511,111.38603561679702,115.24490336837334,119.1783557385279,124.56175625245669,129.62714767928992,136.05105844947684,142.56582288683421,150.2597280410846,159.62434328645031,168.91541638620401,180.87825826564222,192.93742493669561
0.73204980756887716,92.233649877347489,92.224025844847347,92.425111278127588,93.339571168755356,93.852916717405606,95.355429031460517,96.208167216398579,97.57455805864447,99.615861246147688,102.16387196846335,105.07450370584775,107.83964702995945,111.38619209342505,115.24507197032653,119.17853421448672,124.56193566893489,129.62734411684505,136.05127965093561,142.56604330759001,150.25993293328065,159.62458681142743,168.91565939211432,180.87856811385427,192.93774648742692
0.73205180756887722,92.244702473508369,92.235162619155744,92.436193052759336,93.350669174902578,93.864028985859477,95.366696837500058,96.219444529244356,97.586193975894275,99.627801926129905,102.17582516308539,105.08687979761453,107.85245921277237,111.39954502646287,115.25899835178279,119.19308707967866,124.57722034859762,129.64338602782664,136.06830845118384,142.58398021299217,150.27901811915217,159.64496306680667,168.93742246918555,180.9020262637423,192.96292975762481
0.73205183136606111,92.244835582143423,92.2352950884233,92.436321348039201,93.350805933128868,93.864166037463292,95.366835535642167,96.219570968893095,97.586331204878661,99.627950325993879,102.1759806917471,105.0870333390958,107.85262198180862,111.39971125913144,115.2591515905151,119.19325433061749,124.57740312038368,129.64357025969366,136.06850146668148,142.58420518955245,150.2792304688337,159.64520887233084,168.93767889957235,180.90229660482873,192.96323534697149
0.732051855729551,92.244965029854939,92.235422838621162,92.43646146309402,93.350935853301053,93.864307091964292,95.36695393154514,96.219708032833296,97.586480343194125,99.628095836189459,102.176120546319,105.08718924516143,107.85277054521794,111.39986661300645,115.2593217115209,119.19344901729346,124.57758641911641,129.64378387737088,136.06871901499835,142.58439751366677,150.27946906994475,159.64544237265363,168.93795461260743,180.90259121866984,192.96354394032824
0.73205188067282323,92.245093660782004,92.235567123607325,92.436607281673787,93.351075940510782,93.864442789443274,95.367099581693765,96.219848514559999,97.58662331071173,99.628246287087677,102.17627298030857,105.08732787138797,107.85293984012242,111.40004267860058,115.25949839392706,119.19361894044414,124.57778559568396,129.64397071924031,136.0689530521995,142.58464419655502,150.27972356672399,159.64570878670929,168.93821621857205,180.90288976911688,192.96385457862198
0.7320519062096752,92.245242414701352,92.235708994114248,92.436737955908029,93.351220303895388,93.864580189354456,95.367247454658354,96.219994435607077,97.586772686561744,99.628395988838747,102.17641336138331,105.08749271107081,107.8530949568958,111.40021828731187,115.25968055377962,119.19380113986699,124.57798353107501,129.64419175265357,136.0691577931284,142.58487402379251,150.27994943936937,159.64595140773599,168.93848200592038,180.90316647611326,192.9641823833299
0.73205193235423238,92.245386444508767,92.235853077228967,92.436889110558695,93.35136056099509,93.86472630415301,95.367386637222808,96.220143083755829,97.586917193671979,99.628550848043233,102.17659221117356,105.08765155636866,107.853266687016,111.40040549749392,115.25985548706012,119.19398902128887,124.57817334157153,129.64438894806517,136.0693881893967,142.58508743938,150.28019836050225,159.64621727084159,168.93878161665634,180.90350081009819,192.96452119237074
0.73205195912095633,92.245527800128912,92.236009216307139,92.437033374335442,93.351509169326164,93.864879526365257,95.367541972966137,96.220288214226457,97.587077166215749,99.628711719844432,102.1767383521219,105.08781678369633,107.85343762582124,111.40055759391907,115.26003738716463,119.19419480022771,124.57837721393298,129.6446083708579,136.06960452307976,142.5853374334838,150.28045052923699,159.64647888806212,168.93907316006516,180.90381425347005,192.96485253272112
0.73205198652465286,92.245685325247905,92.236151133845851,92.437191684795835,93.351675029483886,93.865030431083142,95.367705375829246,96.220441860514256,97.587240190587181,99.628871975721268,102.17690075900828,105.08799580482082,107.85362157690179,111.40074918410755,115.26023139367317,119.19439644055819,124.57858268393466,129.64481254953716,136.06983333091193,142.5855793382143,150.28072630339739,159.6467883246296,168.93938387017988,180.9041096379151,192.96518996988016
0.7320520145804803,92.24584230975961,92.236312834327691,92.437343334917387,93.35181295876464,93.865184387417685,95.367854939406243,96.220608581457782,97.587407076465752,99.629043619763252,102.17706281466599,105.0881652596363,107.85379221050607,111.40093799913666,115.26043697577916,119.19459067189746,124.5787991974139,129.64504613020108,136.07007715547661,142.58584233196598,150.28098357456474,159.64705533088272,168.93968399598089,180.9044539772076,192.96553674645111
0.73205204330395734,92.246005288296146,92.23647355580033,92.437504698620614,93.35197612625052,93.865344200483378,95.368014060186397,96.220775559679169,97.587568076025491,99.629209984006593,102.17724089762123,105.08834284858676,107.85397366351026,111.40113389437829,115.26062723884024,119.19479877902631,124.57902194079361,129.64528070576489,136.0703283621333,142.58609051466192,150.28125159421324,159.64733872916986,168.93997717495949,180.90482838992466,192.96592531026545
0.73205207271097228,92.246163640578743,92.236641333525768,92.437664129112818,93.352139843696932,93.865507997583336,95.36818376937299,96.220932278178225,97.587749315411202,99.62939169274614,102.17740963447795,105.08852846892842,107.85417273679195,111.40132668800288,115.26083907446082,119.19502621162974,124.57923894776468,129.64551876778569,136.07056235827622,142.58635802537901,150.28153940587072,159.64765852632991,168.94030003059015,180.90514894980151,192.96628787125519
0.73205210281779143,92.246337187658355,92.236802625120617,92.437832184099534,93.352308512421587,93.865678283029411,95.368357302500954,96.22109898238341,97.587908728502953,99.629571440444124,102.17758820761446,105.08871158681723,107.85436625644797,111.40151510279975,115.2610397609642,119.19523811697582,124.57947525170312,129.64575524004613,136.07084064907394,142.58662134798942,150.281838342431,159.64796621025744,168.94063480615296,180.90549481362541,192.96667135402095
0.73205213364106803,92.246495256113121,92.236972914510261,92.437996956228744,93.352478945536859,93.865849911569967,95.3685220275147,96.221269321056752,97.588092280417186,99.629753636323585,102.17777909114375,105.08890271452765,107.85455297504086,111.40172700796757,115.26125804982439,119.19546214528964,124.57970618284162,129.64599801144504,136.07108485505887,142.58691146825004,150.28213487986795,159.64826846029609,168.94097362089815,180.90587550852069,192.96705411960284
0.73205216519785188,92.246667856659769,92.237155384107609,92.438174253849866,93.35264684343565,93.866018254160736,95.368699078506324,96.22145836609343,97.58827657852089,99.629935988381476,102.17797385808808,105.08909797382876,107.8547605496824,111.40194176493605,115.26147256839613,119.19569892803702,124.57995208262582,129.64625110862107,136.07135806800216,142.58717922357755,150.28242071131535,159.64859675320622,168.94130196014157,180.90621995359834,192.9674548318435
0.73205219750559825,92.246847302940296,92.237331475687824,92.438356117720105,93.352824750352738,93.86619751885155,95.368879420369922,96.221638829316362,97.588467443478294,99.630134698905749,102.17815756156415,105.08929811296912,107.85496008362679,111.40216385489111,115.26169598765409,119.19593032235571,124.58021015007398,129.64650803533732,136.071630233826,142.58748024537636,150.28272078660666,159.6489299785826,168.94165965211869,180.90661214811553,192.96785148810886
0.73205223058217794,92.24703194194808,92.237514230469969,92.438540345312504,93.353011634255381,93.86638565868634,95.369066834693513,96.221822668998357,97.588656116844504,99.630332994933269,102.17835526770432,105.08951439348311,107.85517543219612,111.40238650251922,115.26191998649665,119.19617432151426,124.58045761976246,129.64678322186228,136.07190947284107,142.58775981365761,150.28304484346154,159.64925246571511,168.94202920283715,180.90699488059909,192.96828059318068
0.73205226444588722,92.247224513037509,92.23770798568512,92.438723999595823,93.353203419257625,93.866578468107036,95.369256417208817,96.222021515230153,97.588848838837293,99.630532741040952,102.17856066747117,105.08971434697014,107.85540110746297,111.40259236408019,115.26216694508912,119.19640957093361,124.58070711720211,129.64705119542486,136.07221821601706,142.58807403047831,150.28335836398037,159.64961135188787,168.94238348672661,180.90739504439262,192.96870815154398
0.73205229911545733,92.247408297051152,92.23789684406438,92.438924377911462,93.353397441242123,93.866757148080069,95.369453660754516,96.222210678548436,97.589052330265986,99.63073686557982,102.17876924610391,105.08992958160161,107.85562019977078,111.40284407165018,115.26240555158802,119.19667391091207,124.58097611049743,129.64732769117836,136.07250311502139,142.58837345141364,150.28369332142756,159.64995633077342,168.94277684802364,180.90779319054127,192.96916018566117
0.73205233461006558,92.247610233855085,92.238099121677806,92.439111826170119,93.353591382568993,93.866956586232845,95.369656113831297,96.222404622265458,97.589268444629852,99.630948828595137,102.17898241956937,105.09013934607356,107.85583515430699,111.40307618754014,115.26265558882733,119.19692608488549,124.58126095009357,129.64761121384072,136.07279226048558,142.58871801662463,150.28403395767236,159.65030862414278,168.94315035155887,180.90821378609689,192.96957807114813
0.7320523709493455,92.247817415383906,92.238302537716663,92.439325033341447,93.35379558007844,93.86716676523065,95.369864912030607,96.22261105007783,97.589487495613866,99.631169412270538,102.1792066238304,105.0903657482595,107.85607883423654,111.40331507358496,115.26290785071978,119.19719219694525,124.58153495907027,129.64790662140149,136.07312221232132,142.58902696349833,150.28437549821683,159.65070186137746,168.94354680076503,180.90863875903597,192.97003914110246
0.73205240815339812,92.248020088627527,92.238507764428505,92.439522058291914,93.354001931616949,93.867372436339792,95.370072525354772,96.222825072560227,97.589687761075766,99.631390150094376,102.17942323056923,105.09060191737808,107.8563218284653,111.40355621780327,115.26315844110286,119.19746274217323,124.58181944995158,129.64820542875532,136.07342931090534,142.58935285534244,150.28471482830355,159.65106907350128,168.94396817058441,180.90908414448495,192.97050490228139
0.7320524462428023,92.248222080768755,92.238718444583355,92.439730422309367,93.354214831171703,93.867593578790547,95.370279738115642,96.223037679599656,97.589913221989264,99.631620780532103,102.17964703868347,105.09083823788387,107.85656282783748,111.40381572799743,115.2634284973974,119.19773232648004,124.5821093275008,129.6485177545037,136.07375056455203,142.58970219093317,150.28510492025816,159.65144871027587,168.94436946244241,180.90954431324644,192.97098358285439
0.73205248523862698,92.248442600346607,92.238938400681945,92.439947854363709,93.354425318757421,93.867806307789579,95.370497004598292,96.223260462851613,97.590146305163216,99.631853500020952,102.17988091026564,105.09108214700609,107.856806816475,111.4040896351944,115.26369694139066,119.19802740761952,124.58240633492824,129.64882876630872,136.07409219365945,142.59005055912712,150.28545811154618,159.65186360692314,168.9448043932498,180.90999261565594,192.97148281881528
0.73205252516244257,92.24867628706852,92.239150745095685,92.440166641001269,93.354653086345934,93.868034570819873,95.370732512299583,96.223483457346447,97.590373426410224,99.632090534520103,102.18012502196507,105.09132126644909,107.8570629419155,111.4043492656856,115.26397538363381,119.19830864504911,124.58271283306385,129.64915191697219,136.07442675475613,142.59041130101104,150.28584409326868,159.65225298611767,168.94522549748945,180.91046143250423,192.97199845551222
0.73205256603633251,92.248890133178065,92.239380513929063,92.44039805081411,93.354886564284243,93.868247093163518,95.370960509088036,96.223709669324307,97.590605682038586,99.632354498418863,102.18036930527524,105.09157962578684,107.85732544437269,111.40461814149603,115.26426337445446,119.19860231373605,124.58303509205143,129.64946683400194,136.07476748312183,142.5907810302233,150.28622710689524,159.65266571439133,168.94566864729131,180.91091375222459,192.97248443098943
0.73205260788290594,92.249125894202734,92.2396178824456,92.440630413497274,93.355109544660081,93.868481963734666,95.371186051826953,96.223948533246585,97.590850611006317,99.632581501511595,102.18061386133559,105.09183195809965,107.85759474554652,111.40490373794455,115.26455522988545,119.19891052311868,124.58334562894743,129.64980147175811,136.07512719628721,142.59114381419931,150.28665272223589,159.65310929167026,168.94612160496763,180.91142160745949,192.97303657395969
0.73205265072530989,92.249363768431067,92.239856241671077,92.440861607930856,93.35534619531245,93.868725259348139,95.371436443427228,96.224198198873637,97.591104124228877,99.632836648237571,102.1808687097182,105.09209888411715,107.85787175871155,111.40518904478085,115.26484819483085,119.19922377524927,124.58366787602426,129.65014161118597,136.0755024544851,142.59155519858177,150.28704865084728,159.65353496839089,168.9465921961164,180.91192533961294,192.97357682546863
0.73205269458724254,92.249595388708258,92.240092737436498,92.4411159609881,93.355588608937978,93.868954300258338,95.371682180848438,96.224432885876013,97.591353405245172,99.633092359588773,102.18113194198304,105.09236430958845,107.858155469552,111.40547731993502,115.26515335662043,119.19954765250441,124.58400299007189,129.65049861904845,136.07587368554232,142.59193574111123,150.28745053953753,159.65398438461852,168.94707754805131,180.91243473216309,192.97410748132825
0.73205273949296557,92.249842352943233,92.24034455311994,92.441356726783852,93.355834400721506,93.869218689389527,95.37194055764121,96.224691593353782,97.591615610290319,99.633369017439691,102.1814089085201,105.09265041858816,107.85844501981046,111.40577195718652,115.2654616874388,119.19986506064743,124.58433967363089,129.65085996280686,136.07625900996936,142.59232746015186,150.2878982484981,159.6544292545077,168.94758183699014,180.91295959315175,192.97467964311363
0.73205278546731845,92.250102816709841,92.240597665317182,92.441607797711185,93.356095989860478,93.869463349725265,95.372202393653424,96.224947969425557,97.591888068549451,99.633643056939036,102.18167428928064,105.09293867811721,107.85874407627853,111.4060806288835,115.26579286182459,119.20021493890818,124.58468974630523,129.6512441740706,136.07665000096313,142.59274414006359,150.28832556692942,159.65491195740469,168.94805709768116,180.91348879880388,192.97525386334019
0.73205283253573139,92.250367243552319,92.240872121645225,92.441873681909783,93.356356274372956,93.869728145531553,95.37246051953116,96.225215774455137,97.592156589358638,99.633931005449995,102.18195371168258,105.09322283066649,107.85903784719267,111.40638850469259,115.26611198966202,119.20055675418553,124.58505246471032,129.65160825464409,136.07704612969246,142.5931790271934,150.28877392856521,159.6554027876773,168.94855951135105,180.91405845992267,192.975854362674
0.73205288072424002,92.250630354905297,92.241131516228052,92.44213981656867,93.35662031038737,93.869998779751768,95.372732018091483,96.22548405753696,97.592438263309305,99.634214465433615,102.18224914108214,105.09352006250992,107.8593479011397,111.40671787733663,115.26645372923667,119.20090471518779,124.5854106392726,129.65200242096034,136.07746685535676,142.59359785023116,150.28925120472559,159.65587862807297,168.94911041304294,180.91461263129895,192.97647918514122
0.73205293005949945,92.250910862196179,92.241410193688353,92.442410561863653,93.356894479733455,93.870266448619077,95.373010222479934,96.225766387637123,97.592727995644964,99.634511805597867,102.18254443613478,105.09382760009976,107.859668160414,111.40704518326311,115.26679695100029,119.20126142571098,124.58579866037326,129.65238229353417,136.07788312203775,142.59403872194525,150.28971052443376,159.65638488892,168.94963179586921,180.9152014495412,192.97710350546549
0.73205298056879908,92.251181500974781,92.241688242200325,92.442688042017835,93.357176040612103,93.870552380642039,95.373284972039983,96.22605122213281,97.593028667011822,99.634815409688599,102.18284671988658,105.09414717321852,107.85999469289891,111.407383251797,115.26715555044575,119.20162010192871,124.58618004083837,129.65280378729221,136.07830935619131,142.59449156772462,150.29019181319018,159.65690349631041,168.95018145522045,180.915801151903,192.97772090278886
0.73205303228007779,92.251484182179411,92.241977775156556,92.442978226379637,93.357466981920879,93.870838832714071,95.373587025824236,96.226344175538543,97.593322988053842,99.635124287389772,102.18316023244552,105.09446840012242,107.86032672920919,111.40772410130739,115.26751396705367,119.20201743352663,124.58658263675898,129.65320701857854,136.07875519769004,142.5949569469667,150.29068926781474,159.65741900960711,168.95074251455662,180.91638676199364,192.97839797135384
0.73205308522193935,92.25176039656435,92.242271887593233,92.443277040631074,93.35775531364925,93.87113709791447,95.373876611676678,96.226641345103417,97.593630495586694,99.635431177677674,102.18347138699755,105.09479652437585,107.8606574956284,111.40808873470087,115.26787449957556,119.20239066710201,124.5869932673304,129.65364149904053,136.07920260179526,142.59542905247508,150.29117589891393,159.65796901993599,168.95132365107565,180.91701061463391,192.97907579969615
0.73205313942366823,92.252073285719234,92.242568612906325,92.443574627737689,93.358058939942566,93.871438414647855,95.374181959687121,96.226949426752981,97.593941066006664,99.635760361725261,102.18379096349236,105.09512754303796,107.86099749763889,111.40843392879469,115.26826716173673,119.20278425706056,124.58739997810335,129.65407752230385,136.0796417025922,142.59592354250344,150.29170118206093,159.65852950084081,168.95189652594127,180.91764801453246,192.97971630525717
0.73205319491524545,92.252361275408475,92.242876958232955,92.443881616592989,93.358365423766372,93.871746796812658,95.374493191313377,96.227257830512826,97.594279904307768,99.636095823392679,102.18412581895973,105.09547799360007,107.86135406488393,111.40880555161857,115.2686467971107,119.20318908629997,124.587824015558,129.65453182175406,136.08014121498127,142.59640594384837,150.29222932609264,159.65907544729271,168.9525192495712,180.91832551526022,192.98042441296275
0.73205325172736602,92.252680851968762,92.243194822345686,92.444209485052852,93.358681005323888,93.872056845197221,95.374815546012542,96.22757944964178,97.594606802300405,99.636428803773015,102.18447571308934,105.09581879706093,107.86172442034149,111.4091916110192,115.26903483944625,119.20359964287491,124.58826475316164,129.65496800420806,136.0806215140401,142.59691760995338,150.29279621573369,159.65966842652415,168.95312373949855,180.91897678743408,192.98114109412563
0.73205330989145512,92.253008744908584,92.243525075995422,92.4445175523324,93.35899531483301,93.872381306478928,95.375145003868965,96.227913913666271,97.594941274299345,99.636776824539993,102.18482239062723,105.09617528281524,107.86209718125974,111.40957934541802,115.26944048074802,119.20402177046344,124.58870878064772,129.65544662860339,136.08110133081937,142.59743937826715,150.29332391364733,159.66026069311192,168.95375264615723,180.91966462194978,192.98187070152198
0.73205336943968569,92.253336814126669,92.24385468571927,92.444839941199461,93.35933174782258,93.872721344581805,95.375476883182273,96.228239858144661,97.595282733607746,99.637136182907852,102.18517958441589,105.09653910596899,107.86248809302924,111.40997679367501,115.26985484566467,119.20445405349165,124.58915444038576,129.65591592401324,136.08162010371598,142.59797509518103,150.29389400550281,159.66084538984433,168.95438683872635,180.92036216394627,192.98259646671795
0.73205343040499637,92.253662608742161,92.244187175663683,92.44517856182938,93.359676723692246,93.87304840860088,95.375816761381429,96.228581352552283,97.595637595441076,99.637495060873334,102.18553793931278,105.09692602397627,107.86286971113441,111.41038928198031,115.27027525291123,119.20489403202373,124.58963331350242,129.65639841916709,136.08213350307051,142.59851614212675,150.29447429827997,159.66147253249801,168.95505278945348,180.92106594647339,192.98341173658264
0.73205349282110987,92.254016314102046,92.244546753412578,92.445527499334275,93.360016951108264,93.873405571161129,95.376174289900518,96.228941156507062,97.596002066955407,99.637867959081632,102.18590564735132,105.09731807518983,107.86326421687045,111.41080645873444,115.27071019605501,119.20535838184878,124.59010535649577,129.65691164453165,136.08267509878351,142.59908953501872,150.29507933098648,159.66210263124958,168.95575804697728,180.9218084382519,192.98418903585844
0.73205355672255112,92.254370162390842,92.244894666480832,92.445876833568036,93.360373653482384,93.873753881282028,95.376526980078779,96.22930705032195,97.596370048257086,99.638253312507004,102.18629511574909,105.09770557864249,107.86367834313569,111.41123141122443,115.27115796890939,119.20580582827097,124.59057870500692,129.65742393445544,136.0832071347686,142.5996789647761,150.29568957304582,159.66276915485651,168.95645492365293,180.9225492077021,192.98497894254251
0.73205362214466663,92.254737690687762,92.245257934813708,92.446248767202633,93.360731789518468,93.874111010904016,95.37689358985881,96.229666919643932,97.596762601071532,99.638638109092426,102.18668808432994,105.09810388229744,107.86410552575762,111.41167112097537,115.27162235381911,119.20629415160511,124.59108494258544,129.65794921499764,136.08378226726927,142.60024536582205,150.29631110973423,159.6634279685095,168.95714008319192,180.9233244706702,192.98582326306496
0.73205368912364432,92.255099635276565,92.24563196174131,92.446626231518167,93.361104373823764,93.874485801617993,95.377276275452459,96.230052847949992,97.59715049949591,99.639040440313693,102.18708752164457,105.09852820375454,107.86452241860025,111.41211072567967,115.27207493754395,119.20678302965098,124.59159412306326,129.65848503291636,136.08434556410793,142.60085685074591,150.29694037947775,159.66411255666026,168.9578836379369,180.92410427798313,192.98666373671585
0.73205375769653303,92.255477964688907,92.246018203146377,92.44699982048769,93.361482667689415,93.87487012427664,95.377663513234438,96.230430779232847,97.59754941619758,99.639452790765063,102.18749142083107,105.09895019517717,107.86497952554782,111.41257017641328,115.27256223876975,119.20728731178679,124.59212583444605,129.65903364523547,136.08493937960884,142.60148149306042,150.29762408443639,159.66481797881715,168.95862109930749,180.92490506807371,192.98751874096342
0.73205382790126339,92.255872859423107,92.246406774349452,92.447387581105431,93.361873315803678,93.875254122081969,95.378063672349526,96.230824466045306,97.597950731847959,99.639870022161631,102.18791962966498,105.09939973777,107.86541510737152,111.41304606477206,115.27304118670509,119.20779983885586,124.59266615987144,129.65961070231424,136.08553095394745,142.60207842866657,150.29827599213604,159.66554476679448,168.95939406203252,180.92572058792575,192.98842123584473
0.73205389977666857,92.256266052274441,92.246812557674275,92.447784710479027,93.362281509962486,93.875656716434605,95.378461771513685,96.231233504349802,97.598364372115611,99.640305791621358,102.18834988227172,105.09982004007543,107.86588016515088,111.41352239109983,115.27355054093277,119.20831292733783,124.5932177525101,129.66016917337402,136.08615220511274,142.60272613116831,150.29895268529799,159.66627431776578,168.96015290936339,180.9265821087829,192.9892997499046
0.73205397336250611,92.256670749800833,92.247218960768805,92.448189881815779,93.362686086453323,93.876070359401638,95.378878402163537,96.231655716153909,97.598798248880485,99.640745930610137,102.18878177471561,105.10028162257004,107.86635347726042,111.41401281641083,115.27405830843054,119.20884681232565,124.59376520070509,129.66076376492856,136.08677747249021,142.60339454549103,150.29965328878461,159.66701315162209,168.96096527853661,180.92743417615566,192.99022277787299
0.73205404869947921,92.257085242425092,92.247643231290567,92.448615179724584,93.363096830184077,93.876490766218922,95.379313570105296,96.23207161679602,97.599235957626661,99.641193113824556,102.18923060147063,105.10075167968535,107.86683036036629,111.41451294719809,115.27458111736632,119.20940320369846,124.59435071014741,129.66136926918989,136.08742093538604,142.60406162558502,150.30036230394035,159.66776243679487,168.96179862870486,180.92832650186756,192.99118454893323
0.73205412582926022,92.257517958420067,92.248063859413378,92.449030294344993,93.363530893682764,93.876915738532261,95.379738641437143,96.232515140407486,97.599687658603216,99.641657979085721,102.18969410946738,105.10122927809789,107.86733178884606,111.41502643825879,115.27511233346377,119.20996536475286,124.59493036312051,129.66198213600001,136.08806102808012,142.60476181927515,150.30109817672928,159.66857519687619,168.9626337643931,180.92921606663003,192.9921417281148
0.73205420479451278,92.257948446262162,92.248504018956737,92.449473922060861,93.363966448359861,93.877353102521738,95.380177035342058,96.232955731778929,97.600153588424291,99.642123183388321,102.19016884130542,105.10171323466784,107.86784404106947,111.41554850443936,115.27566222849418,119.21053955071693,124.59554826575186,129.66262558752351,136.08873724412115,142.60546235633228,150.30186498488183,159.6693768509067,168.96348879779543,180.93015506010124,192.99314898478769
0.73205428563891595,92.258420515623584,92.248955833791115,92.449926600616891,93.36441475218453,93.877814457522618,95.380633884182316,96.233407862910099,97.600614393548312,99.6426031821793,102.19064924895065,105.10221941233613,107.86834857441499,111.41608993788759,115.27622642755523,119.2111161127832,124.59615842792118,129.66325648558268,136.08941945713741,142.60619975152076,150.30263365331484,159.67017359894089,168.96439595391712,180.93111107408185,192.99416201886925
0.73205436840718829,92.258854733598127,92.249415710215544,92.450375291642558,93.364871417714312,93.878262625308707,95.381099697486206,96.233877704988117,97.601093000550463,99.643105568022293,102.19114535927292,105.10273906690054,107.86887496804411,111.41664119245252,115.27681035355999,119.21172307423694,124.59679639733804,129.66395031009597,136.09012931152392,142.6069333939522,150.30343064456247,159.6710330411297,168.96529978974286,180.93208525545924,192.99520623737044
0.73205445314511242,92.259319067728939,92.249889564431214,92.450848701973882,93.365339066214801,93.87873972656962,95.381578068845556,96.234357077439199,97.601585445179808,99.643608624741319,102.19165337554296,105.10325092113635,107.86942544563499,111.4172149893493,115.27739271004248,119.21233717720315,124.5974427401452,129.66460619508143,136.09085657908872,142.607701113433,150.3042257420675,159.67189511627657,168.96619548066519,180.93306822430895,192.99628325945378
0.7320545398995606,92.259803153989196,92.250370903700968,92.451330315179803,93.365823588756029,93.879217764661007,95.382065700880048,96.23484720803026,97.6020966996075,99.644121127810649,102.19217467828639,105.10378262199083,107.86998067907552,111.41778477933985,115.27799130339554,119.21298792161542,124.59811230930063,129.66530222688743,136.09159391804133,142.60846615672926,150.30506171080197,159.67278311571863,168.96713426682982,180.93407412695524,192.99737359147548
0.73205462871852023,92.260302722748747,92.250864856829139,92.451821020946227,93.366319847664272,93.879720247296063,95.382556930937426,96.235342375777691,97.602625553958205,99.644649323447084,102.19270660679103,105.10433520146762,107.87054385220836,111.41838820554767,115.27861800838946,119.21362276317086,124.59878720172128,129.66601992333744,136.0923612607512,142.60926393006957,150.30590069675964,159.67367254145938,168.96809923004912,180.9351201442114,192.99849427418667
0.73205471965112101,92.260803880726598,92.25137657135565,92.452326967326371,93.366820313472999,93.880215987574047,95.383073128181422,96.235862481855293,97.603141477018653,99.645198158708808,102.19324735740156,105.10489023063201,107.87112776227877,111.41899206693415,115.27923922343689,119.21427773980395,124.59947656749137,129.66673407885537,136.09311158897617,142.61008184608363,150.30676796386979,159.67459158678685,168.96910477565689,180.93620351154095,192.9996211558755
0.7320548127476616,92.261305582705972,92.251883805503894,92.452842258087912,93.367338148316776,93.880732900168368,95.383609519198217,96.236383207069593,97.603675887134159,99.645750216430315,102.19379244365336,105.10547516548104,107.87173327271012,111.41961540760894,115.27989301635171,119.21495679301734,124.60017976806557,129.66750833386322,136.09392148496408,142.61091899056919,150.30765045766748,159.67554525524611,168.97009738395718,180.93731040909188,193.00080539792543
0.73205490805963769,92.261843213855173,92.25241794239264,92.453369543974986,93.367879327233823,93.881261195700063,95.384141107118921,96.236919239923736,97.604243784950086,99.646322221844457,102.19437133694009,105.10607238769444,107.87234192811229,111.42025515845307,115.28055187634163,119.21566748327314,124.60091529073543,129.66825047772727,136.09474544547993,142.6117901071193,150.30857479140104,159.67652098620601,168.97114737344964,180.93841628892551,193.00202379606344
0.73205500563977033,92.262381034670398,92.252961012993183,92.453907974635513,93.36840385738833,93.881799921615311,95.384692729534436,96.237469492265518,97.604799841650674,99.646909996750765,102.19495769592322,105.10666777315055,107.87297570636656,111.42090268277025,115.28123086244523,119.21636155666783,124.60166880079487,129.66903559017373,136.09556421703019,142.61265488679055,150.30947979853227,159.67752273335645,168.97222401346517,180.93957335477899,193.00322781898285
0.73205510554203546,92.262945308189956,92.253519715170114,92.45445729844505,93.368965683810529,93.882363365097262,95.385246247260511,96.238029433679912,97.605383834456006,99.647501856881718,102.19555465432495,105.10727982634853,107.87359779011604,111.42156353768223,115.28193389424996,119.21708584130101,124.60243096586782,129.66984460771346,136.09640741541807,142.61354658990604,150.31045908527449,159.67852905586915,168.97329161257221,180.94072832546226,193.00450241482031
0.73205520782169309,92.263500889170246,92.25409349999245,92.455025976927573,93.369535969854041,93.882930102834507,95.385835511318874,96.238609893745888,97.605986952305102,99.64810348771789,102.19616472844427,105.10791811054514,107.87425811487992,111.42225147662248,115.28265381679739,119.217840805999,124.60320525514544,129.6706545606794,136.09727880112769,142.61444948362623,150.3114311663594,159.67959306648845,168.97440205439489,180.94193458804511,193.00577508159768
0.73205531253531853,92.264069401804591,92.254670070273278,92.455608387590473,93.370117013644631,93.883521056850441,95.386415112887335,96.239205795864109,97.606590795519878,99.64874305338526,102.19678455646863,105.10857587574719,107.87493401271786,111.42294603178743,115.28336386399315,119.2186006971242,124.6040019826396,129.67150041983405,136.09816867230984,142.61540370954754,150.31242936808849,159.68063877299574,168.97554780625069,180.94314981712523,193.00710159930168
0.73205541974083344,92.264662603429315,92.255267544333037,92.456209623262112,93.370706023633829,93.884105079810979,95.387024213072436,96.239805258202978,97.607218639881467,99.649372006249905,102.19744001404251,105.10923258719413,107.87562282677754,111.42365874116149,115.28412665120049,119.21937679460825,124.60482276089897,129.67237511943677,136.09908238569187,142.61634561627579,150.31344361235824,159.68172566668363,168.97671060629364,180.94443021485495,193.00846504533547
0.73205552949753772,92.265276029414963,92.255876406918105,92.456830319060828,93.371313322801143,93.884717031825858,95.387631644720386,96.240432314036298,97.607862696913799,99.650026022445672,102.19809333060766,105.10990993837549,107.87631914139274,111.42439475549327,115.28487668532762,119.22017652684008,124.60565713369579,129.67324938237289,136.10003316384973,142.61733777782501,150.31449707935099,159.68284833293001,168.97789403989009,180.94569327701174,193.00984813619289
0.73205564186614236,92.265897363220574,92.256502392490802,92.457437134657084,93.371940504624945,93.885351878136134,95.388267016813188,96.241054516733129,97.608503646195459,99.650702668994199,102.19875803592004,105.11061945056645,107.87704810535797,111.42514922255941,115.28566855981262,119.2209902657778,124.60652909233613,129.67414625493257,136.10098133712745,142.61835135414003,150.31557480286574,159.68399670343933,168.97913664817315,180.94703128860419,193.01124686266849
0.73205575690880342,92.266537432864425,92.257148030905228,92.45807256234184,93.37257754841994,93.885983201456838,95.388919408160291,96.241706298471399,97.609173811211804,99.65138874315744,102.19944385886993,105.11132474322949,107.87777335555802,111.42592104997311,115.28645372631217,119.22182971229631,124.60739492605353,129.67506313096965,136.10196698077925,142.61938413792086,150.31664897735754,159.68515867823589,168.98038493285276,180.94837486728647,193.01271909104253
0.73205587468915578,92.26718229132166,92.257798477519827,92.458726054581348,93.373223380229319,93.88664590180997,95.389578684884327,96.242372291762877,97.609860162152472,99.652099039853056,102.20015648111803,105.11205221992714,107.87853491846545,111.42670115651708,115.28728164857603,119.22267997129529,124.60830738436198,129.67601609533449,136.10296338755143,142.62043900600111,150.31779802584788,159.68636076672556,168.98164720364002,180.94976128486451,193.0141972618585
0.73205599527234899,92.267853090357676,92.258475015165459,92.459394251905906,93.373897511497489,93.887299774876738,95.390259854513715,96.243047517222294,97.610561693665659,99.652812065072794,102.20087627956309,105.1127915959114,107.87931708230099,111.42750219921436,115.28812687376922,119.22357552812173,124.60922955004935,129.67697116264753,136.10399678542308,142.62151943509525,150.31893721954839,159.68759390557534,168.98296802651748,180.95116482894809,193.01570550818724
0.73205611872508247,92.268536367530032,92.259165270847006,92.46007953957087,93.374579342798825,93.887982883094082,95.390950250079186,96.243748356042488,97.611292975052493,99.653551023449836,102.20160032272906,105.11356008335497,107.88009891842739,111.42833054498988,115.28897895239425,119.22445806700125,124.61016619450675,129.67796345119132,136.10503909296676,142.62262092839228,150.32011374326976,159.68882846036286,168.98430079832906,180.95261645743449,193.01727064770239
0.73205624511564349,92.269230826786952,92.259858321431238,92.46077540783881,93.375283604462311,93.888695329718757,95.391662229278154,96.244463688613905,97.612017749568622,99.654307483775483,102.20236147195101,105.11433898920222,107.88091098498262,111.4291868250948,115.28984942317766,119.22537743928115,124.61113437324821,129.67897691574763,136.1061252833897,142.62375482367497,150.32130452810816,159.69013366317813,168.98568180551229,180.95411344403692,193.01885451235285
0.73205637451394379,92.269946895838075,92.260587659820885,92.461486861287995,93.375997002898657,93.889412655415072,95.392397613206413,96.245185804342327,97.61277134363263,99.655072800382186,102.20313409859955,105.11514705551599,107.88173032162013,111.43003579287688,115.290758593801,119.22633481332741,124.61211217923119,129.6800120525877,136.10724075062899,142.62491887723445,150.32254363371612,159.6914536919503,168.9870863836768,180.95561940094922,193.02049804864509
0.73205650699155933,92.270680132434791,92.261325580118864,92.462233077796554,93.376737374150252,93.890147908048675,95.393138201729016,96.245927502619452,97.613554377487162,99.655869841804815,102.20393164699271,105.11595820466391,107.8825841800026,111.430921349649,115.29167749676344,119.22728583663411,124.61313074185455,129.68107614776818,136.10834359246655,142.62610894335376,150.32382295906427,159.69280333563074,168.98854053832474,180.95717290224275,193.02215619606432
0.73205664262176906,92.271424788636068,92.262073777495971,92.462978976076556,93.377484448064934,93.890897614895948,95.393900417944678,96.246699536881351,97.614332616583852,99.656683617879025,102.20474970780924,105.11680287046693,107.88345123809995,111.43182940202314,115.29263465822805,119.22826513899781,124.6141815403389,129.68217662388633,136.10951741031022,142.62731128701853,150.32509022095473,159.69419641351851,168.98999838610325,180.95879792076448,193.02386916546675
0.73205678147959574,92.272200810144568,92.262856579247455,92.463752067073074,93.378258402204665,93.891671864421369,95.394680730049004,96.247478788383887,97.615133352788689,99.65750417919844,102.20556395115273,105.11766345427168,107.88434485103426,111.43275738821103,115.29359184909845,119.22927879587951,124.6152348063697,129.68329679228191,136.11069081824826,142.62855762291292,150.32642359599413,159.69560748281219,168.99149801558815,180.96040259695292,193.02563514455687
0.73205692364184771,92.272978243010584,92.263644526559801,92.464540403867431,93.379050810213812,93.892466205990786,95.395484869630309,96.248284973691625,97.615959132210264,99.658351052694343,102.20642362547005,105.11853186404915,107.88525654704426,111.43370039266665,115.29458405523837,119.23033642497467,124.61631906564435,129.68441747142788,136.11190773385897,142.62984250261798,150.32778102761222,159.69704629651096,168.99306401937793,180.96207749980385,193.02738730086276
0.73205706918716096,92.273790968749381,92.264449314043304,92.465341549512232,93.379853159411141,93.893280577070982,95.396298174331605,96.24910175678815,97.616807786391291,99.659230678342283,102.20728510697154,105.11943837081708,107.88618573632266,111.43466710517532,115.295598141136,119.23137213134032,124.61742632126698,129.68558672019572,136.11314577327721,142.6311465879262,150.32916726097756,159.6985110900423,168.99465953756589,180.9637538725583,193.02924875714234
0.73205721819604275,92.274619354466267,92.265276936588634,92.466172801028733,93.380684642201231,93.894095059375104,95.397143792677525,96.249944546059851,97.617687372978253,99.660117758172419,102.20817880859613,105.12036354666634,107.88713954031118,111.43566119476964,115.29661900971041,119.23247250440181,124.61857096129097,129.6867982087133,136.11440536034934,142.63248254855716,150.33059615172533,159.70005770069838,168.99626367382007,180.96551683768485,193.0311164646555
0.73205737075091637,92.275448071988649,92.266127532078826,92.467014140846004,93.381536211156345,93.894948436634877,95.3979973399546,96.250804773266282,97.618575772241456,99.66102707698883,102.20909827885771,105.12129867310796,107.88811478912248,111.436682697371,115.29768494337623,119.23357004948775,124.61972519280243,129.68801629335212,136.11571088684286,142.633855377484,150.33205402264139,159.70159227114345,168.99792275454092,180.96731998437463,193.0330306578835
0.73205752693616633,92.276319013020839,92.267009762832458,92.467878135899809,93.382396377932309,93.895817496206291,95.398881879707915,96.25168321887395,97.619475376221089,99.66196539543671,102.21003689167992,105.12226702155749,107.88912940329101,111.43772566349071,115.29877594401842,119.23471011652146,124.62092982901959,129.68925982100336,136.11703559662419,142.6352518145286,150.33353100973909,159.7031834998852,168.99961092441663,180.96913126641448,193.03500354038988
0.7320576868381854,92.277199007923628,92.267887302306917,92.46876313161556,93.383279490186396,93.896701434136048,95.399775411795417,96.252585248734249,97.620409046121495,99.662917746351013,102.21098767779768,105.12325226509711,107.89015336375087,111.43880151373378,115.29988182623856,119.23586503093247,124.62214809180296,129.69054569838045,136.11840707750525,142.63668553398747,150.33504349044961,159.70479055074975,169.00137474363146,180.97101998808648,193.03705103960965
0.73205785054542227,92.278103728738643,92.268792710925482,92.469675555508729,93.384188121293846,93.897615532692726,95.400701318456413,96.25351000298906,97.621360525059572,99.663891977161256,102.21196337659057,105.12426705969847,107.89118992115255,111.43989353241341,115.301025206536,119.23706611699163,124.62340634041175,129.69185063952318,136.11980043971562,142.63814804548747,150.33661336486693,159.70647052364075,169.00313351733348,180.97292887442745,193.03909633812873
0.7320580181484303,92.279031218626187,92.269730021784198,92.47059826810073,93.385121825245733,93.898546149965114,95.401643080407666,96.25445993856556,97.622333504245034,99.664889007981401,102.21297034302916,105.12530078066266,107.89227280549312,111.44100867541783,115.3021882235189,119.23829425505392,124.62469067145867,129.69321310995292,136.12122545700549,142.63966546150186,150.33822558569227,159.70817293018627,169.00496998751623,180.97488749084732,193.04122532047768
0.73205818973991799,92.279990058890689,92.270676794494648,92.471547196375468,93.386076071954449,93.899502876680344,95.402603313686996,96.255423488510132,97.62333102789853,99.665915260648035,102.21399227105576,105.12636979741001,107.89337045907814,111.44215520578291,115.30338500474318,119.23953376417194,124.62598582587088,129.69457357510692,136.12268375678832,142.64119008594571,150.3398584063325,159.70993881148024,169.0068138658753,180.97693528598757,193.04335705954873
0.73205836541479985,92.280950583714002,92.271663627911039,92.472522687337914,93.387046637606545,93.900482430359261,95.403594372219231,96.256424622493796,97.624354618284997,99.666958469857491,102.21504159192409,105.12745040661321,107.89449175878326,111.44333043447114,115.30460428318838,119.24080273477011,124.62733600797947,129.69599272165942,136.12418337839335,142.64276601480378,150.34153538937244,159.71171107800183,169.00874898763141,180.97901860471029,193.04558090014325
0.73205854527024916,92.28195552366742,92.272663405634376,92.473517678645294,93.388044714185526,93.901480266918952,95.404602788436023,96.257426994605339,97.625398265394324,99.668039943684562,102.21612233544511,105.12855982118708,107.89565050327656,111.4445347543442,115.30585384163351,119.2421182316466,124.62870524723985,129.69742989743099,136.12571018100425,142.64437309571804,150.34323042167671,159.7135411745403,169.01069256268966,180.98108533719642,193.04781266905775
0.73205872940575167,92.282955443501123,92.273685427560849,92.474548954472994,93.389059436696698,93.902496617080033,95.405640783494164,96.258459404223686,97.6264760966842,99.669131306858617,102.21721257163153,105.12970703674,107.89682511395949,111.44576576327017,115.30713853659836,119.24346153020451,124.63011883128638,129.69890470709652,136.12728363805945,142.64601324516843,150.3450019886368,159.71542016068997,169.01270720516186,180.98326989275665,193.05017792274884
0.73205891792316058,92.28401246338035,92.27473616185307,92.475584413179604,93.390114283971343,93.903546505905979,95.406710478739114,96.259526161520625,97.627571919922048,99.670265796685271,102.21834032860716,105.13087050613103,107.89803806371856,111.44701176521266,115.30843814340187,119.24482224103122,124.63155774242477,129.70041098393267,136.1289014612048,142.64772048261511,150.34679151741148,159.71734483413456,169.01476925820316,180.98547184692143,193.05253997330874
0.73205911092675291,92.285078596210951,92.275813227130129,92.476652627832664,93.391167928981304,93.904617793265061,95.407782155984023,96.260619070861139,97.628688050768687,99.671424185966316,102.21949277225212,105.13206768610689,107.89926902901425,111.44829772292724,115.30980055788314,119.24623664184037,124.6330331257268,129.70198827725108,136.13053702950856,142.64943993902853,150.34864408860449,159.71929429869488,169.01685641033691,180.98773198410345,193.05495332405553
0.73205930852328738,92.286166323279758,92.276918121151539,92.477745587919344,93.392273978632147,93.905716168181243,95.408902160354046,96.261729515132174,97.629847460510064,99.67259969709994,102.22068049573136,105.13329157128464,107.90055152518107,111.4496260117412,115.31115789327669,119.24768075167231,124.63454109153827,129.70355273933819,136.13222953426884,142.65120935063169,150.35050238487747,159.72132648243132,169.018987955169,180.99003732054553,193.05743809322303
0.73205951082206278,92.287288198851456,92.278050049542799,92.478869630340341,93.393396272284008,93.906835667337873,95.41004524832897,96.26286616310972,97.631024411606631,99.673813025954587,102.2218961122162,105.13454194619408,107.90184129171757,111.45096495166217,115.31256435314936,119.24914411290956,124.63609075071872,129.70515811179212,136.13394862649147,142.65302103717841,150.35243946596893,159.72336807388638,169.02120603246294,180.992422825424,193.05998947373882
0.73205971793497937,92.288424257068982,92.279186532137828,92.480013949247223,93.394548560638214,93.907992981079587,95.411205190142937,96.264033333791303,97.632226055415231,99.675042542661686,102.22312420916205,105.13582007084187,107.90316217440704,111.4523424311592,115.31401226095113,119.25064076358831,124.63767598973936,129.70683045787155,136.13569242775702,142.65488339190051,150.35440113945515,159.72547535692138,169.02344254438503,180.99485431030189,193.06263006341032
0.73205992997660008,92.289598506064067,92.280367744864634,92.481185381868272,93.395720541659102,93.909163117270509,95.412403381167678,96.265230029464874,97.6334554395944,99.676303780175658,102.22439674638008,105.13713608319813,107.90451473523353,111.4537620029696,115.31547821515051,119.25219109527097,124.63928548882541,129.70853219438141,136.13750151990098,142.65678038827173,150.3564532185701,159.72763984744233,169.02575529189198,180.99732231577946,193.06528906445601
0.73206014706421429,92.29081269960443,92.281577861213009,92.482394475566252,93.396923574433458,93.910374983446673,95.413616039884801,96.266458960639284,97.63471782752822,99.677597739984776,102.22569798363475,105.13847381202504,107.90591292518729,111.45521442104655,115.31699290009419,119.25377171539003,124.64095317775354,129.71028263929475,136.1393640563474,142.65872082293936,150.35849988628615,159.72984968209494,169.02813776464609,180.99989998868114,193.06801438692492
0.73206036931790242,92.292032305795146,92.282812225665111,92.483620591050567,93.398154943544796,93.911608495676774,95.414866167135187,96.267700582626276,97.636006327978976,99.678928661633108,102.22702594972725,105.13985286164461,107.90733346121124,111.45670988176789,115.31853013215732,119.25538132583461,124.64264374432241,129.71206407915452,136.14123986984487,142.66073068371043,150.36062684590433,159.73212223037262,169.03053273760452,181.00249622407136,193.07083842347492
0.73206059686060232,92.293277040673274,92.284086998166458,92.484882914297486,93.399421599009656,93.912875237765547,95.416149385629978,96.268999072661245,97.637332473601418,99.680287639705057,102.22838446264723,105.14125362006962,107.90880463418216,111.45820628157526,115.32012541660879,119.25704747245618,124.64438283924392,129.71389207908214,136.14319848325977,142.66276260396262,150.36279812673456,159.73442566781159,169.03301843819645,181.00515671070025,193.0736781266387
0.73206082981817777,92.294582364964299,92.285375456682232,92.486179669380363,93.400714799736306,93.91416978558118,95.417460975553695,96.270305293081037,97.638699568717129,99.681678987079067,102.22977968645864,105.1426934424926,107.91028225928676,111.45977694800604,115.32173727572808,119.25872583539604,124.64616874162311,129.71576820030168,136.1451824830292,142.66484310361557,150.36500905614957,159.73680985256942,169.03553502032446,181.00789218641148,193.07660249694891
0.73206106831948747,92.295902332814876,92.286715306923725,92.487497743619315,93.402039304761274,93.915495274013665,95.418808359929244,96.271648553094565,97.640087279440195,99.683109184152272,102.23119859589497,105.14417268235047,107.91181274850169,111.4613616384122,115.32339814312218,119.26046679723368,124.64798919477471,129.71766550677421,136.1472104933855,142.66697859513079,150.36727831896133,159.73924181881011,169.03814094606059,181.01069825296145,193.07964542615082
0.73206131249645678,92.29724015699685,92.288062589275796,92.488839886991627,93.403384592922521,93.916842780348816,95.420177093634265,96.273020320382784,97.641503079503309,99.684557514072367,102.232662078055,105.14569026302706,107.91337494233085,111.46298360576111,115.32509204840608,119.26224648960488,124.64986666215555,129.71963057434914,136.14928794318257,142.66916020031931,150.36961429764051,159.74172332787566,169.04078181074146,181.01354640219506,193.08270190932672
0.73206156248415022,92.298621082627506,92.289452406632336,92.490238139056601,93.404773106693028,93.918239995186013,95.421579402624047,96.274439579839964,97.642956223764486,99.686056179009029,102.23415723821745,105.14723017624783,107.91498107682128,111.4646562744274,115.32683779097351,119.26405992711807,124.65175999620988,129.72162911370106,136.15141667873104,142.6714130127948,150.37198598765099,159.74426032233168,169.04350857430836,181.01649555593758,193.08584146862995
0.73206181842084683,92.300037736978993,92.290877353509131,92.491651747674041,93.406193352511764,93.919661672553048,95.423027059794549,96.275877109437715,97.644442736185738,99.687573010985943,102.23568886611247,105.14881404016342,107.91661695823132,111.46637214284783,115.3286187538979,119.26593432080699,124.65371131233405,129.72367189746001,136.15358828631724,142.73977118413313,150.37443746364443,159.74686728940287,169.04628961536218,181.0194927546836,193.08907980988442
0.73206208044811605,92.301484068178979,92.292338973435108,92.49310068584964,93.407648116433847,93.9211122499255,95.424500053726661,96.277349312305887,97.645973329959816,99.689142641400394,102.23725065180042,105.15043392994994,107.91829587821485,111.46811577725384,115.33044688147857,119.26782660492609,124.65573728548043,129.72579984550975,136.15581936940725,142.74211675815604,150.37692715196317,159.74951521966432,169.04912818908633,181.02256248645426,193.09239740511111
0.73206234871089637,92.302967935080233,92.293831177412358,92.494589186746452,93.409134449233534,93.922606678068405,95.426010650011449,96.27886648445201,97.64752610760479,99.690748153898312,102.23886022106308,105.15209205108113,107.92002336059522,111.46990231464224,115.33230366615317,119.26978046967997,124.65775339196261,129.72793208767689,136.1581089374813,142.74452963266231,150.37950657683541,159.75225757356384,169.05204596367548,181.02570212121645,193.09575804541964
0.73206262335757544,92.304487243454787,92.295355283506069,92.496110704465536,93.410652280002978,93.92413116046373,95.427554045458237,96.280410727518756,97.64912951687802,99.69239223562181,102.24050086206626,105.15378928419159,107.92177740762781,111.47174137977345,115.33422963713383,119.2717891811044,124.65986589760723,129.73012450244278,136.16044728703127,142.74700565077364,150.3821010714455,159.75505858459655,169.05503308295738,181.02894041398395,193.09921357517305
0.73206290454007206,92.306042028041702,92.29691997217742,92.497672959067131,93.412210232931102,93.925692008400802,95.429130483968038,96.282006621840992,97.650768890121981,99.694069420333108,102.24217038640199,105.1555254156774,107.92358548639095,111.47362228985367,115.33616824011187,119.27382820441562,124.66201940280735,129.73239002941409,136.16284247339354,142.74951470018277,150.38478741254221,159.75790733931353,169.05810207730246,181.03222156062111,193.1027574937325
0.73206319241392026,92.307639275761176,92.298527759907302,92.499267869883624,93.413813207305793,93.927299164937722,95.430756861969712,96.283619006866502,97.65244105149759,99.695778772816993,102.24389778572004,105.15731642184619,107.92541955686465,111.47553306387636,115.33817740615268,119.27593598674139,124.66420781040506,129.7346893723734,136.1652972392767,142.75209316069959,150.38753517078294,159.7608355175762,169.06122454446449,181.03559432817565,193.10635201616242
0.73206348713835534,92.309263576200465,92.300166351142252,92.500899723996554,93.415438584997901,93.92893276644827,95.432414091246756,96.285281308304548,97.654158073386498,99.697553278194391,102.24566274030076,105.15913713783084,107.92729926436732,111.47750287839153,115.34022311866647,119.27807696348464,124.66647488129092,129.7370597538029,136.16780514641869,142.75473595748917,150.39033485812979,159.76386901910155,169.06446260338998,181.03907544475805,193.11008326809679
0.732063788876402,92.3109400973226,92.301849931936886,92.502565036607848,93.417118330085941,93.930610843533941,95.434117547254573,96.286985119564633,97.655910385325114,99.699347828714963,102.24746272721313,105.1609995905892,107.92924658107586,111.47952038357107,115.34231628164707,119.28025905645336,124.66876557893556,129.73947059990314,136.17038478632458,142.75744293997559,150.39322155791888,159.76692588766309,169.06769621348212,181.04260956492362,193.11388370604982
0.7320640977949644,92.312632972225401,92.303557255829219,92.504271374044038,93.418829316920892,93.932325955982378,95.43585398088544,96.288729010499083,97.657703167678847,99.701189556217287,102.24930036080332,105.16291563517007,107.93123218911933,111.48157271424134,115.34446662549817,119.28251708468451,124.67112480168726,129.74197073379037,136.17302010664571,142.76020931963285,150.39616487929015,159.77005121368711,169.07107726818504,181.04623282915418,193.11779198208387
0.73206441406491873,92.31438723948304,92.305317272643151,92.50602109506508,93.420583398474264,93.934085042757943,95.437628839310491,96.2905000634928,97.659542565073934,99.703071169464238,102.25120296846944,105.16487115416021,107.93324684615072,111.48368163260238,115.34666837317491,119.28481279261905,124.67353946152434,129.74449974413437,136.17569979932159,142.76305459497962,150.39919004349213,159.77328133556148,169.0745045974254,181.04994920192985,193.12176317276317
0.73206473786120718,92.316176316031488,92.307132364261633,92.507818655340088,93.422380150084791,93.93588074453146,95.439444092422491,96.292332111333963,97.661425539110496,99.705020090026665,102.25313576998815,105.16687236967118,107.93533333192318,111.48584756468335,115.34891937231077,119.28716020390129,124.67601401126012,129.7470892252677,136.17845306343952,142.76595296171581,150.40225189126068,159.77659092464455,169.07805901829852,181.0537249086774,193.12584639020497
0.73206506936293558,92.31801587400696,92.308967967259377,92.50965469021321,93.424215644288779,93.937716736771108,95.441318961009529,96.294195381302416,97.663359897909686,99.706988978461595,102.25511543895118,105.16891951659272,107.93744407720806,111.48805279914814,115.35122989304728,119.28958033312665,124.67854445569537,129.7497412072189,136.18128161977074,142.76893102651957,150.40542934266705,159.77994493547885,169.08164361899253,181.05760956422455,193.13003136729094
0.73206540875347159,92.319882767074887,92.310868093532918,92.511530776719155,93.426098255007673,93.939603472441377,95.443226246887207,96.296112714164337,97.66534100215722,99.709011988834391,102.25714222338502,105.17101479854318,107.93962942765211,111.49032394969981,115.35359055822482,119.29204424309137,124.68114147271262,129.7524761803943,136.1841714237089,142.77196243842627,150.40865719792055,159.78341387802357,169.08533068880206,181.06160194229597,193.134308812565
0.73206575622054648,92.321799317436671,92.312793066394079,92.513468930512317,93.428021559539047,93.94153861851737,95.445182608698815,96.298072964087623,97.667349815921625,99.711082535734022,102.25922947187792,105.1731678957367,107.94185221983207,111.49263765981595,115.35600460078422,119.29457427521265,124.68380150548182,129.75525535365159,136.18714014757279,142.77507282410807,150.41198144637019,159.78695973994036,169.0891300099247,181.06568096004048,193.13866516050621
0.7320661119563594,92.323761448325968,92.314768622640258,92.515428919879923,93.429998512081511,93.943514202892402,95.447189707909274,96.300075447583367,97.669418492572731,99.713209788038512,102.26135447654815,105.1753559260178,107.94412275342984,111.49502490322266,115.35846976136236,119.29715795384982,124.68651720022172,129.7581243287932,136.19015572062926,142.77827957376576,150.41533164410066,159.79055580231943,169.09296388494113,181.06987097829551,193.14314087227103
0.73206647615768283,92.325776784779009,92.316795868406189,92.517453703254432,93.432018799809157,93.945534845010116,95.449229768142686,96.3021328079667,97.671541549920221,99.715386234118341,102.26351783503924,105.17761925396553,107.94645440342356,111.49744496875064,115.36100679968513,119.29981209349353,124.68930257388274,129.76102096512477,136.19326169358101,142.78152875799424,150.41881720587844,159.79427994359139,169.09692990323674,181.07414149014221,193.14773291604797
0.73206684902597208,92.327837778298999,92.318868697762809,92.519515183088515,93.434080807583086,93.947599753540999,95.451322164088197,96.304236645744822,97.673706266090448,99.717611622523691,102.26575570558271,105.17992840442457,107.94885278318179,111.49993019230897,115.36360116360083,119.30251100860187,124.69213794318784,129.76401498237828,136.19643599280244,142.78488605618622,150.42238281878235,159.79804301664262,169.10097081910499,181.07849682257802,193.15244287772657
0.7320672307674766,92.329955603960116,92.320998451516061,92.521622887452395,93.436200702377391,93.949726327446115,95.45347980371298,96.30637942480098,97.675927567725012,99.719891616645327,102.2680456595408,105.18228697621089,107.95129460575117,111.50247704789217,115.36624460811072,119.30530044687475,124.6950531753173,129.76707774950773,136.19969048289931,142.78831773050479,150.42601547780941,159.80194983960973,169.10513043653918,181.08298573169304,193.15726720657403
0.73206762159335392,92.332102361837315,92.323166112713807,92.523789981420123,93.438366696966114,93.951892977034731,95.455677046553319,96.308585340695572,97.678196750352072,99.722227784612187,102.2703678691505,105.18470446700667,107.9538028404495,111.50508594912026,115.36897733563092,119.30814892621129,124.69804102547641,129.77021033856727,136.20301631267648,142.79179067843506,150.42973894934403,159.805909484945,169.1093989232395,181.08758766926621,193.16217504762608
0.73206802171978647,92.334322114933457,92.32539024475409,92.526008131324488,93.440592545161053,93.954114551746898,95.45792074504061,96.310829181591544,97.680531268732011,99.724606190440682,102.27276311310197,105.18718273967534,107.95636311176349,111.50776122532989,115.37174470161335,119.31104793238774,124.7011038276396,129.77341375131073,136.20642470988241,142.79538097817567,150.43354391530738,159.80999343925942,169.1137335134481,181.09226274912362,193.16717656911351
0.7320684313681014,92.33660927906385,92.327683909123152,92.528274173680984,93.442857722897315,93.956389862480137,95.460237578150554,96.313148661301966,97.682908224061975,99.727054136790684,102.275202642144,105.18971128988051,107.95899417169858,111.51048826564875,115.37459981840584,119.31402852092288,124.70422899586265,129.7766882877695,136.20991389934352,142.79907034809003,150.4374473321659,159.81415603623464,169.11819323998498,181.09706542508502,193.17235597795661
0.73206885076489259,92.338902054274513,92.330020916477224,92.530601572634623,93.445182242994633,93.958722965708148,95.462595392073126,96.31550881054136,97.685353013708664,99.729557868700795,102.27771379095066,105.19230684789727,107.96168983407915,111.51328881851441,115.37752231005652,119.3170857272853,124.70742794776743,129.78005947485508,136.21348178814515,142.80282271038595,150.44144259341556,159.81842944020173,169.12274003203493,181.10197084600077,193.17764696333325
0.73206928014214634,92.341278539817722,92.332396672984032,92.532971662734781,93.447562429591926,93.961109510652022,95.46500519815163,96.317935496088467,97.687852732309693,99.732115980375966,102.28028918585187,105.19495716123129,107.96442306110839,111.51614453425282,115.38050406865659,119.32020701046713,124.71071130634664,129.78350692321692,136.21713342208386,142.80667829708545,150.44554033901659,159.82280218251253,169.12742652825546,181.10703931858734,193.18306017824216
0.73206971973736956,92.343707102751068,92.334840561801684,92.535410652290011,93.449997280858952,93.963545347458421,95.467476590169099,96.320408973617305,97.690396481644711,99.734751384690753,102.28290767702492,105.19767274858532,107.96723781561377,111.51908496267788,115.38355427340503,119.32340209413815,124.71406638717599,129.78703108021728,136.22089673523442,142.8106086794287,150.44973582839884,159.82726219620235,169.13219578860298,181.11217798749567,193.18858824297786
0.73207016979372108,92.346190428263071,92.337340478887199,92.53789516598772,93.452489643856097,93.966055184151628,95.47000514919273,96.322932373437652,97.693013957756193,99.737436169460125,102.2856035339355,105.20046153661315,107.97011439318157,111.52209120713451,115.38668560045335,119.32667863854294,124.71751689942175,129.79063242220582,136.22470503396471,142.81465133780148,150.4540367051959,159.83184659749531,169.13708382312325,181.11745748110116,193.19423530956556
0.73207063056014643,92.348738801436411,92.339911728762672,92.540448681567796,93.455045080507261,93.968604006728128,95.472595294551866,96.325546114847384,97.695710443877033,99.740179317625007,102.28834294066837,105.20330580420341,107.97307446776904,111.52515562630288,115.38988778443309,119.33002893064986,124.72102408872888,129.79432573648228,136.22864406833105,142.81878406260512,150.45841478733928,159.836532383757,169.14209175582073,181.12286690297333,193.20004712569062
0.73207110229151517,92.351352255271195,92.342535843901715,92.543055025642389,93.457665668822301,93.971225017816323,95.475256373370939,96.328196720474807,97.698449420626275,99.742995943463029,102.29117227036841,105.20622360145353,107.97609930318868,111.52831332311689,115.39316484833034,119.33345981585444,124.72462101790734,129.79811105992121,136.2326744197926,142.82300493247749,150.46290658976795,159.84133155393647,169.14722096401965,181.12839947415341,193.20597792408807
0.73207158524876192,92.354023477735609,92.345218777431,92.545738065688056,93.460334589010017,93.973902581823495,95.477964439789503,96.330921675373247,97.701252545190073,99.745879070876981,102.2940559066119,105.20920728589408,107.97918690415827,111.53153288039175,115.39652937426581,119.33696506681736,124.72831366200262,129.80198231558461,136.23678021064552,142.82732525970641,150.46750296020764,159.84625249780947,169.15246748438221,181.13407312835625,193.2120811048735
0.73207207969903121,92.356741223429708,92.347973785512295,92.548474690196599,93.463079521032341,93.97665158962991,95.480747016266832,96.333698602255026,97.704123686173261,99.74883222493736,102.29700886103092,105.21226056029627,107.9823527444205,111.53482555278242,115.39996012188567,119.34056012352085,124.73208808055642,129.8059406285829,136.24098210615193,142.83175718791608,150.47221417509718,159.85130743827176,169.15783992927027,181.13983856332925,193.2182978362398
0.73207258591582447,92.359539364777447,92.350784787828161,92.551276657522976,93.465888702176017,93.979465804975916,95.483594386649202,96.336558015136688,97.707072168403101,99.751846393777669,102.30002745945239,105.21539107945136,107.98559762610603,111.53820424228252,115.40348466118303,119.34423939612316,124.7359577526513,129.81000309957017,136.24528486005147,142.83629908342118,150.47701667157526,159.85643099361914,169.16335048170731,181.14577002786973,193.22465921370167
0.73207310417915183,92.362395732714504,92.353670481526933,92.554147441253008,93.468757896276657,93.982338641970273,95.486515496708307,96.339478233057889,97.710086190345464,99.754939003818436,102.30312887993205,105.21859981561283,107.98891764864311,111.54166076914407,115.40708250829266,119.34800378169894,124.7399137583925,129.81416281777638,136.2496852254626,142.84093768817547,150.48197387946857,159.86170685265097,169.16897872103436,181.15186130247457,193.23119920415047
0.73207363477568688,92.365329930475127,92.356629479658295,92.557083554933342,93.471702722486953,93.985279381147848,95.489495849560626,96.342465559548145,97.713178322363092,99.758112384879496,102.30629866717572,105.22188887991797,107.99231336298908,111.54519042418542,115.41076960987266,119.35186993147363,124.74395769352122,129.81840530715272,136.25421909663419,142.8457064812028,150.48703000493697,159.86709547878854,169.17476941573113,181.15810884867096,193.23786537537671
0.73207417799892527,92.368331504043454,92.359641935105174,92.560092968749814,93.474709123926004,93.988301859168132,95.492544781594916,96.345523806976416,97.716321892246924,99.761345556755259,102.30954420519265,105.22524123210314,107.99579575167445,111.54882078889204,115.41455580604452,119.35581389335857,124.7481155858768,129.82276136511064,136.25883999579673,142.85056844312203,150.49220699398575,159.87263405325211,169.18064198271895,181.16444483576925,193.24470442845632
0.73207473414934698,92.371404942114168,92.362744000172825,92.563162887196086,93.477790860157256,93.991389758019068,95.495674190246064,96.348651688305836,97.719559673583717,99.764665589402284,102.31287033584886,105.22868200439189,107.99935048072075,111.55253446391362,115.41842491216812,119.35987004435447,124.75235882840207,129.82721274482174,136.26357747143629,142.85554891622451,150.49750444650272,159.87828410484508,169.18669791061984,181.17098654098663,193.25172155368637
0.73207530353458261,92.374557308259682,92.365897307689011,92.566315235428192,93.48094381231931,93.994554542066908,95.498869936967822,96.35186819660521,97.722875313229451,99.768064310261252,102.31627405708787,105.2321895047462,108.00300527627041,111.55633478820891,115.42236685026728,119.36400826520548,124.75670518034167,129.83178296031838,136.26842177638173,142.8606700615419,150.50291610741988,159.88408167590387,169.19287234108197,181.17766201259656,193.25889464356442
0.73207588646958333,92.377770221213723,92.369162060593226,92.569548262072203,93.48418303825747,93.997781941245194,95.502156049722544,96.355157723886805,97.726259978990129,99.771541907586652,102.3197538317545,105.23578953670221,108.00672949556974,111.56020701087618,115.42641949226163,119.36824790322135,124.76115849110647,129.83647680345166,136.27337541126326,142.86587299231905,150.50848316276824,159.89000652752293,169.19923347877193,181.18449936942488,193.26624285567232
0.73207648327679542,92.381067452439311,92.372460654118186,92.572851312907005,93.487484258821496,94.00110274553299,95.505525025579118,96.358515202948183,97.729733947453497,99.775099452672293,102.32331284752217,105.23948037550508,108.01055355119752,111.56420434214306,115.43056152387726,119.37257783945097,124.76571733228047,129.84124344057636,136.27847324634786,142.87122894167987,150.51417013533501,159.8960803186128,169.20573580828204,181.19148494157707,193.27372411874967
0.7320770942863386,92.384453241887968,92.375856805600051,92.576235898930463,93.490869624743937,94.004500191458646,95.508947005859227,96.361950492657343,97.733293561315804,99.778755920924596,102.32696832853617,105.24326096072036,108.01446946438955,111.56827460554268,115.43480992725745,119.37702625344537,124.77037898726121,129.84614373519435,136.28367139217153,142.87670965767029,150.51997931036749,159.90228845442471,169.21232725218579,181.1986627271981,193.28142582856526
0.73207771983618819,92.387902308058983,92.379347302987298,92.579694428488438,93.494339367840439,94.007964400334458,95.512470539186324,96.36547707923819,97.736918692356994,99.782482752587384,102.33070215711268,105.24713201001578,108.01846460492379,111.57244481776797,115.43915182098863,119.38156703799905,124.77515171005507,129.85114138501376,136.28898506546102,142.88230789673253,150.52593849854748,159.90866521302814,169.21914301117795,181.20596526531153,193.28931060362083
0.7320783602723625,92.391439679893665,92.382907937142591,92.583244526584167,93.497883061179891,94.011518540377438,95.51606940660713,96.369088010014821,97.74064570443079,99.786310693154519,102.33453160594945,105.25109174729369,108.02256736973141,111.57672333364826,115.44361300023957,119.3862244585689,124.78005759043299,129.85627929151815,136.29445270557335,142.8880449098142,150.53204373618792,159.91518641829316,169.22611120198417,181.21348305946594,193.29737863447372
0.7320790159491144,92.395065003645868,92.386562262541702,92.586874521373829,93.501516413369245,94.015165202352364,95.519757391492021,96.372780530542514,97.744456938824442,99.790214552733232,102.33845147341344,105.25513896058692,108.02676699563017,111.58109516397599,115.44816888875357,119.39099339111999,124.78504847070144,129.86153223831207,136.30003154683072,142.89391331178922,150.53827726375312,159.9218390260794,169.2332446386863,181.22117633836751,193.3056395146923
0.73207968722912642,92.398775032346748,92.390283929256839,92.590591915195546,93.505233627416601,94.018892485426477,95.523527915076556,96.376562711597217,97.748358248849399,99.794219266266737,102.34245588890917,105.25929118070053,108.03106994357222,111.58555970899397,115.4528375926493,119.39587860635947,124.7901727705248,129.86691403600707,136.30574396444717,142.89993889971083,150.54468366254878,159.92867178402958,169.24052097713866,181.22904791738983,193.31408024209668
0.73208037448371233,92.402562765953917,92.394110588556941,92.594388693389192,93.509043562091392,94.022700571520545,95.527393671669415,96.380433344274934,97.752353895404667,99.798323094935768,102.34656939899287,105.26353718513201,108.03546323119372,111.59014065883093,115.45761253212913,119.40086375708779,124.79542156231764,129.87240904520149,136.31159623503481,142.90608699203585,150.55122190821567,159.93566788377939,169.24797939479322,181.2371017688929,193.32273658824124
0.73208107809302214,92.406444583979464,92.398011749901343,92.598288170982414,93.512948685485753,94.026613194357196,95.531346293981187,96.38438764770035,97.756444508693676,99.802519400178426,102.35076473717345,105.26788834489344,108.03997070711193,111.59482740391468,115.46249706663002,119.40599162384024,124.80079911279608,129.87804643734125,136.31758051815268,142.91240534050303,150.55791866851359,159.9428217716486,169.25562389457627,181.24535002960329,193.3315854919565
0.73208179844625199,92.410427661077847,92.402029439945181,92.602272985503078,93.516939253666351,94.030609867011663,95.535394188416831,96.388450162878144,97.760632862176863,99.806823399288987,102.3550631097969,105.2723353032743,108.0445883917746,111.59963601162235,115.46750635186254,119.41123169542698,124.80629402881459,129.88383102067746,136.32369877905876,142.91885775180708,150.56479281108477,159.950125520656,169.2634538678758,181.25380251917522,193.3406775909898
0.73208253594186012,92.414499683032773,92.406120856510825,92.606363258357305,93.521023925179179,94.034705891903286,95.539548449898575,96.3926030040966,97.764925843643141,99.811222669137351,102.35947087750901,105.27689575012846,108.04930317644539,111.604553743,115.47261906808853,119.41657844337897,124.81192111896962,129.88972925584676,136.32998340397899,142.9254709993038,150.57180403683742,159.95763108715619,169.27149792079581,181.26243636925938,193.34993431532348
0.73208329098778679,92.418673746658897,92.410327097306435,92.610531798076408,93.525215991165169,94.038898014445294,95.543781101525383,96.396849306474905,97.769311363183078,99.815714647585992,102.36398833517524,105.28155865931694,108.0541467240073,111.60958901334016,115.47787374044492,119.42206959640316,124.81767622732877,129.89579736025189,136.33640377788106,142.93222816396883,150.57899159361841,159.96533799789177,169.27966561385256,181.27129061328014,193.35942883162352
0.73208406400168036,92.422945982118108,92.414618957893254,92.614811722636659,93.529484689275705,94.043179975535168,95.548132934956811,96.40120201121681,97.77380380595423,99.820338753976102,102.3686094629993,105.28632673016182,108.05908310720406,111.61474699493192,115.48324006115581,119.42768755595898,124.82358589593059,129.9019731206281,136.34298159104219,142.93914445122937,150.58638057892676,159.97319127907394,169.28808777828817,181.28034599165403,193.36916253499658
0.73208485541112767,92.427315128745249,92.419027288200596,92.619189007644309,93.53387379281412,94.047578303194314,95.552582360807719,96.405661085071188,97.77840687186108,99.82505543481966,102.37331873759467,105.29123431230983,108.06414980451154,111.62001054066423,115.48874090084064,119.43343178067153,124.82961883515236,129.90832540101837,136.3497197311226,142.94623641193903,150.5938846700592,159.98123139735981,169.29666704616102,181.28963137354731,193.37911764899036
0.7320856656538911,92.431794129854097,92.423525712372793,92.62367700633331,93.538364665688277,94.052074268456636,95.557144242131471,96.41022398091809,97.783110193351604,99.829887205665727,102.37815355703788,105.29623727317448,108.06935200270163,111.62542469142136,115.49437051610585,119.43932959027006,124.83580589591293,129.91481683096208,136.35661941059516,142.95350909422268,150.60161830616562,159.98946904090553,169.30547134490189,181.29913339360792,193.38932151164045
0.73208649517815072,92.436356944657746,92.42814369673215,92.628268803804531,93.542951411895046,94.056674807514355,95.56179695564424,96.414894400568301,97.787932066399662,99.834840639170579,102.3831145982258,105.30136044133906,108.07464396013893,111.63094365939469,115.50013160952585,119.44534739982191,124.84214156265807,129.92145236796205,136.36368280804891,142.96092697072891,150.60949890335905,159.99791762560199,169.31448671237013,181.30884951593907,193.39979321425199
0.73208734444275159,92.441051642988896,92.432856153427565,92.632961920095113,93.547660399872257,94.061393555792165,95.566566994777531,96.419684315198538,97.792878199921688,99.839895707722462,102.38818731030551,105.30661368214351,108.08008190663168,111.63662624358039,115.50602589095797,119.45152727673849,124.8486176235383,129.92825005520717,136.3709205933701,142.96853506218031,150.61760192817746,160.00653603483079,169.32371689756837,181.31880012858892,193.41045725243748
0.73208821391745826,92.445857350547158,92.437702144852665,92.637773807862686,93.552480495418422,94.066222590226971,95.571454972810898,96.42457110779651,97.797918654970999,99.845084413347649,102.39337863612673,105.31197879923275,108.08564582140389,111.64240270130176,115.51206285063745,119.45785211507609,124.85525653245713,129.93521688986948,136.37829695428081,142.97632144877571,150.62586540168559,160.01537559644203,169.33315140699415,181.32899032652494,193.42140065949934
0.73208910408321459,92.450780415147165,92.442638441581948,92.642708458355628,93.557403329537919,94.071153618522658,95.576459258729301,96.429588719995081,97.803099342236237,99.850391476713412,102.39870533672001,105.31747314677341,108.09134617431846,111.64833212439771,115.5182500586634,119.46431062960619,124.86205147711007,129.94234953320847,136.38587618748716,142.98429205830325,150.63434474985115,160.02443338592275,169.34281145760178,181.33943482317409,193.43259550272342
0.73209001543240904,92.455804327066289,92.447714758993243,92.6477399037758,93.562455215833324,94.076210406703467,95.581569867747021,96.43471783856512,97.808392809547513,99.855829401407391,102.40413400353646,105.32311265842509,108.09717463523702,111.6544136457378,115.52459537264076,119.47094538730744,124.86900397379213,129.94965007062274,136.39362260606867,142.99245331061684,150.64301257661282,160.0337127718667,169.3527275690285,181.35010904122464,193.44406778355187
0.7320909484691478,92.460953302219423,92.452897783219669,92.652902097172046,93.56762119429186,94.081384897966927,95.586828568139026,96.439968221609888,97.813820572497207,99.861390077359829,102.40970010105229,105.32888043382991,108.10314798667969,111.6606359139696,115.53106814796411,119.47772284701932,124.87611789746006,129.95712427364197,136.40156228315755,143.00082594156265,150.65189654802816,160.04318198295368,169.36287083938078,181.36104938695644,193.4557967787041
0.73209190370953359,92.466228928777127,92.458210909855552,92.658188804023666,93.572912373798317,94.086690009247832,95.59219431324891,96.445350733534724,97.819366775132949,99.867090032745182,102.4154136225734,105.33477193013459,108.10926068397748,111.66700685818432,115.53769377559365,119.48467137050466,124.88340825429623,129.96477082704223,136.40968546558724,143.00936835086759,150.66099855727953,160.05290470796172,169.37323517323239,181.37224114525452,193.46783922849863
0.7320928816819503,92.471626055816159,92.463644533228944,92.663600586496614,93.578340384501644,94.092106465053803,95.597688211644709,96.450853191912756,97.825045965433674,99.872919964182074,102.42124301908916,105.3408018450973,108.11551444125143,111.67351249868443,115.54449341503278,119.49176835021353,124.89088062319934,129.97259921176737,136.41798685620597,143.01813934363599,150.67031576683803,160.06284948033135,169.3838672683778,181.38369188113575,193.48015414701513
0.73209388292735667,92.477155033098825,92.469203608241514,92.669138008244772,93.58386886855078,94.097670928251318,95.603310078957293,96.456492005836481,97.830864828072663,99.878896242640621,102.42721938583418,105.34699015302249,108.12192437677368,111.68019246643962,115.55143370482256,119.49904166038323,124.8985118981509,129.98062863355153,136.426523094,143.02708573286509,150.67983481258125,160.07301406955958,169.39472625806957,181.39543534228869,193.49273194043781
0.73209490799958399,92.482809701723454,92.474902847963676,92.674809943535365,93.589543612903071,94.103353462891391,95.609062401810661,96.46226316962202,97.836832846198377,99.885005511496274,102.43333905479813,105.35332240673961,108.1284864103327,111.68702010552806,115.5585648656488,119.50647488616232,124.90634086477075,129.98882973180298,136.4352452461826,143.036274213875,150.68960849070572,160.08343149173743,169.40586046149838,181.40742414875422,193.50565194700903
0.7320959574656436,92.488613694895321,92.480744478078122,92.680611410785787,93.595358691440197,94.109171015086758,95.614962765492237,96.468169813459099,97.842919190545217,99.891257848732494,102.43960091377448,105.35980599882896,108.13519325885864,111.69401310342437,115.56584423782988,119.51410835191928,124.91433170279925,129.99722281828144,136.44416982765688,143.04566565788991,150.69958673179644,160.09410560620745,169.41725003495958,181.41972776404873,193.51882164433482
0.73209703190604003,92.494527448674489,92.486710840090382,92.686561657017592,93.601308240402432,94.115134054583905,95.620998824182607,96.474214753794513,97.849161296104285,99.897662024355668,102.44602530918201,105.36643846282095,108.14207161579179,111.70117593777104,115.57330436711345,119.52191980913631,124.92252270635072,130.00583581852698,136.45330425672728,143.0552885774232,150.7098033245129,160.10500831076206,169.42892486776691,181.43234210888477,193.53233580390952
0.73209813191509221,92.500600930397923,92.492819963499642,92.69264739135906,93.607403662590514,94.121235397091368,95.627177409678552,96.480411493976135,97.855561079384643,99.904224908088509,102.4525780376498,105.37323680961708,108.14910755992969,111.70850479694127,115.58094775443533,119.52990669877181,124.93092601888202,130.01465001094766,136.46267746477679,143.06513797563093,150.72028808151663,160.116219624113,169.44086298116599,181.44520225653105,193.54618593869964
0.73209925810126208,92.506802172676544,92.499078063450725,92.69886726171535,93.61363656739195,94.12748526098585,95.633503725617629,96.486741343393078,97.862094906966377,99.910936442938691,102.45930494159984,105.38018508923051,108.15630903753117,111.71599855670866,115.58877156740346,119.53807145208702,124.93950538663194,130.02366135962075,136.47223899918026,143.07521535325941,150.73100392505148,160.12765022654639,169.45309028640622,181.45840652932384,193.5603483826344
0.73210041108749135,92.5131784196019,92.505483823508257,92.70524599979035,93.620021092367097,94.133885355247912,95.639980638396082,96.493232482116582,97.868791225115274,99.917806047313206,102.46618142028092,105.38730675721672,108.1636859504215,111.72367705822035,115.59678535181592,119.54646467731072,124.94831928855274,130.03289509299066,136.48205036489526,143.08554621258372,150.74197842162539,160.13938103799592,169.46560945462261,181.47192583903234,193.57484768955328
0.73210159151154597,92.519699088003108,92.512047061969497,92.711774657498609,93.626554407797812,94.140428759939823,95.646612911361444,96.499874968943914,97.875647169443255,99.924848686110636,102.47323253690047,105.39459495565097,108.17124048632832,111.73155641403719,115.60496935856645,119.55503068655526,124.95731347475521,130.04234227990673,136.4920953711844,143.09612518094946,150.75321409809112,160.15138374843809,169.4784316064688,181.48576686652814,193.5896973518611
0.73210280002636896,92.526357115249994,92.518759972484986,92.718453573816078,93.633242968109698,94.147130703444418,95.653399166320014,96.506676832235826,97.904622362224472,99.932050866729696,102.48043106452315,105.40206346062041,108.17897264165367,111.73959968638883,115.6133663370565,119.56381351454911,124.96652463125793,130.05202127460507,136.50236875918199,143.1069322618132,150.76470791000611,160.16364570690348,169.49155301171413,181.499912997504,193.60490348405438
0.73210403730044127,92.533189606241649,92.525635443729698,92.725298161469254,93.640092720092071,94.153996155422647,95.660356245858566,96.513638957465446,97.911821718207648,99.93941955761693,102.48782067457432,105.40969136196509,108.1868783493519,111.74783160196603,115.62193803906848,119.57279022517469,124.97596714451356,130.06190831417916,136.51288329035742,143.11801275963808,150.7764736909885,160.1762339819179,169.50498980942939,181.51437071422697,193.62046807898878
0.73210530401815233,92.540180644926295,92.532680646829249,92.732307800746639,93.647111188845884,94.161022649146616,95.66746757016881,96.52077127388111,97.91918032286776,99.946972010664467,102.49538676530574,105.41752183532662,108.19498398389624,111.75627436414652,115.630742493242,119.58198518192512,124.98562988873891,130.07206217625208,136.52365485296468,143.12934233665146,150.78853060854453,160.18909117290605,169.51873049270944,181.52921905730182,193.63638626768807
0.73210660088017776,92.54732979279288,92.539870175576652,92.7394817195418,93.654283339197718,94.168209374591243,95.674748375502531,96.528063472534996,97.926725270375755,99.954716153744812,102.50311819652416,105.42552097326552,108.2032739419592,111.76492482391768,115.63973699856797,119.59140931546426,124.99549613431736,130.08244783530972,136.53468967970548,143.14095574267412,150.80087711975648,160.20226320410438,169.5328023562106,181.54440361961315,193.65270398314897
0.7321079286038672,92.554657661057718,92.547254179062293,92.746815520422388,93.661630043472542,94.175574210807099,95.682206475568819,96.53552460152423,97.9344375793371,99.96261361172219,102.51104615643271,105.43372351689686,108.21178284526104,111.77376406533222,115.64894532060134,119.60104207150289,125.00563775536284,130.0930649767397,136.54597809068946,143.15283587736485,150.81350649283559,160.21574733940361,169.54721289732697,181.55994561320404,193.66940712079668
0.73210928792364149,92.562163081856852,92.554805476549518,92.75433324417827,93.669150830392027,94.183105923653784,95.689832710449991,96.543176985276659,97.942350281264225,99.970717007425264,102.51914911305721,105.44211149024704,108.22046330610101,111.78281309465456,115.65839955907722,119.61091379878781,125.01598561973515,130.10394930207985,136.55753681113129,143.16499525271502,150.82642965173727,160.22956078439893,169.56195902534819,181.57587210724159,193.6865007095621
0.73211067959139842,92.569836964001297,92.562528302965802,92.762027809752908,93.676859738123312,94.190827334150526,95.697650712150789,96.551010495903029,97.950436294951942,99.979010767881846,102.52745813029833,105.4507006752392,108.22935975951987,111.7920736412525,115.66805260327601,119.62102715657966,125.02660443223431,130.11508673460776,136.56934579749941,143.17747572687222,150.83968190324231,160.24370653184451,169.57707963185385,181.59217930344312,193.70397599266289
0.73211210437692886,92.577704319563054,92.570447003825393,92.769901116742403,93.684744572128693,94.198720534917811,95.70563855155342,96.559023194095062,97.958721077200607,99.987499010279862,102.53595401888015,105.45949289212149,108.23846866137319,111.8015596207224,115.67792378965896,119.6313691553587,125.03747587485122,130.12649342341319,136.58148135156807,143.19020941530471,150.85322627019195,160.25817006057332,169.59254969030007,181.60886285960441,193.72191529945121
0.73211356306834263,92.585740587193868,92.578551042854087,92.777959485229076,93.69280665493352,94.206816275742312,95.713843607310992,96.567220486984297,97.967188148708374,99.996194081857539,102.5446515265794,105.46849557276073,108.24780078416734,111.81127671279683,115.68805731640896,119.64195460414339,125.04859523517371,130.13815694657387,136.59387170417176,143.20325170216529,150.86710614142794,160.27298784068262,169.60838015903573,181.62594653166161,193.74022330083972
0.73211505647250419,92.593980294230278,92.586839411145775,92.78621647960972,93.701076195182395,94.215080679579842,95.722219805764325,96.575628048623912,97.97587027723057,100.00508675282254,102.553553127138,105.47770160703658,108.25734099179317,111.82122275750589,115.69841375547549,119.65280222053843,125.05997140763793,130.15009978842136,136.60656335397653,143.21662802621722,150.88130374933098,160.28815850365936,169.62457101113978,181.64342645371653,193.75902262300951
0.73211658541547919,92.602413164117024,92.595338186143636,92.794676050711132,93.709534951012756,94.223561936869373,95.730805532701197,96.58422429719576,97.984758752769267,100.01420312462869,102.56267462961114,105.48714002800625,108.26711453198004,111.831398496568,115.70902429243142,119.66388205695694,125.07164302589081,130.16233519084199,136.61955881784525,143.23030269566516,150.89584368783835,160.30368271683255,169.64116368514806,181.66132704387564,193.7782161723153
0.73211815074299147,92.611055075289187,92.604028350844601,92.803321175004385,93.7181944718468,94.232235277089785,95.739590295492235,96.593028265782777,97.993859250516834,100.02353377181862,102.57200351657229,105.49680660499143,108.27711947280841,111.84183361454052,115.71987411915325,119.67525421066239,125.08356355941942,130.17486749523232,136.6328651681979,143.24429922336276,150.91072649812122,160.31958813165693,169.65816052843729,181.6796456188531,193.79789556279138
0.7321197533208903,92.619876227268833,92.612929590512067,92.812179090204154,93.727063963906403,94.241118243538949,95.748584046439646,96.602034913164971,98.003174627014232,100.03307477712588,102.58156526327002,105.50669005106101,108.28736513985859,111.85250374044335,115.73100233344303,119.6868823963523,125.09577338553208,130.18767983149155,136.64647940375289,143.25864897951396,150.92594877942611,160.33586802203354,169.675547954379,181.69840319256036,193.81806072394829
0.73212139403563015,92.628922802268789,92.622036669974477,92.821247427407798,93.736138912638125,94.250209196739888,95.757795320438163,96.611262103662739,98.012707946574665,100.04284744620236,102.59135102075743,105.51681362112504,108.29784465871126,111.86341269921468,115.74238864249128,119.69878327312472,125.10828178851079,130.2008108168302,136.66041341859818,143.27333626851032,150.94156997533719,160.35251534722192,169.69333224824368,181.71762481115729,193.83865717202571
0.73212307379476038,92.638194363782532,92.631356552581565,92.830535262179183,93.745430512823077,94.259510306772427,95.767219390207174,96.620702227333823,98.022459996602265,100.05285153117075,102.60135857368368,105.52717158108135,108.308584592447,111.87459283151838,115.75402522706281,119.71097346901661,125.12106846719689,130.21424547483912,136.67468079203536,143.28834440284845,150.95753862099809,160.36958526150556,169.71156068240089,181.73728964719339,193.85977757987712
0.73212479352742754,92.647684015981213,92.640910360540147,92.840037137335457,93.754935048178595,94.269037856884097,95.776866278341913,96.630383563293435,98.032454304535349,100.06309275849344,102.61162112597231,105.53777538683062,108.31956463893948,111.88602777185588,115.76596488929863,119.72345407564717,125.13418015064235,130.22799158154521,136.6892953465649,143.30373385095299,150.97388081324607,160.38702981848473,169.73020287010877,181.75739346563205,193.88139060574758
0.73212655418488937,92.657387542491051,92.650669289421785,92.849754191560351,93.764671791428555,94.278797314458643,95.786744179367815,96.640264356126863,98.042677629815444,100.07357883515579,102.62210461037103,105.54864475004069,108.33081124225646,111.89774936685717,115.77817961667461,119.736231721472,125.14761798167456,130.24207758530247,136.70426854722609,143.31947449919971,150.99064240504231,160.40492860344966,169.74930942532228,181.77800700226362,193.90351154588279
0.73212835674104049,92.667323520163336,92.660686651968717,92.859715258997312,93.774641956912092,94.288787265377323,95.796864259798895,96.650404461539438,98.053156883459451,100.08432014617574,102.63285240636469,105.55976763210856,108.34233682325066,111.90974562890187,115.7906729822098,119.74931192164513,125.16133298674686,130.25651466853014,136.71957229312102,143.33557848919008,151.00775256819907,160.42320233861392,169.76886329241825,181.7991122901949,193.92617103316297
0.73213020219295177,92.677494053004921,92.670926402421173,92.869914597245952,93.784848326464271,94.298999277172697,95.807209419508581,96.660775240299699,98.063871145401208,100.09530141021969,102.64384711880848,105.57115063476886,108.35412126249503,111.92202527900372,115.80346499172447,119.76268861377685,125.1753853678747,130.27124701885623,136.73522315156151,143.35210269543313,151.02531124437519,160.44195850773394,169.7888757393448,181.82068660247023,193.94934046201524
0.73213209156142167,92.687901548742957,92.681417962667183,92.880348995662644,93.79528882401064,94.30946658299581,95.817803891364747,96.671393073072977,98.074846565392363,100.10654483823237,102.65511429958133,105.58278063897524,108.36618906764124,111.93459225453989,115.81656535295042,119.77640627539586,125.18976630878751,130.2863552224153,136.75129167977138,143.36898115308577,151.04326115948788,160.4611067645601,169.80936036155617,181.84280448099162,193.9730919948197
0.73213402589154042,92.698562480836699,92.692145674096537,92.891034095016948,93.805992173663981,94.320192079918343,95.828664078715519,96.682264564300567,98.086083990805491,100.11807062246953,102.66664622903409,105.59471033951922,108.37855079699511,111.94747198562254,115.82998409442735,119.79043732200807,125.20451382208557,130.30183539442078,136.76771590411226,143.38627571532561,151.06164193649602,160.48075837183569,169.83032933813956,181.86542985701817,193.99741182765138
0.7321360062532688,92.709480497454933,92.703133585266187,92.901976206696418,93.816933212259755,94.331159013396245,95.839760200589808,96.693392907916859,98.097579581994069,100.12985760578158,102.67844700345086,105.60691853144817,108.39119287230278,111.9606289900039,115.84369404069366,119.80479547542927,125.21959199060075,130.3176521823334,136.78453429669753,143.40398603085487,151.08045971883985,160.50086067078519,169.85178885677306,181.88858943070227,194.02227965087513
0.73213803374202935,92.720652706320834,92.714388526088442,92.91316735350847,93.828145828825654,94.342371391707275,95.851137782661681,96.704781631655351,98.109358329686074,100.1419235402609,102.69051486173339,105.61942203317449,108.40414347550177,111.9741167894208,115.85775063461915,119.81949090263879,125.23502925998037,130.33384936153743,136.80174606834771,143.42210715365945,151.09972914346145,160.5214256941108,169.87377184587967,181.91231661490019,194.04771737378178
0.73214010947931285,92.732085774034203,92.725902344001952,92.924627285676252,93.839618709022034,94.353867972014996,95.862774935958441,96.716448821338417,98.12141011872518,100.15427796581207,102.70287874151836,105.63220875961633,108.41740250731527,111.98793524621578,115.87214091520946,119.84203728285866,125.25083989743143,130.35045770637953,136.81936774242058,143.44064696694113,151.11944728987146,160.54250925753149,169.89629029012576,181.93658661700465,194.07380556736462
0.73214223461329819,92.743792805093108,92.737693052036775,92.936366714242467,93.851361898756295,94.36563312042199,95.874700661319366,96.728383696514356,98.133751055433095,100.16693322777792,102.71554430483229,105.64530709051542,108.43096886318745,112.00205293761246,115.88687546981964,119.85745038434106,125.26701796011184,130.36743453026429,136.83742732339306,143.45965557108866,151.13962348925998,160.56403848459013,169.91932731376437,181.96142928188056,194.10050117332139
0.73214441031948785,92.755777929905889,92.749761057773867,92.94837666334206,93.863388815589133,94.377684727533051,95.886893170903932,96.740609373420739,98.146375033546065,100.17987899063883,102.7284977678828,105.65871865033114,108.44486499517734,112.01652128800924,115.90195237188527,119.87321572269138,125.28358686921274,130.38482293830748,136.85588793596253,143.47910507694905,151.16031259793817,160.58613822575717,169.94290321446897,181.98689813962119,194.12781728210393
0.7321466378013578,92.768051621049381,92.762124239347031,92.960679536143289,93.875687618718075,94.390030019458209,95.899377240661124,96.75311464133847,98.159307686335524,100.19314128352562,102.7417722531136,105.67245390290554,108.4590952237304,112.03134126243094,115.91738049925334,119.88936230570835,125.30056106502161,130.40261558848579,136.87480631080689,143.49901023147686,151.18147886882798,160.60870182931831,169.96703273351159,182.01294813445566,194.15576530187536
0.73214891829102335,92.780616880540038,92.774766815462499,92.973275262716925,93.888296030632773,94.402643391560559,95.912156863800192,96.765917761124001,98.172544548415317,100.20670146775956,102.75535514867443,105.68649828116031,108.47363828349262,112.04649517680082,115.93317943756483,119.90589571549935,125.31790700599959,130.42083576274308,136.89415691106842,143.51938146728207,151.20312552218093,160.63186720257363,169.99175194007694,182.03960181958973,194.18439098662202
0.73215125304992101,92.793475222297275,92.787715636957728,92.986150780179742,93.901188756604824,94.415551488502388,95.925249833202543,96.779035148960247,98.186093068314221,100.22060351073378,102.76924999038238,105.70088420523462,108.48853818108546,112.06201287387739,115.9493594499254,119.9228206848129,125.33567135907651,130.43950165039132,136.91396461895056,143.54024622620636,151.22529339983885,160.65553754518623,170.01705272765685,182.06689133723557,194.21372067745688
0.73215364336950539,92.806624862849276,92.800963952788152,92.999340019759984,93.914404328490491,94.428784876905411,95.938639770298323,96.792455801016331,98.199966847860196,100.2348197218198,102.78348062319128,105.71561319819375,108.50379974163297,112.07791466795607,115.96590550580004,119.94014751556824,125.35386735130305,130.458589490132,136.93425608464167,143.56158204978419,151.24800314360618,160.67977246990631,170.0429607346523,182.09483611024189,194.24372589660197
0.73215609057196462,92.820118364321388,92.814537612273853,93.012854476932262,93.927913979387085,94.442326351923839,95.952350875271804,96.806196691260993,98.214183273335948,100.24937327528096,102.79805161343756,105.73069266679158,108.51940453827046,112.09416910759683,115.98286355071832,119.95787894921159,125.3724817374532,130.47812881798745,136.9550188189678,143.58345511795051,151.27124326298508,160.70457991219882,170.06948204563378,182.12345848852419,194.27444540063152
0.73215859601095068,92.833903705814009,92.82843272295213,93.026679084850912,93.941749419493135,94.456180825669435,95.966390427125589,96.820257313938782,98.228706968413462,100.26427232232527,102.8129741512239,105.74611145133895,108.53540223624441,112.11082666590301,116.00021638677936,119.97603668800366,125.3915376452569,130.498148640414,136.97625729051651,143.60581002773688,151.29502457974013,160.7299909530193,170.09660296747461,182.15272042391734,194.305881967186
0.73216116107232909,92.848029725118977,92.842644545507937,93.04083968460327,93.955911865297821,94.470375829027034,95.980767679899145,96.834660955453728,98.243591068403475,100.27953028301636,102.828230307794,105.76191372426911,108.55176954510171,112.1278604614854,116.01796686471062,119.99463603964614,125.41107265273604,130.51861690040096,136.99804224396939,143.62872575444635,151.3193631613176,160.75599221010634,170.124387712116,182.18272561820777,194.33807470653119
0.7321637871749449,92.862481481664872,92.857205496104143,93.055314285946224,93.97041858342709,94.484897666046891,95.995469705561845,96.849396367455483,98.25883472728674,100.29514140019819,102.84386424424883,105.77807260567351,108.56851358927088,112.14531469376743,116.03616068959673,120.01363727543503,125.43104843046603,130.53958116351714,137.02030759640184,143.65218672682386,151.34429104736773,160.78263457474532,170.15284496831737,182.21340225049062,194.37103348832898
0.73216647577140759,92.877279471045767,92.872103449342831,93.07014894043823,93.985261953104782,94.499767129687825,96.010520467094466,96.864492837234138,98.274415867010248,100.31113640790136,102.85986586707804,105.79463535125979,108.58566467674609,112.16317482189334,116.05478303729979,120.03313288206482,125.45149531432253,130.56105368769931,137.04311693135969,143.67619477622793,151.36982176742458,160.80987341832224,170.18195103422477,182.24480673882499,194.40475078849704
0.73216922834889475,92.892431072301406,92.887354299524304,93.085331568901893,94.000460883118649,94.514995363762864,96.025936388978153,96.879925173892843,98.290387789864326,100.32751281077799,102.87624202574443,105.81157390734006,108.60321459052648,112.18144734070665,116.07382605723615,120.05306856314928,125.47241845030658,130.58302772193565,137.06645823737199,143.70076265451644,151.39593404391053,160.83776086393482,170.21177541438374,182.27696490920789,194.43929255646071
0.73217204642997447,92.907943648169748,92.902974090829957,93.100876074033295,94.016011175808671,94.631581927580555,96.041726660554559,96.895741108044604,98.306728276085778,100.34424836202379,102.89300093157726,105.82892694900147,108.62118287496924,112.20016790844966,116.09332331743644,120.07347000577283,125.49384707428544,130.60553738332237,137.09034573401004,143.72591517843102,151.42268362728646,160.86632823725813,170.24226665955939,182.30987978147459,194.47462013195764
0.73217493157344793,92.92381087218746,92.91895734958598,93.116784822057525,94.031930735840433,94.647563923273992,96.057879448901076,96.911923794243194,98.323469002698403,100.36140134223751,102.91016177766505,105.84667929295392,108.63958391684719,112.21932791545987,116.11329392687549,120.09436774485948,125.51579881931684,130.6285533287446,137.11480398385902,143.75167764355865,151.45005408850557,160.89554694422986,170.27349949106429,182.34358153778157,194.51080318575259
0.73217788537521122,92.94005687347817,92.935318120722513,93.13307175499358,94.048241038821288,94.663927889625484,96.0744110392734,96.928497594090004,98.3405887277695,100.3789557000382,102.92773462776677,105.86485878904205,108.65840901047704,112.23894871531957,116.13373620069251,120.11575605691542,125.5382449290264,130.65212657021766,137.13985148289794,143.7780443810334,151.47808370254643,160.92549757651432,170.30208541858156,182.37809349807503,194.547868402311
0.73218090946913839,92.956688237376511,92.952072391373804,93.149741291119426,94.064925420880172,94.680674702765828,96.091330291499617,96.945448283186124,98.358118221778568,100.39693253285441,102.94571299195377,105.8834739235499,108.67769092254821,112.25901399860959,116.15465612674234,120.1376446844115,125.56122694064106,130.67624856559996,137.16549879458762,143.80501546780579,151.5067891298022,160.95610800109716,170.33477416036476,182.41341899171675,194.58581696169131
0.73218400552798479,92.973717258322722,92.969226398006867,93.166815806758677,94.082000908747432,94.697816767195036,96.108672764134099,96.962812222100183,98.376066348686436,100.41532717190421,102.9641265199898,105.90251115332649,108.69742097357812,112.27957048026292,116.17606401625744,120.16005136266904,125.58476213114773,130.70095238187787,137.19172710019484,143.83264300642622,151.5361270962967,160.98746243159258,170.36824884466478,182.44954743819835,194.62460699684743
0.73218717526431287,92.991147966225981,92.986775318062428,93.184286676383635,94.099496413931774,94.715368048786331,96.12640126291808,96.980580770443339,98.394434303303569,100.43415722301506,102.98297742304931,105.92200749116819,108.71762151721487,112.30061681580992,116.19799433855951,120.18300787117187,125.60885209659318,130.7262445062297,137.21858785928634,143.8609274172486,151.56618693737255,161.01958075214498,170.40253152022342,182.4865520785097,194.66434099856269
0.73219042043143934,93.009001970982354,93.004743103632791,93.202166433053208,94.117391366729862,94.733335776156309,96.144555478276743,96.998780638721655,98.41323841439953,100.4534423350633,103.00226250608102,105.94196564984304,108.73829589690286,112.32213527078056,116.22043271883012,120.20646869936536,125.63350354266004,130.75211840504198,137.24608869179792,143.88985563570895,151.59694286765443,161.05244626850617,170.4376001580822,182.5244642767575,194.70501859830256
0.73219374282440464,93.027264333235507,93.023141390243836,93.220472208959109,94.135712227431213,94.751718710616842,96.163137088384246,97.017399319327524,98.432498039386701,100.47317344215116,103.02200046100188,105.96240300226054,108.75945190587663,112.34419216237438,116.24340893437329,120.23050910945312,125.65875170308573,130.77861349195882,137.27423784396524,143.91949980072241,151.62845750030101,161.08608034179633,170.47350570787967,182.56322014964098,194.74665387959249
0.73219714428096638,93.045957703179738,93.041973049756052,93.23922752856015,94.154463216174918,94.770544883376715,96.182161381671904,97.036467569276283,98.452207472506416,100.4933732755926,103.0422229245014,105.98331609886009,108.78112450517438,112.36674977403891,116.26690981387219,120.25511765872579,125.68458482882124,130.80573553370778,137.3030407039405,143.94982599573996,151.66069655829051,161.1205159375022,170.51027881024493,182.60290905705187,194.78929867831175
0.73220062668261543,93.065093500114017,93.061239010752615,93.258395005796046,94.173664964313502,94.789811599541281,96.201638902381092,97.055977708474529,98.472377103949839,100.51405836430422,103.0629203933895,106.00471796330021,108.80330497856266,112.38984528743822,116.29098632201567,120.2803125480059,125.71103589364066,130.83350888728455,137.33253289351705,143.98087629827933,151.69370112656179,161.15575605298363,170.54791354748158,182.64355117363448,194.8329166658441
0.73220419195561703,93.084691309592017,93.08097385344081,93.27804097875196,94.193314161188027,94.809543636358285,96.221578936398146,97.075945564214635,98.493022336617287,100.53522663061449,103.08409336994737,106.02664484738489,108.82600261989501,112.41349247207472,116.31562947513521,120.30609274385642,125.73811241709336,130.86192018274596,137.36273569314653,144.01263715484674,151.72748726490681,161.19186375690333,170.58641860329226,182.68515120349912,194.87757082093594
0.73220784207207579,93.104749551315763,93.101162978393404,93.298145272492548,94.213432096625183,94.829734641065443,96.241971763934998,97.096406167172972,98.514162685092742,100.55689041182995,103.10576570051489,106.04906284597018,108.84923916027765,112.43769040460757,116.34086629296144,120.33249822010112,125.76583093079535,130.89100068660628,137.39364169848704,144.04517282787128,151.76208037385368,161.22876847802399,170.62584496080672,182.7277236131049,194.92329575725307
0.73221157905102718,93.125279657808278,93.121837232607504,93.318717217178346,94.234027449281712,94.850396394398558,96.262867927795014,97.117332271871419,98.535808165608614,100.57908548456908,103.12796164085375,106.07203549202677,108.87303080398124,112.46246974492533,116.36666764894835,120.35950514042634,125.7942013251959,130.92077246904228,137.42526762623311,144.0785051511848,151.79747287833743,161.26658669165772,170.66621013603435,182.77131008612923,194.97010134183074
0.73221540495955395,93.146303397617885,93.14300441461819,93.339784776479064,94.255101033271785,94.871550249368738,96.284241753583046,97.138752248814853,98.557953071522206,100.60177791598471,103.15067958477084,106.09553633607356,108.89738030376975,112.4878343113196,116.39310341631426,120.38716736642891,125.82322162257333,130.95126301031269,137.45765328229754,144.11258808671118,151.83371228870237,161.30528917934134,170.70751847359497,182.81594028414838,195.01801878490369
0.73221932191392958,93.167800736388017,93.16465994896862,93.361348817001272,94.276678336012992,94.893212524199043,96.306129488733859,97.160684889826371,98.580633407476853,100.62501817534212,103.1739362104563,106.08965177783102,108.92230170392213,112.51380259219877,116.42015990939399,120.41547157931564,125.85295829413371,130.98245286425663,137.49078622849629,144.14747263873869,151.8708050901696,161.34489665010915,170.74981255173043,182.86158777606761,195.06705046273419
0.73222333208078871,93.189830926741706,93.186838989095122,93.383414343177719,94.298765885396278,94.915382907598541,96.328530824121117,97.183135589250014,98.603837143717101,100.64881688194873,103.19773016452018,106.11426710787418,108.94781870354564,112.54035638727146,116.44784832127334,120.44444851163644,125.88337588518334,131.01438313510153,137.52472559471789,144.18319494683965,151.90878493968921,161.38546468636923,170.79309294270206,182.90835304404027,195.11725116462185
0.7322274376783261,93.212363940354408,93.209534158180759,93.406011288490845,94.321374082217517,94.938063229696127,96.351463474638877,97.206111795407196,98.62759582804938,100.67317178853045,103.22209692736942,106.13947187837766,108.97393895504865,112.56756023972775,116.47617664318386,120.4741270842278,125.91453179423843,131.04707476609474,137.55946880030388,144.21975099151314,151.9476460477963,161.42696424904716,170.83741473314149,182.95621975062386,195.16864975351928
0.73223164097752313,93.235434847232682,93.232768229903741,93.429134598831297,94.344518624584452,94.961289719343768,96.374934865110845,97.229624759285798,98.651919768031803,100.69809570448342,103.24704063425088,106.16527063027752,109.0006706419299,112.59538706560852,116.50519255387553,120.50448438285093,125.94640657315904,131.08054431661003,137.59500110112276,144.2571763796368,151.98743566124904,161.46945493527164,170.88277312761056,183.00517306367692,195.22126580752229
0.73223594430340422,93.259054137604835,93.256557848875673,93.452810033999413,94.368206394774461,94.985067197849276,96.398969543464773,97.253711493471201,98.67680417037991,100.72361825928601,103.27257131428632,106.19168033726964,109.0280349341956,112.62387473295166,116.53489496609473,120.53556844763443,125.97904633721191,131.11480711734475,137.6314149310856,144.295483989903,152.02815037018445,161.51296912026737,170.92920980830968,183.05535262452759,195.27507222687564
0.7322403500363226,93.2832300471091,93.28089999554868,93.477038547531265,94.392448539514589,95.009406084573129,96.423548515456787,97.278355056143482,98.702288278538617,100.74973071081331,103.29870285701691,106.21871744396049,109.05603671806966,112.65305650990194,116.56530248551644,120.56737856885229,126.01244331948692,131.14987138446304,137.66865228466486,144.33470729988767,152.06984867338178,161.55748227446747,170.97674003022985,183.10664389445446,195.33018053921842
0.73224486061327743,93.30797509693366,93.305823675018473,93.501841297682404,94.417266033455235,95.034313989228394,96.44871518556829,97.3035782962761,98.728365763810871,100.77647519683524,103.32544584380958,106.2463843518708,109.08470364411187,112.68291243239946,116.59640696941642,120.59992752071776,126.04661658262194,131.18574591400102,137.70676906876906,144.37486194360827,152.1125290168784,161.60304077850014,171.02539963927848,183.15920838206512,195.38660306682141
0.73224947852926159,93.333304205465538,93.331323527618224,93.527231827989453,94.442680055937672,95.05980881544383,96.474490136992245,97.329401805938687,98.755074552864244,100.80383724214698,103.3528121669151,106.27469617969837,109.11404423304703,112.71345278627268,116.62826389019756,120.61103992696735,126.08162117240863,131.22248543661408,137.74579383753735,144.41591935746692,152.15619475073618,161.64967300288845,171.07519573038735,183.21297067691921,195.44433596867748
0.73225420633864169,93.359231542741327,93.357436917580344,93.553224595652864,94.468683476559818,95.08591215225897,96.500875980880664,97.355829638188879,98.782406474008894,100.83185616806441,103.38084422824249,106.30368772723887,109.14408094552709,112.74473203889647,116.66085654377821,120.64512548005951,126.11743309145822,131.26007413934713,137.78574621792359,144.45797770825448,152.20089274879138,161.69743221548561,171.12617262718413,183.26801135520509,195.50345461521647
0.73225904665657093,93.385761225359602,93.384161423600744,93.579820767798083,94.495291027102212,95.112620904154028,96.527858179175382,97.382888659398304,98.810372338415618,100.86053358287609,103.40952228146853,106.3333567925838,109.17482211867173,112.7767522600443,116.69423409560841,120.6800335326443,126.15410985068593,131.29857502591767,137.86378456129023,144.50102239190892,152.24667039004999,161.74629317005747,171.17836243870261,183.32435237806203,195.5639812385707
0.73226400216043619,93.4129362164349,93.411526626849081,93.607051699211297,94.5225430411665,95.139956669445382,96.555487576162704,97.410582508917287,98.839011688105529,100.88988841080209,103.43888122823773,106.36372525577463,109.20630037091541,112.80951782978809,116.72838120602682,120.71576234198437,126.19164397784334,131.33796862847521,137.90563980051229,144.54508881784568,152.29352691775421,161.7963236902724,171.231748226528,183.38202980081405,195.62589016573475
0.73226907559133825,93.440728168912756,93.439517129056185,93.634926530561643,94.550436681634892,95.167937976228131,96.583773881880916,97.438932501478121,98.868327579340985,100.91992431522158,103.46892861158267,106.39480858717434,109.23850404753102,112.84304864307705,116.76334971922552,120.7523192909357,126.23005239506892,131.3782857807164,137.94850899525773,144.59019053594238,152.34145491452364,161.84752638790087,171.286404701219,183.44108468555351,195.6892849117794
0.7322742697556085,93.469195712445071,93.468176390080771,93.663450942360214,94.578970274211315,95.196588639231777,96.612723371938046,97.467931727434916,98.898317922306887,100.95067509057117,103.49969695222899,106.42662807369561,109.27147956254339,112.87738587948479,116.79913959484111,120.78976170080205,126.26938015290943,131.4195585156267,137.99236455537903,144.63635471181624,152.39053465343022,161.89992522295506,171.34236310188862,183.50150040390872,195.75417144148378
0.73227958752636113,93.498314527681941,93.497512164612999,93.692654956510523,94.608183682721574,95.225911851670389,96.642347300901747,97.497621749505925,98.929032227835705,100.98215165632428,103.5311683393993,106.45920580682287,109.30522359656243,112.91251444979935,116.83575894299793,120.82805766881211,126.30962857918348,131.46180769766943,138.03727128155151,144.68360259158362,152.44076820679766,161.95360574525694,171.39963862733566,183.56335342698731,195.82057094334596
0.7322850318450822,93.52814199252316,93.52754287314383,93.722535005781538,94.6380927047976,95.255917677255638,96.672675980091299,97.528011093916575,98.960456021854043,101.01437334154616,103.56339817409753,106.4925291606487,109.33975767205629,112.94847645322079,116.8732395808438,120.86726636527601,126.35083087132807,131.50504667316272,138.08321266411804,144.73197118347161,152.49217809487891,162.00849550632847,171.45823969406774,183.62664573502116,195.88855749367212
0.7322906057232571,93.558672965140431,93.558271978847188,93.753139448956063,94.668702909908461,95.286635457767261,96.703711589583691,97.559118201530509,98.99263430821884,101.04735661898667,103.59636765679898,106.5266528379907,109.37511953527064,112.98529585711367,116.91160998005216,120.90739249256148,126.39297787185205,131.5493064295224,138.13024755457445,144.78146428101172,152.54480074388266,162.0647037582894,171.51825248698879,183.69143683503353,195.95813873649604
0.73229631224403602,93.589892755248002,93.589739877985267,93.78444350864811,94.700035493635369,95.318079042455793,96.735487677353376,97.590960740493756,99.025559753896232,101.0811074533085,103.63012903482013,106.56156847250531,109.41129650788571,113.02296809624022,116.95088565823244,120.94848504191759,126.4361399088084,131.5946133987818,138.17837931023678,144.83213758178317,152.5986770342497,162.12223221351451,171.57968108031491,183.75777061305416,196.0293469074677
0.73230215456393943,93.621858419064665,93.621930270943267,93.81649903788275,94.732091662932362,95.350250380659418,96.767996919523284,97.623546412716678,99.059272457274346,101.11564819930936,103.66468182928656,106.59730796017902,109.4483244521798,113.06154623346811,116.99108090277514,120.99051041301209,126.48032317213801,131.64096250121656,138.22765089386667,144.88398924338981,152.65379969369678,162.18111569247412,171.6425187817149,183.82566553165088,196.10225584774162
0.73230813591460386,93.654579401183582,93.654890382938902,93.849305630006711,94.764910380512447,95.383195340633392,96.801276906040584,97.656902259972412,99.093782634416129,101.15102050187124,103.70004410906404,106.63387628592682,109.48623124522419,113.10100227005387,117.03222152218223,121.03355805571482,126.52551519331973,131.68842550380214,138.27808112303319,144.93707689449366,152.71022451409226,162.2413639216611,171.70686296827625,183.89514465578395,196.17687935252616
0.73231425960457008,93.688074095021875,93.688625938022597,93.882875760511524,94.79849966387701,95.41688851683648,96.835340332534543,97.691044921983121,99.129078605292307,101.18721280646787,103.7362317494044,106.6713249886343,109.52502675847063,113.1414039012634,117.07432560593588,121.07759328881366,126.57177475731805,131.73700239140453,138.32970620615379,144.99140266553877,152.7679841538411,162.30304504818196,171.77271594978811,183.9662652011757,196.25325230153976
0.73232052902111255,93.722359678435168,93.723160701731103,93.917248658686731,94.832883429971844,95.45139572435437,96.870200552421011,97.725979284445202,99.165227744881122,101.22425341821872,103.77327713389241,106.70964381427621,109.5647323318808,113.18275716348217,117.11743586756711,121.12267075029013,126.61915613612655,131.78669979325059,138.38253037726099,145.04699831356265,152.82712398818694,162.36618438817095,171.84012371193239,184.03904913320002,196.33139166720503
0.73232694763211348,93.757451453748217,93.758487616356433,93.952420939462172,94.868074718538992,95.486700907058548,96.905890606893081,97.761754504615965,99.202228439200553,101.26217499491395,103.81119031194248,106.7488590573812,109.60537326335907,113.22506470547523,117.16153626218511,121.16882340375741,126.66761257631151,131.83758242754993,138.43660958413238,145.10393797222059,152.887593505111,162.43081841672392,171.90909853478661,184.11355828992237,196.4114030978817
0.73233351898798082,93.793350225369068,93.794653492310317,93.988418965749588,94.904086301743519,95.522844940314826,96.942406493584713,97.798345125975175,99.240071909563994,101.30098062899197,103.85000646703338,106.7889961181354,109.64696400956382,113.26837434527624,117.20667531708386,121.21603029130711,126.71723126484358,131.88964892825607,138.49195142434473,145.16216055397672,152.94954150034755,162.49695243741735,171.97971331651206,184.18981979352975,196.49331618359429
0.73234024672361209,93.830103451335162,93.831671117444785,94.025268997476815,94.940944302365097,95.559833518913365,96.979778566532332,97.83581264338136,99.278826223566284,101.34070864176829,103.88971063150166,106.83008541678282,109.68953853576022,113.31270776968086,117.26943663324346,121.26435498385035,126.76800347929748,131.94295418383263,138.54859206484252,145.22177419522632,153.01290910528769,162.56463522920967,172.05201154925453,184.26785816381744,196.5770808156376
0.73234713456040557,93.867728937337233,93.86956620113051,94.06298602257084,94.978664420854329,95.597690014747059,97.01803758443566,97.874152477754251,99.318492983664328,101.38136010900052,103.93035838612923,106.87212872835153,109.73311189341985,113.35807630885029,117.31675343658935,121.31383742872276,126.81997597524241,131.99749974481529,138.6065770863861,145.28279265897436,153.07777458427881,162.63393473242468,172.12596552401374,184.34775005726988,196.66286858663807
0.73235418630831772,93.906225912989612,93.908337701424898,94.101577824727428,95.017282797747612,95.636435244210588,97.05718895571772,97.913395987801778,99.359087115284638,101.42297051780042,103.97195582494896,106.91515337832243,109.77769473937951,113.40450290971421,117.36517410660963,121.36444372665937,126.87315475284777,132.05332698647544,138.66591458722542,145.3452341430966,153.14418492862751,162.70482483873639,172.2016223552273,184.42951902005734,196.75064532856049
0.73236140586797194,93.945627177003189,93.948029144892644,94.141086088089651,95.056799770685757,95.676085398710711,97.097253682986775,97.953550657897722,99.400626535341871,101.46555731298213,104.01453340363514,106.95921004071351,109.823320815638,113.45202724955379,117.4147329192383,121.41625713343456,126.92759087441664,132.11046545783029,138.72663050312985,145.40914664162119,153.21213738142251,162.77740665742022,172.27912731642573,184.51317974065023,196.84054073181323
0.73236879723281478,93.985958544981258,93.988647277950804,94.181515492760809,95.097237748876069,95.716661835653213,97.138253661243652,97.994655478159984,99.443158418864186,101.509139840633,104.05810360859323,107.00426706647704,109.87003701929643,113.50065924795126,117.46547330422618,121.46929406287381,126.98329594049574,132.16894387812499,138.78877526037104,145.47456928669999,153.28166934722685,162.85166597975331,172.35841629786592,184.598812186945,196.93247351454193
0.73237636449132615,94.027227075097471,94.030216031045711,94.22290106528817,95.138636458588735,95.758197867093259,97.18021967986715,98.036724973990204,99.486669921549037,101.5537575375638,104.10269408100066,107.05039872306224,109.91783411702636,113.5504333858662,117.5173736447905,121.5235570209843,127.0403047535583,132.22877594722377,138.85238888303866,145.54150533016218,153.35283492538292,162.96688587071549,172.43956369027001,184.68646322153654,197.02660405486677
0.73238411182927998,94.069468687124754,94.072761105242535,94.265250236996508,95.180988278767472,95.800708413964458,97.223165358005645,98.079771504380915,99.531220862470946,101.59940913549872,104.14834398973107,107.09760049938632,109.96674723397518,113.60138163180818,117.5704898285112,121.5791005356441,127.09866873711144,132.29004384686414,138.91747984266112,145.61003389182588,153.4257027838612,163.0446697173029,172.52263475111977,184.77616760561796,197.12294304981333
0.73239204353205978,94.112706919619086,94.116305107687367,94.308601113789337,95.224341676843324,95.844194473775133,97.267120346572483,98.123832521156146,99.576804021129647,101.64612966248751,104.19504550719648,107.14592093532701,110.01681738717525,113.65350077831681,117.62485777715119,121.63594586141335,127.1583784641407,132.35270570359717,138.98412901560368,145.68014895313536,153.50024753908656,163.12427429950912,172.60763510549441,184.86799426251673,197.22150494005473
0.73240016398702934,94.156945857634128,94.160868074235623,94.352951405893691,95.268708097199124,95.88871403036319,97.312101431973133,98.168917445495026,99.623459565675148,101.69394731273132,104.24283430750074,107.19536834753671,110.06804592215121,113.70684063030785,117.680501654213,121.69410188862093,127.21949391090675,132.41685848716588,139.05229982002493,145.75190514126007,153.57652951792261,163.20572717112373,172.69461777967808,184.96192555911693,197.32242245437374
0.73240847768595907,94.202223641677847,94.206470901666762,94.398361807961919,95.314115805918846,95.934272239257552,97.358137661794899,98.215066638633289,99.6712022345273,101.74288475026697,104.29174601274281,107.24595975800912,110.12048631290236,113.76144877170009,117.7374402257301,121.7536352404677,127.28203356854647,132.48251046944642,139.12205953073862,145.82533362708637,153.65463397378335,163.28910500549682,172.78365864005173,185.0580996996141,197.42565587102581
0.73241698922751119,94.248556698799803,94.253140569442621,94.444820490993152,95.360582126268127,95.980904359690612,97.405244271660194,98.262289998794586,99.720069945269643,101.79297072465488,104.32669947235991,107.2977284419685,110.17413371523071,113.8173237094561,117.79571719129308,121.81455636111787,127.34602650865418,132.54970676885569,139.19347748726432,145.9005131783706,153.73452532608644,163.37444060677808,172.87477203716116,185.15650343303423,197.53135680119158
0.73242570331978296,94.295992233099241,94.300907626740809,94.492366363989277,95.408134792007331,96.028608474822249,97.453453593279846,98.310615678918111,99.770085255127924,101.84423030354446,104.37791916298011,107.35072289777236,110.22904400658808,113.87450368807549,117.85535856965726,121.87690701280371,127.41152245228659,132.61845957592595,139.26656249479856,145.97740076175978,153.816301806095,163.46175165758905,172.96801320536906,185.25722300665802,197.63951575677493
0.73243462478291099,94.344510568487749,94.349790648768249,94.54102082288955,95.456799470513943,96.07743879183181,97.502777631398203,98.360065142136591,99.821259725234995,101.89668055941729,104.43033433706296,107.40495232862304,110.28523562999908,113.9330153524279,117.91638197453722,121.94070587063834,127.47857403131638,132.68881152507311,139.34133519437455,146.05613093574357,153.90000924845663,163.55108981516969,173.06344432583865,185.3602921310594,197.75015898772108
0.73244375855173771,94.39416828850517,94.399819733393088,94.590828739568678,95.506595442177058,96.407286326913891,97.55325385787728,98.410675643986906,99.873628932822612,101.95037213964679,104.48397359844603,107.46044307033662,110.34272917204726,113.99289216539182,117.97882655723879,122.00600085900805,127.54714457129739,132.7608075683238,139.41787907832622,146.13666409461439,153.98562869156012,163.64254742569028,173.16107805634965,185.46576142308186,197.86343289980141
0.73245310967854094,94.445006215013564,94.451004849994206,94.641781770562375,95.557563614973333,96.459027579632675,97.604921096703038,98.462466043656605,99.927230831057386,102.00529932710924,104.5388570170544,107.51723047496489,110.40158383227754,114.05416979805159,118.04272664099335,122.07282702204975,127.61732969978038,132.87047963243094,139.49620260933443,146.21911274863669,154.073287214218,163.73611591042572,173.26102536060353,185.57370933040511,197.97936386356741
0.73246268333582842,94.497009628612432,94.503400091180083,94.693927392669138,95.60970930138501,96.511980681556452,97.65778641027282,98.515468663088541,99.982089545566851,102.06152425011533,104.59502225309552,107.57532972818444,110.4617870780894,114.11686532876047,118.10811497153554,122.14118436842182,127.68916529142371,132.94592181629559,139.57635695057252,146.30344893867732,154.1629752539593,163.83187299291603,173.36330125715176,185.68417492888693,198.097968241731
0.73247248481919891,94.55022477116654,94.557014944533876,94.747293715990963,95.663077957666246,96.566165251981147,97.71187863043815,98.569697291193734,100.03821316842004,102.11905975301852,104.65248695430273,107.63478737990954,110.5234071780651,114.18103422036802,118.17503678454523,122.21114947908427,127.76266605600904,133.0230923326526,139.65837419091622,146.38978938497166,154.25478162796935,163.92990415947861,173.46796634452767,185.7972002569586,198.21934353341931
0.73248251955027177,94.604679356583802,94.611867898289347,94.801907764842326,95.717684688956069,96.621617375902133,97.767237267431483,98.625195199518203,100.09566263588204,102.17793453528793,104.71129749451575,107.69564139810609,110.58646238646543,114.24668742800714,118.24351638482403,122.2827444591021,127.83789093274027,133.10208785640862,139.74228238654177,146.47810916719027,154.34868087660288,164.03014876539964,173.57505148862401,185.91288869638811,198.34356500818831
0.73249279307968529,94.660408085310337,94.668009853190597,94.857793858434889,95.773576802017487,96.678359494442702,97.823881250700651,98.681977168605954,100.1544456349402,102.23817957489155,104.77148056756778,107.75790118276564,110.65098500943714,114.31387062046633,118.31357973560807,122.35600830048134,127.91485439526878,133.18290820840775,139.8281823793659,146.56848501294007,154.44478641681053,164.13278134736174,173.68465133065911,186.03124396690691,198.48626107324526
0.73250331109016764,94.717447492810606,94.72545449872996,94.914986137238884,95.830744810999022,96.736419979693892,97.881828389407019,98.740083592376322,100.21458763623377,102.29982702533016,104.83305803376425,107.82161463633383,110.71699822769369,114.3826257784458,118.38525739098259,122.43097319992012,127.99361696557025,133.26561101326661,139.9160680368077,146.66097519901086,154.54312984202261,164.23779548281891,173.79678529888042,186.1523797852351,198.61642938578734
0.73251407939967961,94.775798018890782,94.784243099758896,94.973506426445965,95.889266195379605,96.795830687300622,97.941138145015429,98.799547134818567,100.27614490183259,102.36291088275902,104.89606396293311,107.88679124016198,110.78454527267968,114.45295536271806,118.45863579122306,122.50767314849145,128.07420281637678,133.35023448295033,140.00598122199881,146.75562607613392,154.64377052607597,164.34523392179835,173.91154288256803,186.27634029417095,198.74958691919164
0.73252510396463344,94.835505739101791,94.844397278953693,95.033381439679943,95.949126223957137,96.856612857543951,98.001810510893847,98.860392275124468,100.33913394740739,102.42747297852839,104.96052615223016,107.9535036640591,110.85366708215224,114.52494751053382,118.53370794091461,122.58616035238447,128.15666185792361,133.43681848828419,140.09800120826549,146.85247311929561,154.74673741678271,164.45518917066511,174.02895156413433,186.40318779640074,198.88584884465672
0.73253639088318689,94.896612033735437,94.90594479707579,95.094656461777049,96.010388452348707,96.918800873347209,98.06389121383836,98.922647345101723,100.40358186137382,102.49351903324714,105.0265000606887,108.02174560648928,110.92439211168676,114.57890579519517,118.61051270962707,122.66648717777935,128.24102938480064,133.52541952719184,140.19216178581701,146.9515743445445,154.85209694917285,164.56770339260402,174.14910600283474,186.53296030872298,199.02529099314415
0.73254794639861676,94.959118724484142,94.96891854448404,95.157353081318433,96.073073304305581,96.982451324151043,98.127418538657366,98.986336030386155,100.46953034629405,102.56111550232526,105.09399217778991,108.09156624368916,110.99675194087831,114.65428439318202,118.68910409234013,122.74866196309449,128.32735120505095,133.61608006126335,140.28848555124932,147.05295431716513,154.95992438188841,164.68280097402021,174.27205541777221,186.66575028689113,199.16796663756395
0.73255977690277241,95.023085348700988,95.033368516607879,95.221516046189208,96.13720988635032,97.047564834119839,98.192408372713544,99.051510542602045,100.53701727328007,102.63028170319012,105.16305749161984,108.16302013071618,111.07079511360644,114.7313913606813,118.7694979781736,122.83272654868051,128.4156871050327,133.70885154023199,140.38705819583629,147.15669881428039,155.07024424812698,164.80059419534518,174.39786785480101,186.80164930733008,199.31396826166019
0.73257188893961112,95.088552041208459,95.099308326127357,95.28715414702674,96.202824402622355,97.11418389841856,98.258905286362278,99.118191399353236,100.60606577128419,102.70105822160986,105.23370438516213,108.23612293820042,111.1465480749066,114.81030225222639,118.8517809612531,122.91875680584417,128.50606445620724,133.80374618626593,140.48792005306677,147.26285495533375,155.18824063755164,164.92110984163446,174.52657185987482,186.94067566715967,199.46333954401052
0.73258428920881791,95.155507868901623,95.16676973988433,95.354316166027274,96.2699791872692,97.182348614380317,98.326942863208387,99.18642170545354,100.67671101987798,102.77345071312448,105.3059980944563,108.31092106166761,111.22404317585824,114.89103760635044,118.93593786134443,123.00678256235915,128.59853601189025,133.90083686107755,140.59113168059412,147.37145794639218,155.30381477696938,165.04441917294025,174.65828518222406,187.0829377463524,199.61622473298485
0.73259698456951139,95.224018305256322,95.235793597017619,95.423036373700597,96.338652052811085,97.252095832438499,98.396556278501521,99.256224755285075,100.74899205429392,102.84754489505576,105.37995993090954,108.38743513075315,111.30334477835277,114.97363827521622,119.0220650197989,123.09682694874937,128.69313944822716,134.00018750114759,140.69671042159098,147.48258227129554,155.42205995279073,165.17058745650138,174.79301844754082,187.22849203286751,199.77258734470524
0.73260998204403804,95.294130711936305,95.3064251997057,95.493344915670605,96.408941637870157,97.323444617628411,98.467776866000349,99.327645280620345,100.82295306195374,102.95783078627574,105.45562667233753,108.46571731467702,111.38446874508736,115.05813445866443,119.11017090370297,123.18897656745685,128.78993329093282,134.10183679707552,140.80472801654105,147.59625219251029,155.54300924615382,165.29966836556559,174.93088931021339,187.37743776980642,199.93262092472287
0.73262328882185623,95.365842462633736,95.378686917632876,95.565285482312902,96.480835498485249,97.396440917276777,98.540624084187584,99.400711670390592,100.89861883681078,103.03549973875852,105.5330475607152,108.5458225723487,111.46746699993673,115.14458354219096,119.20030496031541,123.28321010036234,128.888954655813,134.31092798238751,140.91524565369764,147.71257820729079,155.66678736582253,165.43173997054691,175.07195716877322,187.52980191926326,200.09633343587484
0.73263691226351335,95.439229894796881,95.452601993998542,95.638879231475585,96.554409262018453,97.47111243260224,98.615166666731966,99.475461528803862,100.97604897322526,103.11495769769681,105.61224703067637,108.62775357530336,111.55238556582117,115.23302368555596,119.29251453378311,123.37964894327888,128.99027157039745,134.41740037671843,141.02832006272001,147.83158417412415,155.7934247805897,165.56686442585487,175.21623919004924,187.68567974238977,200.26385054431012
0.7326508599047169,95.5142916699333,95.528248939172045,95.714185636752518,96.629664373711421,97.54751757566919,98.691409609866241,99.551934503535449,101.05525066463451,103.19625036805155,105.69326457886564,108.71158492698305,111.63923755014184,115.32350020204831,119.3868555054396,123.4783059250185,129.12308367349397,134.52635009238293,141.1440040507041,147.95331168436314,155.92296117940714,165.70508540588344,175.36391385926254,187.84518854999624,200.43520909155632
0.73266513946050305,95.591092021517397,95.605622213552124,95.791215517514502,96.706650449395966,97.625671517977025,98.769415410730289,99.630169838303118,101.13629108042733,103.27941860869396,105.77614699463084,108.79732788687761,111.72810709692931,115.41606597240752,119.48337155472473,123.57923617273991,129.22915719925004,134.6377996134288,141.26234432093042,148.07786423495054,156.05551173808635,165.84651345844759,175.51494852983888,188.00835743443167,200.6104987333747
0.73267975882950442,95.66965782079933,95.684790395953314,95.870040420300938,96.785415984821157,97.705621053690265,98.849201956796605,99.71021028528412,101.21920036309166,103.36450873173453,105.86094380551731,108.88505526577137,111.81899519528815,115.51075547669461,119.58207692109863,123.68247970033553,129.33767894171979,134.75180640139661,141.38339711062144,148.20527996864257,156.19109456132719,165.99119945693383,175.66948297620547,188.17528981873329,200.78987749599037
0.73269472609831832,95.750041620231059,95.765768891251355,95.95066578814658,96.865985137639655,97.787418050051201,98.93082896789565,99.792070964474988,101.3040198003182,103.45156147489251,105.94768242928694,108.97479176160778,111.91201390411879,115.60761881500366,119.68308723200244,123.78809958401689,129.4487086822337,134.8684375945013,141.50724629851538,148.33562221350076,156.32980648389639,166.13920927995059,175.82756108527246,188.28948751467397,200.97338087375101
0.73271004954598073,95.832253628665057,95.848617783984082,96.033135760175355,96.948404715516517,97.871075446531904,99.014315661406727,99.875826260136819,101.46445727565879,103.54061245245612,106.0364205678743,109.06659653537281,112.00712309333903,115.70670249674367,119.78639989767544,123.89613518869737,129.56225423098294,134.98774765989583,141.63395896575457,148.46895664892872,156.47169728273366,166.29061035795894,175.98928841020097,188.46410240854311,201.16108456475922
0.73272573764854521,95.916367853053089,95.933360942104628,96.117522589869623,97.032728127414885,97.956655045622028,99.099732002487144,99.961506404979446,101.55232141165106,103.63170542672742,106.12716402460501,109.1604966417508,112.09034410896493,115.80806241193204,119.89205920286258,124.00664725940442,129.67842714634025,135.10979249138109,141.76356182446762,148.60535664535564,156.61687273785719,166.44548875917098,176.15469452590332,188.64275143074337,201.3531431835072
0.73274179908377146,96.002404708920949,96.020058124457137,96.203839671918104,97.118966052257747,98.044194206144311,99.187088307451631,100.04913340744315,101.64220320964523,103.72489165166917,106.21999954984858,109.25653306923778,112.18989578877154,115.91173399062609,120.00015405311206,124.11971254830132,129.79724988597081,135.23462675018163,141.89611863262326,148.74486803014588,156.76533215134259,166.60391943070863,176.32392225963849,188.82550322464522,201.54957414289674
0.73275824273592549,96.460409073009941,96.108739546893048,96.292135279414651,97.207182106390974,98.133745742678002,99.276436123986059,100.13877516721914,101.73414169927128,103.82022368301477,106.31496376516952,109.35477320515929,112.29170212518147,116.01776706027886,120.11071945446747,124.23534266039496,129.91878777219245,135.36232129931886,142.03172346649808,148.88759502793982,156.91720230230931,166.76599890974467,176.49705552974774,189.01246397506475,201.75050596235815
0.73277507770069383,96.550711803629383,96.199449183659453,96.382442634359904,97.297403443022631,98.22531802577214,99.367833339609206,100.23045547083166,101.82819766012472,103.91773328454292,106.4120914097839,109.45525056515544,112.39583555014906,116.12623298064864,120.22381264483556,124.35362162124875,130.04309506386926,135.49292398752732,142.17043411569102,149.09328186267885,157.07256382638661,166.93177059361187,176.67410824212857,189.20368068007519,201.95606066473556
0.73279231329021466,96.643073681760143,96.292234030042891,96.474822020813008,97.389704052719026,98.318995563357021,99.461300619259418,100.32423629651385,101.92438352450336,104.01747338480709,106.51142893119686,109.5580248928818,112.50235142422025,116.23715486775473,120.33946940832902,124.47458545643531,130.1702381990217,135.62650957125152,142.3123135028909,149.24259819746294,157.23147591913221,167.1013294275981,176.85519156856753,189.39927603850083,202.16631396789307
0.7328099590382291,96.737549976052833,96.387132145937358,96.569320544425864,97.484089986610343,98.414795625645638,99.556901621715951,100.42015150536827,102.03847461226542,104.11949228313824,106.61302672467718,109.66314200937632,112.61129313519996,116.35062309196655,120.4577606541061,124.59832161229497,130.30029118789753,135.76314204325172,142.45740954560824,149.39533965304508,157.39401929663654,167.27477045232081,177.04046682313492,189.59933153320162,202.38138162106043
0.73282802470535402,96.834172848273738,96.484190060757101,96.665960276350233,97.580642057506338,98.512774581689882,99.654666275790078,100.51825046040176,102.13908863687902,104.22385110674804,106.71693014774064,109.77062085058424,112.72269961718848,116.46664998889901,120.57873359219957,124.7248593579352,130.43329426614946,135.90287143136447,142.60581821265077,149.55155806894982,157.56023519485825,167.45212803946197,177.22996820963454,189.80394587871706,202.60132512915152
0.73284652028448183,96.932984619954368,96.583466564588889,96.764809656040597,97.679386699863244,98.612983971237554,99.75465230104237,100.61857057537418,102.24201022143461,104.33056950883474,106.82319872039807,109.88055891332988,112.83663741564669,116.58533378581706,120.81693058486417,124.86905587061847,130.56933747454605,136.04578614870115,142.75762226850929,149.71134983967204,157.73025373059136,167.63357661399277,177.42372950405843,190.01324317574472,202.82629457147414
0.73286545600630748,97.034045999556838,96.685003807906469,97.059560965721175,97.780354888433067,98.715460046889348,99.856905293218006,100.72117922830512,102.34726009120277,104.43971763647278,106.93186003080336,109.99296938073167,112.95315861822746,116.70668937276059,120.94352453346801,125.00140208308585,130.70843024883288,136.19193249980162,142.91284514501967,149.87471879757504,157.9041224089342,167.81909397496929,177.62190443382133,190.22728535151691,203.05640531476092
0.73288484234498774,97.137400402123603,96.788835891813505,97.16289595217313,97.883624095327832,98.820267289240292,99.961469028228748,100.82611086518591,102.4549150310304,104.55135836055706,107.04296562579475,110.10791539016282,113.07232699373344,116.83077770005548,121.07297881889463,125.13673591158658,130.85069585296878,136.3414027443032,143.07160164558081,150.04183807969457,158.08196672377017,168.00885251343425,177.77320784460608,190.44619157334091,203.29172440596449
0.73290469002393466,97.243086988641153,96.89502765524594,97.268577538390673,97.989222205509577,98.927415509693674,100.06839423834754,100.93340071960847,102.56498726918289,104.66554386890493,107.15658596994035,110.22546823683297,113.19416882200676,116.95767469970451,121.20536143408026,125.27512880787253,130.99617036147174,136.49424773174178,143.23395342717049,150.21274372966582,158.26381029710683,168.20288657485435,177.98039640322168,190.67008484112012,203.5323852128422
0.73292501002174759,97.351154041545669,97.003624259137723,97.376655758253037,98.097200610089203,99.037002595858212,100.17771164532678,101.04312822255088,102.67756182557423,104.78229095173083,107.27277561021765,110.33083043201259,113.31876908100458,117.08745838303366,121.34072961479251,125.41664661992036,131.14494257407569,136.65053918107151,143.39996259738109,150.3874951119069,158.44977460098744,168.40131589354496,178.19230269905529,190.8990317788157,203.77851188011846
0.73294581357828537,97.461667887637304,97.114669762202539,97.487149743708869,98.206829430044309,99.149047640858043,100.28950776131387,101.15532015908684,102.79267269106276,104.90169720436097,107.39157186868761,110.45376949189085,113.44618244478988,117.2201259493886,121.47912422394802,125.56136173538107,131.29703788925326,136.81035864074875,143.56973117535017,150.56617199872198,158.63993336853309,168.60425567650964,178.40902329675373,191.13316819201646,204.03019217020483
0.73296711220088373,97.574663544073701,97.228228811629378,97.600158960845874,98.320165608427487,99.263614253977721,100.40380246786663,101.27003776341735,102.91039310090127,105.02378627444341,107.51303953784372,110.57945733325687,113.57644155343951,117.35580303654206,121.62065176655233,125.70933264838459,131.45256566361786,136.97375014398494,143.73934282005575,150.74887668751398,158.83437699457136,168.81173748246874,178.63057866305462,191.37256099926162,204.28755297457246
0.73298891767072105,97.690209480253543,97.344326725218707,97.715709478510689,98.436037678151479,99.380742702589487,100.59372116036684,101.38734230653426,103.03075594836628,105.14864674701676,107.63724763711434,110.70798450515213,113.70963831347399,117.49451029942065,121.76533958228538,125.86061482916921,131.61159769514052,137.14083801512606,143.91678956044052,150.93569241200385,159.03320756684479,169.02389430062976,178.85713743144879,191.61739657425278,204.55068786252377
0.7330112420493341,97.808332766737294,97.463050305999786,97.833841096500691,98.554526049683773,99.500505661661009,100.71338440073305,101.50727426432059,103.15382171835518,105.27629743967918,107.76421080706859,110.83937650439839,113.84581018764948,117.63633414282594,121.91325951692852,126.01528235517981,131.7741942374887,137.31166793327429,144.09821131727585,151.12670223357054,159.2364800228861,169.24082820343028,179.08880781956032,191.8676774938649,204.81979490869344
0.73303409768529038,97.929097869626275,97.584429815848125,97.954645262168924,98.675644052858843,99.622937272775744,100.83571976073654,101.62987445824911,103.27964974313727,105.40682546225071,107.89401764575086,110.97370976499951,113.98501310707798,117.78131117184967,122.02849982502448,126.17342660676877,131.94039991124373,137.48630020090059,144.28368437157405,151.32200524683867,159.4443404581325,169.46260010444894,179.32565095877726,192.12362438005221,205.09492991519437
0.73305749722101876,98.052572000375221,97.708533748227637,98.07813332961814,98.799478169385111,99.748097941024753,100.96077838449492,101.75523862667978,103.4082944765978,105.54027273175598,108.02671875181841,111.11102204793497,114.12732253517242,117.92952809832786,122.18310533917247,126.33508685820198,132.11034586675669,137.66484849632616,144.47335421084063,151.52164281322621,159.65683160272602,169.68936048768228,179.56781462016806,192.38526281627128,205.37621145889716
0.73308145359980215,98.178777096381964,97.83539387339988,98.204394087126275,98.926052897553745,99.876046868645062,101.08861502308719,101.88337219474488,103.53980267086081,105.6767010818221,108.16238505391084,111.25140569479845,114.27280438272646,118.08105015295223,122.34113666173653,126.50034344169762,132.28405857663165,137.84734895639485,144.66723238888881,151.72575492740361,159.87406462858053,169.93635900694062,179.81536410704939,192.65277624346345,205.66380459452921
0.73310598007293692,98.307820417870971,97.965091043144639,98.333471429250494,99.055449138573749,100.00682843568211,101.21929278767493,102.01437021122911,103.67425798551267,105.81618424209591,108.30104841549473,111.39489258042522,114.4215113040882,118.23591744129953,122.50267385370535,126.66928238593391,132.46163673471165,138.03392493647334,144.86540430317109,151.93441177772183,160.09615620124896,170.17321940784677,180.06845616349892,192.92626043019482,205.95780931408808
0.73313109020706346,98.439710274407844,98.097679609309125,98.465410440312553,99.187713781353523,100.14051326803019,101.3528548016875,102.14825998249944,103.81169320745175,105.95877464771183,108.44208212889498,111.54157731532177,114.57350974921792,118.39422462521543,122.66776889701941,126.8419792821187,132.64316486511962,138.22463413713922,145.0679725426271,152.14768531785376,160.32316103955964,170.41534489962942,180.32716599390187,193.20581376094196,206.25835476900465
0.73315679789166943,98.574501116621832,98.233201966704655,98.600281821356475,99.322904780536192,100.27715265579172,101.48935453624654,102.28512098719511,103.95218279719847,106.10453106339992,108.58705963088869,111.6914640140858,114.72887370785247,118.55602445793193,122.83652686728237,127.0184674731172,132.82866994557116,138.40477053454379,145.27503668648569,152.36567542950434,160.55522067735728,170.66284501500559,180.59161260394467,193.49161787127014,206.56555877310529
0.73318311734677377,98.712282883796433,98.371495165316446,98.738130308713153,99.461063115708384,100.41678754039458,101.94847916579602,102.42500153988294,104.09578820979004,106.25351680791573,108.73520514168194,111.84464227306671,114.88765417055765,118.72138423383149,123.00897807293586,127.19886155909626,133.0182862750371,138.60396259679692,145.486687415505,152.58849954528705,160.79237338473104,170.9158017307127,180.8618980182182,193.78370343498682,206.87961940256355
0.7332100631307914,98.853108536877698,98.5130726786374,98.87903550741612,99.602280818293366,100.55950483274137,102.09309369539551,102.56795719862566,104.24255087456913,106.40579775656443,108.88662612215194,112.00119975682173,115.04992300734011,118.89039542227329,123.18522965968441,127.38322009941112,133.2120672088713,138.80753046469545,145.70298505207757,152.81621026152425,161.03480269169813,171.17437134833017,181.13816664863407,194.08225291359122,207.22828509899409
0.73323765014858655,98.997003346361453,98.657768972258054,99.023029237294395,99.74657806115647,100.70534260248678,102.2408973235797,102.71406048601057,104.3925482153536,106.56143845517727,109.04131085833433,112.16118748199005,115.21573785814689,119.05323629030318,123.36533795568175,127.57162231821712,133.41010570404251,139.01556649567647,145.92403960096635,153.04894080107988,161.53355956953965,171.4385676627353,181.42055028117466,194.38739296763379,207.55645624121462
0.7332658936597175,99.144060877912125,98.805649386238656,99.25501109934703,99.996116234608053,100.85435882782622,102.39190634228726,102.86336302460404,104.54583576507139,106.72051558970998,109.19938637590894,112.32466280644076,115.38518469522751,119.22975212765596,123.54938245471567,127.76415325297057,133.61248414424699,139.22814684939658,146.1499354445732,153.28676468027334,161.75205512620232,171.70860324114983,181.70907408251151,194.69924032427662,207.89184752404981
0.73329480928687685,99.294331782861263,98.956769975142379,99.405242968008679,100.14662193399272,101.00663143492784,102.54620179443737,103.01591762363387,104.70248487011486,106.88306178641142,109.36091221303286,112.49170964539007,115.55833496808918,119.41009265057073,123.73743006296354,127.96088395138577,133.81927024405741,139.44536908489317,146.38076403020023,153.52978286714642,162.01070941173384,171.98453450992383,182.00395173073412,195.01794184566461,208.23454994993153
0.73332441302453333,99.447845246049837,99.111183593224268,99.558762282307725,100.30038139209501,101.16220819635055,102.70383836621477,103.17179336266781,104.86254942990854,107.07751928793004,109.52593736723065,112.66238299809993,115.73522566403699,119.59438278152447,123.9295624059996,128.16187631151479,134.03054304204488,139.66730816412746,146.61661351106522,153.77807039875916,162.27504908798437,172.2664951174047,182.30526447057127,195.34355562157361,208.58480575949216
0.73335472124777901,99.604715164176014,99.268958911037771,99.715608538164815,100.45747195008516,101.32113867329826,102.8648790373918,103.33104568164708,105.02610763485063,107.24726524810103,109.69450997131935,112.83674373499161,115.91594252383948,119.78264211314672,124.12586312153508,128.36723431147038,134.2708496981104,139.89405754165273,146.85760405921974,154.03177514634444,162.54510012568426,172.55456343877449,182.61311513549663,195.67628587724903,208.94265730941333
0.73338575072138701,99.764956616232666,99.430156098555017,99.875862213481014,100.61793191048127,101.48349986544054,103.02938589475525,103.49375021936794,105.19320577267354,107.4206941476441,109.86673542364952,113.0148585662464,116.10056401870315,119.97494973153152,124.3263769220539,128.5770447577961,134.49133192411682,140.12569729629831,147.1037883279314,154.29096752871556,162.82100576718949,172.84881814374603,182.9276523517874,195.96804429589611,209.30824650852082
0.73341751860908477,99.928661671281588,99.594842423524824,100.03957251633619,100.78185981947172,101.64935196985243,103.19741411231007,103.65995383364498,105.36392094831172,107.50155279091632,110.04265504704745,113.19679037060632,116.28915735347618,120.17139958782718,124.53120057562046,128.7913322467648,134.71657641990532,140.36231583683184,147.35527834517416,154.55573006494524,163.10287794225223,173.1494292701791,183.24896812453517,196.31548174982163,209.68178723255915
0.73345004248304813,100.09587113015732,99.711766078238725,100.20680513990374,100.94929533401591,101.81876316214766,103.36903887183871,104.20995579062583,105.53831833145159,107.68109633979111,110.22234009734166,113.38261012666408,116.48673757995857,120.37205998710124,124.74041103242052,129.01023294610786,134.94665454738424,140.6040225550023,147.61219054345202,154.82620283328652,163.39079332747133,173.45651217845079,183.57723468945915,196.67047116003596,210.0633951153286
0.7334833403336215,100.26666623192796,99.883179853473848,100.377628737755,101.12030377930205,101.99176837525738,103.54431183630732,104.38353381297566,105.71645001835714,107.8645022908313,110.40586474045631,113.57240852368341,116.68354227191594,120.57698979135603,124.95407737906498,129.23382354617206,135.18163440327771,140.85087691744775,147.87458235133818,155.14696687483956,163.68487995161195,173.77016089168683,183.91251609515166,197.03307548195153,210.45320070326488
0.73351743057926844,100.44108503496318,100.05826009164957,100.55210534690559,101.29493249809457,102.16845719640696,103.72327877566204,104.56079341154691,105.91402372808079,108.05181956629531,110.59327065480829,113.76623157209906,116.88453384021341,120.78629176428149,125.17228067499309,129.46216392142014,135.42162186406858,141.1029863940239,148.14255783157932,155.42914062302953,163.98527058852414,174.09050457163175,184.25496838936306,197.40342406113632,210.85136391482956
0.73355233207676029,100.61920502585781,100.23706671722539,100.73029190136731,101.47325865649691,102.34886962070595,103.90603491064394,104.74178163484976,106.09971123883224,108.24314224478803,110.78464485633594,113.96414094235661,117.08977553952718,120.99999814226976,125.3951038152336,129.71400209957937,135.6666629942556,141.36043653866727,148.41624812592272,155.71731375690797,164.2920026243446,174.41767523489762,184.60472406546251,197.78165683232874,211.25799880822524
0.73358806413160627,100.80107850410423,100.4196762417705,100.91224173574301,101.6553478098067,102.53308467518218,104.09262350776407,104.92655130109415,106.28931737596577,108.43853596059125,110.98004711191243,114.1662259132172,117.29935363167533,121.21820245747949,125.62260177173812,129.95216895802878,135.91690266210935,141.6233080703023,148.69568874237666,156.01159224311414,164.60523812006068,174.75172876760553,184.91276963151176,198.16793063350633,211.67323397676591
0.73362464650873271,100.98677758265694,100.60612933886659,101.0980286094964,101.84123954667666,102.72115014756491,104.2830977304875,105.11519326927009,106.48297433183325,108.63806545411353,111.13600554968798,114.365138578607,117.51330767800391,121.44099820103293,125.85487951790856,130.19534018394188,136.17237274661238,141.8916965898934,148.98104203823459,156.31204737890948,164.92506757003503,175.09284046261382,185.27758628767333,198.56235173750611,212.09730246924664
0.73366209944341509,101.17635556247842,100.79650907830364,101.28772128752462,102.03100860375707,102.91314270818475,104.47753911175823,105.30774321312856,106.68072183728145,108.84179755571313,111.34023173097739,114.57588518848934,117.73173248452076,121.66842994660328,126.0919764455175,130.44357283694262,136.43318371312489,142.16569218365839,149.23894349223701,156.60516907304554,165.25161134926384,175.4411030190895,185.65010729589267,198.9651119843802,212.53024548673056
0.73370044365247178,101.36987936291916,100.9908601081479,101.48136946280647,102.22471864375257,103.10910777199751,104.67600323148872,105.50428779048525,106.88259334344184,109.07991258659604,111.54867340276905,114.79098444880219,117.95467905625264,121.90057889696618,126.3340097403925,130.69697177393391,136.69941370924062,142.445400787783,149.53628592428868,156.91769326610665,165.58496008555448,175.92479146711048,186.03037083278468,199.37624296134891,212.97228380156594
0.73373970034572289,101.56739857259163,101.18925897008739,101.67905232817429,102.42242777721913,103.30912588288993,104.87852887464032,105.70485840569381,107.20263516686828,109.29179974373983,111.76145437995365,115.01055062748492,118.18223964614299,122.13752058560567,126.55254899425563,130.95559974727803,136.97114378519836,142.73088775066935,149.83981821217822,157.23669223016623,165.9252257326043,176.287862059693,186.41851760405916,199.7959737169549,213.42352330913855
0.73377989123772269,101.76897962403382,101.39175540078941,101.88080259984054,102.62418017103846,103.51321240751713,105.08520892335218,105.90952991839731,107.41261389462306,109.5080753138609,111.97858745488702,115.23460591037292,118.41446441832159,122.37928292833749,126.80454639397431,131.21952789835632,137.2484448864343,143.02221424739037,150.1495846397338,157.56224534991634,166.272514850265,176.64781394191959,186.81472489622683,200.22436177358395,213.88411793956038
0.73382103855977054,101.97469834271033,101.59841514773507,102.0867124782344,102.83005943000899,103.72148045961148,105.29608482439653,106.11835665793842,107.62690555640074,109.72883815669411,112.23579384564073,115.4632341178185,118.65143902587806,122.62597856220236,127.06167428495246,131.4888425812278,137.53141312483058,143.31951804466735,150.46568261232096,157.89446504176158,166.62693120939366,177.02621337117671,187.21907887895941,200.66160987327021,214.35419519310017
0.73386316507220828,102.18458957353505,101.809303004713,102.29680801612994,103.04010290128645,103.93396326200673,105.51120983111105,106.33140748955702,107.84558115210166,109.95409760846451,112.46188546130725,115.69651611080189,118.8932199894698,122.8776769184733,127.32401650685279,131.76362653222895,137.82012816635688,143.61904014341053,150.78824427964719,158.23343231214676,166.98854936165662,177.41233774481952,187.63168749755278,201.46850805814756,214.83388736229972
0.73390629407700947,102.39871234912789,102.0244812888177,102.51118523266632,103.25436947591515,104.15071267993335,105.73064360763237,106.5487181613862,108.06869701338655,110.18395110363781,112.69254122175698,115.9344883858721,119.13986519143145,123.13443274162273,127.59163543355317,132.04395613009547,138.11467401960545,143.92863671138912,151.11730100181012,158.57925727224574,167.35752562632842,177.80627801128867,188.05267796231055,201.92477857609992,215.33457874281885
0.73395044943066945,102.61713607681486,102.24399052219269,102.72987894113976,103.47291645828955,104.37180057837031,105.95444711894743,106.86839907267859,108.29631507115482,110.41847372151278,112.92782372077272,116.17723769534496,119.39143773645992,123.392834446091,127.86460073539274,132.32989363457818,138.4150656577076,144.24445653004295,151.45298185464344,158.93201315698025,167.73390327344532,178.20815992964344,188.4821504872707,202.39024908174542,215.83369339938872
0.73399565555740076,102.83989587752149,102.46790964136198,102.95293891316032,103.69580783797755,104.59726471866452,106.18267059115169,107.09456788904208,108.5284910303053,110.65769646039735,113.1677924425785,116.42479645089406,119.64799714111359,123.65988112595369,128.14298185906591,132.62151547684698,138.72139571779553,144.56654640615307,151.79537313172841,159.2918087841208,168.11305463587996,178.61807764622426,188.9202494699166,202.86507297246862,216.34282063900173
0.73404193746264323,103.06706770231722,102.69628302260753,103.18044539594302,103.92308537603458,104.82715943537005,106.41536160588294,107.32515988170417,108.76527406786954,110.87382223809436,113.4125200691451,116.67724505400838,119.90964843157781,123.93218671800423,128.42681624327815,132.91891700916676,139.03328190701723,144.89498038706733,152.1445145268226,159.65871954772956,168.50474936009414,179.03610741838929,189.36703485777252,203.34936427425782,216.86210548002782
0.73408932074689615,103.29870017625399,102.92915638702289,103.41243352700985,104.15480555864997,105.06153744684525,106.65257512317112,107.5602457969344,109.00675258557203,111.12253733016405,113.66202818751117,116.93464530414894,120.1763987979175,124.2098091689877,128.71618768554617,133.22212783993746,139.35180047058384,145.22984999935215,152.50047908197303,160.03282210403631,168.90413536279448,179.46238441051901,189.82265929707501,203.84113155729574,217.39167315815939
0.73413783161987822,103.53482513196468,103.16659333649841,103.64896261681861,104.39100559667531,105.30045000065365,106.89435830843831,107.79985132733782,109.25292626185183,111.37614678305727,113.91640160606039,117.19702732163933,120.45685944603611,124.49282550697535,129.01116046706011,133.531248442785,139.67649730246922,145.57124824653874,152.86340712672245,160.41419467317974,169.31137493119968,179.89697162955417,190.28718465132988,204.34448994964623,217.9315981259715
0.73418749691502583,103.77550734321994,103.4086337706085,103.89007660575407,104.63173704775909,105.54394941041573,107.14074427595915,108.04403152744999,109.50387016348577,111.63469381336472,114.17566849603463,117.46448150249307,120.73395123521732,124.7812828455244,129.31178890007868,133.84633075195961,140.00745523524893,145.91919523663819,153.23335389856948,160.78809470679698,169.72642224017909,180.33998057472854,190.76072434109665,204.85769705767962,218.482043275264
0.73423834410433553,104.0207713910313,103.65533675381266,104.13581619458091,104.87704389138344,105.79206976053138,107.39180813763051,108.29283400358327,109.72018779099199,111.89825165385082,114.43989884118309,117.73701106831322,121.01631636932143,125.07522674368556,129.61811989932903,134.18155703070443,140.34469555520991,146.27378905592559,153.61036039932151,161.18432448347448,170.14946833141221,180.79149894974034,191.2433521391431,205.38075396324712,219.04311767041145
0.73429040131356016,104.27066613052011,103.90674235027655,104.38623677144096,105.12697595867212,106.04486035279115,107.64755046907158,108.54629976864635,109.98048499735705,112.16684951678872,114.70912533009869,118.01462655404248,121.30399942893382,125.37472987750516,129.93021490057072,134.50892451423897,140.68831316996148,146.6350794254613,153.99452344950259,161.58804900780524,170.58051983850237,181.25157459038383,191.74150304828436,205.9138108590887,219.61488887634914
0.73434369733776605,104.52522899351607,104.16288723288926,104.64137414862671,105.38154964568639,106.30234613098582,107.90801749800085,108.80443575381651,110.43679827453343,112.44053603611974,114.98338711737415,118.25148838674977,121.59705942422261,125.67978363468501,130.24814162627445,134.84241396870311,141.03834194317096,147.00312465554816,154.38587391167675,161.9993475289557,171.01968939646395,181.7203230011728,192.24269390648624,206.45691319366961,220.19749824313112
0.73439826165726119,104.78453818760863,104.42382503594672,104.90126143147063,105.64082491315094,106.56454731064696,108.17326297952604,109.06731228283934,110.70558001895188,112.71935722625494,115.26272240470462,118.53954580817663,121.89552169775925,125.99047522374531,130.5719063864799,135.18205408691392,141.39483017241037,147.37795688110782,154.79730050286162,162.41823867517815,171.46704176491039,182.19778887182474,192.75323715402192,207.0101961065011,220.79096967808437
0.73445412445390179,105.04854173538115,104.68954238129118,105.16595167370724,105.90479394871909,106.83151568354879,108.44328548999874,109.33493541491771,110.97928798243811,113.00335212050049,115.54719597437543,118.8328522429656,122.19943448756931,126.30683663390482,130.88066414162131,135.52791079456983,141.75783791214053,147.75965812968752,155.20333900392507,162.84481556559331,171.92260810281368,182.68402481723751,193.27318950103654,207.57371259292449,221.3954396805857
0.73451131662778735,105.31733509580954,104.96012422305466,105.43545768337935,106.17352295486489,107.10327629128187,108.71812611754285,109.60734653212057,111.25795520538668,113.29255702905539,115.87003679397822,119.13144756272595,122.5088079448833,126.62890206027078,131.21629085507266,135.88001951720798,142.127391076001,148.14823967033954,155.61672025282314,163.27910045260433,172.3864286579992,183.22638399967764,193.80261119697025,208.14753960950657,222.01099326641088
0.73456986981435246,105.59091600905231,105.23556078723414,105.70979703771263,106.44700683068004,107.37985065365137,108.9977966435963,109.88454979477501,111.54159251292003,113.58696378390414,116.16482510900278,119.4353605168144,122.8236917668055,126.95667729151501,131.55787261178739,136.23839568995572,142.50350768092721,148.57416487602131,156.03748569116033,163.72110364250875,172.85854868120623,183.73053506022188,194.34154971280623,208.73166761795983,222.63763909291265
0.7346298164018662,105.86928035724304,105.51590469838811,105.98900347436756,106.72525658660925,107.66123956006049,109.28231482480987,110.1665738240772,111.83023339418651,113.8866535299494,116.4647387534169,119.74460583537075,123.14410130101714,127.30132654517729,131.90540515111024,136.60297076096867,142.88622130720614,148.97644753051281,156.465698912476,164.17091345456538,173.3390351484104,184.24358077337638,194.8899052216384,209.32623156527006,223.2811878558532
0.73469118954934742,106.15248029201757,105.80112662056672,106.34904427696347,107.00830756771575,107.94744947129766,109.57166945326571,110.45340073797524,112.12389495025855,114.19161059336511,116.76986081987343,120.05921142807347,123.47001967571669,127.64062302507773,132.25893167356298,136.97386211374396,143.27553644313593,149.38569168746108,156.90128674090556,164.62851642168607,173.84940525093043,184.7655931605459,195.44778613964081,209.93121819279804,223.93008323883987
0.73475402320490568,106.44048567576465,106.09127740691292,106.63711245162995,107.29613568285458,108.23850135650719,109.86588290876352,110.74505752432924,112.42256793923116,114.49425122535285,117.08018934919892,120.37916378587397,123.80148936862497,127.9856827842541,132.61843951775882,137.35106200210612,143.67918522301443,149.80190333120299,157.34435011762616,165.09389888396981,174.34660731993245,185.29653937856347,196.01530047097185,210.54663941975559,224.59020644457087
0.73481835212452051,106.73332070195829,106.38633001078597,106.93003043053432,107.58875181169424,108.53438816683229,110.16494042373597,111.04153906759529,112.7262713864402,114.80956231842538,117.39570992642621,120.70447849952507,124.13871553165154,128.3365045335413,132.98393245020088,137.73457860291455,144.08172759722765,150.22506530406827,157.79483145310769,165.56710776124055,174.85221382644522,185.83644366380031,196.59242912546142,211.15333767963421,225.26159154701963
0.73488421189126552,107.03096267289402,106.68629895206686,107.22777454940297,107.88614861436508,108.83508661406267,110.46881623573245,111.3428223310857,113.03497538984993,115.13015517522399,117.71644706096231,121.03514373089274,124.4813001238017,128.69305155165785,133.35538367828303,138.12440349227109,144.49085774204286,150.65516973210651,158.41225743484756,166.05494129510225,175.36618803092279,186.3852988845756,197.17911548262964,211.78942055486368,225.94418828597372
0.73495163893499149,107.33339774623892,106.99115484011054,107.53035087133685,108.18829106507292,109.20913804734846,110.77750573823505,111.64890015844139,113.34250079028789,115.45604827211901,118.04236497371494,121.37113502633474,124.82939510156939,129.05534590358729,133.73280134582456,138.53783895343258,144.9065638607226,151.09221334988615,158.87746384012462,166.54383774338203,175.88852358518488,186.94314195322113,197.77540056851103,212.43590480223975,226.63795883491184
0.735020670552477,107.64059821872434,107.3008763264661,107.83771542710565,108.49516725501417,109.52207591728256,111.09096548593516,111.95972836399778,113.66130240685925,115.78719036103575,118.37344252872208,121.70707252930879,125.18297576583609,129.42332777656338,134.11609984706411,138.94020404419825,145.3288119953595,151.5361262691531,159.35003291704743,167.0404917915821,176.41915216321104,187.50973887538385,198.38223407711666,213.09276928290274,227.34291327975006
0.73509134492805861,107.95253191771553,107.61544504594167,108.1498479105976,108.80673367056625,109.83979284484485,111.4091583842619,112.53824304718182,113.98503890306529,116.12357562553916,118.70965314856767,122.05400861786256,125.54198693824947,129.7969774637786,134.50531206822598,139.34880290589717,145.75755770178694,151.98688798948751,159.80628535585493,167.54480220513142,176.95803472787884,188.08521948404632,199.34134636489034,213.75999014457739,228.05892257474807
0.73516370115475316,108.26916778994018,107.93482396527725,108.46670227759387,109.12295692226326,110.16225493195088,111.86187644814527,112.86222159281169,114.31370470844013,116.46516630424412,119.05094664804528,122.40618121744592,125.99487647935166,130.17622473703159,134.90804525393469,139.91340312728971,146.19275364323948,152.44443931985006,160.29341821816342,168.0567426081434,177.50511041862592,188.66946070877566,199.96738126588207,214.43741316541855,228.78593193056258
0.73523777925588074,108.59043737602769,108.25894566317584,108.7882257770234,109.44375315422076,110.63458729982631,112.19039406172305,113.19081417790039,114.64722253011678,116.81190245076868,119.42193033795411,122.7635426363031,126.36459179771919,130.56100956050977,135.30869727291429,140.33407197321867,146.63429184393499,152.90867423692907,160.78771649423106,168.57617540408137,178.06030125978214,189.30053609145398,200.60268574998372,215.12493688749055,229.52386841829139
0.73531362020720381,108.91625251684491,108.58775457235788,109.15012072344507,109.76907101312099,110.96715399712957,112.52347202341298,113.52391915122826,114.98554019823678,117.16373839870175,119.77297958029158,123.12598207660449,126.73953320353212,130.9512296855919,135.71501834682203,140.76073825272942,147.08211289736209,153.38482298185045,161.28913437562551,169.10301474708649,178.62345346355141,189.90206819923333,201.24720580360372,215.82245451933704,230.26388220722765
0.73539126595959281,109.24659154929759,108.92117492986472,109.48013258946958,110.09882617115545,111.30427562145269,112.86103296451438,113.86144926317866,115.3285865912967,117.52057243004856,120.12891685232898,123.49346938599047,127.11963824499799,131.3485080325172,136.1268866190112,141.19327046805302,147.53607291851222,153.86201873776372,161.79744120202668,169.63713655729225,179.22919303139133,190.51201938089616,201.90078169955268,216.52981766408084,231.0226824344827
0.73547075946223062,109.58129953017942,109.25911322634329,109.81456749722201,110.64095998732773,111.64583759324614,113.20297200075674,114.20333195362764,115.67612521260435,117.86545238261351,120.48960909145899,123.86587114595204,127.50479076189004,131.7492247862283,136.54421082177942,141.63158147333888,148.00994435739813,154.3456221556462,162.31257899512639,170.17835381302757,179.80785415364335,191.13016234334646,202.5632549387783,217.24686806679983,231.79187805169749
0.73555214468636954,110.1077087467811,109.60149964205448,110.15331099863488,110.98270416204741,111.99173889348185,113.3827615648861,114.54941103879446,116.02815164831281,118.23212582401175,120.85497109971857,124.24306217694539,127.89582965573572,132.30411723203724,136.96681482827989,142.07550839185842,148.47584622850627,154.83540746717608,162.83435802947133,170.7265310055036,180.39403120678162,191.75640145258421,203.23440019190366,217.9381404357573,232.57123710276846
0.73563546664965418,110.45264991017302,109.94816362450638,110.49625466958241,111.32860340481784,112.34184387459572,113.73856647438424,114.89954710057464,116.36070059460235,118.60353286639292,121.22486779333394,124.62478729394206,128.29038538033547,132.71459970286378,137.39457654860144,142.51406131064778,149.07692344763382,155.33122049097165,163.36261430689228,171.29757410245566,180.98743006899622,192.39046737237277,203.91399028580145,218.67366989618222,233.36050803512899
0.73572077144102199,110.80164176069775,110.29901075190992,110.8432521280356,111.67854686415467,112.69600130084746,114.09850635184102,115.25361252460425,116.72194473624859,118.82396738072748,121.59917147827946,125.02329662478587,128.68955749226097,133.12988360816234,137.82731807121218,142.96885799278971,149.55486971823029,155.83284839430144,163.89711941078804,171.85928646825778,181.58787674878204,193.03207062948513,204.59260468288358,219.4181440493594,234.15939957716546
0.73580810624619775,111.15454875097657,110.65385399630941,111.19415939175178,112.03235482751734,113.05405317706573,114.46240919045795,115.61141689834403,117.08733930546077,119.19781386095656,121.97769644345681,125.66059801211941,129.09318288474697,133.549765424611,138.26483167578954,143.42872810114477,150.03811769481945,156.34008076278678,164.44170215716804,172.42728281005657,182.19509811733769,193.68101390959691,205.28849783850455,220.17123087610435,234.96755080917137
0.73589751937379322,111.51116966854624,111.00018725399968,111.5488078766848,112.3898586009218,113.41582364844089,114.83009272158688,115.97278446292421,117.45669200065458,119.57580164356295,122.36028024840471,126.05641117912728,129.50104714254121,133.97406685736769,138.71988241583131,143.89345895920724,150.52645582689183,156.85268835658189,164.98800746034158,173.00131775365571,182.80889589875096,194.36920552757692,205.99201846497181,220.93256287896111,235.78460000059658
0.73598906028202926,111.8713079113395,111.36151625278308,111.90699534473242,112.75085423451401,113.78110272603408,115.20133869348865,116.33748605756591,117.82965833122307,119.95773617721443,122.78086323136631,126.45609528800287,129.9129291116169,134.40252890906231,139.16608625634672,144.36281088812484,151.01957660380231,157.36302973369675,165.53977549463707,173.58103768357796,183.42886242700206,195.03181460447649,206.70271478095492,221.70184282392347,236.57649458411015
0.73608277960609303,112.23476068949913,111.72628186048678,112.26851234211063,113.11511342392623,114.14964758082351,115.57590949869245,116.70529338060987,118.20616104724013,120.34336218266435,123.17080649162472,126.85930115033079,130.32858198448866,134.8242672478973,139.61633921664998,144.83649313913338,151.51717763188844,157.88565762620237,166.0966369822072,174.16614756224317,184.06283012867607,195.70067537928026,207.4201841719655,222.47848152467805,237.41000273209102
0.73617872918614657,112.60126613172451,112.09426494933268,112.6331127338135,113.58660252463778,114.52120227979867,115.95356031045867,117.1659004770363,118.5859611626538,120.73206085249876,123.56413764988611,127.26594217019556,130.74773066199305,135.26050150365063,140.07033229417266,145.31420212464582,152.01280705245063,158.41268456833313,166.65829169766039,174.75622566558559,184.6941195944637,196.3753084902537,208.14400881997244,223.22404248695375,238.25096399694939
0.73627696209600191,112.9705759263552,112.44394437446317,113.00053857682906,113.957427817194,114.89552059701055,116.33400164388968,117.53903394707504,118.9688054461958,121.25164662947827,123.9605453232989,127.67573576162977,131.16159339215574,135.70002423311871,140.52771438436594,145.79556210023293,152.51823252128997,158.94375719643358,167.22428015787455,175.37700530385928,185.33035467851187,197.05528720180655,208.87364067363796,224.01475387132223,239.09878951933933
0.7363775326724783,113.34238178501573,112.81810643148128,113.37050150848609,114.33070976772979,115.27226032214639,116.71691910484196,117.91441246550949,119.34651090082298,121.64830433155339,124.35971614089431,128.0883385535476,131.58665067743914,136.14253378926242,140.98815239227861,146.29688843377289,153.02705373191884,159.47840572535506,167.79416107186898,175.97604079669281,185.97102342570906,197.74004552741644,209.62727330477901,224.81126026519678,239.95286149331059
0.736480496545458,113.71637005751927,113.19466701953115,113.74269743655759,114.70611471082475,115.65112547619628,117.10198203823757,118.29169500532817,119.73533461224815,122.04759204844459,124.76133073962092,128.50803756775395,132.01419500286784,136.58754035038146,141.45123371903446,146.78481678957814,153.53883571045526,160.01620824788552,168.35277175438887,176.5786722835951,186.87122460921591,198.42901036277863,210.36690163592311,225.61294977475472,240.81248258287837
0.73658591066865831,114.09216643095124,113.57325426247962,114.11675752123938,115.08328714694971,116.03171117740567,117.48880120491776,118.67047914736577,120.12629870674209,122.44914593905196,125.16493131945208,128.92470524013061,132.4438545813091,137.03475493720362,141.9222784299368,147.27517502018827,154.05309251320568,160.55665001433499,168.92877969790607,177.18431055611154,187.51953396350928,199.14514947510679,211.11051069149698,226.41906767580599,241.67682684924466
0.73669383335113414,114.46942209902954,113.9535059992254,114.4923301054082,115.4618284131343,116.27329177000365,117.87698609116069,119.05038580042537,120.87173895469277,122.85260522863518,125.61554923998619,129.343012992269,132.87517898727538,137.48367031703583,142.38905115341095,147.76750065082024,154.56930178105131,161.10138917926179,169.50700828356275,177.79233595684582,188.1705238959305,199.84024764392575,211.85737431234975,227.22884038418397,242.51127431666214
0.73680432428953191,114.84767465850382,114.33501335316032,114.86896953921632,115.8413171434504,116.66087872078151,118.26607450975553,119.43097887411659,121.26425205365467,123.2654981243727,126.02210841179158,129.76252904862849,133.30769207990397,137.93429113860111,142.85703954930159,148.26120784020895,155.08688256973528,161.64559356791915,170.0869014385928,178.79804005302208,188.78578776015775,200.53741725070267,212.60666887158663,228.04136570597086,243.38291881359089
0.73691744460111008,115.22649963768163,114.71733583663354,115.24625676588266,116.22129878039186,117.04907879608845,118.65560717494964,119.81176075205894,121.65737868301994,123.67150643231616,126.42940685272652,130.18271552624356,133.74163216154102,138.38567046132448,143.45845775350108,148.7557359501177,155.61411786040435,162.19059778013388,170.66770098720804,179.40888848476652,189.43950741834396,201.23589520367466,213.35750415641576,228.88525010675107,244.65087916439455
0.73703325685754595,115.60537233440027,115.09997647736782,115.62369007876646,116.60126391399649,117.43738317437987,119.04506069261674,120.19220927981542,122.07715591624606,124.07795247015179,126.83660858159305,130.60304108183482,134.17484624031363,138.83716600430103,143.92838910392584,149.25212308777191,156.13244183631377,162.81339911144869,171.24873669351905,179.99807159136685,190.09356713168563,202.10475487429494,214.10893829144248,229.70005442971257,245.52822000700135
0.73715182511954613,115.98379024481574,115.48242299696244,116.00075232484869,116.98065632650832,117.82523742400826,119.43384102042637,120.5717854032896,122.46993335723005,124.48437173351658,127.2434490664732,131.02716739370317,134.60758641170605,139.28817997858323,144.39771377202646,149.74546677321518,156.65012842964211,163.35881342158495,171.81236915435829,180.607816506836,190.74704989953318,202.80254986425359,214.84850716715579,230.51457791750769,246.40530775036376
0.73727321497228193,116.3611224350268,115.86410628843691,116.44028939800091,117.613446051962,118.21204530681644,119.83356988158971,120.94985300035773,123.03861284214895,124.88750734262885,127.64936523338247,131.44490350518595,135.03921394901931,139.73802262171171,144.86633932015707,150.23753086710303,157.16637317432674,163.90277075409881,172.39154828202572,181.21592573965347,191.39901049549121,203.46196974402545,215.59744555167947,231.66060940532145,247.28083335860592
0.73739749356166717,116.8097642072953,116.24440068905733,116.81405317507347,117.9943216620909,118.6627629906809,120.41093969106873,121.55962391488401,123.42768636003007,125.28672560645498,127.99216192747929,131.86087078801916,135.46900271760308,140.18592453386771,145.33252845722359,150.72749259670184,157.68030945539272,164.46812200136822,172.96834339043181,181.82136697248006,192.04839704895187,204.15582760590001,216.34365201826182,232.47248993431964,248.23139456515446
0.73752472963149884,117.18585483419918,116.62264290319285,117.18547776809601,118.37278008742135,119.0450307611037,120.80316523565898,121.94430986884333,123.81430948305956,125.69123694214989,128.39381459054141,132.27436024811402,135.89623198375091,140.64147215141884,145.79580158898671,151.21445290082136,158.19087562465455,165.00663304934341,173.54166665694979,182.42313095194729,192.67709120693792,204.84563395279378,217.08579349536956,233.28024112273701,249.09959572727416
0.73765499356148312,117.55888161298026,116.99812230643909,117.55385942932207,118.7481007696183,119.42415285698189,121.19228603787451,122.32548463729802,124.19772455022905,126.08441623661656,128.79246401794444,132.68456188036464,136.31286341234119,141.08354977802537,146.25530509077765,151.69746703065164,158.70942384408767,165.54080103797779,174.110448452409,182.97369618529575,193.31867442045404,205.53016567160995,217.82247583286357,234.12108864065712,249.96172420504988
0.737788357406165,117.92804768338902,117.42505830713247,117.91841254817206,119.1194639999311,119.79933344357562,121.57747010473673,122.70232093636463,124.59989646678872,126.47388835320254,129.1872878029078,133.09067678285862,136.73255791849169,141.52116782382524,146.71005404391011,152.14302409980607,159.21053911850072,166.06953397640689,174.67346148141746,183.56425862307219,193.95397136305709,206.20793594037281,218.54761757438874,234.9160259644286,250.81601627036423
0.73792489493478453,118.2925367613488,117.79086270409249,118.27832238056436,119.48601687990231,120.16969667825435,121.95784559039015,123.07393728072867,124.97363797106857,126.85879774661896,129.5774268653708,133.47378796238246,137.19831610513566,141.95334701682347,147.14567260968769,152.61505710226297,159.70528101705355,166.59163066475426,175.2658987726098,184.147400971591,194.58155939254661,206.87744133282959,219.26840824017177,235.70192573452306,251.6606541272572
0.73806468167208195,118.65140730730076,118.15139974990035,118.63267697122757,119.84684532307395,120.53431530213038,122.33247779784597,123.43937922507394,125.341583439088,127.23818170750978,129.9285492288349,133.86806890411719,137.6084106571428,142.37903585449214,147.58738298997508,153.07993303564709,160.19237870133338,167.12509347473312,175.99579161663482,184.72164307463066,195.19981739099433,207.53338378490264,219.97886830054182,236.4769069042527,252.49360095030056
0.73820779494007382,119.00373767908076,118.53105654932178,119.16423151171121,120.20098001958399,120.89221957050231,122.70034774315263,123.79764420604485,125.7027189458162,127.61432071464469,130.30731979589973,134.25530516249236,138.01131219854227,142.81557865870553,148.02109376621584,153.53643420652537,160.67053718946661,167.63006656725622,176.53361916228565,185.28546724557012,195.84631616283147,208.1819901557281,220.67714102896923,237.23897752331914,253.3103381771889
0.73835431390082273,119.34845671183031,118.87759985873781,119.50452578572552,120.65428692260494,121.24233824253739,123.06037112302194,124.14762637829512,126.44694511250506,127.97965645591987,130.6784448918711,134.63439341653094,138.41330599774756,143.41071593289954,148.44550896852996,153.98322798682213,161.15918977517072,168.12429048807161,177.06009166578067,185.78117586646323,196.44170725791196,208.8170951479575,221.36123425401229,237.92023770603691,254.11151258013524
0.73850431960022556,119.68448110674628,119.21587698889137,119.83612335796398,120.99306249541311,121.58354557083048,123.41141581885891,124.48821349962226,126.78705130752564,128.33637812450604,131.04080519520286,135.00473321992371,138.79911679195072,143.80993296983644,148.85926422741719,154.39040170146635,161.61511104783287,168.60621069126532,177.57351982322012,186.31807819632616,197.02267582471541,209.43669481662255,222.04007280567726,238.64830894874194,254.89396699594863
0.7386578950128434,120.01063253989012,119.54475119872754,120.15790676757801,121.3217685827294,121.91461678416455,123.7522260867694,124.81814741200583,127.11985969427602,128.6832918122787,131.39318300352144,135.36497839638005,139.1740763589745,144.19761486103926,149.2471198170017,154.8136553363681,162.05763224657636,169.07415551939823,178.08432055041465,186.83929682177882,197.58711576586506,210.08777495331856,222.6896022206688,239.35653176329379,255.65513406978425
0.7388151250877979,120.32566860307482,119.86297032086127,120.46861528795662,121.6391554322703,122.23431079836348,124.08152169691323,125.1361576184662,127.44089019085195,129.01912558051515,131.71403047137659,135.71340195479513,139.53680441123831,144.57251689522573,149.63566144260597,155.22273802711214,162.48506261215164,169.55306968423554,178.56643737165837,187.34284760496212,198.13299304432485,210.67083398699651,223.31786179453002,240.04228853595123,256.31665607450577
0.73897609679576093,120.62824252248365,120.16924568336788,120.76698840083367,121.94388061811374,122.54124503868289,124.39789580619316,125.4408051898084,127.74877311513458,129.36003358268488,132.04288877967923,136.04859245353481,139.88579842486945,144.93347269618732,150.00904562970015,155.61593783403657,162.93941957443963,169.98775601573789,179.02951406368902,187.82661283969173,198.68762816602111,211.23167235798292,223.92258770139051,240.68405612419974,257.02558775319812
0.73914089917706116,120.91697293276167,120.46219950443111,121.25363330513221,122.23451047074906,122.88751196015301,124.69987511316612,125.95715149502519,128.00572997508925,129.66849720819511,132.35763741970334,136.36898559264364,140.23202896355747,145.27824750968045,150.36511350835144,155.97443074308853,163.33177338608925,170.40279001438148,179.47177858216946,188.24094554809108,199.189191962721,211.76773412144212,224.50092680966645,241.31634847084752,257.70431872083282
0.73930962339093653,121.19030953758283,120.74036903850572,121.52564508912724,122.50951386862823,123.17466189043046,124.9858854956168,126.43051836104189,128.28304815790148,129.96150974506895,132.65674158558875,136.67960285691481,140.54907062433676,145.60510219655612,150.70245993568869,156.62339773428653,163.70336326038341,170.79612849087789,179.88413010894874,188.67877105604066,199.66506474280686,212.27622874166264,225.02496799531673,241.91739515019071,258.34945191625593
0.73948236276595813,121.44672656907824,121.00217597668063,121.78075258777585,122.76731533332691,123.44486593282193,125.25429354752123,126.70120410008963,128.54252205181751,130.23748349539551,132.95078983899475,136.96595086220191,140.84737924153069,145.91220222939046,151.00861999707058,156.95713012208807,164.05203018900556,171.21134873726805,180.27782075839832,189.08953817791917,200.11254012544214,212.82794769053908,225.54154063449914,242.48378149157361,258.91924924037085
0.73965921285165392,121.68454798511652,121.24599489475759,122.01730714656264,123.00619288389021,123.69644232385554,125.50964896945175,126.95243447329108,128.78249677079066,130.80785459083495,133.21465149229971,137.23246780195973,141.12508151732618,146.20266431252458,151.30322363213008,157.26705789739981,164.38620806255312,171.55448565338838,180.64355390994024,189.47068600553666,200.52574866297346,213.27302285856149,226.02269026143586,243.01207650024298,259.48806095454165
0.73984027147136211,121.90198330984322,121.47009381685962,122.23352617280852,123.12951383195036,123.92755252957136,125.75052427999776,127.18234077345642,129.01106460584219,131.04336267528151,133.45768312106929,137.47726130116052,141.3796866461098,146.46413710629895,151.68378252902357,157.54028089764097,164.75789228813937,171.86880375813143,180.97873606880512,189.78351660354019,200.9056953379386,213.68145681693568,226.75096096865127,243.48632689934675,260.01212447108264
0.74002563877634031,122.09716600099728,121.67260426269559,122.42762517302663,123.33104003820245,124.13630521188816,125.96882027886568,127.38153105170977,129.20774392021031,131.24556828774575,133.94811001609514,137.7195444828626,141.61000455773456,146.6996409373487,151.92856791211489,157.79513551868968,165.02367229866468,172.18750397643453,181.28134739467896,190.09793863723007,201.2482642954692,214.04977765677359,227.21039855194431,243.92776374887762,260.48722495967741
0.74021541730116425,122.55085372791382,121.85161777080475,122.73189930863236,123.50808509360832,124.320704632873,126.16251988448812,127.56141647346976,129.37921355820345,131.42289028939285,134.17654103049335,137.91609065237253,141.81343873581955,146.87861849054298,152.14243705742138,158.01889637922159,165.25669913707497,172.4408190637705,181.54663259954577,190.37399649212966,201.55010973139179,214.42005287209577,227.56689387120059,244.31950528118614,260.87292765592429
0.74040971202044403,122.70037604339905,122.05420589367941,122.87485679059955,123.65862202371045,124.5541219494321,126.34907151307971,127.71384567487576,129.52332167304667,131.56724400024723,134.3452401194927,138.08454830541996,142.00543541599109,147.05331169220062,152.3244028271929,158.20912556288022,165.46841734061672,172.65352438584887,181.77250729951629,190.60849694324315,201.74525197559706,214.69622334429005,227.87311102552121,244.68309075327852,261.67722831921492
0.7406086304068894,122.82137416747355,122.17726411966669,122.98944421450869,123.78042962053314,124.68616716448741,126.48975611107926,127.8365213026027,129.66869664127898,131.68932649028648,134.48460307605092,138.24024780000582,142.14814735845084,147.1947283815889,152.47180503296204,158.34666334696158,165.62631152264112,172.82602086604129,181.9557621835811,190.78311878416207,201.95562489487929,214.92117539786341,228.15822987144929,244.96300335268461,261.97855698355124
0.74081228249075837,122.91160493928692,122.27035679182427,123.07338424158206,123.87121945601484,124.70040033335135,126.59909313325898,127.89970638808518,129.89270177986145,131.77987558896893,134.58746174377575,138.34607378228429,142.25653814281486,147.30028023036175,152.58104008950249,158.4620340568963,165.74275643303554,172.95467116639156,182.07910739938779,190.92393534717121,202.11439594099284,215.09339890698539,228.34884404213517,245.17967653724918,262.21182293347738
0.74102078092071899,122.96871686393479,122.28693454335189,123.12438087524879,123.92860425487288,124.77214570768501,126.67456834144832,127.9540685559532,129.94897038021281,131.84239654011799,134.66015932802384,138.41662282282596,142.32797953273985,147.33594580043064,152.65047006843633,158.53523799674986,165.81451257244225,173.02675317619651,182.166640053847,191.01249701183406,202.15139986001668,215.20224854963089,228.47601025933182,245.32817721733591,262.3865614585884
0.74123424102616042,122.99020713334539,122.30994545120029,123.13998968129999,124.04661547875912,124.80856024529476,126.71360096755689,127.97128542408427,130.0083372672616,131.99818690991742,134.69588329468024,138.44921241752672,142.38514955951359,147.36106168033075,152.67676322764601,158.53815735010176,165.83657818774009,173.05770194167235,182.20095826857869,191.0570841110457,202.52997713668447,215.2470191796383,228.53492652771092,245.46587530930992,262.46864214679226
0.74145278088098665,122.97353274491434,122.29577759502536,123.11769751102293,124.02855923492098,124.80703623987029,126.36477624318832,127.76825924670629,129.9868669010848,131.97170465672025,134.69087769043836,138.47623968990956,142.37389679400985,147.34176476349967,152.67200014947593,158.51804152919976,165.80939379522897,173.03484372447201,182.15215133564197,191.33607131726239,202.50991014600004,215.20615103140881,228.47155413843575,245.46202753035323,262.46605536506104
0.74167652136892792,122.91602603205502,122.2418158817909,123.27441137565438,123.93031711241565,124.7648566341577,126.32704064023346,127.72240363758647,129.92269674086492,131.90263765093732,134.59433814455952,138.42468063546949,142.31714323659253,147.26703671573341,152.60303622894935,158.44606432569344,165.72731641390055,172.96412394472645,182.06821028311242,191.24313178759621,202.43863836567471,215.20411861245157,228.37899055029993,245.37373615538672,262.39331602812308
0.74190558625040681,122.81499155804158,122.14540749164553,123.1697724450878,123.83694535104769,124.679236026137,126.24559740594486,127.68949643954329,129.83104968195403,131.80793507374619,134.50185288975081,138.32652612401944,142.26955508411629,147.1500458595292,152.48098074809968,158.31871513057195,165.60838849633728,172.82271173935806,181.91918380631614,191.0796365337701,202.27691185692311,215.03072369778238,228.202868709006,245.22260272936546,262.20228196192329
0.74214010223099547,122.82620446256078,122.00377984021543,123.01883531285785,123.6971810946834,124.54727579147766,126.11752728792453,127.56631667266629,129.67157973878057,131.64573738275794,134.36128724591981,138.2186414950047,142.11077542976636,146.97910696229519,152.29721747765143,158.09394495165543,165.40544233194669,172.61586843819896,181.68469959793947,190.84388412784392,202.03718197513081,214.77383171334077,227.89794062505098,245.15005561431462,261.90764479233621
0.74238019903150199,122.63557793242398,121.8565704383891,122.81871890482216,123.50810882965197,124.36601345197414,125.93980482491497,127.37877770491286,129.86514066293603,131.53261725732591,134.15432705700368,138.09106091576905,141.89712357377721,146.96917345951806,152.05976726547306,157.84400443785125,165.13625753222004,172.34724673704477,181.50251038813803,190.53029643037735,201.69419913250022,214.44033369021054,227.53909512375685,244.77460729852464,261.44292390999908
0.74262600945972423,122.39293984045071,121.60923656684827,122.56647908753803,123.26670930887849,124.23609109414247,125.81409332561816,127.13726459380632,129.63223456162086,131.26851501119381,133.90899297655051,137.82774963451811,141.60157966267798,146.67976834914953,151.75899245409528,157.5043753839891,164.84397404127958,171.9969040107062,181.1322224149626,190.14328930318152,201.28343935329758,214.00060325331287,227.07976065020921,244.33735247011646,260.91918909308151
0.74287766948391165,122.09525730659516,121.30783084286304,122.25911930018992,122.96993198206474,123.94911774050343,125.53087973806032,126.8748565836795,129.32135815518996,130.93744586746107,133.64556359822018,137.48334850643005,141.26774557264798,146.32590453743251,151.39900533052423,157.11703373022829,164.53987597534433,171.56849162162689,180.70391329406993,189.65982690677629,200.77955210995424,213.49959256529837,226.53114117249061,243.73786127887433,260.27177412535821
0.7431353183079753,121.73944238544573,120.89932962002786,121.94792845488701,122.61462543778543,123.60348494713253,125.18859934763532,126.51604004614273,128.94917137877928,130.5220032425168,133.22346641732656,137.09733786642755,140.86883689570095,145.91671010017672,150.95930678298464,156.65536693479953,164.04242749209516,171.06365698493028,180.16454365172103,189.08414939907379,200.17553032629803,212.85605527643929,225.85331175973988,243.01690011812025,259.44853270762542
0.74339909844848695,121.32238140784466,120.48149283817838,121.5186746213185,122.24279460909747,122.89956943737343,124.78391100026056,125.98771103900071,128.57470599913722,130.06387479648038,132.78068917834753,136.6242180841582,140.35445816799256,145.42220834254476,150.44496937811346,156.13239914919541,163.46631485866965,170.46639465123008,179.53330948009534,188.37966694825445,199.47042395031895,212.10155883432162,225.29563611659978,242.16545410956314,258.53439689197694
0.7436691558135119,120.84096382056305,120.00065025021831,120.95484836617834,121.76439295724413,122.42921814272268,124.31356095397859,125.55405674659778,128.06961217360731,129.84241245070007,132.30424646125175,136.1025668955117,139.81381621200489,144.8523316895662,149.85219713523111,155.70185984350974,162.80311707688088,169.78268365972326,178.81246173221734,187.60495468178124,198.65648977286764,211.29585374378075,224.37501949691796,241.17979192839994,257.45966604779824
0.74394563978331618,120.29207481104095,119.45374644986441,120.39875835769999,121.21803365083906,121.89155117351402,123.44954037502976,125.01353780596764,127.49346753311693,129.23666461214452,131.72827424529169,135.50763425657351,139.15914843470091,144.18374356997083,149.19962871965254,154.99262636047933,162.02023880765046,168.99877752941393,177.98248362653976,186.69369903574261,197.72181014955277,210.30194815329742,223.32363327709027,240.04721122985939,256.24971923808334
0.74422870329299551,119.67264503534534,118.83781988755072,119.77204868250556,120.66567386137103,121.28340490270421,122.84614797962422,124.41594788670773,126.84632049540232,128.56553629957489,131.07831462800823,134.78930499102717,138.46390091221838,143.45218035979633,148.42796132047806,154.17539487306931,161.17051046298002,168.11473674290755,177.04978388889867,185.69922734569263,196.67359258366923,209.17993773073249,222.1210228959535,238.77267301063694,254.88050183598534
0.74451850291707045,118.97963267521845,118.14989270077785,119.07169175109448,119.97991393523989,120.60165069255163,122.16886829108262,123.72596974439512,126.11914116470143,127.81047605051572,130.36514676496881,134.03865565416345,137.82546568487305,142.61831694093416,147.57693688719883,153.27956090503721,160.22503399082052,167.2255737062369,176.00404531202366,184.67994697114045,195.74220138233795,207.96013828729338,220.78882423072355,237.34295304430998,253.36774689255981
0.74481519895609394,118.10675009310216,117.3871367846732,118.29481807746924,119.21736762235378,119.84325783208624,121.41456146867858,122.95671802118886,125.18582506165694,126.98198799368402,129.55778140236362,133.19150139739941,136.96202316691051,141.71045293154748,146.63227486496908,152.25949554928957,159.17308243577281,166.12784679002652,174.84345955042227,183.45950997750333,194.43696132670448,206.56324963799852,219.31047132110689,235.74948685857817,251.66122991000884
0.74511895552532081,117.26522681436472,116.64367453631712,117.5697376918979,118.37516989235155,118.81982650604186,120.58024445283809,122.12510743512394,124.30776473614969,126.45847587085154,128.76811832240492,132.48648359930667,136.00769822219445,140.8389382246969,145.58728439828701,151.1630454490878,158.01406195075106,164.93211156623147,173.59013008639158,182.10052405923489,192.99574770459731,205.02385876205517,217.67499555622635,233.9921505668317,249.83280988351908
0.74542994064548662,116.34186841717747,115.7170110716761,116.63226584475342,117.45057040984102,117.90879700615915,119.48784363348386,121.14415306804585,123.32649060079711,125.46168501303328,127.77457636729378,131.48012154886237,134.97141637687309,139.73953684364824,144.44547669668827,149.93561973955366,156.7593556069769,163.60416964293108,172.18690474344476,180.63152062855079,191.37578511329775,203.3319640615955,215.87946400718647,232.05646056693513,247.94089284914662
0.74574832633574761,115.33417276271939,114.7075840975449,115.61012156871584,116.44099215151073,116.90042971786897,118.60308936711226,119.7727089398104,122.27231759788265,124.38135170688474,126.72044521306088,130.36895469071169,133.8275628845513,138.38427588289051,143.21593182718789,148.62597798647766,155.37537692154001,162.16354202546063,170.62115116718633,179.00722345248505,189.65175192854076,201.49634702946059,213.93037717118568,230.10241799641517,245.67267474424443
0.74607428870883119,114.23990339412558,113.62232236885029,114.50112146932224,115.19383185562765,115.80586184890126,117.50817314560118,118.6717850498826,121.08667374812649,123.25219502406981,125.54439002632716,129.17489292609389,132.57353923879418,137.04220486236591,141.8632244971086,147.20486839333898,153.87587271824304,160.59215226848028,168.95996894245036,177.2555671299051,187.74721939342271,199.48980058528832,211.79964633830241,227.84346137446119,243.22200272695045
0.74640800806845187,113.05706512233155,112.43854394611844,113.38129005648807,114.08578045250033,114.62303940007405,116.32436736874661,117.47688513246248,119.73450317765673,121.98329238914448,124.1712830931283,127.8847073956058,131.23064259056991,135.81941911156173,140.4343106016604,145.67991714159143,152.25319165228575,158.89406980053172,167.17801487797988,175.35120637714863,185.72289743197325,197.31343470829597,209.51631593404454,225.36130049804342,240.55319213226903
0.74674966900904483,111.80530533724959,111.16648898333369,112.10204371670989,112.81367661321565,113.35025389736256,115.04984776894707,116.1923035768632,118.42340218067693,120.62080117336882,122.80834897892055,126.4908233613387,129.76537623877812,134.25911974470364,138.85945211656508,144.02619241237699,150.52958243493049,157.02468999029952,165.246377337593,173.32969678853988,183.49813664246176,194.98395202352549,207.03549416083843,222.69971090668696,237.68187886234955
0.74709946051787279,110.44750652206858,109.88186219013005,110.73118842141412,111.44983103979757,111.98612221462099,113.68317859085801,114.80978488479741,117.15015966325154,119.15583496461477,121.2939187513839,124.99188103716006,128.21434839404537,132.63496261609544,137.19183204065484,142.24269561078108,148.72291956747358,155.06469532244955,163.17182639398379,171.13336823870486,181.16574274927552,192.54139549235697,204.38702381105395,219.82914598393836,234.59624552316382
0.74745757607956342,108.99751345239929,108.42513505148236,109.26795911033696,109.99337583652959,110.49353718157363,112.22336864774115,112.9315578925889,115.64003364101518,117.72950977871369,119.70939013156749,123.39040004838898,126.52310855680844,130.85813690350915,135.38803409565298,140.35109676934371,146.71522374085907,153.00798497299547,160.96233633505472,168.80155896882934,178.69306513396441,189.87354004447116,201.54293414950371,216.75586337584537,231.28772232745541
0.74782421378313346,107.45498586291797,106.86408482868865,107.71216974208801,108.44390636273602,108.91674519625667,110.38788843232032,111.50541009375593,113.96805208740989,116.07281303223863,118.01735580629611,121.67414911354717,124.75993397373531,129.01427589416562,133.48236526580877,138.3534998709365,144.59368230987457,150.79408005789446,158.62010102314525,166.30732040805742,176.04484406692791,187.07573305908591,198.48511802524445,213.49035926783108,227.77203929371899
0.74819957643156043,105.82022029490327,105.22121436733869,106.25235363435058,106.80165850117919,107.27551737960312,108.72520556834934,109.84267734996683,112.26913025931572,114.31019341395586,116.23596421878028,119.86300743391621,122.85731210603262,127.04766739845218,131.40519881744694,136.25762605360069,142.34050126068178,148.43571947327291,156.12975478108274,163.66136653386638,173.31271935280529,184.06493219078402,195.36054375756066,210.04151823549182,224.03324520940077
0.74858387165396156,104.09413571575715,103.48901852116978,104.51801049431378,104.81052510056179,105.54367609147448,106.97154373090598,108.07330632317462,110.4712403130543,112.45309367470327,114.33724811728462,117.92738300834026,120.86951959613361,124.98559422547987,129.22125713295827,134.00764859507035,139.96613153556245,145.93915029334312,153.51009668339975,160.87059125734959,170.34729213838,180.92177721814369,191.96447618864477,206.37881026376272,220.09327624581056
0.7489773120204426,102.27838209767651,101.66934269476042,102.6937686134479,102.99366227650899,103.72276715740736,105.12848843357642,106.22617265488952,108.52363249137125,110.47763164940989,112.58598861178325,115.91723620975972,118.81390633009141,122.83242840661842,126.95746252624667,131.65361679147463,137.45360339418403,143.31641086383024,150.7422037947108,157.90641803655308,167.25992643411155,177.5719294991577,188.40122949134093,202.53084912220947,216.02649607817875
0.74938011515967873,100.37536523738527,99.764777120028157,100.78211102142814,101.08994777048065,101.67066820355831,103.19837917789118,104.28551833242818,106.55343819360132,108.43604627775494,110.51579821341147,113.80066933813214,116.6359133470105,120.63678873812023,124.55416965560289,129.16830013867002,134.8353722791071,140.57038053730503,147.86348809747142,154.82508108444745,163.95680071393144,174.06744565820554,184.65074282677961,198.48081806497066,211.67175787725137
0.7497925038792953,98.338360454945359,97.808234044394339,98.78638415284513,99.102612734335708,99.6657894832897,100.88877965651045,102.06762790368521,104.53455533472879,106.21804256450559,108.34813846262114,111.591024187117,114.37786197385867,118.25705135533644,122.06640397603041,126.56209060875699,132.12511186015035,137.69779965479393,144.85091525688767,151.61840127944015,160.52813835325651,170.2789353367989,180.74759652101784,194.2135144174681,207.1104233142687
0.75021470628911124,96.276897686897428,95.736042283344432,96.687982910487335,97.011307037551887,97.582464194347267,98.77874618289934,99.95201320873457,102.38367925745843,104.04656360545778,106.18500804275391,109.28622854854621,112.02460177284956,115.80022169522999,119.48259504187445,123.85913351603085,129.32557981085847,134.69526980794035,141.62343087504269,148.25881862317328,156.95478955318686,166.42921279784059,176.66460714917048,189.7740803353081,202.37229081883561
0.75064695592731712,94.141741923158406,93.521200382048846,94.386568920890568,94.865807407521061,95.415779190996545,96.595331398377311,97.749376326421043,99.783953659949475,101.76461604886572,104.10518974566367,106.87828557151079,109.56298107421026,113.22824441779812,116.81200014681963,120.96412844987935,126.3744160002534,131.57441159372684,138.33499470035895,144.78180414426606,153.25157884813962,162.45068928026012,172.42380122389295,185.2977550161304,197.46138848230476
0.75108949188965446,91.939167330347118,91.313398414480616,92.175504334256402,92.653134021660662,93.194291059466195,94.351527890772559,95.47697115704068,97.498112084533204,99.433652595907915,101.6740382022108,104.40240454272134,107.02035066546523,110.55762197695731,114.06721242508502,118.06843512102205,123.30118937029329,128.37048293746193,134.94904366103583,141.19898166510393,149.44339610513998,158.35068436354049,168.0694599126291,180.55152861020179,192.35528991333558
0.75154255896167044,89.455796665992239,89.112243368916097,89.903831881747465,90.330157461707131,90.91336436457641,92.04420515242964,92.878961276379414,95.133895064529497,97.107078618661035,99.187764371963567,101.85809357908147,104.39685108688718,107.80089607572882,111.18183083851181,115.08737644940265,120.14687504037283,125.05899561179103,131.45449586285395,137.50328203022946,145.50284749234561,154.17616141520557,163.51469933541375,175.66875930811511,187.09597199549899
0.75200640775411864,87.147530461588758,86.792568843025947,87.580163426246145,88.010481309058378,88.430464807766839,89.714623194406158,90.489306962481351,92.681910278537543,94.632029918284388,96.605797578711645,99.262092984805349,101.69309597568645,104.99472034066275,108.23249844678503,112.0552707992756,116.93188728141831,121.6390389703156,127.8757071927248,133.73926472800667,141.46503057147493,149.92328986234497,158.89967041372438,170.66197731898865,181.69765503430972
0.7524812948415831,84.798350932804169,84.43275392416399,85.102522114306339,85.649204833913245,86.03831137684756,87.293528323003557,88.0507346525701,90.187308479085914,92.087665156737785,93.986691143873031,96.648241705610417,98.866648969778907,102.11544575450534,105.25066634254472,108.95643603954522,113.66153485095128,118.19253459200263,124.23298762395279,129.81844780390384,137.37869257724378,145.50841790332925,154.18889802243211,165.55572631780524,176.16753363539465
0.75296748290440019,82.419139671706944,82.045872681468609,82.729446423240006,83.160361303875106,83.560508957074489,84.842589656298514,85.569647168013034,87.35678623036074,89.161339330123155,91.417474796631723,93.929740861916798,96.071394018523279,99.210507549651084,102.21825207793154,105.78773192515655,110.3577989525802,114.66537714900915,120.52364485652652,125.88952627833351,133.20167981390841,141.07870929653291,149.38654029826284,160.35198813161696,170.57015791087179
0.75346524087395861,80.021993702452164,79.637644623711822,80.326185842161067,80.716986639454262,81.099017240834655,82.391871958840056,82.983487984150997,84.856821017412585,86.582678994891467,88.69138660513272,91.191711755847791,93.236936009023339,96.283758339806809,99.179567707906244,102.52268748966162,106.99175070421188,111.13490630770684,116.76875802275026,121.91439917002572,128.89187303345534,136.56916901873774,144.52880013256799,155.09226310244412,164.9036815376021
0.75397484408145687,77.620153786469018,77.2258802591532,77.917259531124728,78.295535505239968,78.637651682714932,80.025006059775478,80.489676149329171,82.344216256402433,83.982704861438833,85.976900848734658,88.411265754155465,90.390016463934444,93.319453336443985,96.102247540853568,99.271199215814704,103.63948750024429,107.57937924083672,113.00334633767488,117.91310411421,124.66142159310402,132.00316489374381,139.62577539941412,149.8030056070711,159.13504945786553
0.75449657441020046,75.079706662596436,74.87213856499875,75.482015146859339,75.601114188204519,76.186876445528469,77.528152978367871,77.982809328837902,79.674632356720394,81.391292344662361,83.454275316558778,85.64639186533168,87.535264681413537,90.366776611364912,93.031225310172886,96.045435902968165,100.19167352837394,104.0578529414197,109.23718129185727,113.92054702996393,120.43192729365546,127.22218641964719,134.73433258981095,144.47567171964329,153.41613181319553
0.75503072045152397,72.715780802434892,72.495371245298884,73.095493758635712,73.206961307761958,73.76235337057733,75.057288806638098,75.51912243978586,77.156353257014416,78.817918147949968,80.834001163122593,82.867755263097933,84.625311092138872,87.423290006699972,89.860931992137921,92.839773986765067,96.818176138564013,100.42217682415503,105.48793914305861,109.95280422602082,116.22276321751997,122.68644882904482,129.88915232010186,139.16784663617727,147.73751576384529
0.75557757766442291,70.393437261838699,70.17603487422457,70.764023549694684,70.855519582008128,71.595806308847386,72.629266927047865,73.082374656558386,74.675254143876373,76.093841974608949,78.239477718918351,80.103946771807387,81.84783058713947,84.510094824130647,86.87443728208018,89.691213643367519,93.497043392271735,96.906270426465198,101.79156585255987,106.00013229463366,112.03680927943788,118.23543907262501,125.08888714513159,133.95385648982483,142.11916372846463
0.7561374485389849,67.95549507602118,67.899655191838974,68.490463177105994,68.563857413551887,69.192531232140027,70.267876150028314,70.790848075237591,72.248239804321202,73.640927392203594,75.665833808292518,77.475170443081879,79.109837414769572,81.648721075660433,83.942908513723523,86.622731459850911,90.243393317141454,93.489218399277888,98.160678200161783,102.15842272341251,107.91456475949963,113.88510490223416,120.34451437843381,128.80442759979633,136.59101805585669
0.75671064276370958,65.76294329042139,65.695791529797134,66.292280590962037,66.412697244566516,66.942298387526534,67.795133171632187,68.455801888805581,69.893944597395603,71.237033275552676,73.024493864490069,74.916923412660253,76.449580950647942,78.886240326522966,81.063681194878882,83.659334131574724,87.09500787613797,90.161512114165816,94.627348851732677,98.368362269422505,103.87621085121646,109.60637842936558,115.71686789626256,123.8368571473693,131.19958002088242
0.75729747739681108,63.66534221713664,63.58577009831788,64.096827444795053,64.284539415879408,64.786560691878549,65.588646245727432,66.170273901720066,67.409717801565421,68.750202362964046,70.59123463598371,72.425123979497585,73.874746209825389,76.196996099941316,78.287205985703622,80.738278453136445,84.010464125021826,86.965085564414039,91.230901351867942,94.76419388881186,99.983346192544559,105.51190474894247,111.27991164886043,119.07770224302658,125.99483031596174
0.75789827704159607,61.680335913028102,61.505764025743701,62.036789970195969,62.268927464436274,62.695288469127263,63.691941625162144,64.025518495560391,65.247814958333038,66.546047803101828,68.146360659549828,70.055351726259687,71.422480229084613,73.634311396293924,75.446819080767455,77.87487627241353,81.088589498598594,83.918402300798334,87.861126911011524,91.323989405413158,96.322903345018858,101.43599189212546,107.00673939791159,114.47123136383016,120.98700786780682
0.75851337402601571,59.714937938391813,59.643235768773593,60.176146323297871,60.267053931718692,60.771993319154717,61.667697824042989,62.10391135638929,63.182414988186792,64.398556822125101,66.031192135575111,67.80909727535618,69.10047407237289,71.201450632404885,72.945720418545534,75.242166426076437,78.325845119936275,81.033649217919447,84.797049095708644,88.073260745935841,92.852806296607014,97.68454027507687,103.00365413431427,110.12494078034069,116.25424262296292
0.75914310858649048,58.0053470627754,57.925491281639552,58.2745158981852,58.586949866614304,58.994373080233345,59.848082172786235,60.220108346416964,61.349706336477539,62.344709236713243,64.070146275334992,65.559111864684382,66.773449739353964,68.942244785168441,70.63423910891288,72.79557096073404,75.761760408946429,78.247249250431196,81.94627830448735,85.050418782542692,89.619176150357816,94.201864154048963,99.285779785888735,105.90315637935419,111.76548044811352
0.75978782905610986,56.458016404489172,56.367673704065965,56.658817723175162,57.002264868933707,57.317379411397269,58.428765134085552,58.515106395803741,59.619459408495459,60.580683148466051,62.262276887195185,63.616269168589497,64.785154192810296,66.864820260787383,68.524589283420937,70.560702190501615,73.393666295029107,75.77095519361319,79.325014555026428,82.277050226199208,86.63677225241554,90.989595999912126,95.758289925288409,102.13626418935019,107.70968909980729
0.76044789205730945,55.086287771788193,55.020414121463546,55.282049718429334,55.592903314871364,55.877664006839041,56.949484113414655,57.307722042562091,58.084829849598464,58.987275611536461,60.402436452262918,61.88041402019735,62.997953066165792,64.942182371392846,66.619772290010587,68.552772859897232,71.275900773514877,73.558366927216412,76.957503025143524,79.750831170997117,83.919608529773541,88.103094353282358,92.634072565328097,98.769887368223863,104.03421254258137
0.7611236626991349,53.756531570819789,53.81089678198623,54.090613038293668,54.330725868130685,54.58911834632454,55.655680810450576,55.994832312760991,56.974058543375577,57.476366000773851,58.923221000906778,60.333074474241585,61.415684220162802,63.313000950409332,64.934253979779896,66.781350218734588,69.424960922886385,71.602813296223758,74.70484129851684,77.510492777437321,81.522626790247159,85.580319996224716,89.864720714191208,95.790502568357624,100.74347994127311
0.76181551477919884,52.763057664735243,52.810591054381803,53.081587625405518,53.233808685006807,53.529130177834304,54.658117709521321,54.857743927263073,55.743665168745792,56.286216111271642,57.500843646441353,59.078977189681609,60.017997848859522,61.904602042370243,63.307586598777561,65.275187611827278,67.708533551936853,69.920974596927408,73.081084191522677,75.546849868405843,79.454061086158617,83.44144309789408,87.492204631766072,93.21474160841899,97.866703598032473
0.76252383099044441,51.969094059706549,52.043454115264467,52.278037217984092,52.401091148392879,52.953117197641404,53.780564464977942,54.118763550097356,54.782572689451627,55.242848671434331,56.487688017601613,57.963672095618676,58.869478448308655,60.719398910790915,62.084766751984716,63.991437115793815,66.342708837444661,68.408608563389862,71.364003028545994,73.97210168770107,77.7613173644786,81.503979657689342,85.514797848649323,91.025487578706816,95.433848418091657
0.76324900313282906,51.346266150590964,51.445421486270789,51.698431569806417,51.866068590810755,52.242019478610018,53.10356661156402,53.308037445749505,54.127871948818211,54.599061012922903,55.689144190881052,57.064307470413041,57.928982782847015,59.677753413358005,61.125589227245655,62.960477022192208,65.306040965238935,67.296365535905352,70.172541244581225,72.714052418727078,76.402786770369858,80.022127761898446,83.943888803391019,89.261402313219151,93.543781145679532
0.76399143233004596,50.938641454085882,51.041340935596963,51.289344113094558,51.42214132835943,51.842905305151362,52.442855419969419,52.797380544245243,53.588360504407319,54.005668026191415,54.943673949746881,56.376029837221722,57.23239598730288,58.992622227277025,60.408530256681843,62.213011501400615,64.543485691625392,66.469727859905106,69.314596546682878,71.806956718879519,75.351527247505146,78.935683036863338,82.753174569661496,87.876387131749652,92.09415783273289
0.76475152925140255,50.71958819689462,50.800564648430736,51.042101079328859,51.177677561448945,51.592407027936133,52.175245029429789,52.53174645199033,53.250224675080972,53.757852441645809,54.559700948375394,55.894237673375756,56.779962097527459,58.557092565912171,59.919208190447534,61.769687171792611,63.976092743250774,65.945155120483832,68.795503637637012,71.133762441575527,74.707470692854258,78.244274081240292,81.930350313341478,87.026974235719535,91.116738917073235
0.76552971433897932,50.774611038388684,50.676959354939754,50.999554499772785,51.272309893960482,51.51598596679105,52.08358853959362,52.357978093234124,53.25242339837132,53.583965870653628,54.283658388871117,55.630192565615289,56.54063629618031,58.342483067535795,59.680500226328149,61.517733908258379,63.71875484805787,65.700977629036061,68.512296595814405,70.849739988465444,74.404474152936018,77.885047070332803,81.559138986282051,86.560473093966721,90.581374557048548
0.7663264180401943,50.885488901345525,50.792231102946971,51.007472585668438,51.365171151555842,51.430444002289732,52.238100131959072,52.389179806879838,53.235047813359415,53.558775686498848,54.310089988954132,55.60672011533461,56.523133569775382,58.330234110733727,59.65014442622487,61.494986025369144,63.710886976215988,65.703118385150447,68.470297180552734,70.869424584045191,74.392760302725947,77.92809438239783,81.503199981409125,86.484480958402855,90.474182495876448
0.76714208104590165,51.127840862020093,51.05130989672034,51.183931429368386,51.489161364537722,51.660030090119108,52.443897207209375,52.757860560857807,53.625258959291386,53.903894491959363,54.399020633500186,55.765692859567935,56.647834729403257,58.484216810145881,59.805262833033339,61.650081513143959,63.928014613542473,65.849996675708098,68.663406498642871,71.120219724907656,74.636769283897593,78.20473920290533,81.725145316158887,86.747701369487913,90.768247777683428
0.76797715453415716,51.47172557637532,51.405558044694772,51.604459695343394,51.919367965936544,52.018968300370034,52.772985805175267,53.08210842461267,53.993173500115518,54.165467046797858,54.745069040276576,56.0513918515353,56.935094846558059,58.804224923078436,60.105677824118175,62.054727123424527,64.304916679582675,66.259063488076208,69.06144601565029,71.604888524670969,75.140292489391868,78.677512639958877,82.299131352105178,87.347792376356665,91.366884690884035
0.76883210041978367,51.880006509862142,51.824558260923368,52.004774304936291,52.307583938803873,52.47446916012268,53.207316274463665,53.385930077827652,54.371106959195458,54.61962299256993,55.110477898677345,56.363884145830525,57.339063263119897,59.229585495093488,60.563346490846016,62.548407656315248,64.800290362603846,66.859459158629761,69.706446677562781,72.260073775192723,75.825594503272441,79.391837074974319,83.110544766270323,88.167137312295381,92.190838345792145
0.76970739160987578,52.315546261801501,52.333576494042063,52.45368590237922,52.710462801798712,52.92854845810507,53.727440506889252,53.846904495789204,54.766589341379586,55.090311795953312,55.710716805973789,56.804542351193959,57.822541832996649,59.719402839444228,61.106576523263357,63.124683253117837,65.437718346089241,67.514805421378696,70.470209682840505,73.025998733777669,76.66306415287545,80.272448619798524,84.041615147871198,89.171020889858482,93.261799280793639
0.77060351226538559,52.87344803805172,52.771250789548503,53.024836930679157,53.180591600830667,53.396734857306001,53.852831621072255,54.299215821141843,55.142756596178515,55.535853811976267,56.145558023417834,57.286318445359939,58.296273375774035,60.288143641519127,61.690999303158605,63.712446135788923,66.108160271120141,68.201159032338182,71.223795816418715,73.799324385574437,77.518449513867381,81.314934513589833,85.036554138408974,90.255927600432187,94.442169872607337
0.77152095806893206,53.22643597824208,53.14929538112483,53.382469321746612,53.548573355306871,53.769753173546633,54.266269959698548,54.451316557853715,55.549681180185871,56.186840573878726,56.52424175105989,57.81264337777975,58.773315680446103,60.840360362752108,62.240949089231435,64.288158194292919,66.76467325433623,68.878331622894621,72.000191389219253,74.585680591015262,78.345713699454791,82.190012582344934,86.052525535342284,91.346095977874938,95.6266741627187
0.77246023649898476,53.659524164933828,53.342647020093864,53.713718764760415,53.895126484407228,53.87804249303008,54.479800881410483,54.81474440144666,55.916567680877051,56.430572296099854,57.010885009265621,58.213826386709115,59.27478756554774,61.307274255057564,62.709506543033058,64.880268152017379,67.302265062084189,69.451452781024273,72.564665054218494,75.365407498873537,79.139382452849532,83.026156271254877,86.97423328680452,92.343823602830525,96.68579008517554
0.77342186711057181,53.769174230576027,53.468734072419466,53.818303771957289,54.031287121935748,54.06628481730877,54.653908277803566,54.98581742423994,56.076672445546137,56.575274608636391,57.453766228747554,58.542117738819798,59.570666609783075,61.628659192516352,63.09918993197789,65.288111433299491,67.750397965326556,69.895770849412656,73.193855494842865,75.890843161469093,79.85885048925411,83.695149298757315,87.73927796233329,93.162111031531822,97.60193373542279
0.77440638182266774,53.69274924173078,53.413991413108306,53.738562570957583,54.025467508050497,54.042022175708553,54.634011652538902,55.053804194103577,56.126608147620573,56.63973939481366,57.481667656189529,58.693035777847399,59.716688313113991,61.769344162195921,63.322036892393953,65.515963530677254,68.014159145328449,70.18545790699136,73.559605988979456,76.218056047189748,80.200977661850629,84.191404767188942,88.246626880951226,93.716249499673722,98.261099065304734
0.7754143252124206,53.522059796727262,53.144384720129892,53.439774529702845,53.762233348665177,53.693396302449401,54.418004483901314,54.534082441474311,55.653724042407703,56.682123459759168,57.532528493145946,58.592765078778029,59.701398901743232,61.762424940374331,63.304515684299986,65.529080948763294,68.035573323781136,70.222270340367686,73.585300203150837,76.328402865823591,80.269791163300397,84.321186239598319,88.436753800167935,93.938834633532679,98.540815166430548
0.77644625481638141,52.988813980555278,52.675935788807692,52.905941027784138,53.182562111876905,53.288117175805382,53.864590594050242,54.101792253146414,55.282670430431608,56.294164856793941,57.218265872084885,58.293475608050358,59.441223570407601,61.505966962868115,63.016720459025237,65.28396667339257,67.784335324729909,69.978448666224722,73.239860310277436,76.077374194341246,80.051008298032684,84.098802192369476,88.223136059707031,93.778512460412458,98.38939299856429
0.77750274143890052,52.295872371018049,51.93786264139635,52.30898762952711,52.432231206636061,52.604163951138617,53.189269347523805,53.409359218887403,54.559558851411566,55.50888804688293,56.621950821674545,57.780023685554625,58.917822007322684,60.948294693851494,62.486510962771717,64.740028528656694,67.257698191620875,69.421519317431375,72.782249467854854,75.521421201847261,79.560629893152509,83.4474029277917,87.597113192110555,93.113091498438735,97.739680799830239
0.77858436946786469,51.24697460065363,50.919662221131148,51.271394653158495,51.320025234948844,51.617964399934863,52.134015235351399,52.467304078250891,53.657609503017738,54.664869328044006,55.740648030594457,57.041444072267041,58.143508920373279,60.146925027365796,61.668692854233086,63.856752609237446,66.368321670379373,68.494079700671136,71.868641334061977,74.548616190586472,78.510703542036936,82.435423420451116,86.558864490187261,91.979403376666596,96.531651510478696
0.77969173719794682,49.950019964628154,49.598732037731679,50.103530965163372,50.144851755700074,50.293540827638935,50.927714873061632,51.300451291928766,52.367673254950205,53.378523619787302,54.649753735415288,56.024598218893516,57.118317814412876,59.054156757672899,60.571371107973391,62.766208755871048,65.147920332718058,67.265097117691766,70.557327425689436,73.166476603946649,77.068272363801952,80.965782404993661,85.039478332881117,90.379288584517781,94.88400851082406
0.78082545716154772,48.522827563865576,48.1092468790157,48.602988985323464,48.734386134688975,48.855561801377917,49.549596319455304,49.893349913225393,51.032031823822763,51.946079966073739,53.364741816840251,54.734771013012505,55.815918461463298,57.783413347438909,59.116155405150494,61.30486793538148,63.687232068477897,65.724341305118287,68.878603420394938,71.541203309985576,75.39150001926464,79.096747850620886,83.064679942210205,88.275394727825187,92.661196258297423
0.78198615646761471,46.917761111428263,46.417757580013131,46.81728667014977,47.09227709233528,47.209827811355353,47.899750762997428,48.342697885527741,49.373036737219081,50.372957481842604,51.636111871994217,53.291646155776107,54.305577492646989,56.187692207793589,57.470916034944821,59.590848012390779,61.900301353016403,63.909255308448337,66.992670253792312,69.497791362693533,73.244366038503358,76.832311790378299,80.718104546074755,85.772467082279036,89.997579706687247
0.78317447714852217,45.1261391472799,44.640632171329344,45.033001055606292,45.231550438795239,45.451921255356865,46.346760014028405,46.569468594214413,47.680435421338188,48.566827219299739,49.762059960296028,51.63537884222751,52.56740852483199,54.405019194848137,55.700806172360899,57.662940401714877,59.891724387940485,61.849572173319757,64.823486654320732,67.24123413322377,70.806811889720848,74.292798551934538,78.036448232160183,82.937389626109507,86.981365833344171
0.78439107651520656,43.282187391174375,42.853011886923923,43.209958977415226,43.429261224635411,43.693701508585946,44.49028462273418,44.804073021441582,45.818953268317273,46.875421077638748,48.032590452086879,49.819363506147056,50.731499312401866,52.50970232693362,53.691915170798893,55.679050569917308,57.78370191900467,59.659166775498306,62.47447900834959,64.798347797564929,68.249586382356938,71.586862456431845,75.127932117087767,79.816543424880365,83.738425574527355
0.78563662752075381,41.427373974656803,41.074508699661237,41.455814498389373,41.473739993773052,41.988764493406052,42.664076085522538,43.314185480950982,44.217378959147027,44.970294932587421,46.076561965543078,47.874021236551926,48.81774370544008,50.586541482553002,51.640265071022441,53.596952514446457,55.565128108864883,57.380550971778575,60.056416546751279,62.280949894891819,65.597348546725698,68.783252056018682,72.157688993291231,76.605579336202936,80.278549246926559
0.78691181913263841,39.638678285351489,39.351398897430045,39.788811337028164,39.826268197080935,40.277785493934061,40.902919674321311,41.565318123000907,42.486788724010694,43.243052385820192,44.332887302749441,45.949653991032392,46.939296019074391,48.634389634811669,49.681904352008132,51.52163300322718,53.394253427788499,55.130111796068377,57.68356662496808,59.787353787221946,62.916749978263397,65.935710015153745,69.13488671957748,73.427887102559907,76.877412142057437
0.78821735671381987,38.123235069273505,37.827734720456647,38.275676794699393,38.363144342583837,38.76235061121406,39.593469920000643,39.909528932534158,40.961929974975646,41.567233901529107,42.556015185371507,44.254933830350637,45.157927453095908,46.729971563923755,47.766488185923663,49.569140714113018,51.338204020707053,52.990733441431075,55.423026233824203,57.450744384637801,60.407140755065484,63.272377288609277,66.309936861158349,70.310359970288118,73.58011517956038
0.78955396241291065,36.825151840414037,36.508595104809501,36.894864932633936,37.139618527944549,37.474932427678141,38.339755188950221,38.593481435163994,39.561947776455781,40.288377100834623,41.120911001969944,42.658460547128925,43.556168664596044,45.076195702815312,46.041991902762675,47.773394560615998,49.456616237046546,51.015947316365782,53.377274966580444,55.3214204099786,58.164676169806626,60.847592919250019,63.732440754363779,67.58809309778735,70.613382128824014
0.79092237556362588,35.866903663423727,35.587591308911215,35.821610134706134,36.146546784424572,36.461382216875791,37.270418926360435,37.713539970791317,38.599379831211991,39.188660248095402,39.924099633557489,41.223665837096632,42.173105633512023,43.661990370295825,44.592091435566545,46.270581499309628,47.879150687964284,49.359567641484318,51.629835939762415,53.456859299651114,56.154067306750221,58.745874727377668,61.539889222942293,65.183098937646719,68.101958462473704
0.79232335309374124,35.148992937465664,34.920258335507242,35.215094225859502,35.395522900886135,35.925566885824082,36.552523696416756,36.931455206460669,37.943344348634128,38.260838868663996,38.885164810344577,40.06705321946356,41.106821552049951,42.45738274960604,43.399413924664259,45.070868485141546,46.613804405948031,48.0429357142566,50.231561078035156,51.970446866747807,54.601198958727764,57.079048405750655,59.741530954983318,63.292170248256298,66.000657860044157
0.79375766994378205,34.872906117903767,34.682612114978838,34.946886379650095,35.057110838824883,35.566206902993144,36.23341002529196,36.502501921480871,37.364253847539658,37.925020379203488,38.390654703965993,39.349531241663499,40.291387452787603,41.629567185096676,42.5412692323589,44.154866262120777,45.682268400254543,47.028857582059572,49.190647411596728,50.965400476954528,53.505910454841796,55.882276442222064,58.440902678557904,61.846299518976593,64.495140956860268
0.79522611949567579,34.751085938303731,34.683230380658642,34.902926191090955,35.102176804328337,35.518309974489966,36.138019736303249,36.318491174126393,37.112840387664619,37.716708340813057,38.138560121558839,38.925136337187723,39.796418409867329,41.094689408724662,42.032129001469002,43.596869045984931,45.061783004450263,46.372488570952555,48.532912506489083,50.225867788612959,52.728593999665463,55.09913303819485,57.637859848036896,60.919405376713257,63.527900432440219
0.7967295140116053,34.996378096271656,34.89860346869682,35.158323412164464,35.439333403948694,35.601228055049432,36.187417082110187,36.290668191373697,37.135256179186399,37.674505807925016,38.151565475272946,38.70551810177858,39.539941618058947,40.802195500495145,41.748335847893031,43.273798469002941,44.78352081857156,46.08788058796199,48.186423377657775,49.833510160446167,52.337660390592646,54.704137599212117,57.171041739900829,60.46121260462678,62.969712352351053
0.79826868508330628,35.433574973139912,35.311302711445023,35.464028308022534,35.838054645602824,35.96274175644794,36.345583543763496,36.47588641726179,37.206917017232627,37.71767209857353,38.155381479751668,38.756143061575131,39.438468422638834,40.748200783287757,41.658359255889081,43.160454481185297,44.638501607245416,45.941146893019322,48.047348087202408,49.773714881332126,52.286774342530407,54.580879219138296,57.087765107571613,60.342402361246059,62.908582735981327
0.79984448409205577,35.907185564763495,35.822067269473337,36.023341774562141,36.207828747647,36.378145004549879,36.740360560070258,36.801652125897817,37.289077279972844,37.889800665783696,38.371887736284407,38.967081710361526,39.480947833319078,40.781074797268957,41.651742236877908,43.168731565994676,44.636294523952529,45.908116585153039,48.07711324407137,49.77873556855775,52.280680225754622,54.642015455145156,57.125196450448129,60.397871448978549,62.943870900926413
0.80145778267960754,36.247499167235219,36.307046988149523,36.473050083877752,36.552899538321071,36.734251992718782,37.054118051455589,36.881066466798075,37.547526902766549,37.924908228596905,38.50356452151027,39.181397561711492,39.502581948720035,40.717269750064588,41.642321582068689,43.166665872238809,44.631829080855823,46.034357278665993,48.107599425828084,49.806906253841589,52.437518145074137,54.655728726647794,57.152604408503976,60.453446163068293,63.019604837871157
0.80310947323033455,36.483817135842401,36.50541239316226,36.679225356332608,36.824725939673954,36.754075940843904,36.990513513112091,36.959226820181357,37.417410464186105,37.80418204353191,38.454991850027,39.072039442296955,39.430765087745385,40.67156488490582,41.589878458835301,43.051439332921291,44.508050987686147,45.884143206334556,47.957425038344809,49.654241078111227,52.219748799834633,54.565232541179284,57.068529335199855,60.324367704917677,62.934239316149615
0.80480046936484506,36.495854753127787,36.399982859322336,36.586547769271419,36.788884588051587,36.584016047781915,36.880385352094891,36.804764602740761,37.197484441072447,37.591735072390293,38.093192247775733,38.943358772696229,39.224929019881529,40.426301726372913,41.296216905437177,42.708114664346795,44.170848666894017,45.482302253964008,47.654108724091202,49.29767927613284,51.757932942127809,54.109187839727383,56.590727494534804,59.882964590855408,62.46978871486499
0.80653170644534433,36.172005560278194,36.057260018002125,36.252074756761431,36.320495265492355,36.159382818601443,36.404516222610255,36.283031265440513,36.70327420225658,37.011111074214568,37.744775370170828,38.508943555920268,38.788745451907744,39.862383214611327,40.75799663097132,42.16166832059389,43.493489284053794,44.958241916683619,46.92835095137707,48.533183304127306,51.055574300378794,53.248851413984085,55.721293523121858,58.925480301870266,61.456714141619159
0.80830414209302459,35.439594681272865,35.370639744738583,35.460221227578586,35.487016265236889,35.43406599140144,35.64184343747911,35.51255690290418,35.824206119330483,36.211784625440487,36.729817684230511,37.725292322240421,38.062793841250823,39.088396910505253,39.971786389214685,41.292455502014491,42.571309962382657,43.879244064271916,45.870490004832391,47.392081045400118,49.782339586643502,51.957665507477941,54.360663784813369,57.491003964736592,60.005123743816512
0.81011875671776579,34.318904738101992,34.240496868631453,34.429240343160927,34.359618499714998,34.278115802560933,34.507287963555427,34.543701306640287,34.890361604644568,35.046840621245792,35.705658349208534,36.621870101327659,37.15975735662505,38.037084208554006,38.87129901611479,40.139204871375114,41.288158946248586,42.565190753608476,44.455000962596387,45.892951048008399,48.244971209525829,50.2518141111359,52.597601634333842,55.556754408520646,57.878543283994077
0.81197655406044122,32.998440641662455,32.819808143336559,33.079214812081773,33.031954581441823,32.894076468539424,33.311847006407334,33.344572325935587,33.597776486276416,33.847751485343906,34.47851210225781,35.305884938803501,35.965146362534142,36.809437324496685,37.55693638289813,38.76551495892636,39.838768128000083,41.044387158966856,42.758924335415941,44.153999743488384,46.328506645397283,48.201169950742042,50.388621636753669,53.189396003435832,55.450304996047635
0.81387856174813134,31.567237739131087,31.357001920798211,31.558202973406878,31.497747909001191,31.480686411538045,31.938450498128077,32.004575435130391,32.384279963356676,32.626105608287617,33.096351674525067,33.926362778031034,34.729474965351983,35.530237083192333,36.130995601299219,37.308220109014655,38.319233496877132,39.296282619601698,40.971755057413247,42.245484586179373,44.216474050233955,46.018881887226598,48.045554341428215,50.650935510377167,52.666260123805841
0.81582583186254676,30.149153228252544,29.874026755249361,30.089692080146051,29.976928419724572,30.133419610778219,30.538707782136044,30.707863375893794,31.217127186901052,31.406086433198652,31.973446310745203,32.624677646148484,33.461914496991085,34.256234944361495,34.797564171851263,35.863812309849891,36.763533019038732,37.664665368778515,39.215730470023118,40.386458910492365,42.264861585848848,43.831920445503783,45.679936585016549,48.107780366466613,49.960349614440929
0.81781944152197972,28.758556969987694,28.545683598902542,28.798291785176843,28.689295221614884,28.885298556881025,29.347842322749784,29.592039207826019,30.11082918808097,30.437033522030106,30.925356279534753,31.476512459601508,32.332104580724263,33.123021391773364,33.59641173252021,34.582422783147194,35.422552027230267,36.204652228203486,37.711565942809102,38.736420677509159,40.433545291816699,41.886576946155401,43.59896482626209,45.803764603770105,47.42109458745108
0.81986049347710532,27.682050360832363,27.45972552720923,27.666758433129871,27.716415842238348,27.92643833954935,28.51089272936224,28.667038299754495,29.333623045153217,29.649212943797465,30.195201499242103,30.673571039078524,31.455689522801549,32.180328689399175,32.695792655751575,33.573465451991069,34.405257054691901,35.192313745734282,36.500133041656227,37.465640462687588,39.096734356455272,40.408969040116062,41.922364406840643,43.955488828476518,45.440680223866366
0.82195011672095875,27.013753183346125,26.773332540804404,27.007513458214817,27.080954969205777,27.3957279825554,27.907681677475921,28.213292997563258,28.756030899749021,29.211327738856198,29.750529639059096,30.216487057507038,30.865543568594148,31.615487051938544,32.10492571114446,32.953203486526036,33.721132156191743,34.438492105386104,35.774247456036392,36.682574432488764,38.178656509524444,39.39661757547583,40.833378703231574,42.719063708878821,44.04921911880956
0.82408946711343001,26.735518831657828,26.441780556226149,26.660769421752775,26.774851889436832,27.189376506968983,27.711905329982983,27.947084820072632,28.526341338583734,28.975666673228261,29.637074721365934,30.002985161248944,30.584885398537153,31.282891160342842,31.841150768770603,32.630471854950883,33.449503861440462,34.110449987376342,35.437216678765253,36.267587522524991,37.74832058348693,38.938643998713815,40.268799321856932,42.067311644233996,43.362796197645366
0.82627972802061977,26.570688960142434,26.402836363573442,26.665152536312235,26.787647839228157,27.103425478897407,27.68063041541609,27.898114039373468,28.499147469279706,28.963900863294839,29.627005636837566,30.089323573134607,30.424109227737063,31.188516354857711,31.764832418761216,32.628543294311385,33.354977610142669,34.14504972276336,35.461107797193108,36.308790599709027,37.771519678135519,38.852984010722139,40.184773260407383,41.959274994587759,43.164997152605793
0.82852211096940931,26.645563113634125,26.476200428820448,26.6937636375078,26.958312742353883,27.241297907399712,27.738985217249137,27.954399417329114,28.608120634948136,28.897538066099514,29.540426342762657,30.148058902283083,30.389582222866011,31.193008605099749,31.803332583687734,32.692568393656984,33.452201433494338,34.246274593766429,35.61112548741221,36.437474841150106,37.885625955183059,39.044183613485075,40.327250271875528,42.106777415581746,43.311249348975252
0.83081785631760774,26.771565461618593,26.580569624493364,26.736572989218985,27.074889148134389,27.32567912893137,27.742491221171804,27.960239124004147,28.478274290944682,28.854293331794906,29.314779246589751,30.006847172640846,30.338258217394468,31.082692210315145,31.761456808410003,32.670336501818383,33.462145983081427,34.306499626472942,35.695310644397978,36.566440353082726,37.994367354505812,39.169638414663495,40.523405982705299,42.250994958623778,43.452833513903897
0.83316823394004724,26.582832743588369,26.520266414503567,26.710933042675606,26.934170981388888,27.154454749659635,27.527014112376492,27.647847427622764,28.218729966712999,28.462453224638011,28.980664602699107,29.654333960279473,30.116487587365555,30.729195583538967,31.424623343860731,32.377744044759311,33.225070881046122,34.118005138399894,35.520597712908057,36.358819006214617,37.847770291540655,39.014706276924699,40.346891564971884,42.131567448086571,43.343364937085425
0.83557454393100505,26.15641342951858,26.099283232353628,26.286515643034363,26.543404585740063,26.625601514504524,26.915842214177246,27.102506873314269,27.60097124153981,27.758311535275425,28.213007975413348,28.818531768716639,29.405617204829468,30.087713869725121,30.767690426378977,31.729772084363503,32.595993346025352,33.497484123363392,34.838040608505253,35.772531465539942,37.226937045779778,38.375144199788338,39.810677275527269,41.473461585585028,42.675934788072482
0.83803811732334055,25.514488494314719,25.436962382635102,25.531094446254428,25.800928975499119,25.828044183872407,26.04385104594985,26.118372945362353,26.646317135207937,26.794884056944284,27.167689282476204,27.766251382694463,28.415841040259693,29.113976963824825,29.765554299738142,30.688629813928856,31.545779127394781,32.458126471188734,33.772150829347083,34.697172592917923,36.104060142184608,37.228147533853189,38.598509174451465,40.237253931714804,41.410042212140979
0.8405603168247473,24.545364013582002,24.514425375353312,24.626087662501959,24.709737291559577,24.691328159024124,24.908650538287475,25.113158264270169,25.468388781242538,25.624699104053434,25.984757786005503,26.453353471777518,27.067237981391372,27.858398127777036,28.466477915324504,29.348899193879333,30.163709145141183,31.073555495095206,32.320148193757632,33.169415605065296,34.562695264801732,35.666974251696956,36.960398171315319,38.566109635852627,39.663104339706479
0.84314253757152413,23.458282978783245,23.429114105936605,23.586156498131459,23.574500300572254,23.524926220852649,23.808381966024172,23.762332153841271,24.137263845477719,24.347861059155548,24.733163978817174,25.245543616183568,25.658121523112641,26.489308169082506,27.103909153011045,27.899326894257683,28.695177136803977,29.495662185698166,30.728301934606861,31.553920085614664,32.848376104637282,33.869459808818647,35.082938932158868,36.579218823346309,37.571926402932149
0.84578620790028514,22.573376857806579,22.490845507592894,22.626680375586147,22.534418738912791,22.464516174746677,22.690178501536138,22.655624975901446,23.024248898509541,23.227272902004188,23.630754576835898,24.113784532746649,24.518001749398536,25.313590245728847,25.871841536441934,26.570271175456583,27.252267747215228,28.05583347628999,29.224063041459885,29.996626898093382,31.196461494575487,32.113347203616286,33.277963899789029,34.646271732126479,35.631693510222249
0.84849279013803369,21.886178140586708,21.790389413537923,21.903383490061969,21.742107535115792,21.702624867903069,21.920583720260765,21.828060475105303,22.252363000661717,22.436529644954135,22.796991581300972,23.45746841536311,23.707124832915724,24.419475537739345,24.906496220341069,25.553229704266414,26.261407073150622,26.963824699472752,28.0394947706518,28.712393126028473,29.889317881388706,30.738824183281395,31.819535278395051,33.102696597605245,33.975546271511121
0.85126378141103709,21.443844401939714,21.336764259001939,21.492802666114585,21.334142337196681,21.349238771290402,21.49111100789014,21.452480967200245,21.776658226925065,21.993367353556096,22.400629888681578,23.031527454702882,23.277596906162216,23.852456252076081,24.334367911404115,24.928308937887778,25.514858654816635,26.234161861808388,27.262741488113534,27.948527098269551,29.0309659113409,29.867629685773863,30.892388188614859,32.100031422000029,32.925989715527976
0.85410071447295244,21.41728334203799,21.197123982179619,21.323890768690035,21.220124718522129,21.28931682932307,21.44477789960365,21.289033873610606,21.641043901239755,21.935944551136345,22.315872010527528,22.850949721090728,23.081341052689822,23.647638914379058,24.042107799075893,24.655470391910058,25.241447787877405,25.933693182480056,26.925285932884435,27.52698234046693,28.631521289018565,29.437399598609773,30.440024212526623,31.651710780148278,32.446902922092704
0.85700515855265746,21.313526597732562,21.119260923624097,21.271278603104292,21.215143035209621,21.331122317787958,21.455168457934633,21.411764593503904,21.79323263905826,22.059608502109768,22.305791743099689,22.841851093820878,22.984340683338814,23.562334860354895,23.919564718700713,24.545849420464947,25.119953716915916,25.819623831572244,26.803098973163287,27.415978836506838,28.467680691523128,29.251123250563978,30.263687552534975,31.514703297638334,32.270442667300813
0.8599787202222573,21.064045195016661,20.919207526370883,21.070809751203342,21.156324152514571,21.264651457851869,21.44778767839307,21.500262218702119,21.883634866084321,22.114894594327779,22.304191369286855,22.63815706850437,22.796016573483939,23.376234442897839,23.74113516365469,24.334306011616718,24.952011005836539,25.624216898577288,26.595404553561821,27.179960224253591,28.225298406978254,29.012959893196239,30.049487630545627,31.264216343683074,32.129099037891137
0.86302304428574983,20.667401801263622,20.442776876312564,20.635294374937075,20.762901525697089,20.950956994915032,21.201568909353227,21.310902274461114,21.735822120070225,21.772890541498782,21.912315565801691,22.23222450670437,22.262880182272056,22.983621126491926,23.322139626790886,23.868171790207271,24.482889948034426,25.116565216056188,26.039757161808666,26.581252173622488,27.673961420034175,28.424074644586653,29.43370245936967,30.613445964525454,31.464404330195975
0.86613981468883594,19.815137017045345,19.670946199039463,19.841871172277024,20.055664362174866,20.194327288969362,20.480426951107802,20.666671314000268,21.069666726049036,21.221533162140986,21.268814217401086,21.522338691342156,21.460753527848283,22.218820122870966,22.52987262296665,23.0341150725435,23.625626848137472,24.238273174269125,25.072326599736698,25.576708973618224,26.598587379688979,27.347303625749191,28.325987094503944,29.443395865921048,30.229036742995959
0.86933075545038152,18.78657489935722,18.671296159765916,18.819980086969736,19.075672087194107,19.151888706517639,19.552062827271584,19.719163722700614,20.029587159660878,20.143709369804128,20.302958471052989,20.506142248181277,20.582476318231784,21.189078396229888,21.462540605192771,21.931388724129647,22.506572230573511,23.021536607426242,23.760269296792103,24.26758567901561,25.163227789074881,25.830802090684301,26.737149185006274,27.765748104531667,28.513244393092464
0.87259763161604709,17.781345852650702,17.719941538023704,17.838073934290151,18.041712217687746,18.164002934427117,18.575233413197566,18.653699286900519,18.926401503842499,19.028791374366847,19.206799346255139,19.559834292529558,19.645247148575436,20.183386920733028,20.37443722813623,20.838653431535931,21.301651080328156,21.743534507855657,22.391933136168518,22.82038506004028,23.640898115758318,24.222417537966976,25.0168562218023,25.95876193595177,26.570807541444083
0.87594225023460914,17.037119857581274,16.990307211563049,17.150294525526988,17.252389142478933,17.351729002773936,17.734783555119066,17.753332351596327,17.872813195594063,18.118549498256471,18.294219116171007,18.71486714589264,18.965817860160314,19.392602200510737,19.505439393687993,19.958988747494004,20.350291452283273,20.727974409674061,21.375933112765779,21.663746436548536,22.41435992505285,22.888364502665354,23.623581342370017,24.407998462556861,24.910714835728868
0.87936646135751584,16.760399523249362,16.718808488811192,16.833790627839335,16.869172881677514,16.962759887355787,17.223307069798466,17.148062691594532,17.333943814635859,17.442598540532344,17.834528400540876,18.276574875533697,18.549192435290024,19.038885469904926,19.028150127887784,19.421719548394321,19.786150745610939,20.173184665181907,20.748658148484537,21.003200928884326,21.680947352040675,22.072677811942413,22.726539997194777,23.433973417355446,23.851727120170835
0.88287215906223049,16.752541607842431,16.723351829139574,16.815185097046196,16.723769172480388,16.796714609496121,16.97855577593873,16.931664620897209,17.023508318619861,17.250219628753257,17.646315814752597,18.061121088161599,18.381560430694663,18.90906912839273,18.896534308012633,19.316000177706883,19.701402931845223,20.040694388415432,20.564568568544928,20.791623843979323,21.418697483517462,21.768317110138014,22.382605537204654,23.022785006338381,23.391221966507146
0.88646128249992606,16.789798602214432,16.757004305974988,16.853613454186416,16.731499059838825,16.755325107274984,16.796355700418644,16.757059055642458,17.033014565240592,17.270218014200509,17.697487502053264,18.021476365822309,18.189512429853494,18.729795036437281,18.868498431897024,19.307946947999881,19.676944828570413,20.021083023166284,20.514482815808151,20.7679935789929,21.350543046035455,21.706659037867212,22.262714402691927,22.890497017593589,23.231563397494028
0.89013581696811173,16.647905297897523,16.551219201697677,16.624151424934098,16.47433355240355,16.490261557650228,16.528875281750516,16.494236862359685,16.907204574279604,17.148279324908799,17.507367561898718,17.729333129325823,17.832819242554251,18.281821564603888,18.602340378340159,19.06675230696419,19.476103468827205,19.809768241357233,20.301051029135124,20.525660676285042,21.12898071136442,21.471309909582487,22.00362398813013,22.591631280170986,22.898688562519965
0.89389779500878774,16.100153337720258,15.935105330914666,16.004569374446874,15.909616648161318,15.914916357913171,15.940543713077204,16.004005880015029,16.471032501365698,16.628502121573547,16.866824149838067,17.051611263472296,17.164901764474052,17.50684008483222,17.907568461487244,18.387605389536475,18.823207200221077,19.177706347880303,19.619481682828336,19.920640445947356,20.48846051581495,20.779584155170596,21.283096029059379,21.838073706778232,22.099035886232741
0.8977492975327297,15.158292885207629,15.036807233576837,15.069821549019252,15.059176377777476,15.042719490978925,15.153105626581237,15.321786408960179,15.606541987632227,15.656405513553182,15.900113262097875,16.029802651144564,16.185768259470933,16.554610444763966,16.886117480928078,17.38717582407844,17.786328853107989,18.131554349427461,18.572528505232185,18.842735863800044,19.405767489915888,19.673717735618993,20.155684558347275,20.622709356510313,20.842381427239161
0.90169245497052919,14.254389056332002,14.112371090559463,14.205733409624372,14.239936953017605,14.235229094330862,14.405874171439791,14.534973069974512,14.715545020248101,14.673812150329468,14.836478366742085,14.974539440634544,15.180030937939591,15.657960276454105,15.823399748958764,16.300362413021503,16.659551488039142,17.021932004863629,17.439055096554512,17.700152897552471,18.239165625680471,18.479385765276675,18.89756900069915,19.326052534444898,19.466783888070495
0.90572944845102676,13.628476483136183,13.531218519899994,13.600631982670166,13.760385187750217,13.758834863692755,13.989517764333868,14.000643531857349,14.04606728147337,13.951084246786195,14.094866377883591,14.258864119234204,14.488595100112434,15.022001732846547,15.050998683349462,15.473942512922804,15.815267471625702,16.155308441790112,16.588212724207551,16.82715918240865,17.335512406338239,17.568504469745676,17.971455149032408,18.364504614110047,18.478387349692639
0.90986251100778748,13.351254054847232,13.280805814843916,13.399716254141822,13.569412348173501,13.646718481904827,13.867831896008283,13.748556945203745,13.863339769028244,13.732634418644011,13.88358422791498,14.090199051235686,14.26901566478773,14.669489750747744,14.686044939349813,15.032971268774418,15.392532638972625,15.69266167753085,16.120300854447123,16.360555406339699,16.866462883648637,17.144290355827252,17.523344643952441,17.888923087157309,17.993016424574307
0.91409392881428575,13.301646060026542,13.2494599653146,13.363817162782652,13.469120787347492,13.637019662382954,13.76973154827283,13.667269165831385,13.779965001733217,13.808846991254541,14.010371798707638,14.199631579671404,14.320759928777989,14.499560097618087,14.548037168642622,14.908439162136347,15.173954333564325,15.434943262058368,15.883457372576231,16.101982583539211,16.644226381198678,16.89857695846149,17.324369604983076,17.687467600611853,17.833148591787904
0.91842604244848758,13.032887361987378,13.010178135569731,13.14976906132506,13.202258404482563,13.334280127237434,13.434780198003864,13.383586794101575,13.582640643027844,13.714290607167641,13.959928790114645,14.105453401731211,14.173796862050949,14.220179077121429,14.268032281106571,14.602079825686815,14.840704484187881,15.07406553466717,15.486663108196808,15.690253740125627,16.215633797546616,16.498551478915033,16.905375649148482,17.285671306490258,17.4734525143067
0.92286124818752313,12.501276126240555,12.461885228483879,12.577043257813784,12.564231707416184,12.678524866954831,12.709928957199736,12.72922833856137,13.007024415790511,13.152441663143691,13.39268320275005,13.528400839342794,13.574804745454458,13.666514565935358,13.625658739394567,14.067684340203414,14.195810264711326,14.401688080419262,14.745101118394814,14.942771659523714,15.408098242318374,15.610702740705165,16.024400998197962,16.397678880435706,16.569206114880217
0.92740199933316925,11.769412546113017,11.707954435347347,11.809043366469268,11.732478927238844,11.761955577108893,11.844834869640181,11.947411244676914,12.200045394900371,12.27928851138131,12.445872643540497,12.587086996129074,12.586190000693023,12.788304669506033,12.951921784682781,13.226573245337931,13.355517506766773,13.513750330057519,13.803414520138176,13.935063378361519,14.330005990952486,14.509647073573433,14.842180028259463,15.146197645895882,15.28497254778631
0.93205080756887715,11.190598439650785,11.158292899504886,11.185202926666534,11.105800237659423,11.042749886793899,11.226908618518792,11.273738240379316,11.500880425912328,11.512953284451214,11.636593779556279,11.737648222413554,11.765175434869889,12.012497657713539,12.267419620831788,12.521249545599858,12.636736539447156,12.774691246449947,13.002528848788643,13.090060011025344,13.410584389435826,13.539706966686936,13.824718916832353,14.048939491920464,14.125671723479172
0.96596257916836192,8.7276513924443861,8.7153143868745246,8.8287237464137434,8.8513100164745993,8.8545089342042047,8.9005997226740874,8.9198503559855453,8.9749124960326299,9.0236808129229757,9.0831997208151734,9.2082445506493968,9.1146862901914574,9.3165269518030982,9.3744548093636695,9.4900406313063286,9.6875538518397661,9.8211310250444512,9.9935155094717629,10.033167164670886,10.246497800359066,10.195840769585629,10.294724687795679,10.24223513915058,10.095421932990575
1.0011081979397787,6.9550492084272264,6.9470603786467109,7.0365815268596634,7.0358186688572459,7.0573307362064952,7.090264236121584,6.9985125380007958,7.0113308931140637,7.1235761458228808,7.2380516449265997,7.2073437620347249,7.2125204870098969,7.3693081864839769,7.420180383232946,7.4978316679662385,7.4682147888888721,7.5311760591757775,7.5858873605575354,7.5298564882323262,7.6365210574622324,7.5443690870961291,7.627006782371609,7.578994546263857,7.4587921069687582
1.037532556224986,5.1647773749282351,5.1406203087444737,5.1281500312379649,5.111505068209226,5.1475325305982551,5.1733266340670525,5.125542153720744,5.1917176299793937,5.209516903047188,5.1816227703657205,5.2405281377414212,5.2655397615435504,5.2825684868548706,5.2453353965920542,5.2840592808188376,5.2464492401413736,5.3573406764862739,5.3731512312497216,5.3367533870514308,5.3936251928589627,5.2846614319187211,5.2788176212070539,5.1345320862455992,4.9717364322186768
1.0752821797304957,3.8310220691801078,3.7986004625308851,3.8032194773259107,3.7674597736931901,3.7861801365907013,3.8487429062188312,3.8131038794927008,3.8684145356091904,3.7522818192992418,3.8037926824799797,3.854108722820456,3.7952584914619365,3.7659491738359065,3.7815832152191433,3.8058818333101954,3.7420861960818002,3.7724368862964184,3.7614880933579116,3.6554110051029056,3.6220738281353988,3.4848724826097168,3.4609424575346566,3.3336763660463475,3.214235750016087
1.1144052869558729,2.8873345594593047,2.9018533661583206,2.922131256832472,2.8819919230245432,2.9029353832629567,2.921396143156926,2.8953491474403563,2.8836998070237314,2.8729724728145811,2.875508438196448,2.83361617168066,2.8547501578941592,2.876266871127882,2.8686248448511833,2.8522278792570432,2.7592454614095914,2.7543835256401508,2.7192838533510439,2.6337465374663225,2.618235838086548,2.495697641857987,2.4456784249623524,2.3129590663911586,2.1938416580401281
1.154951850784383,1.9950193455752014,1.9830990797781851,1.9910138314471624,1.9980380820643404,1.980924317706922,1.9610223150002639,1.9616266174698467,1.9646618003507683,1.9607966844637303,1.9278368266495818,1.9482966961486454,1.9356968581114415,1.8358754381001745,1.8038686022650836,1.8323917125139815,1.7930899591287925,1.7982241384743247,1.7433297814050093,1.6508457191707748,1.6281102096781979,1.5038385115826713,1.426054107444088,1.2945844073985882,1.1955460507165299
1.1969736623145533,1.4815343749282874,1.4702217386993652,1.4655461647571428,1.4528602802133719,1.4582192503189617,1.4522697849702126,1.4493230274965754,1.4312010937228479,1.4234727111802385,1.4063812067365689,1.3623997552681431,1.3597664410358448,1.3767293938358307,1.3437437086854516,1.3065510253363755,1.2400531753023643,1.2287888599996677,1.17325331207212,1.1133622699253465,1.0716964019516126,0.99650562952001565,0.95076141542563164,0.83626397346210979,0.7404973437088529
1.2405243970141853,0.95348767628320275,0.95521163166017686,0.94489048373816331,0.94154777316521177,0.95088539588368803,0.94106350948186446,0.92774750660737482,0.91109926809804165,0.88274118952995195,0.894631901797311,0.86660036332273194,0.87783476967365459,0.82066545628322274,0.80265631830229722,0.79708571166429465,0.7253444796497206,0.70403560550130351,0.65861400699077421,0.62409792059804658,0.6043523840043008,0.52284662321596898,0.49774797793884318,0.40754876419964603,0.33218470275198797
1.2856596832813181,0.60857878374554275,0.61727235949251735,0.62117370504256542,0.62065066770071553,0.61041825677978068,0.60536011599072026,0.6015509405017383,0.58219817530903128,0.57936268472678876,0.57079412104019411,0.5485086999314035,0.51412473195216535,0.52023044333293456,0.46918022813497373,0.47605465267554337,0.44663827211843454,0.41993306719405155,0.37252563118727267,0.33562058133907158,0.30799877498134265,0.26590537535946623,0.23869738293797127,0.20417927796654567,0.15679136814196681
1.3324371734997151,0.39390861218362261,0.39089614939064177,0.39750744421598938,0.39188950307402592,0.38732356893694941,0.37842838543974722,0.38112565694746081,0.37511615048276781,0.35970669084201745,0.34477643870127395,0.32068409439693824,0.32882489423991501,0.30049013620913456,0.30552679754748624,0.27085765799893124,0.25191391700434451,0.24394416946853426,0.20750357362135219,0.17662896699806652,0.17103215667520999,0.13930108803845087,0.11944953385506096,0.098472843742683835,0.073010644280060433
1.3809166176796359,0.22249496518287515,0.21937838627553674,0.21486891682059195,0.21603812822769441,0.21461753264679828,0.20790687059820812,0.20252032475809756,0.19537302912385712,0.18592820041948244,0.18716990171958514,0.1787718979054489,0.16150652560105527,0.16048646682679646,0.13313668333722717,0.1388355431099626,0.11416916057271465,0.11585747649365885,0.1018526624137337,0.081578063010908863,0.082176862813980733,0.066066813179446626,0.055962641479339936,0.057218631155080857,0.055185218599604013
1.4311599397779586,0.10763061002836594,0.11067784423474336,0.10416545893437501,0.10734295505233149,0.10827149961590976,0.10021689771548381,0.095403260762822129,0.095237407750488501,0.089673768896005868,0.085102800239553744,0.082262952246111354,0.076820142344047326,0.069187132774089832,0.063368654409771352,0.062445667693907581,0.058339660604502797,0.050104592604526488,0.054842133148696348,0.040196284543554839,0.054394809407796174,0.056520388011847444,0.057477979921429778,0.079655860445569715,0.085704492205422866
1.4832313167951348,0.052816825388305233,0.053202480569296995,0.053581613074783263,0.051511420201109104,0.052455410943281322,0.050759124541542633,0.045155139775900466,0.046970929955989504,0.044258768921167757,0.043359959332263998,0.042376548064339659,0.038777394576996471,0.043599929090419209,0.043778010670735057,0.038934499505558051,0.048508638617221322,0.039602494031029778,0.058092595921465318,0.04921342588954758,0.07447906037035068,0.087016747370853409,0.10133316532036929,0.14959766334456504,0.16568882626495451
1.5371972607500117,0.034847763248549768,0.032215258457839013,0.035863056546020289,0.034083702798568538,0.032557011166744587,0.035186798641973382,0.033666607097984524,0.037743820984047716,0.03616261441943891,0.036592873953082972,0.040587845550305701,0.04010906891916477,0.047722196789024451,0.044412749907152715,0.052438924325031167,0.065862489978201211,0.063568448538120492,0.096016176311508161,0.09266125300797512,0.12943568608724831,0.13882303390403194,0.16511702911316206,0.23519526112482936,0.25970176099983178
1.5931267036372287,0.043893947476036033,0.038510938450201593,0.041866828451475158,0.042520408940276866,0.0420714943559517,0.045430348719989411,0.04398470801244514,0.050094414893095518,0.050693532619007442,0.054860880801570033,0.062041569969807142,0.062405582374722712,0.075034773758773099,0.080173302022032544,0.095186958736718452,0.1015868594227527,0.11479139309628295,0.14442623587868297,0.15458641758263525,0.1974635014788646,0.21502173790355528,0.26011576809457893,0.32475026928824491,0.35900451623564322
1.6510910854757086,0.069827008262606682,0.063762630903056561,0.067953440650214247,0.066997474812254154,0.070328066923565302,0.074433150862333264,0.074202534340216175,0.082883703409947884,0.083839748327434904,0.089856177776425739,0.10083832787660185,0.10247303420021581,0.12279319318923854,0.12816600627644448,0.1433925984561597,0.16273986278432062,0.18062877794443466,0.20122645501766101,0.22436028155217969,0.27371859050447256,0.30657782610671802,0.3523579863294799,0.40525529661408655,0.47226553652484426
1.711164445560706,0.1002693046392551,0.098355397505841324,0.10405600139247895,0.1039366767747083,0.10404626235441583,0.10979229483038466,0.10994704789911225,0.12220028470505895,0.12256851039987282,0.13137256513212492,0.14738663210735581,0.1482875768242593,0.17096454963828478,0.1775045863378466,0.20094461866915481,0.22782784185477567,0.24033530913945356,0.27236093430917663,0.30502712905939688,0.34564887250718357,0.38266187356470027,0.43946649838460417,0.49758330799068062,0.57121626029277195
1.7734235170359758,0.14061626417102957,0.13434008317730672,0.13895582085419278,0.14131023253275998,0.14169173353459996,0.15301373470367707,0.15157115308073799,0.16425554864457581,0.16632417996515869,0.17792792757725806,0.19490330743406048,0.1950214989698793,0.21881399808114566,0.22908569808595303,0.24871326366820767,0.27341976023319603,0.28825931836610152,0.34133890714798554,0.36907146857504358,0.39988654786839106,0.44476080546741059,0.51437191250420256,0.58507458279552793,0.62434959252323097
1.8379478249068584,0.18837951475515524,0.18120037859651461,0.18620865746115101,0.18955420284783031,0.18775421797658964,0.1998542247119417,0.19961900676324262,0.20979760859435714,0.21819671987594802,0.22833882929955962,0.24178682157878484,0.24905932530668906,0.27863094022950463,0.29394474154020145,0.31723255380467208,0.34358730803364779,0.35725977469843428,0.4131903579492473,0.44283745607674518,0.47535132661948865,0.51995763206480206,0.58684953492138447,0.66514975034931467,0.69953789743158268
1.9048197876194761,0.23025690813605593,0.22376470394738135,0.23372952119049728,0.23738257398633777,0.23407148923774912,0.24730045980879822,0.24723948233895499,0.2620081435605357,0.26900772202924372,0.27665067954717415,0.29662408683662989,0.30383555651155802,0.32847437035138682,0.33658907111504277,0.36718139190276133,0.40118863159352713,0.42378746660790512,0.46705294448941004,0.48587875184125551,0.53872587542116435,0.58397623958603617,0.64276863966335895,0.73877247577866001,0.76912323094916246
1.9741248223357917,0.27312302856336146,0.26702181998450669,0.27441237796750784,0.27340391194252334,0.27402929493490547,0.29019754304931666,0.28705735541205968,0.30180475481813573,0.30934182837984281,0.31805282408777202,0.34459593304728742,0.34796946196604495,0.3759027861643176,0.38953865608374372,0.41410933235295033,0.44416254507007125,0.46481135507258386,0.51176219705178028,0.52897196561605142,0.58604763619655387,0.6482450336468446,0.68984653690881714,0.78737422415110814,0.82004285965240342
2.0459514540389971,0.3148997274539056,0.30535954561116796,0.31149893011581753,0.3122088392028104,0.31511546082498398,0.33090030660224556,0.32628094178528499,0.34277733223729001,0.35183168805190235,0.3589638534448909,0.38007922209902745,0.38196046935360073,0.41816134831185536,0.43227505217839735,0.45681769708710362,0.48671419521849657,0.50729826927886279,0.56384979349502373,0.5821708832937702,0.63597594734983431,0.6848496355644329,0.7426371990068219,0.819475605665275,0.86632243369172102
2.120391428608599,0.34786780498484404,0.33997309860791347,0.34840750070503645,0.35353910640907316,0.35426936048821744,0.36649207194199107,0.3630135386088682,0.38136054510266604,0.38966747644735733,0.39984532237713211,0.42277765102369358,0.42645480657677126,0.4566006139153842,0.46539070288827133,0.50149609655386485,0.52867616433661624,0.54487165256273329,0.59743479375094921,0.63002946686492578,0.67799936966434871,0.72755985893741126,0.78312372424488785,0.85450785394573359,0.90166568937161173
2.1975398300096316,0.37909965137146173,0.37376503930943272,0.38134156637454453,0.38251032327184475,0.38436748084131978,0.39809309718145869,0.39492529382300745,0.41406437643593108,0.4198627951503795,0.42618439250441043,0.44938659545721293,0.45825054942565657,0.48654521991022648,0.49930033878672475,0.52227314945332637,0.55723172247564889,0.57820659452124801,0.61692310702687791,0.64336398068462586,0.70207162593146677,0.74205816276912628,0.7971315825216152,0.87634765664211045,0.91284700421510934
2.2774952017456838,0.4036094969885653,0.39775211369328645,0.40509001492080188,0.40603926943674651,0.40575929432907287,0.4178213661209611,0.41580984498511953,0.43545845845471831,0.44433603952631984,0.453449234934169,0.47050053425391525,0.47933501965508185,0.50618510047900145,0.52353523509088973,0.54441086961264773,0.57401138739271573,0.59602827686649107,0.64360493618073633,0.65980130118805391,0.71021305362887688,0.75292531413901997,0.80016597923167865,0.8820598856673314,0.91859098997497313
2.3603596727308824,0.42148847213820773,0.41371895353256605,0.42082744796402949,0.42296560756437884,0.42512057916178492,0.43949253850848891,0.43916205230095784,0.45607800043217139,0.4589520588644973,0.47029513455424876,0.49095119143510146,0.49994733635094235,0.52454511023734085,0.53155164574354785,0.56627357937441047,0.58714755849086941,0.60947344486589827,0.65184174253204219,0.67302526550110997,0.72132107839388482,0.76225526561847801,0.79418792750220746,0.88047727182720337,0.91235773394032549
2.4462390877416023,0.43983316270509931,0.4325480593499833,0.44053501087148561,0.44065619037110082,0.44215834074225313,0.45377889050314479,0.45206911700518049,0.47040875693653561,0.47727248778392095,0.48416871067502143,0.50006861109318379,0.50944883237343674,0.53980462789581907,0.54611126517716002,0.57102050427283757,0.60380939861965999,0.61271861371687919,0.66025056837634111,0.67932127212452542,0.72313443794564591,0.76451175218699063,0.79518213184860542,0.8595834685124828,0.90998574188188286
2.5352431426145392,0.4490243228002555,0.44057784879339579,0.44531403048995344,0.44873906338841607,0.45079500247641136,0.46367155013217598,0.46218829640235981,0.47484606928651374,0.47899457090761643,0.49183638880981562,0.50754204342729281,0.51292292666835237,0.54204535759481587,0.55319162474506811,0.57119407388290711,0.59939744856023935,0.62017207263579621,0.65172567476224685,0.67717976592984996,0.71490658084439929,0.75325509234835408,0.79264419417609133,0.84114559938234379,0.89023224446191307
2.6274855243638315,0.44908534482976847,0.44193711931927737,0.45002861515547465,0.45180655392755398,0.45151372107045518,0.46262752873064983,0.461760623421128,0.47830013361715373,0.48157226094429006,0.48896759746048701,0.50837748220124013,0.51458744382216537,0.53727310065028178,0.54972744554947894,0.5708195020133644,0.59021720048576753,0.61118494139418544,0.64671433980515758,0.65991171129394388,0.7106594089104874,0.73015125572192119,0.77615919811933054,0.82008306892930705,0.85784392411142107
2.7230840563962109,0.45655753121980069,0.44905088465111476,0.45263232962315669,0.45322966790297414,0.45444885757012798,0.46678382954212339,0.46372552164405079,0.47629800180470738,0.48315656121053507,0.49367026520212676,0.50534832217431358,0.51406078563968549,0.53972962277498482,0.54579335976154653,0.57036250739361094,0.5880151524743269,0.60265249071380822,0.642661821362708,0.65374152284857701,0.69247817602968098,0.72537649806281479,0.75226749053354069,0.80953187843942942,0.82884272327783037
2.8221608490096681,0.44651600054692153,0.44199039421005182,0.45029320533319606,0.45302030496645784,0.45128940596600842,0.46002346595719246,0.45955899410796519,0.47341224431238516,0.47446002091896844,0.48491933098148365,0.5023756869504723,0.50338820380443394,0.52819212609483657,0.53642341895624668,0.55492506614882586,0.57802079009161389,0.58618026332760564,0.62266963924889751,0.63701645253900097,0.67161987245594901,0.69808951930554031,0.72845614899188149,0.77546668528202645,0.79950365776767285
2.924842455367862,0.44260649316402123,0.43667914293018839,0.44097790263890602,0.44179280258026665,0.44534166427047239,0.45614294976576275,0.45228778563046035,0.46364809883971247,0.47030629921982836,0.47565504353224242,0.48981928792727558,0.49696828243304481,0.51336633494133821,0.52477028373209578,0.54253494806926028,0.56039764602542164,0.57646411443488432,0.59947623117000148,0.61905090417462816,0.645394464542278,0.67943212206046155,0.69577480418456616,0.74851299662259407,0.76405564691367545
3.031260033149513,0.4329702266586537,0.42836701668852584,0.43367571325666177,0.43452574823663781,0.43420182280237896,0.44323680300044543,0.44552504062562548,0.45571327754214508,0.45772735550758625,0.46831526373239285,0.47844790545491378,0.48314235933207783,0.50337681370615428,0.50664380749117299,0.52878679957461827,0.54280473772314508,0.55804393649918893,0.58349182066422145,0.59510407341326754,0.62546942767266955,0.64592813512581415,0.67680948390921003,0.71036605400422559,0.7330943870460942
3.1415495120792514,0.42080714340295344,0.41686767490045895,0.42223171010459737,0.42222920629433247,0.42407811007387863,0.43167099672496079,0.42834929579180425,0.4415449564296523,0.44539437085768441,0.4519028395263831,0.46613134583390092,0.46673623764968397,0.48609015383408405,0.49155906157056961,0.50720545055628463,0.52337046743787141,0.53441487816485278,0.56126103364726987,0.57101984041810283,0.60049913891498363,0.61647915218713933,0.64275390077955308,0.6754437836048055,0.70082566523569767
3.2558517675539145,0.40991339172478547,0.40258881075692443,0.40607054680276633,0.40902846984249663,0.40940580480355493,0.4172842643936292,0.41612344601117002,0.42358229775641121,0.4284993181390746,0.43522394525984964,0.44671387660605433,0.45150551869232913,0.46547754663151863,0.47329255291720074,0.48470560241571548,0.50241547472091952,0.50924436842524301,0.53577633712279749,0.54209175425694411,0.57326219117612709,0.58629679743535235,0.61302461048080659,0.6368161116504325,0.66129668829375987
3.3743128005860736,0.39115310235069956,0.38940006391680981,0.39477534444586126,0.39226300747645837,0.39408704410584505,0.40132808203907189,0.40132649152883459,0.41000877099781974,0.41048574504225144,0.41934532881737141,0.42756084386383009,0.43387652532828724,0.44644433886378465,0.45233938971341558,0.46594638189799298,0.47628996591743089,0.48902277789306936,0.5060316625338146,0.51923115741396941,0.53905770347546422,0.55844129276101739,0.57719491758189179,0.60590272702552284,0.62536120906406722
3.4970839242946243,0.37714830689674272,0.37056376981195172,0.37460482224355474,0.3782206106616286,0.37662238972939122,0.38268449436668561,0.38124730860658929,0.39212975132818428,0.39342526060272576,0.39775621648050219,0.40816239217133443,0.40967529491831556,0.4273006922408058,0.42837390912063711,0.44278595542050425,0.45203170687182137,0.46257190533810899,0.47881859808512672,0.49006837352135335,0.50803656332823266,0.52721761393831912,0.53953392109815468,0.57131257666856072,0.58113144413937334
3.6243219571806642,0.35628476573128864,0.35567993007430232,0.35894452443358205,0.35735948004435159,0.36020864458328106,0.36534999384753064,0.36457382352409695,0.37042635936290935,0.37552140723164484,0.37997455164895655,0.3863955527053804,0.39048251733470352,0.40200072456309499,0.40839532972768211,0.41881210348651621,0.42792707629632787,0.43648782803415997,0.45324781880526643,0.46071458021947365,0.48099456112777261,0.49419486277383839,0.5096413483690867,0.5341962062238963,0.54470463477468911
3.7561894234355293,0.34026672591460283,0.3342740699655451,0.33834170674992947,0.34017968739271964,0.33913507397858211,0.34494814081381264,0.3441586225995934,0.35215257442041548,0.35124970269748701,0.35956659733710694,0.36523485577890824,0.3678207645045859,0.37764547414553817,0.38452192432851007,0.39197655810949072,0.40452915298601511,0.40777187977550966,0.42581083380378004,0.43095205933195757,0.45058666975410233,0.46194630812760806,0.47632661591251235,0.49863870103422414,0.50772429866401581
3.8928547605368364,0.3171540089639393,0.31719489631200304,0.31913997058370569,0.31909597223238961,0.3206261238967727,0.32498311196854957,0.32435734822752238,0.33024148416188837,0.33287248869794439,0.33598766248587708,0.34429542076554753,0.34566126298864219,0.3552372583246779,0.35788435223798842,0.37042985889434021,0.37649361470312215,0.3830152506518516,0.39765490324271013,0.40150232903920369,0.42176287839424731,0.42817932586899587,0.44563960740720177,0.46080410853073772,0.47158598763599002
4.0344925343977183,0.30135539130003508,0.29609363409349498,0.30001094298586395,0.30035856549204709,0.30109220988993002,0.30482308755665599,0.30451048743282172,0.30992243719629187,0.31242647060628315,0.3149700551305159,0.3216330669307581,0.32386665702938444,0.33303286278123778,0.33448365664958146,0.34517348399185721,0.35120602588222027,0.36002315980249477,0.3678042375656787,0.37709028954645873,0.39044254834220737,0.39903001474112898,0.41432043169152166,0.42426156130636627,0.439096476801069
4.1812836623440468,0.27824737297987667,0.27821945141351989,0.27913356404803835,0.28043393808229666,0.28003933684624371,0.28462139330690661,0.28402654869614707,0.28912320953645576,0.28895136142796218,0.29617964983890488,0.29746209767881737,0.30163010920773559,0.30933144282687408,0.31215066828781346,0.31919834087705112,0.32725277827466925,0.33230321577639188,0.34171171733646588,0.34924178962251062,0.35944049294312208,0.37079590951657337,0.37886102164179647,0.39261870915015606,0.4045454331410383
4.3334156442044778,0.26155095818342033,0.25748203338628173,0.26051043820234554,0.26039092168934985,0.26173102548682436,0.26424064542595715,0.26364451355755136,0.26911647321151122,0.27029531029063492,0.2721212560808226,0.27854398944612058,0.2796533284281395,0.28590618961425207,0.29030475825732083,0.29488236793417855,0.3022843043015655,0.30743188270082555,0.31677578569451725,0.32051801264492497,0.33253175251456923,0.34115503867951702,0.34824932847118362,0.36229718245272124,0.3697307630600335
4.491082801808477,0.23964117425668974,0.23910096304246053,0.24054415543548657,0.24125016262587451,0.2412648337938208,0.24424251750099302,0.24484873148094266,0.24726381434061295,0.24959317051980179,0.25191531025689073,0.25692554594138528,0.25710810686882724,0.26457997585214343,0.26643309434803086,0.27286282678494445,0.27772777020538797,0.28210801389002427,0.29164115646062783,0.29421715164073703,0.30558276052715883,0.31190000138042251,0.31916900920418811,0.33141215843420468,0.33839580627227406
4.6544865271982525,0.22179584012349096,0.22037947299907046,0.22185351787334184,0.22229719551148719,0.22233786703509395,0.22579231357849494,0.22397028592376955,0.22961688334612518,0.22862082372387249,0.23307350623986167,0.23448543527581478,0.23805322193118172,0.24330721435728719,0.24318072508162913,0.25196897723560596,0.25394070833976912,0.25896503569219931,0.26789790551288206,0.26881874002856421,0.27962264991276697,0.28537241688002268,0.29193369749123121,0.30278711106109313,0.30809156941143101
4.8238355398716433,0.20465719687229011,0.20223852473577608,0.20429543836496578,0.2038576999821089,0.20538583153143009,0.20616706478722335,0.20744466879250467,0.20942391508754099,0.21112273185781305,0.21289237140751993,0.21667950525261404,0.21772314354325317,0.22202712971750316,0.2250803440214213,0.22940777865449036,0.23256032843551111,0.23774980034136206,0.24347924323751613,0.24661452915540849,0.25555328801897303,0.25873174318849124,0.26680911681285124,0.27566646713705723,0.27933380681201925
4.9993461533845398,0.18587055292289278,0.1864929644826816,0.18653386935693561,0.18760503713644994,0.18662344972892697,0.18987843617924227,0.18943827555472126,0.19190458640036923,0.19301601473705432,0.19491791852578899,0.19779473206142484,0.1991665859574141,0.20303012009878785,0.20575627203652402,0.20788892501025202,0.21388434159746339,0.21665797943990128,0.22047417380917977,0.22621515001833359,0.23138478195460266,0.23514009823895776,0.24415669561733466,0.2484539143413258,0.25373633500862525
5.1812425516533773,0.17133195326834993,0.16850456714905704,0.17044636279126735,0.17016257307022897,0.17142946445142115,0.17259136312668488,0.17183423474750725,0.17541500211677885,0.17540729782672315,0.17740906047811222,0.17988501830575387,0.18071654484731425,0.18526357196992649,0.18562148297382919,0.19043075423030587,0.19330878644234417,0.1953084417862101,0.20110792759510332,0.20481342327161656,0.20849872338919795,0.21367872031521529,0.22016558925963636,0.22344118944181446,0.23093963927374261
5.369757075310627,0.15371317787258931,0.15430749195684257,0.15451389857162212,0.15491784872256176,0.1549069296152652,0.15618461151029805,0.1572241711355673,0.15841258770865352,0.15874541020696142,0.16122987548635592,0.16305260244848796,0.16405808132503807,0.16735599868684403,0.16812778489941138,0.17263685319289834,0.17420562904874259,0.17694185605557777,0.18257583562842683,0.1829438472267384,0.18908049903291158,0.19342576860242389,0.19704301794990897,0.20191282055225201,0.20792963527139818
5.5651305184790614,0.14047042655533915,0.13918085888116138,0.1401556142204754,0.14021160753912909,0.14067623138879526,0.14188942190418175,0.14187294264655748,0.14320953360578415,0.14466133294308747,0.14589068769976166,0.1467410798567812,0.14899052432440385,0.15091679692358184,0.15284553301796677,0.15516078189580185,0.15738724557405703,0.1601586903173029,0.16417774152364473,0.16502491792698493,0.17103764546982347,0.17343452349700783,0.17670084085636972,0.18290694857364542,0.18614901957494112
5.767612436343863,0.12673380498256392,0.12568174173571833,0.12644643770505581,0.12676044450125801,0.12678767177663985,0.12832300830706345,0.12760056669856112,0.12985701264085492,0.13024167346947024,0.13077671680230196,0.13357979621775939,0.13374134618823064,0.13615463659908755,0.1371309882802052,0.14006933294234614,0.14157831178067681,0.14441648859065026,0.1465462254400336,0.14916376928232467,0.15324400566959184,0.15543987505856194,0.15878010807222154,0.16397405726871739,0.16598187779254658
5.9774614639154509,0.11309286190333978,0.11371307783053908,0.11409274398732805,0.1138560367911623,0.11457660015480542,0.11461617297999283,0.11573373585923719,0.11687843866781122,0.11641343372298252,0.11854318174226819,0.11956183146031663,0.12025168419938836,0.1222279729853426,0.12373821557639531,0.12516184585626888,0.1272078140094095,0.12932181574370816,0.13180601278213544,0.133728125484879,0.13699677944651967,0.13884611344110454,0.14244074504063065,0.14618879811797569,0.14853281502871596
6.194945646390174,0.10285130533998199,0.10157817811216319,0.10207379077252199,0.10259862634825367,0.10248464142381408,0.10377439432613755,0.10341554479452952,0.1041626645286442,0.10532067660767552,0.10640587284711955,0.10698968279353949,0.10755446508386513,0.11014261857218344,0.11032745351121775,0.11218218750866527,0.11413727024608988,0.11537695647604096,0.117810957797019,0.11935670697511114,0.12269803080971542,0.12381018566270541,0.12718287934512773,0.12997423403913899,0.13251586862361364
6.4203427815308789,0.091486790431474674,0.091408179108668719,0.091795774523177442,0.091854490670812083,0.092069642085050418,0.092661311743540864,0.092884334902976207,0.093713503036099155,0.094356950103474446,0.094845751133277645,0.095525759041436231,0.097302391444429759,0.098066715742220367,0.098425503868043052,0.10073047728138818,0.10196267044580054,0.10327749635769123,0.10504579070254749,0.10698216591794107,0.10891421116718902,0.11058156489440307,0.11346646969030871,0.1161242415443553,0.11756026568434663
6.6539407745046546,0.081480160594963991,0.081783138474037287,0.082227557716606725,0.08185928426053124,0.082383380450522736,0.082701056826891772,0.082728471647300239,0.084150580893066262,0.083995528488600257,0.084471442427570764,0.086017764856819667,0.086230659139744148,0.087189254665076987,0.088250988084837445,0.089876183581282021,0.0906239241207345,0.091481506850811911,0.094075054212169107,0.095136563139135433,0.096670972345521022,0.098365815436409321,0.10087430321635793,0.10288152043131049,0.10401626508087247
6.8960380056310022,0.073663398299572691,0.072918483522499855,0.072955397712945569,0.073576677518815359,0.073519895946446923,0.073978546034851433,0.074326056252459693,0.074491286737838891,0.074935227947747762,0.07608781108376661,0.076532504369652088,0.076809463703028769,0.077841743704084365,0.078976374223884704,0.080072235741795339,0.080366843311168168,0.082146477777939708,0.083700806423138374,0.084144682405963067,0.086075848563353929,0.087732857426033206,0.089927612363993603,0.090721176951575444,0.092596052573213683
7.146943711510179,0.065242302437837907,0.065263368449080872,0.065453539112581893,0.065500739302763122,0.065680875072814615,0.065967277589635387,0.066205994096833365,0.066782934472172428,0.066987382072227319,0.06770023499680633,0.068062964247786795,0.068483971860530346,0.069948038645009092,0.070271105296171754,0.070688325778263561,0.071956680855635113,0.073316080757308555,0.074258416964852358,0.074816847049959279,0.076549302177511436,0.078225842351287156,0.079282007607616833,0.080507982984187265,0.082710657676784649
7.4069783800185238,0.058076092282590253,0.058315697527035582,0.058688901993861009,0.058413128653910462,0.058595907570293093,0.059036141197026382,0.058967217836908503,0.059545222479130189,0.060079003501840589,0.06019572722027533,0.060563833394581934,0.061507705171663929,0.06211404516255925,0.062308627307885445,0.06336110673439066,0.064252728965925598,0.065143145171049355,0.065750963383379712,0.066596197992112138,0.068676862123055571,0.069281877334134379,0.070098512997418538,0.071710000698544718,0.073489278722377094
7.6764741596753083,0.052303636737605075,0.051975760141601768,0.051922405572469188,0.05223028415139197,0.052405717522447048,0.052528194039666687,0.052783582675743901,0.053099369380419148,0.053178970318583652,0.053753541963601492,0.054322826075633657,0.054675470707451268,0.055122870194878715,0.055462002464850002,0.056512396636350104,0.057375827462522011,0.057666308976280334,0.05837644331487013,0.059617304481974998,0.060774702647648837,0.061154965289546226,0.062389313371454591,0.063865211326856297,0.065295850078797457
7.955775283904007,0.046512583313429445,0.046375795214942173,0.046390804514729211,0.046540547824903911,0.046730428633452448,0.046824726762352498,0.047003360354295864,0.047392818127136138,0.04746536811573776,0.047826245835395298,0.048360725950217898,0.048652620381531619,0.048982662231352947,0.049633633725093773,0.050423289140269389,0.050572772566837898,0.05119536845138839,0.052286586079802078,0.053042783502050384,0.05382692970526648,0.054167416392331802,0.055382373520970418,0.056920326128761189,0.057679608358895962
8.245238510729914,0.041134063911073326,0.041332912218223328,0.041621239308867075,0.041502624545103117,0.041463016108608031,0.041755052883303279,0.041904611076503784,0.042082534621130208,0.042406340813201382,0.042782880729362205,0.042851958035498683,0.043155074339964017,0.04381599899130606,0.044239241044948585,0.044680155391063181,0.045016143769601058,0.045604534752271775,0.046456123749948119,0.04707915493312953,0.047592871980043583,0.048185289413765986,0.04952163107618901,0.050309381794704677,0.05076981758352872
8.5452335784757096,0.036870443395812913,0.036853046079158958,0.036908886018068188,0.036960999159646235,0.037059983866384982,0.037204006863646555,0.037360873702411368,0.037530809139212806,0.03766891755577717,0.038013154297772189,0.038279359320185335,0.038526361189312297,0.038946098572537835,0.039296637184691008,0.039626322272681591,0.040014941433582862,0.040806866010711929,0.041358440746776637,0.041532463691922317,0.042205625980244577,0.04298867376208193,0.043945467353637468,0.044567908380770405,0.04505161120135881
8.8561436780371032,0.033014306905471358,0.032869683176187436,0.032743389641453291,0.032880282545434625,0.033129622320387853,0.033189006133682142,0.03323062750023098,0.033464088690479343,0.033609630797030832,0.033753030646522575,0.034008310768825822,0.034446047047708817,0.034720203712168995,0.034822329700489263,0.035262991657035059,0.035728194973131622,0.03620031465813156,0.036615110389803363,0.036993969340315402,0.037610936666155226,0.038206457439699193,0.038945358736782509,0.039321256235112401,0.039901681096722541
9.178365942341749,0.029162281259182521,0.029220801453647027,0.029318561824929645,0.029337136856263157,0.02938301143576183,0.029461888481478127,0.029576244543456198,0.029747966767615708,0.029914048139289662,0.030132049009445439,0.030261188546148787,0.030477473543719213,0.030789813748626216,0.031045767386935097,0.031413044139362967,0.031756540602621897,0.032131301107277466,0.032370249219013658,0.032754155066768931,0.033522781200844065,0.033989224593042877,0.034403845372374064,0.034809583851711068,0.035477728476138282
9.5123119536166563,0.025864488120603824,0.025971353825461563,0.026138060754945514,0.026140028139948868,0.026088707930178145,0.026154183021652955,0.026333091232501715,0.026474262368417101,0.026540693726154529,0.026760304959573489,0.026963733822832125,0.02712467160038301,0.027265595288795907,0.027535431681080524,0.027966203412823631,0.028183608479423583,0.02843541331063193,0.028783842782388547,0.02918635433794492,0.02966205090024232,0.029988186940641981,0.030491302360651673,0.030925064144803116,0.031485045807592371
9.8584082691120543,0.023144653606422594,0.023114661379914025,0.023083430182957443,0.02311667703715159,0.023228141649944689,0.023312648827186422,0.023392317008273267,0.023493992933161678,0.023572535319196675,0.023710572548559128,0.023872086431168782,0.024110645498645056,0.024313523946112525,0.024457736923423568,0.024706053908886361,0.024931124324602649,0.025225399498900458,0.025542586483403795,0.025910685573940384,0.026334254092084564,0.026515499031312117,0.026894462333160618,0.027371303613492159,0.02793826833350721
10.217096965953182,0.020609667855715941,0.020550123367598871,0.020455586059092923,0.020479915129264725,0.020637711063479003,0.020740105086488825,0.020775989731120603,0.020819233282161065,0.02092655192532078,0.021093903751911114,0.021181670594813795,0.021324350030795358,0.021557942744621528,0.021759849050056346,0.021951247251990935,0.022067936417677458,0.02235604512384981,0.022676461692221039,0.022937859308392206,0.023251859727331237,0.023509548136217973,0.023929751513442454,0.024267310803779196,0.024652234175903232
10.588836205816014,0.018153103750520927,0.018185949762973053,0.018247684070388459,0.018283196635728416,0.018304971330984188,0.018328057379690676,0.018389238089469018,0.018476425531261498,0.018583726001601519,0.018733094502294989,0.018832847018003918,0.018939061977164329,0.019047360495079602,0.019209087756969723,0.019467608242635492,0.019643394728987573,0.01985903668369815,0.02006895082106297,0.020288243608860057,0.020568458343888096,0.020774843016354794,0.021179629188502247,0.021542648035065781,0.021871235534263178
10.974100820148156,0.01606895800003727,0.016128912698917475,0.016251010173334635,0.016297328719282689,0.016263849343790326,0.016233622579001405,0.016303043481070034,0.016434387092207459,0.016526195849838388,0.016617324012973,0.016691954408877052,0.016832585666804789,0.016957702431842137,0.017056088762899435,0.017219269497260825,0.017391083524348261,0.017647246164372632,0.017829876988106008,0.017987085080893195,0.018247736372469348,0.01845672807700538,0.018775496102644951,0.019013402658298872,0.01932211888895452
11.37338291668245,0.01440747999646419,0.01440511488480567,0.01439907075811675,0.014406964877885287,0.014455040966740995,0.014498866558135148,0.014569280955360142,0.014638022404742657,0.014689981108475081,0.014757367954267409,0.014811987771381041,0.014944640448810276,0.015099176747998655,0.015236987074008113,0.015366606762292179,0.015438715741098008,0.015617222917526874,0.015809556416822801,0.016019876412425305,0.016250910182648681,0.016413253755491297,0.016699152105367432,0.016907442382233739,0.017135167792989847
11.78719250801797,0.012921985675724557,0.012883356446010907,0.012798008854304044,0.012776316340346483,0.012860021144852851,0.012965002996821795,0.013041931141422936,0.013058206442504883,0.013064448592814415,0.013137371746623216,0.01322201614634011,0.013334391248751132,0.013435888883307712,0.013539926100477828,0.013702558508743579,0.01380123403956901,0.013940426219917867,0.014063554180616222,0.014230439328191125,0.014466163084499328,0.014620138822419193,0.014855236309511355,0.015044504958211746,0.015305036175373488
12.216058163071356,0.011492834869379465,0.011493760715676871,0.01148987932549872,0.011499613330439473,0.011541104816622294,0.011584583868923914,0.011625722609831968,0.011657081796112578,0.011685942991221054,0.01177449376690376,0.011858586413282524,0.01196795896312608,0.012029513170077166,0.012078864102360143,0.012191667623348224,0.012319359544697761,0.012509622296139611,0.012647616477149626,0.012754579143955169,0.012900492405314878,0.01302801820069277,0.01326429063929524,0.013455885675060841,0.013674770322968044
12.660527682230573,0.010229195183981687,0.010267561351660959,0.010353943066821358,0.010407584242262402,0.010416819923172227,0.010376652947154952,0.010372902105416415,0.010419110773113971,0.010502043024246177,0.010604311220351548,0.010664870062800702,0.010734950855198377,0.010792083276569997,0.010849571262006918,0.010951088837192202,0.011033108614398657,0.011191761886522045,0.011334880646490575,0.0114671934325834,0.011604335371259822,0.011691274342670255,0.011889632089435054,0.012062733690086702,0.012270784795585854
13.12116879707348,0.009243994032518188,0.0092679387114706913,0.009324091196319273,0.0093624303901123085,0.0093742440495336865,0.0093522507825340995,0.0093571881622995789,0.009404492830086042,0.0094754816699147426,0.009564244601850902,0.00959925116154281,0.0096436157061283723,0.0096945989601096016,0.0097796946150126018,0.0099073856618900891,0.0099923418436311806,0.010089973685385445,0.010163089156222327,0.010261690841382176,0.010429633002793537,0.01056066847703363,0.010758080917295132,0.010887872352164152,0.011042009114952123
13.598569895544994,0.0084387007774893164,0.0084286951160841284,0.0083968535497511709,0.0083804380798202516,0.0084018874122584464,0.0084464071944427843,0.0085057621480437717,0.0085577741970421783,0.0085826468598622085,0.0086187386754872364,0.0086326885153891197,0.0086852740155549668,0.0087481940793701085,0.0088345892796564129,0.0089571906741969798,0.0090430849827907167,0.0091368435348346821,0.0091865729684403874,0.0092484059185444778,0.0093775514395808557,0.0095084707717010275,0.0097186363936447862,0.0098507345156821913,0.009973039837529285
14.09334077351912,0.0076715089936847392,0.0076534714203280174,0.0075997272245569292,0.0075663894945900978,0.0075854755121635975,0.0076451699887467583,0.0077233666670313283,0.0077751120874793855,0.0077828589939308301,0.0077901350940727809,0.0077981971536829064,0.0078595824616414234,0.0079391884738821972,0.0080191305621184483,0.0081075592550252651,0.0081553573564914217,0.008239192296091602,0.0083117707077775549,0.008402124282740786,0.008527173800260357,0.0086151926039708115,0.0087663467654426341,0.008867576004952582,0.0089921155412984177
14.606113413705872,0.0069040307919809862,0.0069054392935985476,0.0069002887956806092,0.0069013842963911998,0.0069226809204199213,0.0069465847918301904,0.0069837572986681806,0.0070097377630542468,0.0070240066752180752,0.0070545156485533056,0.0070805571851515481,0.0071484905395386988,0.0072175341358029499,0.0072807261621559149,0.0073405631162142271,0.0073634716463200078,0.007423946944351556,0.0074984227132244285,0.0076118523364794299,0.0077551210579471785,0.0078472873016686151,0.0079563447191741687,0.0080037927915803664,0.0080836178832814909
15.137542792897909,0.0062024320084042017,0.0062209220939806187,0.0062626205617313246,0.0063027774703794393,0.0063292956182898763,0.0063221036424483401,0.0063106319536210265,0.0063096464829897059,0.006326825877726705,0.006385350266805645,0.0064376717608851663,0.0065094323367347329,0.006556409178022804,0.0065923237714553551,0.0066353174809083981,0.0066566949286563926,0.0067230538573657128,0.0067896259981807816,0.0068859085525865282,0.0070081705046298737,0.0070930502910204751,0.0071993570757857839,0.0072461014357454445,0.0073210423500711386
15.688307718588129,0.00561375805144948,0.0056309889317471828,0.0056705064145869954,0.005708744865973614,0.0057336230829143631,0.0057243309493753003,0.0057109335467924183,0.0057052540981530342,0.0057231521068015212,0.005779594599411908,0.0058336356927561894,0.0058944005565724211,0.0059282633877639768,0.0059475727840876402,0.0059820128625336366,0.0060135270485446313,0.0060909628480292355,0.0061655187093823116,0.0062449549014420569,0.0063281838792583756,0.0063746719971682353,0.0064566444043556714,0.0065184038762691188,0.0066164734170648387
16.259111696026753,0.0051127544292901561,0.0051176008962130481,0.0051215156439123888,0.005128303846564819,0.0051399368505880005,0.0051436344718638338,0.0051597938743839222,0.0051769745951260049,0.005202062176985045,0.0052415111019108451,0.0052681153619271726,0.0053048963100490454,0.005325101970107049,0.0053478673880311689,0.0053870993117683952,0.0054278453380787184,0.0055087921924004135,0.0055785223884203816,0.0056490464668605966,0.0057107328157695036,0.0057335472959572087,0.0057911261172440831,0.0058370245679677524,0.0059405555792189091
16.850683826825456,0.0046443744089410544,0.0046393252186147649,0.0046178656905118132,0.0045970592980921765,0.0045972019478410786,0.0046079940390253427,0.0046469455765612011,0.0046849951284526625,0.0047168925169938092,0.0047451936530951144,0.0047479951247870744,0.004761235366311567,0.004771937722223285,0.0047968273338039324,0.0048485781008782425,0.0048955469801406082,0.004967820708143833,0.0050239973077328415,0.005074974773287444,0.0051257422824404486,0.0051485941149831405,0.0052045994867651046,0.0052508335834993147,0.0053374635827063699
17.463779740256346,0.0041796040360697617,0.0041759834214776248,0.0041542059663903785,0.0041343655503380816,0.0041332028435254742,0.0041433496046208163,0.0041796410285011021,0.0042164989167208233,0.0042458832777283462,0.0042680400368393379,0.004266755722080795,0.004273763799852226,0.0042835704897461468,0.004310943056811567,0.0043626886353989036,0.004409741321786953,0.0044708688534829122,0.0045088721591390879,0.0045415985636276801,0.0045775357701689501,0.004603159874486451,0.0046677482525554481,0.0047269625341765931,0.0048119547977449884
18.099182558435352,0.0037273151994519083,0.0037298256301347976,0.0037268763810711647,0.0037267009317858424,0.003734470781624033,0.0037422313860426826,0.0037616353638529887,0.0037775845115310958,0.0037928564335025783,0.0038089490618213873,0.0038150549601283501,0.003833125340293897,0.0038521975703496025,0.0038829035569172277,0.0039278010328951396,0.0039621499028568152,0.0040085810780619013,0.0040329050706873204,0.0040548297306788328,0.0040852520284824223,0.0041088044662158651,0.0041748371944789753,0.0042377085442568685,0.0043222277483572213
18.7577038966229,0.0033158511826010262,0.003323487810978687,0.003337604979897435,0.003355722957611551,0.0033732766180540885,0.0033800739894802589,0.0033861558000016778,0.0033818224609474257,0.0033810737577186778,0.0033908944519751572,0.0034011042402721792,0.003432536708375622,0.003462216098851556,0.0034961001914228795,0.0035343165320442793,0.0035560797505360675,0.0035839026059147905,0.0035983172939419994,0.0036168538848717624,0.0036469396635214757,0.003676575056243081,0.0037379549839910986,0.003793501253601228,0.0038672562304675751
19.440184899919522,0.0029624055713273201,0.0029707269943566317,0.0029876170954343806,0.0030104518598426111,0.0030301499232523454,0.0030364702386811437,0.0030381803549053288,0.0030281147928525876,0.0030211815291356636,0.0030277597975225667,0.0030389713340452928,0.0030711033942498744,0.0031046901403639637,0.0031383077626681022,0.0031699169125394278,0.0031833713950661924,0.0032008424555232118,0.003208213598763443,0.0032267775014083178,0.0032587696272186051,0.0032933348027479603,0.0033542428357851151,0.0034019808650529448,0.0034592922733232001
20.147497317680724,0.0026632824762486962,0.0026686835031610734,0.0026773344304240609,0.0026907927741830484,0.0027038784717317021,0.002707474417626532,0.0027119889004603159,0.0027087379917927201,0.0027076433966457536,0.0027165750609339234,0.0027281374808314496,0.0027547541350938509,0.0027798001238648062,0.0028059701145699556,0.0028309215844379843,0.0028394734572896319,0.0028556511470441137,0.002862729683305254,0.0028821305165966926,0.0029158183677804317,0.0029501853676765499,0.003007585325815576,0.0030510957942055938,0.0030968053582642874
20.88054461702329,0.0024009292866624676,0.0024023598394244949,0.0024006059178902639,0.0024002959442919192,0.0024031672550197669,0.0024031304931377839,0.0024105222031343132,0.00241821707878076,0.0024285280298319556,0.0024436181964810899,0.0024559155453798276,0.0024763793307802651,0.0024889771266400906,0.0025028827740847248,0.0025185328703067889,0.002524790394720533,0.0025413467097834541,0.0025545931267916266,0.0025782413325625697,0.0026125452103995528,0.0026445396265786236,0.0026947074688776773,0.0027273986943647799,0.0027656425497148973
21.640263136845526,0.0021600034125381917,0.002159930040660285,0.0021506029694782214,0.0021412126727264891,0.0021368964401489166,0.0021342554787722179,0.002142308093346923,0.0021554518838846626,0.0021737056469581795,0.0021946622270059279,0.0022082170937318679,0.0022239824442871203,0.0022293882702317802,0.0022326759221331649,0.0022395433997246528,0.0022430306132079636,0.0022600074325409558,0.0022770342168936253,0.0023067219945662742,0.0023418610816534624,0.0023711811286011297,0.0024127777096314418,0.0024373001231268177,0.0024623433498409675
22.427623283835395,0.0019337473184179998,0.0019330892161011359,0.0019241629213946343,0.0019134251035637373,0.0019071958202050432,0.0019044565369013,0.0019122162732356784,0.0019244485613234552,0.0019432013007572024,0.0019644502137916575,0.0019774790106983353,0.0019906673466487668,0.0019940334834376294,0.0019946806345909618,0.0019966994781559499,0.0019985522568595204,0.0020150696516842981,0.0020324653297665307,0.0020616058727087605,0.0020970262638120296,0.0021248813362260144,0.0021580305593680293,0.0021756640091470381,0.0021938846184332839
23.243630771994255,0.0017230701039272489,0.0017232357744429994,0.0017181282966673983,0.0017131515359527505,0.0017106851026025272,0.0017097613669510014,0.001716755360930744,0.0017256718731288867,0.0017383421166732305,0.0017540172821088884,0.0017631610272010878,0.0017744740384919577,0.0017779258723629177,0.0017804733117077198,0.0017855388456489152,0.0017884263910750153,0.0018047634018807379,0.0018213360283725333,0.001846077810945479,0.0018757391007595547,0.0018992730886664422,0.0019278184133419973,0.0019402394128698042,0.0019550371700109981
24.089327907259467,0.0015324535892442537,0.0015339175230526525,0.0015338614372968351,0.0015358976105341871,0.0015394673778801327,0.0015418991859492692,0.0015491153083415643,0.0015529764616444286,0.001559234164163481,0.0015668065133145337,0.0015711778349214445,0.0015787116345480356,0.0015819507002756694,0.0015879253545478811,0.0015982739632312004,0.0016058324092327325,0.0016227259938041971,0.0016377880242519627,0.0016590615150477994,0.0016787488132945505,0.0016953530429304475,0.0017193455877466679,0.0017282573552792613,0.0017426979656172126
24.965794918866774,0.0013673716706086303,0.0013679979837184497,0.0013715355430938825,0.0013782161255084802,0.0013857936278889316,0.0013917139063845951,0.0013969725785816234,0.0013995217902782464,0.0014019291350917396,0.0014034154043662816,0.0014027541258929688,0.0014073607513731545,0.0014110988953912607,0.0014196715355143663,0.0014317639220107203,0.0014429830139903732,0.0014607237379780091,0.0014749670976266227,0.0014917085159793508,0.0015082109971731317,0.001518340385063599,0.0015340524784612786,0.001540736493723216,0.0015526543415924632
25.874151339153041,0.0012245532771717471,0.0012270455264460356,0.0012308635367133114,0.0012375782939695323,0.0012454039196185818,0.0012504074227734918,0.0012567487385060083,0.0012584753436781781,0.0012586643731609115,0.0012592928707586548,0.0012574072186875007,0.0012604418949664353,0.0012632784416322096,0.0012700648162369266,0.0012827748062600453,0.0012951048756431049,0.001312952628954811,0.0013274662344462396,0.0013423951646287513,0.0013554106605362382,0.0013606011987716826,0.0013726997404543972,0.0013761263834017878,0.0013855141373548818
26.815557433561711,0.0011000479868503721,0.0011022532991696865,0.0011051717647970749,0.0011106195991741341,0.0011173330118482427,0.0011213470696304073,0.0011267778618618829,0.0011282581137278536,0.0011288841927631355,0.0011295098864237962,0.0011281498513213695,0.001131187402968914,0.0011338704053611703,0.0011407904762175125,0.0011516202296536493,0.0011617064955410372,0.0011770407468464361,0.0011887945096686892,0.0012012643240900678,0.0012121599080892054,0.0012181143862567412,0.0012278248740623665,0.0012310585409212038,0.0012403346878875343
27.79121568267772,0.00098872560769869278,0.00099037710775506937,0.00099159045424124237,0.00099463613717631905,0.00099871931561634764,0.0010009846377226905,0.0010049490926398175,0.0010064839569033923,0.0010078872618891621,0.0010101020794891502,0.0010104962867002465,0.0010146907124145566,0.0010180381131138505,0.001024237251662008,0.0010330457850139529,0.0010406830449374294,0.0010527603435260824,0.0010612956015474406,0.0010715046924574256,0.0010806211941355448,0.0010857101666450486,0.0010949938492439415,0.0010990627435215616,0.001107977811885319
28.802372318184783,0.00088753729880630683,0.00088864034188906871,0.00088823872350352051,0.00088880301233795755,0.0008900610943244347,0.00089018146057451286,0.00089279628374372422,0.00089384400210568149,0.00089619074556335221,0.00089972111754565987,0.0009020385784519469,0.00090786515123320033,0.00091231241835454391,0.00091854830899007478,0.00092587391228093896,0.00093149748206133864,0.00094019776856268944,0.00094571424832379236,0.00095284604293721653,0.00095984804605575569,0.00096403166534242413,0.00097261574525331351,0.00097735305993207344,0.00098710387059475213
29.850318914707021,0.00079506550036534396,0.00079554946032533991,0.00079435560608243083,0.00079300129485082582,0.00079262444312266922,0.00079077843707964224,0.00079215428329493243,0.00079263023200282223,0.00079517227527337031,0.00079956903528710654,0.00080338952798708618,0.00081007414309830494,0.00081557094595163804,0.0008220985503338829,0.00082866362074607292,0.00083286289584350026,0.00083958279336682207,0.00084265316392517775,0.00084705411418595222,0.00085160994965971515,0.0008546804282829612,0.00086230752183802384,0.00086715467295583881,0.00087692499052138828
30.936394039568196,0.00071062385305509235,0.00071114644428726947,0.00070933425482722079,0.0007074166049880759,0.00070607631960817319,0.00070383715433164351,0.00070418604213351443,0.00070428630949137538,0.00070663325635689223,0.00071107402552994525,0.0007151520867985095,0.00072213729402648141,0.00072774362405780835,0.00073426904948237226,0.00074054123878641853,0.00074400075096547891,0.00074935753729654664,0.00075139877170182778,0.00075430202111848033,0.00075737377518914073,0.0007591823484670579,0.0007657477379897637,0.00077012328569348032,0.00077912497202037301
32.06198496257587,0.00063403851013849044,0.00063448851105796233,0.00063297407186069243,0.00063126037811112035,0.0006300361553434608,0.00062818322110869129,0.00062850321065716086,0.00062857563639112657,0.00063054113352101204,0.00063447558618895394,0.00063816393840576691,0.00064438171507996689,0.00064923434085234488,0.0006549173715003076,0.0006606092105358452,0.00066381906380236222,0.00066824220477190721,0.0006699261803909673,0.00067257948209215046,0.00067518052159298847,0.00067668092833567117,0.00068224066416666673,0.00068636215231621112,0.00069469170640712452
33.228529428014404,0.00056459843998490911,0.00056509794795972512,0.00056419236597265998,0.00056333350713716479,0.00056302380474887448,0.00056203773811192015,0.00056291389466062158,0.0005633086387218933,0.00056511833352690388,0.00056824917145276155,0.00057102899547067931,0.00057583207230504918,0.00057948369384025478,0.00058383854609744823,0.00058833836318039623,0.00059100624254621037,0.00059506649369867048,0.00059677534478913552,0.00059955365658831417,0.00060240851125592521,0.00060438344438373814,0.00060976547702695783,0.00061356701315995466,0.00062119499537577338
34.437517491110206,0.0005020796409370698,0.00050266693043071742,0.00050240833647929861,0.00050260547351094198,0.00050326173427189813,0.00050334663848566885,0.00050489306199108519,0.00050587181864630848,0.0005076294364161904,0.00051013462193183479,0.00051192292614876678,0.00051530992147785781,0.00051757004331909329,0.00052049194848269309,0.00052357822883147831,0.0005254645750518705,0.00052892853106306648,0.00053065987213368748,0.00053361930852913186,0.00053691325983024063,0.00053961087665643781,0.00054531375009092553,0.0005493260562570712,0.00055634040003410545
35.690493421315054,0.00044630456985067513,0.00044702228218546081,0.00044724897791731388,0.00044815166555833841,0.00044968165030018215,0.00045058040394607701,0.00045274181944382486,0.00045409372029542316,0.00045597002817188148,0.00045801823407060072,0.00045913421711341051,0.00046139131462513694,0.00046252782837769013,0.00046424800933009269,0.00046611293518006303,0.00046707164152287595,0.00046986280815392023,0.00047138190269474523,0.00047447842932984985,0.0004779465484595069,0.0004810344617161566,0.00048691960202346118,0.00049131847718458799,0.0004980545452015761
36.989057674838449,0.00039691197514118981,0.00039753199150210916,0.00039804475365512459,0.00039938153214863492,0.00040133492571925444,0.00040278353452360971,0.0004051346666178457,0.00040675426797837089,0.0004086366465909097,0.00041044224836483956,0.0004111688670715985,0.00041271660859176773,0.00041319543974310813,0.0004140625713929813,0.0004151057921656931,0.00041544284843758605,0.00041750504043291947,0.00041877946374951902,0.00042157815189308723,0.00042496720978130176,0.00042815031968801431,0.00043388662462384708,0.00043843651666775063,0.00044506232292929049
38.334868938948745,0.00035308203722592135,0.00035368717702366492,0.00035421840300750573,0.00035557972052419062,0.00035757266723496217,0.00035910068537128859,0.00036150333927359446,0.00036300817281884057,0.00036479675427578129,0.00036643785275217167,0.00036708752462186189,0.0003682171737152129,0.00036835601884405156,0.00036885724914886842,0.00036950226455675916,0.0003695837307163552,0.00037116986809876407,0.00037205773103426987,0.00037461139135000487,0.00037769272440943413,0.00038060761008554267,0.0003859645615433005,0.00039019493575417896,0.00039634386674325395
39.729646250654199,0.00031424875814117792,0.00031485109343640238,0.00031529003403049649,0.0003164611798802397,0.0003181668661272341,0.00031947306808902121,0.00032155730447391839,0.00032286064991024488,0.0003244290395531535,0.00032584688986520005,0.00032645811246004297,0.00032755765080377808,0.00032761852275345338,0.00032808343689189057,0.00032864962366835337,0.00032872739256592509,0.00033012522043163184,0.00033086636641058154,0.00033299008883072578,0.0003357488695019395,0.00033850156100870277,0.00034308820500533743,0.00034677117875955843,0.00035223802509637414
41.175171192470152,0.00028042907642381043,0.00028090528148147498,0.00028118337108737346,0.00028199693236988232,0.00028330226313147411,0.00028420438355331035,0.00028580142701789546,0.00028680348043921833,0.00028798515198930064,0.00028925783392966253,0.00028971082629872247,0.00029077431074353566,0.00029097514687798087,0.00029158381268562517,0.00029229628885998893,0.00029254437157411051,0.00029400586272540497,0.00029480397608014353,0.00029678669162894189,0.00029919657064256255,0.00030156314989790434,0.00030550278240182305,0.00030860535557258872,0.00031322687567822416
42.673290168077123,0.0002510659126423731,0.00025142790483936861,0.00025153022029256178,0.00025200563644681151,0.00025280675293407051,0.00025327834504398905,0.00025436446156865133,0.00025494624315480774,0.00025576243382122166,0.00025669650099072183,0.00025709942380763851,0.00025813239784538977,0.00025848763244779027,0.00025924442948518922,0.00026018028413743455,0.00026074576446993847,0.00026235239745425742,0.00026336859110334676,0.00026524942739958313,0.00026750151037652214,0.00026958204302088284,0.00027303656508589902,0.0002756063435229994,0.00027937544969017236
44.225916760776492,0.00022511298005817304,0.00022537024713301101,0.00022533607492342123,0.00022553039684927723,0.00022590388817572693,0.00022596297471372262,0.00022660356087594868,0.0002268117787945223,0.00022728036390778916,0.00022793730437128956,0.00022819440081772724,0.00022913510355859756,0.00022961589393477588,0.00023051175299665383,0.00023163584215746269,0.00023243396522520943,0.00023417419316404398,0.00023539319182164231,0.00023737221865322011,0.00023946483281817033,0.00024138392878297887,0.00024442612049818679,0.00024652316538448238,0.00024969231487226295
45.835034177756413,0.00020148815936776865,0.00020172436338462829,0.00020154902148594722,0.00020154378503554893,0.00020164339015769916,0.00020140245486327535,0.00020168047710253378,0.00020164873703626407,0.00020183777619056653,0.00020224472369669011,0.00020238569518120364,0.00020318878965865095,0.00020367834792296702,0.00020466770714229476,0.00020582221575354831,0.00020682168629734821,0.00020858958338076938,0.00020993747091287152,0.00021190607867749289,0.00021397979380115284,0.00021579337524672837,0.00021844310170998638,0.00022029133565955317,0.0002229681775239023
47.50269778328984,0.00017986083035616274,0.00018005682660476863,0.00017987893802574872,0.00017971771898522837,0.00017965395168692555,0.00017926426612092927,0.0001793170302318986,0.000179084749891395,0.0001791139596999114,0.00017938362859327983,0.00017940972771439412,0.00018006078886825816,0.00018054583615678688,0.00018146649566740114,0.00018263845844627979,0.00018366936689163949,0.00018540539746393636,0.00018675499716513944,0.00018867473964080672,0.000190671225018757,0.0001923599083366867,0.00019481804655155366,0.00019646178642605816,0.00019874230369811008
49.231037724100673,0.00016030002388045528,0.00016042502966080729,0.00016023760064402814,0.00016007510616372622,0.00015991181354824135,0.00015947829181357787,0.00015943581684153829,0.0001591498600444774,0.00015910146990989749,0.00015923298928262331,0.00015923473626577866,0.00015978087860583912,0.00016018559532345045,0.00016104563587054921,0.00016212685756299139,0.00016311112752766255,0.00016469653935224926,0.00016597662742265373,0.00016778408431147862,0.00016961542755988823,0.00017122823591410319,0.00017345299935855873,0.00017489371488130234,0.00017694279229883703
51.022261650251231,0.00014261327747065733,0.00014276453380239473,0.00014256435609490137,0.00014241488966647287,0.00014228077837215303,0.00014187128310318153,0.00014182587026113913,0.00014154778619056285,0.00014146455009503289,0.00014161554229331907,0.00014160640785647327,0.00014208381173289042,0.00014239611987922063,0.00014313423035354489,0.00014409716148855445,0.00014499843580415006,0.00014643583830746543,0.00014756243679456271,0.00014914503670827861,0.00015078543511541642,0.00015223377525776238,0.00015420321457812469,0.00015554230362165022,0.0001573586182024439
52.878657535026633,0.00012672449704073663,0.00012683708577106156,0.00012670162317252043,0.00012657236594455779,0.00012649439419414044,0.00012618085022157721,0.00012618176371261003,0.00012598397847736476,0.00012595510405434551,0.00012609300411346724,0.0001261078646603575,0.00012656709011030221,0.00012683414527206449,0.00012748003842358302,0.00012831534451947235,0.00012905696461749938,0.00013031800024874973,0.00013125263128825615,0.00013263055126934431,0.0001340211030815136,0.00013525081944598671,0.00013695506049092587,0.00013812953314097653,0.00013974120980120297
54.802596597418052,0.0001124331221503197,0.00011253849034283808,0.00011244729122375507,0.00011239444443997271,0.00011238807068466444,0.00011218313388774992,0.00011224006968333505,0.00011212814681596517,0.00011218332278407211,0.00011237443733049662,0.00011243838063976913,0.00011288832112957281,0.00011313040038351402,0.0001136858264687568,0.00011438619027901581,0.00011500823899521923,0.00011607403535883465,0.00011685830731314462,0.00011798417843489339,0.00011912979173241828,0.00012013971376825111,0.000121570578264181,0.00012255483340847112,0.00012390461905040229
56.796536330937336,9.958471494600496e-05,9.9701492705217554e-05,9.9624612963464254e-05,9.963419417097219e-05,9.9682534226229469e-05,9.9593728342048382e-05,9.9733166099749693e-05,9.9715891560644976e-05,9.9846574771564334e-05,0.00010007705691326974,0.00010019960707078474,0.00010062290953078562,0.00010090862468302431,0.00010139467560148219,0.000101998586798345,0.00010251095572742785,0.00010339331696675863,0.00010402326112537302,0.00010494097897434385,0.00010587118361314596,0.00010666974640496929,0.00010784755737699298,0.00010862152352510146,0.0001097401114904667
58.863023642632825,8.8154358742556505e-05,8.825764488804011e-05,8.8222022251720211e-05,8.8265225918336687e-05,8.8384648155241663e-05,8.8366019865157575e-05,8.8572885938512091e-05,8.8636350548260134e-05,8.8842751320032665e-05,8.9112468258566169e-05,8.9286510572585132e-05,8.9723898351191933e-05,9.0001101542010187e-05,9.0453384728031438e-05,9.098117940228162e-05,9.1407490028304339e-05,9.2146950658664184e-05,9.2649473368143498e-05,9.3398786254091093e-05,9.4133110198790781e-05,9.4768985818886875e-05,9.5714188622267327e-05,9.6305208291791455e-05,9.7235352419747234e-05
61.004698106314358,7.8080005029852739e-05,7.8176636655019616e-05,7.8168260512684329e-05,7.8244106891750542e-05,7.8382448073094357e-05,7.8440618987714317e-05,7.8707230800702244e-05,7.8835870228423366e-05,7.905616335854293e-05,7.9378079885346342e-05,7.9584072299923592e-05,8.0023696116378329e-05,8.0304667312826317e-05,8.0744031856365417e-05,8.1215512568656723e-05,8.1584214238275554e-05,8.2205611620637942e-05,8.2607056189613892e-05,8.3212648675404233e-05,8.3813122138919061e-05,8.4302108916474439e-05,8.5059285477570579e-05,8.5510574253808147e-05,8.6252456444266268e-05
63.224295334144671,6.9139599239102095e-05,6.9227678432124545e-05,6.9239015201939119e-05,6.9318169227679249e-05,6.949574575343398e-05,6.9585192030041654e-05,6.987144944171908e-05,7.0023085313668243e-05,7.0307267154769149e-05,7.0624885524353531e-05,7.0871977255693164e-05,7.1281987038547545e-05,7.1575445184109132e-05,7.1982600902208149e-05,7.2416590658715141e-05,7.2741428397728181e-05,7.3282015671964629e-05,7.3610101959220575e-05,7.4111937891849222e-05,7.4603069965262225e-05,7.4963764717994597e-05,7.5601979054231577e-05,7.5940198569702383e-05,7.6538402527512317e-05
65.524650470901975,6.1252189245408761e-05,6.1338895053185405e-05,6.1336314711599171e-05,6.144481681418304e-05,6.1617288916338692e-05,6.1733626260867397e-05,6.2007327448775768e-05,6.2204165015466301e-05,6.2475306763676297e-05,6.2811590519174648e-05,6.3046854495790727e-05,6.3447088257135437e-05,6.3719821355834316e-05,6.41039482590193e-05,6.450349190280022e-05,6.4798815227355699e-05,6.5270820638379384e-05,6.555209315923724e-05,6.5969057258492142e-05,6.6358563926619679e-05,6.6645345114742932e-05,6.71990586085143e-05,6.7438559140892834e-05,6.7929596434448264e-05
67.908701815378791,5.4328778051924292e-05,5.4400050370929237e-05,5.4410206788396698e-05,5.4516479150421709e-05,5.4691342145359728e-05,5.4798536694891653e-05,5.5069195428893158e-05,5.5258551770555331e-05,5.5532763160365262e-05,5.5818271181722057e-05,5.6063432985444667e-05,5.6435605986764753e-05,5.6704342242908795e-05,5.7051442143869063e-05,5.7409457154326132e-05,5.7680963993767681e-05,5.8099789501126625e-05,5.8343836306311292e-05,5.8700255923447436e-05,5.9030149960281886e-05,5.9270577476164266e-05,5.9690710671321534e-05,5.9930484443183191e-05,6.0319208809406916e-05
70.37949457354128,4.8212132753997633e-05,4.8273065943921917e-05,4.8298061766031963e-05,4.8379729992810427e-05,4.8530490389765008e-05,4.8641022599563155e-05,4.888831312735778e-05,4.9065750173295924e-05,4.9305019735587652e-05,4.9593297098846079e-05,4.9800641372780424e-05,5.0154283234443015e-05,5.0381888267114761e-05,5.0693276416931971e-05,5.1019878969844196e-05,5.1257054903063731e-05,5.1638038359631128e-05,5.1852351705686944e-05,5.2164553328182262e-05,5.2450672440060991e-05,5.2655716817999465e-05,5.3021924985907631e-05,5.3200560072543673e-05,5.3556549642681806e-05
72.940184748243709,4.2809113380323782e-05,4.2861267574294259e-05,4.2883027173933747e-05,4.2968044906308706e-05,4.3087302683271489e-05,4.3183454744737115e-05,4.3401542670979537e-05,4.355620610400901e-05,4.3776559720720004e-05,4.4022525528167322e-05,4.4205768839320619e-05,4.4516798140308705e-05,4.4731858182607553e-05,4.4995080146933292e-05,4.5276597229672311e-05,4.5495883101435292e-05,4.5822837136073186e-05,4.6024402828467176e-05,4.6306480515883458e-05,4.6551981106323498e-05,4.6733725431995915e-05,4.7053964184421565e-05,4.721382953963571e-05,4.7505248530331501e-05
75.594043170467017,3.8061304321402104e-05,3.8105786878014219e-05,3.812285921280488e-05,3.8181152261505466e-05,3.8296271406567522e-05,3.8374885562237129e-05,3.8561270860815872e-05,3.8689676923267177e-05,3.8877817099741696e-05,3.9087975043180026e-05,3.9252141257431136e-05,3.9509845389980314e-05,3.9692019039147888e-05,3.9925528173495942e-05,4.0165603703927119e-05,4.0346331742676864e-05,4.0643817794209017e-05,4.0808841574757615e-05,4.1071291188172696e-05,4.1293005919219514e-05,4.1455969437061146e-05,4.1735733389532473e-05,4.1861718041881837e-05,4.2127106726796981e-05
78.344459677229182,3.388706859056706e-05,3.3925039445130076e-05,3.3936968150129546e-05,3.3983953328790492e-05,3.4080332843938743e-05,3.414102393855048e-05,3.4296120028007998e-05,3.4398191641159259e-05,3.4553722520883068e-05,3.4728705618122455e-05,3.4861294828094844e-05,3.507872710311645e-05,3.5228035137316663e-05,3.5426810299325762e-05,3.5631584995603552e-05,3.5784047514928266e-05,3.604292126728123e-05,3.6185176544472827e-05,3.6416205073558014e-05,3.6610567716638745e-05,3.6757078445132443e-05,3.7008411382309994e-05,3.7125093903245254e-05,3.7366720665232833e-05
81.19494744150586,3.0141915097691221e-05,3.0179625605719976e-05,3.018664909221376e-05,3.0223525803509468e-05,3.0301329992181089e-05,3.0346492086103308e-05,3.0473443261706465e-05,3.0551218675144154e-05,3.0676570094572558e-05,3.0817517708510433e-05,3.0919629062363743e-05,3.1103108064858484e-05,3.1221590448840542e-05,3.1387953196680349e-05,3.1559142917176805e-05,3.168584983609217e-05,3.1907620571166792e-05,3.2027722224050106e-05,3.2229148197638127e-05,3.2401043839469859e-05,3.253076668351465e-05,3.2761942310272421e-05,3.2862014838947601e-05,3.3082735216287407e-05
84.149147459689956,2.6840617666386984e-05,2.6874829625277846e-05,2.6872571786233646e-05,2.6905283079499756e-05,2.6966332208954585e-05,2.6994942999283497e-05,2.7092993406087687e-05,2.7150573576018369e-05,2.725427042372941e-05,2.7364780263123417e-05,2.7444910898694747e-05,2.7592273627651681e-05,2.7682900708311114e-05,2.7820837821563443e-05,2.7958114440207113e-05,2.8059612778063084e-05,2.8241042290605076e-05,2.8340192917895163e-05,2.8502611561712424e-05,2.8668135165761319e-05,2.8782227600891025e-05,2.8987155464871295e-05,2.9085036296346012e-05,2.9280882297118629e-05
87.210833202324253,2.3915640379049488e-05,2.3941100948891153e-05,2.3940406526992697e-05,2.3966086491243252e-05,2.4012781688956958e-05,2.4030765463534109e-05,2.4107240882722397e-05,2.4150315748651743e-05,2.4220859895569824e-05,2.4311833907856781e-05,2.4370589483669464e-05,2.4486997792472556e-05,2.4556875357959959e-05,2.4664522160926239e-05,2.4775746779540433e-05,2.4854504910258937e-05,2.5006267676132288e-05,2.508605635785123e-05,2.5233341831205208e-05,2.53594753507249e-05,2.5457468981004636e-05,2.56412382657039e-05,2.5728922907530816e-05,2.5904325504719737e-05
90.383915434045193,2.1284546110731176e-05,2.1309958432106854e-05,2.1306741283469086e-05,2.1323689958076958e-05,2.1359321781693613e-05,2.1368342862156109e-05,2.1429023386151415e-05,2.1458979080303184e-05,2.1511067595112766e-05,2.1579985390996967e-05,2.1616870258883529e-05,2.170768082801651e-05,2.1761340942770893e-05,2.1848298208912084e-05,2.1935363137912806e-05,2.1999244370634816e-05,2.2119946322855279e-05,2.218291957331326e-05,2.2302780883597453e-05,2.2413845050949129e-05,2.2503727588768854e-05,2.2657232035851183e-05,2.2733911424503185e-05,2.2889371790100338e-05
93.672447208896912,1.8952002989485427e-05,1.8973325213610635e-05,1.8968051293906038e-05,1.8980762474207942e-05,1.9009742705937069e-05,1.9013180448311691e-05,1.90586854381114e-05,1.9073333971052729e-05,1.9114433023715606e-05,1.9161808189182422e-05,1.9189716948687235e-05,1.9266015144195348e-05,1.9298081516556584e-05,1.9362115213914129e-05,1.9434971078977244e-05,1.9479587508574973e-05,1.9580471201686121e-05,1.9633428890374408e-05,1.9728789892915939e-05,1.981692632852753e-05,1.9892259739660856e-05,2.0024423894079123e-05,2.0090460874594082e-05,2.0231752777015097e-05
97.080629047394183,1.687580534484763e-05,1.6893861799106499e-05,1.6888823434983886e-05,1.6899517969167464e-05,1.6919389617299149e-05,1.6916624596021237e-05,1.6954296164419826e-05,1.6961139517704046e-05,1.6990420759549311e-05,1.7024996507719256e-05,1.7042222168629079e-05,1.7096668269474778e-05,1.7122797363512514e-05,1.7171660736422026e-05,1.7223379564821652e-05,1.7260139846294112e-05,1.7344031300616479e-05,1.738043032747591e-05,1.7458641533310559e-05,1.7534820313870256e-05,1.7592493328962185e-05,1.7708379836993415e-05,1.7767065605184609e-05,1.7886258695276082e-05
100.61281430194772,1.5007974923228126e-05,1.5025810961875018e-05,1.5018885474099748e-05,1.5024408018508503e-05,1.5039262077211173e-05,1.503704943145185e-05,1.506570841374507e-05,1.5067095449583685e-05,1.5088053938279965e-05,1.5113150401888618e-05,1.5118835652363008e-05,1.5164692868608644e-05,1.5176475671028165e-05,1.5218286607329885e-05,1.5262812709858006e-05,1.5285093388142136e-05,1.5349358816626156e-05,1.5375746849473522e-05,1.5443785151667173e-05,1.5503315928226333e-05,1.5553385754291105e-05,1.5651104582988309e-05,1.5697937870822083e-05,1.5800707227383269e-05
104.27351471750627,1.335030063047242e-05,1.3363756938139515e-05,1.3360121110498821e-05,1.336346838631472e-05,1.3374507446026196e-05,1.337221058099556e-05,1.3393018160061561e-05,1.3390950882495416e-05,1.34036955055589e-05,1.3423921650703927e-05,1.3424860480010757e-05,1.3457553647704644e-05,1.3470525320158702e-05,1.3498428145778188e-05,1.3528318614307311e-05,1.3547819266631136e-05,1.3599991218984486e-05,1.3619089266370642e-05,1.3673977199266021e-05,1.3726029937126058e-05,1.3764284731373339e-05,1.3845845561565821e-05,1.3883518630465955e-05,1.3972181214097663e-05
108.06740619451595,1.1864230987717553e-05,1.1875856479256607e-05,1.1869097145936116e-05,1.187504601622702e-05,1.1885231488452212e-05,1.1876752665241404e-05,1.1896202900269458e-05,1.1892047020536662e-05,1.1900803527441651e-05,1.1913915724704079e-05,1.1913316157128803e-05,1.1940229453329815e-05,1.1942163598955158e-05,1.1967516140024698e-05,1.1990429426107004e-05,1.2000298474253851e-05,1.2042708926950432e-05,1.205976192944231e-05,1.210266273223579e-05,1.2147004234124882e-05,1.2177724539300019e-05,1.2246970798492855e-05,1.2278850759493351e-05,1.2354703701640806e-05
111.99933476156073,1.0539953687563764e-05,1.0550074247289536e-05,1.0543664777170822e-05,1.0549028599747459e-05,1.055702173469392e-05,1.0548431639391311e-05,1.0564483826152118e-05,1.055933707991329e-05,1.0565489635658114e-05,1.0575245406372388e-05,1.0572201484504353e-05,1.0593264556091591e-05,1.0592830245785556e-05,1.061259998549717e-05,1.0630449448010247e-05,1.0636860248659698e-05,1.0671872875067222e-05,1.068387152232354e-05,1.0719392160236322e-05,1.0756401051290488e-05,1.0781326029487767e-05,1.0838828572293235e-05,1.0865000649086781e-05,1.0930052918415017e-05
116.07432276531028,9.3572427028142113e-06,9.3661113889759694e-06,9.3644210112462517e-06,9.3650193607533461e-06,9.3715864913556865e-06,9.3633923387822018e-06,9.3767586607697989e-06,9.371370375006044e-06,9.3759029923903316e-06,9.3834422956462493e-06,9.37899072493871e-06,9.3960872284840416e-06,9.3941721372153147e-06,9.4076486262476694e-06,9.4241094304673562e-06,9.4282791316931472e-06,9.4575544788456922e-06,9.4660126266628113e-06,9.4956964367242519e-06,9.522572427984443e-06,9.547092568719124e-06,9.5925969553815015e-06,9.6164646562414864e-06,9.6722195790932552e-06
120.29757528568456,8.3016122065173066e-06,8.3094363947087448e-06,8.3080290791516867e-06,8.3084182648639898e-06,8.3128243252676703e-06,8.3051890456663918e-06,8.3189118399726661e-06,8.3127486282382965e-06,8.3163452091359821e-06,8.321862763220611e-06,8.3174367065518701e-06,8.3319165660390888e-06,8.3296820243615281e-06,8.3407532721247075e-06,8.3517605023010824e-06,8.3566899834776331e-06,8.3815628895271034e-06,8.3877441323333343e-06,8.4129013934049722e-06,8.4354654605153963e-06,8.4521481409013943e-06,8.4945074293601985e-06,8.5120044261586744e-06,8.5596982633516505e-06
124.67448678442648,7.3607874106740821e-06,7.3713679666488445e-06,7.3665041014328754e-06,7.3668449002621365e-06,7.3747020915611999e-06,7.3679055254214504e-06,7.3760087005896383e-06,7.3711155192425493e-06,7.3739731950256231e-06,7.3778679993722826e-06,7.3738414626939829e-06,7.3864373837924466e-06,7.3842585521883761e-06,7.3927460009282943e-06,7.4027972064613212e-06,7.4050429132433131e-06,7.4266736372170187e-06,7.4302109526432677e-06,7.4548931968377273e-06,7.4741511762502731e-06,7.4882675059311909e-06,7.5246161235311727e-06,7.5393037783362364e-06,7.5804943026566186e-06
129.21064799557803,6.5258154665827784e-06,6.5320005468048545e-06,6.5278436333139102e-06,6.5311790078219616e-06,6.5355939471497138e-06,6.529712993471248e-06,6.5369961571039824e-06,6.5336834711548619e-06,6.5365102571511135e-06,6.5412275540674848e-06,6.537556455273822e-06,6.5485569065509234e-06,6.5449734516075542e-06,6.5534155228160959e-06,6.5610785955237325e-06,6.563157318635127e-06,6.5819531355662108e-06,6.5851661809322205e-06,6.6040406055138581e-06,6.6207069192086507e-06,6.6327079679448075e-06,6.6646574803364261e-06,6.6768946464237314e-06,6.7158043874371038e-06
133.91185306665858,5.7788343417516236e-06,5.7843388851426016e-06,5.7833002616873488e-06,5.7837422311702788e-06,5.7869726663060343e-06,5.7846100900494409e-06,5.7912521924852103e-06,5.7877008360098219e-06,5.78970889672124e-06,5.7941466691637314e-06,5.7895278052406702e-06,5.7996633139618253e-06,5.7981931943927763e-06,5.805939160249355e-06,5.8122671747580165e-06,5.8141112783919192e-06,5.8309531998884494e-06,5.8350615701812866e-06,5.8518181743154839e-06,5.8667262301623658e-06,5.8773319159426997e-06,5.905377358699903e-06,5.9160591166452971e-06,5.9468205803139308e-06
138.78410695966824,5.1167909035346095e-06,5.1217297216865805e-06,5.1186455669672073e-06,5.1211681580650217e-06,5.1241961138012108e-06,5.1210311822020779e-06,5.1271661886587074e-06,5.1245245299943228e-06,5.1272652315547708e-06,5.131468245907992e-06,5.1291929900744264e-06,5.138360342294649e-06,5.1372708363222296e-06,5.1427099973589459e-06,5.1490381988898801e-06,5.1510884034264032e-06,5.166273909641304e-06,5.1690137795642587e-06,5.1839390881544285e-06,5.1969750309501395e-06,5.2064902313520445e-06,5.2335568629224144e-06,5.2428213225801795e-06,5.2703338846618163e-06
143.83363312137053,4.5250452611745977e-06,4.5293870558436172e-06,4.5278148443743133e-06,4.5285398261555188e-06,4.5335416821862262e-06,4.530281321059532e-06,4.536066592060288e-06,4.5341496506235389e-06,4.5374532170957844e-06,4.5417281838832507e-06,4.540460909515558e-06,4.5479565239248815e-06,4.5479471055085308e-06,4.5543351973598156e-06,4.5614961668039716e-06,4.5641332629992471e-06,4.5781368024076004e-06,4.5817878822009168e-06,4.5956235747287785e-06,4.6077579894633017e-06,4.6183708095972904e-06,4.6403153605510238e-06,4.6493644300141766e-06,4.673980148935282e-06
149.06688143264944,4.0021413375021606e-06,4.0059913366204992e-06,4.0038636199787349e-06,4.0060617016380229e-06,4.0088520840737699e-06,4.0074690885704952e-06,4.0128879274435548e-06,4.011573079383806e-06,4.0148954658350468e-06,4.0191122602790518e-06,4.0185240192823404e-06,4.0266816386991169e-06,4.0270896554428807e-06,4.0328234648364172e-06,4.0397271248054142e-06,4.041786313310888e-06,4.0546402425201047e-06,4.0582478515703568e-06,4.0713211085831053e-06,4.0824874917626481e-06,4.0910383418720072e-06,4.1110647867247064e-06,4.1197667898305434e-06,4.1416661429609283e-06
154.49053644709775,3.5396775068953067e-06,3.5431005636314813e-06,3.5413035527249743e-06,3.5428885225785795e-06,3.5455162175991378e-06,3.5448646920723578e-06,3.5498907276146482e-06,3.5490291349458015e-06,3.5519912760828857e-06,3.5559901389155485e-06,3.555987886226194e-06,3.563581030288491e-06,3.5643754391486912e-06,3.5707111581086875e-06,3.5771744250579982e-06,3.5784140180677255e-06,3.5901782969954789e-06,3.5938234167099022e-06,3.6055935579035149e-06,3.6159934339192188e-06,3.6240772217056242e-06,3.6417073019767276e-06,3.6494397978049367e-06,3.6690744076170933e-06
160.1115259293569,3.128591633699742e-06,3.1316839648078262e-06,3.1301567022722033e-06,3.131039422829985e-06,3.1335637155619671e-06,3.1336381784654753e-06,3.1382939014224821e-06,3.137741898623001e-06,3.1406282003231412e-06,3.1444387181915048e-06,3.1443680020517466e-06,3.1513936302556261e-06,3.152380496471434e-06,3.1583300139841975e-06,3.1643572693060978e-06,3.1673376961545603e-06,3.1768811220791874e-06,3.1803932418050926e-06,3.1911384220274655e-06,3.200377090834222e-06,3.2078272210110627e-06,3.2241171274894785e-06,3.2306109374097194e-06,3.2481735741521963e-06
165.93702970411763,2.7646655782578074e-06,2.7674159695267094e-06,2.7660570853819608e-06,2.7668954353503999e-06,2.7699835018704525e-06,2.768515741745207e-06,2.7727311650204084e-06,2.7722973653612369e-06,2.775875006386791e-06,2.7793809768666532e-06,2.7798938621063571e-06,2.7862734236459852e-06,2.7872629522822075e-06,2.7927010749729739e-06,2.7981709573322031e-06,2.8009541015863249e-06,2.8102796458361187e-06,2.8134882208081299e-06,2.82314176756524e-06,2.8315860587154601e-06,2.8382523227216518e-06,2.8527262971480942e-06,2.8587651679586219e-06,2.8744068829307089e-06
171.97448882708204,2.4457625641522394e-06,2.4481040473160656e-06,2.4469207203785433e-06,2.447655083900142e-06,2.4497007820852099e-06,2.4497599166564731e-06,2.453537543340269e-06,2.4534405601601018e-06,2.4559395771449853e-06,2.4591661186946579e-06,2.4595764660713957e-06,2.4660427621245838e-06,2.4671953489967735e-06,2.4722170727120183e-06,2.477277336194344e-06,2.4800172595440713e-06,2.4887256542737921e-06,2.4918401190522068e-06,2.5005671153941486e-06,2.5083154942527087e-06,2.5145163492212028e-06,2.5274918717898241e-06,2.5334118852177569e-06,2.547437136045448e-06
178.23161508960192,2.1619494593446776e-06,2.1640905015957754e-06,2.163441213889547e-06,2.1641947199902149e-06,2.1661083811804469e-06,2.1652649580870906e-06,2.1687800434495755e-06,2.1688062115406527e-06,2.171235575601266e-06,2.1743253029206377e-06,2.1752420268018511e-06,2.1805637360390335e-06,2.1818120182242251e-06,2.1864816052938351e-06,2.1911937347908711e-06,2.1938910224640336e-06,2.2012523247269913e-06,2.2043669180360557e-06,2.2123971512269698e-06,2.2195152197886266e-06,2.225305486474238e-06,2.2370239061817614e-06,2.2425768799814029e-06,2.2539519396487647e-06
184.71640086913607,1.9084582487844141e-06,1.9103262788225232e-06,1.9094482390493101e-06,1.9101192975752232e-06,1.9127253747742079e-06,1.9119343721759339e-06,1.9150451003958143e-06,1.9150375608408422e-06,1.9172026850348143e-06,1.9199335207883603e-06,1.9205141777275036e-06,1.9264347637304642e-06,1.9275320692451457e-06,1.9316685584978887e-06,1.9358864556537282e-06,1.9383244833070796e-06,1.9454167140102452e-06,1.9481306281310222e-06,1.9552458707475804e-06,1.9618450053709362e-06,1.9669535845771879e-06,1.9773054459481685e-06,1.982133765316568e-06,1.9933064202987951e-06
191.43712933810426,1.6891638618965216e-06,1.6908033875497833e-06,1.6901068368501229e-06,1.6911363678150516e-06,1.69269228343595e-06,1.6921598718015849e-06,1.6950028973457916e-06,1.6951841480514792e-06,1.6972423426532633e-06,1.6998218936182933e-06,1.7005508478232343e-06,1.7052106418520628e-06,1.7064530364055094e-06,1.7103463586257356e-06,1.7142731356847418e-06,1.7166763675225045e-06,1.7231078316860956e-06,1.7257200215439077e-06,1.7313810208949981e-06,1.7371793680706084e-06,1.7419884664440408e-06,1.7513237814201091e-06,1.7559299927869757e-06,1.7659910419851651e-06
198.40238504418352,1.4894353553008264e-06,1.4914221828366534e-06,1.4907696564662597e-06,1.4913270237931395e-06,1.4927177363566408e-06,1.4922329363505115e-06,1.4947917157095893e-06,1.494952234421898e-06,1.4968226550153172e-06,1.4998556443983997e-06,1.5004982107207077e-06,1.5043928190905062e-06,1.5054826761376722e-06,1.5089728919629548e-06,1.5124559321250705e-06,1.5146027367088366e-06,1.5203343468424475e-06,1.5232842593587465e-06,1.5290582267414674e-06,1.5341393733889447e-06,1.5383539589325151e-06,1.5468888438303539e-06,1.5509244282305894e-06,1.5598622790518072e-06
205.62106487555539,1.3186620585925902e-06,1.3199337360837921e-06,1.3194173922583213e-06,1.3199556412362345e-06,1.3211896695493092e-06,1.3208365786543809e-06,1.3231922894929365e-06,1.3237505749645812e-06,1.3255482050939416e-06,1.327668510580439e-06,1.328389100039147e-06,1.3319111167772984e-06,1.3330408319159283e-06,1.3362369929291896e-06,1.3394522164850652e-06,1.3415154196171151e-06,1.3466694241194327e-06,1.3489807599223057e-06,1.3542256246032707e-06,1.358903662645333e-06,1.3628290250659674e-06,1.3702351468416639e-06,1.3739923932712264e-06,1.3819596814808278e-06
213.10238942511577,1.1621245329569176e-06,1.163287373767783e-06,1.1628443691461628e-06,1.1633609053796805e-06,1.1645256912582423e-06,1.1644294800172011e-06,1.1664971294084213e-06,1.1667260669214385e-06,1.1682926941844951e-06,1.1702108743955183e-06,1.1708838033996775e-06,1.1740685013866912e-06,1.1751037052015322e-06,1.1788112925269006e-06,1.1817192181109851e-06,1.18360597107004e-06,1.1882622084686992e-06,1.1903293704426568e-06,1.195035758232236e-06,1.1992034914730344e-06,1.2027225578733764e-06,1.2093240349957026e-06,1.2127788753440777e-06,1.2198927194412333e-06
220.8559147681589,1.0272376729789968e-06,1.0282102319811065e-06,1.028273705910046e-06,1.0287361767916776e-06,1.0297756336482037e-06,1.0296127097493308e-06,1.0314930297736073e-06,1.0318199152432547e-06,1.0333058869144867e-06,1.0351214245196965e-06,1.0358759145445424e-06,1.038810465113152e-06,1.0402334531638949e-06,1.0429651876166061e-06,1.0457201209784198e-06,1.0476094222597592e-06,1.0518958510725648e-06,1.0539713877112536e-06,1.0583212049084987e-06,1.0622368311122277e-06,1.0655388056690987e-06,1.0715858232554422e-06,1.0741812307261153e-06,1.0806773134829789e-06
228.89154466858096,9.0595179705167477e-07,9.0685915140714364e-07,9.0655377188447609e-07,9.0700335086569693e-07,9.0796896212285566e-07,9.0786372709128352e-07,9.0956172130407477e-07,9.098722412873093e-07,9.112270648960251e-07,9.1286756794285435e-07,9.1356853074321806e-07,9.1621308638840785e-07,9.1722057040779571e-07,9.1968071415772599e-07,9.2214281026276328e-07,9.2396805192549044e-07,9.2778768835471374e-07,9.2962376699334305e-07,9.3350643745745369e-07,9.369682987406063e-07,9.3995190294821496e-07,9.4530062547809601e-07,9.4814481215515166e-07,9.5412679490007785e-07
237.21954322919666,8.0209504817383673e-07,8.0287358146719813e-07,8.0256354283869289e-07,8.0296356802723101e-07,8.0381359476893377e-07,8.0374331166944372e-07,8.0525526040991276e-07,8.0557389169221461e-07,8.0679580224065251e-07,8.0827309489100367e-07,8.0894286469675538e-07,8.1129495110621218e-07,8.1224472066500223e-07,8.1444390062477721e-07,8.1666408826804645e-07,8.1804366285651107e-07,8.2145257883204747e-07,8.2316007653978067e-07,8.2663028882386789e-07,8.2975824470247388e-07,8.3246332454388707e-07,8.3722959725614351e-07,8.3983699988794723e-07,8.4453803108637928e-07
245.85054800232226,7.068380875552906e-07,7.0751616231546342e-07,7.0726263032722678e-07,7.0759777654956534e-07,7.0833481146385284e-07,7.0825027670380148e-07,7.0958128830889242e-07,7.0984062023502447e-07,7.1123042791203554e-07,7.1251255465914576e-07,7.1310777551144774e-07,7.1518354209602745e-07,7.1599819141107473e-07,7.1793745577083425e-07,7.19879842874343e-07,7.2124108220456918e-07,7.2459386008633889e-07,7.2608060805367191e-07,7.2914520754577522e-07,7.318874023108581e-07,7.3426297093442646e-07,7.3846184228887812e-07,7.4073033216103608e-07,7.4524751033351144e-07
254.79558357737798,6.2563985110416327e-07,6.2621477984885785e-07,6.26008954278322e-07,6.2631619058835068e-07,6.2697348877575985e-07,6.2692806311396545e-07,6.2810604736345801e-07,6.2836790851975195e-07,6.2933281647201047e-07,6.3049530704262626e-07,6.310424164095922e-07,6.3288860319183238e-07,6.3368357590092689e-07,6.3542916714084074e-07,6.3718279644181606e-07,6.3844124925915282e-07,6.4111966263397796e-07,6.4249261857288512e-07,6.4522705941314645e-07,6.4769296350795523e-07,6.4961854544458677e-07,6.5334962147312514e-07,6.5542844000116842e-07,6.5901428525397775e-07
264.06607566285891,5.5210970266024949e-07,5.524992867659206e-07,5.5233778756666647e-07,5.5263013703946238e-07,5.5323321385837402e-07,5.5321940363439997e-07,5.5428508763032353e-07,5.5454559973488777e-07,5.5542824610139237e-07,5.5648503147320946e-07,5.5700411866275567e-07,5.5870586322403517e-07,5.5941677357850472e-07,5.6069463279688817e-07,5.6231377518370471e-07,5.6345855194847518e-07,5.658544334756786e-07,5.6710038938042587e-07,5.6954991273831205e-07,5.7169566389548578e-07,5.7331178246945345e-07,5.7661888096598136e-07,5.7847240794120947e-07,5.8203337404109533e-07
273.67386568066814,4.8738546586565823e-07,4.877489878530862e-07,4.876085726352895e-07,4.8786847057031766e-07,4.8840195633429188e-07,4.8839803251295459e-07,4.8934138236828495e-07,4.8958167554860382e-07,4.9036950178953445e-07,4.9131096612853135e-07,4.9178448360530651e-07,4.9326082073355146e-07,4.9390950259355537e-07,4.9511587544796419e-07,4.9652358258201119e-07,4.9755607131742952e-07,4.9968393937224211e-07,5.0067943296109023e-07,5.0285416360356576e-07,5.0451814385660384e-07,5.0624307457748641e-07,5.091733542477773e-07,5.1083348800268994e-07,5.1399060047754136e-07
283.63122589144717,4.2886319779739644e-07,4.2928344660458559e-07,4.2915886839956104e-07,4.2939117475275144e-07,4.2986802998288588e-07,4.3005125119841556e-07,4.3086805453472759e-07,4.3108482013294223e-07,4.3178879648746095e-07,4.3263074520965498e-07,4.3305513217428509e-07,4.3437388191990662e-07,4.3495332751790968e-07,4.3629734083128538e-07,4.3776357256358593e-07,4.3868414157112435e-07,4.403688083356262e-07,4.4158138877847407e-07,4.4352105464553863e-07,4.4550920552152544e-07,4.4705029888185812e-07,4.4967059634456259e-07,4.5115710211270413e-07,4.5397331877533944e-07
293.95087507023055,3.7856016695170567e-07,3.7893294103128161e-07,3.7869789986306514e-07,3.7890710128694947e-07,3.7933383458020956e-07,3.7934223196258804e-07,3.8009225050930103e-07,3.8029508160402156e-07,3.8112757653874484e-07,3.8188145751920035e-07,3.8224400198793028e-07,3.8341582694729711e-07,3.8394321166671571e-07,3.8506022620138998e-07,3.8618279180619976e-07,3.8701498425039395e-07,3.8870012976470063e-07,3.8960386859267541e-07,3.9143521967829989e-07,3.9299522015963893e-07,3.9437539032170213e-07,3.9678507661052676e-07,3.9811378880125599e-07,4.0060643565888128e-07
304.64599475244148,3.3400506345125929e-07,3.3433196209504051e-07,3.3413010306399031e-07,3.3431559115497552e-07,3.3469277622934815e-07,3.347038343351003e-07,3.3536619265676687e-07,3.355492604048885e-07,3.3628680412748317e-07,3.3677752399629602e-07,3.3712812693465372e-07,3.3834559251460979e-07,3.388179323148238e-07,3.3980819667117895e-07,3.408038604352752e-07,3.4154555318701259e-07,3.4303601956145859e-07,3.439646163650085e-07,3.4549318273736966e-07,3.4687662819994842e-07,3.4810341445850571e-07,3.5024960988867511e-07,3.5143247714314487e-07,3.5363707104304939e-07
315.73024607098245,2.9349076590597383e-07,2.937672691977875e-07,2.9367874218817134e-07,2.9383424386699949e-07,2.9415701327565279e-07,2.9415990259747089e-07,2.9484797872844865e-07,2.9498727359174445e-07,2.9547974589001021e-07,2.9606698027927913e-07,2.9637557860217982e-07,2.9729055686783919e-07,2.9770776052630721e-07,2.9858409373513967e-07,2.9965037218834692e-07,3.0030982182472406e-07,3.0162803360948186e-07,3.0234423212545489e-07,3.0369938003274886e-07,3.0492346050661995e-07,3.0601541029680448e-07,3.0783144467986503e-07,3.0888532736831232e-07,3.1123509867969114e-07
327.21778720592988,2.5980553632935712e-07,2.6004515592380087e-07,2.5997327361919462e-07,2.5999402644650768e-07,2.6027517084782598e-07,2.6028254566636206e-07,2.6078452537125601e-07,2.6090957780598554e-07,2.6134114203462067e-07,2.6185157913172441e-07,2.6212707730446119e-07,2.6292340990544366e-07,2.6329339425038977e-07,2.6406058543152454e-07,2.6482931631953855e-07,2.6541190617356957e-07,2.6656055862352e-07,2.6709993451770858e-07,2.6828366542799132e-07,2.6935210100536861e-07,2.7017609715834898e-07,2.7175643346063973e-07,2.7268410744076715e-07,2.7439200931996796e-07
339.1232914691148,2.2875366739587863e-07,2.2908485235535378e-07,2.2902928834969352e-07,2.2915985294734019e-07,2.2941920726799337e-07,2.2943535155951766e-07,2.2988885181331978e-07,2.3002233377333593e-07,2.3030244802592316e-07,2.3076199397483843e-07,2.3101048495320886e-07,2.3172181210453125e-07,2.3205389179748533e-07,2.3273748790840943e-07,2.3342246788251816e-07,2.3394107806282415e-07,2.3496166963427018e-07,2.3552333183987948e-07,2.3665435508535754e-07,2.3761422100413424e-07,2.3846046797235251e-07,2.3985728805575265e-07,2.4067478614837634e-07,2.4218112419836465e-07
351.46196604669831,2.0203763741769395e-07,2.0221828072441029e-07,2.0215700132393476e-07,2.0225866876101098e-07,2.0247285701214759e-07,2.0247466716936919e-07,2.0274266662633953e-07,2.0284803579240934e-07,2.0326381171967682e-07,2.0365586722975298e-07,2.0386449801867076e-07,2.044772441656546e-07,2.0475906888755616e-07,2.0534841366093444e-07,2.0593895389027161e-07,2.063845103292546e-07,2.0726912994204616e-07,2.0775245821159059e-07,2.0873731008406573e-07,2.0956068866187513e-07,2.1029978585615961e-07,2.1151925570410342e-07,2.1223387147241738e-07,2.1355108888364974e-07
364.24957142367305,1.7802272583475096e-07,1.7819361846454397e-07,1.7815336556667983e-07,1.7825597312348291e-07,1.7845732294609774e-07,1.7847363363505578e-07,1.7871004247811567e-07,1.7881681543056421e-07,1.7911994709250378e-07,1.7947761183762149e-07,1.796752113643522e-07,1.8027696968186786e-07,1.8053677023126835e-07,1.8106527868227772e-07,1.8152853264504908e-07,1.8193144464534851e-07,1.8271752042622866e-07,1.8315355172357362e-07,1.8396414176632055e-07,1.8469635021196301e-07,1.8535559777481717e-07,1.8643438778133108e-07,1.8707184714742304e-07,1.8823645918395477e-07
377.50244151511083,1.5784377325095793e-07,1.5798357673699632e-07,1.5793822211114571e-07,1.5801686466092053e-07,1.581811583532323e-07,1.5808941154418229e-07,1.5838321462427972e-07,1.5846183837014334e-07,1.5871169480440869e-07,1.5903983026880627e-07,1.5919598284748032e-07,1.5966008280528203e-07,1.5987091054647229e-07,1.6031686643063489e-07,1.6076255612805987e-07,1.6109804608674627e-07,1.6176796674889987e-07,1.6213132983059557e-07,1.6282205475099816e-07,1.6344371994022084e-07,1.6400123212738344e-07,1.6492080995339264e-07,1.654576182130607e-07,1.6645472059550575e-07
391.23750452986189,1.3876198737938745e-07,1.3888178279192651e-07,1.3882202405731078e-07,1.388727965749368e-07,1.3900088188514094e-07,1.3898404345576778e-07,1.392283658520395e-07,1.3928230102794843e-07,1.3948930822229688e-07,1.3973887663496523e-07,1.3987490704494765e-07,1.4027764235707791e-07,1.404559085866689e-07,1.4084439774802115e-07,1.4123461868872548e-07,1.415275160460876e-07,1.4211990712303512e-07,1.4244059226184877e-07,1.4305431169218973e-07,1.4360763432845497e-07,1.441058476939425e-07,1.4493151541383674e-07,1.4560132011794558e-07,1.4649904084167219e-07
405.4723045933643,1.2282709837125089e-07,1.2295900542769889e-07,1.2294771698762686e-07,1.230317589453122e-07,1.2318107309828652e-07,1.2320444601880177e-07,1.2345186221288801e-07,1.2356320402285624e-07,1.2377389165503581e-07,1.2401888377908311e-07,1.2407885534419804e-07,1.2445016304710518e-07,1.2462508651292354e-07,1.249798378951784e-07,1.2533198945939106e-07,1.2559880658807488e-07,1.2612019387364443e-07,1.2640478128845585e-07,1.2693943639515941e-07,1.2741849191962631e-07,1.2780461022963006e-07,1.2851274780547358e-07,1.2892239774592811e-07,1.2968554082998669e-07
420.2250241571752,1.0833696360888267e-07,1.0843140638202741e-07,1.0840394436789394e-07,1.0844672899129937e-07,1.0856217544682747e-07,1.0857131914086745e-07,1.0877689238319194e-07,1.0884091617464496e-07,1.0902082096333636e-07,1.0923292553026513e-07,1.0935320522336655e-07,1.0967998061010999e-07,1.0983890055367184e-07,1.101555397182653e-07,1.1047261911464499e-07,1.1071695627358629e-07,1.1112979246689404e-07,1.1139199856360332e-07,1.118728833361998e-07,1.1230650361249392e-07,1.1264428299924043e-07,1.132766889188863e-07,1.1365160148154453e-07,1.1433385913460033e-07
435.51450722385113,9.5517075071218082e-08,9.5585353468848091e-08,9.5546469767396691e-08,9.5583215037270484e-08,9.5685267629150466e-08,9.5681584740544702e-08,9.5852069736583969e-08,9.5899160633143286e-08,9.6049743592710601e-08,9.6230006029464707e-08,9.6330981517879201e-08,9.6615195696768682e-08,9.6752996269165714e-08,9.7031290239729684e-08,9.7311020778529644e-08,9.7528263771088025e-08,9.7925482405217438e-08,9.8160855172157069e-08,9.8589431072703047e-08,9.897717665289599e-08,9.9329178739772966e-08,9.9861116140867158e-08,1.0020046327673498e-07,1.0081077243232949e-07
451.36028341684715,8.4181597749973162e-08,8.4243551431048379e-08,8.4213010293072074e-08,8.4250442118528489e-08,8.4335693638203717e-08,8.434919041516061e-08,8.4508200357490986e-08,8.4559993988737362e-08,8.4703737347201043e-08,8.4874147705873371e-08,8.497567763493992e-08,8.5238300359781547e-08,8.5372410491013707e-08,8.5629816701187665e-08,8.5887743232530451e-08,8.6090357431976185e-08,8.6465119756869819e-08,8.6681874241935957e-08,8.7048078727962447e-08,8.7369473150366892e-08,8.7682939123211181e-08,8.818169120483801e-08,8.8479572364740108e-08,8.9012774560399835e-08
467.78259292617025,7.4382133144222569e-08,7.4450480423141055e-08,7.4439663883802719e-08,7.4481147280691678e-08,7.4561379794604017e-08,7.4568646765020753e-08,7.4708223531381221e-08,7.4750655804782889e-08,7.4870814528243756e-08,7.5011323443669733e-08,7.5088705320202522e-08,7.5304586899893155e-08,7.5405405692284441e-08,7.5612093153282784e-08,7.5817256055820423e-08,7.597246867948503e-08,7.6277116006784746e-08,7.6442630715182607e-08,7.6736312436827649e-08,7.7014647381685482e-08,7.7264630490234617e-08,7.7677203115058107e-08,7.7915781882334839e-08,7.8361085809183426e-08
484.80241236166279,6.5509818125948172e-08,6.5553086293962916e-08,6.5526387468835861e-08,6.5531265859619713e-08,6.5594417263627387e-08,6.5597292234915034e-08,6.5719615981817662e-08,6.5760465757052128e-08,6.5896751162400192e-08,6.6006462741954934e-08,6.6087800455417314e-08,6.6293179119454129e-08,6.6386264519913959e-08,6.6587245757781643e-08,6.6787660543029924e-08,6.6945817015025326e-08,6.7234673071564819e-08,6.7401528106583868e-08,6.7696599321499245e-08,6.7960784882340741e-08,6.8198698616454251e-08,6.8576704231470233e-08,6.8799446678253145e-08,6.9200744696299474e-08
502.4414815469259,5.7864842003428e-08,5.7905372306124815e-08,5.7881914094359623e-08,5.790235248366086e-08,5.7953218149160424e-08,5.7948822121915333e-08,5.8046844469391997e-08,5.8071761900290857e-08,5.8148652927899403e-08,5.8251046976025495e-08,5.8306923300737095e-08,5.8470393583787829e-08,5.8547535211770634e-08,5.870751392253874e-08,5.8867697357898956e-08,5.8991458904314314e-08,5.9230725729937172e-08,5.9364744072218691e-08,5.9612379809230227e-08,5.9808280297502759e-08,6.0009607847899538e-08,6.0319099802596766e-08,6.0510675395403838e-08,6.0860995974032607e-08
520.7223312881207,5.1009601852630578e-08,5.1058225623343194e-08,5.1050540490238924e-08,5.1080694345805311e-08,5.1136523614424842e-08,5.1142703243714915e-08,5.1237010109842208e-08,5.1265498918030226e-08,5.1345268011280077e-08,5.1422468903608633e-08,5.1471547954531246e-08,5.1612768203195798e-08,5.1676024945826767e-08,5.1809916929826234e-08,5.1923923730365959e-08,5.2021939648604208e-08,5.2219372009821002e-08,5.2323500869240906e-08,5.2526536055116052e-08,5.2706840484800762e-08,5.2869157926708872e-08,5.3140526169648219e-08,5.3296014276949414e-08,5.3591218656137043e-08
539.66831215310629,4.4933614396729427e-08,4.4973185974178546e-08,4.4970151346118233e-08,4.5001002596195602e-08,4.5054342187043904e-08,4.5064478685266488e-08,4.5151715483976287e-08,4.518087506599592e-08,4.5254821233398793e-08,4.5339207052625988e-08,4.5385340182922901e-08,4.5511245015085503e-08,4.5567963230800358e-08,4.5685628525214006e-08,4.5800557032106634e-08,4.5885265069718513e-08,4.6056230881897789e-08,4.6144631191724298e-08,4.6318802139966374e-08,4.6451195151780247e-08,4.6588152686540442e-08,4.6820086333268011e-08,4.6950553865674688e-08,4.7203353240496304e-08
559.30362429767843,3.9592099334540576e-08,3.9630244326856915e-08,3.9620565665140634e-08,3.9645479103367585e-08,3.9690371397383524e-08,3.9697762899731896e-08,3.977306454932939e-08,3.9797857120940404e-08,3.9862315721220623e-08,3.9936246449657406e-08,3.9977090936840618e-08,4.0088097335927512e-08,4.0138820846520117e-08,4.0243193239111826e-08,4.0345284666423294e-08,4.0421144178567365e-08,4.0572520154213711e-08,4.0651653583490661e-08,4.0805866700771949e-08,4.0923154803771406e-08,4.1044633793360413e-08,4.1248988213083801e-08,4.1364315800967461e-08,4.1586525849210548e-08
579.65334837701255,3.4914098811679038e-08,3.4943032755768225e-08,3.4933575757956217e-08,3.4949376009074097e-08,3.4982274905049996e-08,3.498179188585183e-08,3.504082426101442e-08,3.505578763429439e-08,3.5105839448102871e-08,3.5157571912584438e-08,3.5188145642793591e-08,3.5281206676687967e-08,3.5322699440888032e-08,3.5412509346202767e-08,3.5501634005242834e-08,3.5569236258036651e-08,3.5704202862892929e-08,3.5760902983996891e-08,3.5900414562391724e-08,3.6024758882004796e-08,3.6137580353978365e-08,3.6323330020351349e-08,3.6431411456288919e-08,3.6633023942132551e-08
600.74347758178226,3.0799976394021202e-08,3.0830488076461494e-08,3.0825354333390951e-08,3.0840217839470925e-08,3.086787057844739e-08,3.0864140369410056e-08,3.0910551641369791e-08,3.0916522599186446e-08,3.0951760987659185e-08,3.0993774516356228e-08,3.101027963335948e-08,3.1069734868804779e-08,3.1095228705898261e-08,3.1163682230359912e-08,3.1232310761219097e-08,3.1283408462620994e-08,3.1395106304853151e-08,3.1454310547060991e-08,3.1574172599056591e-08,3.1683002171361555e-08,3.1783771281433849e-08,3.1937148134027013e-08,3.2037331367291982e-08,3.2221031474536697e-08
622.60095083988949,2.707759607802165e-08,2.7112494275535083e-08,2.711790818531882e-08,2.7133685788259692e-08,2.7169541326974914e-08,2.7178281837657795e-08,2.7230660444913133e-08,2.724682462833026e-08,2.7287543282110208e-08,2.7332422720732518e-08,2.7353131657936513e-08,2.7419304142480768e-08,2.7443463506174768e-08,2.7502818780781001e-08,2.7559862550705927e-08,2.759931988419538e-08,2.7689743279284894e-08,2.7732418897701433e-08,2.7826884465741573e-08,2.79106145404815e-08,2.798691524444911e-08,2.8120895964210936e-08,2.8197540916206711e-08,2.8348230539181837e-08
645.25368722619839,2.3852020128525723e-08,2.3869306376050162e-08,2.3860781040092853e-08,2.386930361809098e-08,2.3889447270958471e-08,2.3887444652282368e-08,2.3925688731679241e-08,2.3934681186258962e-08,2.3967664978515879e-08,2.400710829844873e-08,2.4028063481168023e-08,2.4091413183964958e-08,2.4120448735582434e-08,2.4182255708947753e-08,2.4234871127135927e-08,2.4282013366078957e-08,2.4374488998402315e-08,2.4425166854875363e-08,2.4512231094783773e-08,2.4596847986130414e-08,2.4673686558753329e-08,2.479890279957983e-08,2.4871606821916395e-08,2.5006723449804255e-08
668.73062162424412,2.1015652257386541e-08,2.1021915537765837e-08,2.1009577671981944e-08,2.1010921576148853e-08,2.1021270025684329e-08,2.1014806755297179e-08,2.1040124372687888e-08,2.1039707846434126e-08,2.1060715695048559e-08,2.1088019237911596e-08,2.1095938348182613e-08,2.1146251483070361e-08,2.1167999035219171e-08,2.1220189353280262e-08,2.1273696466383532e-08,2.1316600025708915e-08,2.1400649681757382e-08,2.1449751156801118e-08,2.1539396948043213e-08,2.1613595123779688e-08,2.1688766576990639e-08,2.180660784112138e-08,2.1878398623384426e-08,2.2004390508043587e-08
693.06174168545101,1.846403737263457e-08,1.8476095297829185e-08,1.8469912214135042e-08,1.8472921671580489e-08,1.8491330295499311e-08,1.8494083347703786e-08,1.8528719859215829e-08,1.8541709465997622e-08,1.8573732042081998e-08,1.861081535789352e-08,1.8633741385145478e-08,1.8688751068092859e-08,1.871667838120259e-08,1.8768908965890316e-08,1.881955769923442e-08,1.8858019903335451e-08,1.8929647339846574e-08,1.896771993428163e-08,1.9038760494448011e-08,1.9100215718909888e-08,1.9154377977842527e-08,1.9244548124115724e-08,1.9293647216091979e-08,1.9389968471404547e-08
718.27812613307788,1.627897729649248e-08,1.6292051747714547e-08,1.6287832090694007e-08,1.6295004186460158e-08,1.6309822836123806e-08,1.6309586921175011e-08,1.6336125759420754e-08,1.6342665625567956e-08,1.6365041577196935e-08,1.6386610923678511e-08,1.6400043870979851e-08,1.6441586213583635e-08,1.6459589913994099e-08,1.6499457389179463e-08,1.6538634954452537e-08,1.6568150504438039e-08,1.6627797367515856e-08,1.6659313621744935e-08,1.6720982504151121e-08,1.6775510625327672e-08,1.68249012056289e-08,1.6906833157873081e-08,1.6953770885657035e-08,1.7042698675319138e-08
744.41198445982059,1.4308760183672771e-08,1.4317602284655926e-08,1.4311876998125734e-08,1.431679706695675e-08,1.4329172708423163e-08,1.4329235201139912e-08,1.4353539908795777e-08,1.4357374348014691e-08,1.4379608987940221e-08,1.4405845762809653e-08,1.442150341100113e-08,1.4462065147026032e-08,1.4482269811641138e-08,1.45215411011778e-08,1.4560019859466923e-08,1.4589650796797939e-08,1.4645041806551178e-08,1.467514343177206e-08,1.4730754631752968e-08,1.4779223911567293e-08,1.4822254792504665e-08,1.4892795292834401e-08,1.49318511362339e-08,1.5006843934166601e-08
771.49669806976499,1.2548951629696889e-08,1.2555629584618091e-08,1.2550233792437109e-08,1.2554761822029172e-08,1.2566365916620895e-08,1.2567722398037413e-08,1.2590649965724452e-08,1.2599353171325519e-08,1.262100316533951e-08,1.2642894470718498e-08,1.2658817687025994e-08,1.2696348080632231e-08,1.271586675864364e-08,1.2751756967106242e-08,1.278657875809843e-08,1.2813319476338338e-08,1.2862166902882587e-08,1.2888560905054621e-08,1.2936951729909056e-08,1.2978813368693996e-08,1.3015815466830992e-08,1.3076744038749484e-08,1.311022885039225e-08,1.3175275122339009e-08
799.56686291725964,1.1066211905654535e-08,1.1070318883768867e-08,1.1063568038561989e-08,1.1062926776460247e-08,1.107055324310375e-08,1.1069131440776812e-08,1.1086577904751783e-08,1.1091565081734856e-08,1.1108025534251613e-08,1.112770591424269e-08,1.1139469279653339e-08,1.1170279400157283e-08,1.1185538885625724e-08,1.1215293573079717e-08,1.1244260666828628e-08,1.1266336742668182e-08,1.1307810606684976e-08,1.1329759302433811e-08,1.1370956891300056e-08,1.1406426454572751e-08,1.143764102091607e-08,1.1489634576818745e-08,1.1517593319783092e-08,1.157297003132266e-08
828.65833369715347,9.7507782812656094e-09,9.7555813076383565e-09,9.7499531367883362e-09,9.7508919736098922e-09,9.7563437445919604e-09,9.7531954399906695e-09,9.7660661516964382e-09,9.767681951020078e-09,9.7791419894040778e-09,9.7934426037640548e-09,9.8009469314054083e-09,9.8254588009169968e-09,9.8368006384245875e-09,9.8613771372907819e-09,9.8859069602264233e-09,9.9010347122956758e-09,9.9376423168700139e-09,9.9578220911248683e-09,9.995359836991699e-09,1.0028304868279372e-08,1.0057867562667116e-08,1.0105691387878319e-08,1.0132536355524914e-08,1.0181682761698788e-08
858.80826964286234,8.562104599294737e-09,8.5709710213871106e-09,8.5705884928724235e-09,8.575566621044872e-09,8.5839497896531549e-09,8.5841771123608258e-09,8.5975823499406783e-09,8.6003476420594434e-09,8.6108168962232915e-09,8.6229161323151459e-09,8.628293776381764e-09,8.6477959408286741e-09,8.6552422811987107e-09,8.672292525183496e-09,8.6905151181756239e-09,8.7039926435221582e-09,8.7329852605203632e-09,8.7478512179308393e-09,8.7783956699671727e-09,8.8054568888913219e-09,8.8302604454232839e-09,8.8717866250304487e-09,8.8956954630507648e-09,8.9411917187509242e-09
890.05518199074425,7.4458823561735639e-09,7.4515371269723506e-09,7.4493357061460104e-09,7.4520548944612504e-09,7.4580206808611827e-09,7.4572181188828296e-09,7.5024651218533948e-09,7.5044557270068914e-09,7.5135328814159138e-09,7.5616815531452901e-09,7.5668843736320368e-09,7.5846318934034314e-09,7.5920566961579803e-09,7.6093423459665263e-09,7.626432350622721e-09,7.6394499947172649e-09,7.665951520614499e-09,7.6801433059790212e-09,7.7078816677009816e-09,7.7325030486868227e-09,7.7550398470183506e-09,7.7919977059844223e-09,7.8135049114988452e-09,7.8536890341741751e-09
922.43898317142953,6.5354782681887485e-09,6.5401996696858325e-09,6.5386050880484657e-09,6.5418349855117036e-09,6.5483903370386965e-09,6.5494546757449855e-09,6.5611505114071168e-09,6.5652621244705953e-09,6.5756129534556631e-09,6.5873981308645712e-09,6.5941363483822984e-09,6.6114782468012527e-09,6.6193688139264787e-09,6.6352950672331253e-09,6.6504189858574163e-09,6.6613054087319409e-09,6.6832534863420709e-09,6.6937872316592645e-09,6.7155070709624123e-09,6.7339665888629645e-09,6.7501904266696913e-09,6.7786816954758218e-09,6.7922105169828466e-09,6.8234436860785818e-09
956.00103779092444,5.7422654966586234e-09,5.7486747332815735e-09,5.7491138748977574e-09,5.7517835994490461e-09,5.7580795797664044e-09,5.7589161081294254e-09,5.7683478342702425e-09,5.7704986045991323e-09,5.7775379494267916e-09,5.7853220732245411e-09,5.7883861813999631e-09,5.8004857296567046e-09,5.8043183251304261e-09,5.8153121802571573e-09,5.8258856953427882e-09,5.8332641272874276e-09,5.8508466667025059e-09,5.8592025256632915e-09,5.8780898079770522e-09,5.8949175717056331e-09,5.9106535948597156e-09,5.9378006050756821e-09,5.9538293134267974e-09,5.9846235173691462e-09
990.7842154666115,5.0396757364762844e-09,5.043648156812264e-09,5.0425885708760282e-09,5.0449723887315114e-09,5.0496630205821634e-09,5.0499823105201573e-09,5.0582266381491604e-09,5.0605942531855109e-09,5.0676521465837476e-09,5.075805179374757e-09,5.0801984546782004e-09,5.0927838270435371e-09,5.0983764923045465e-09,5.1103210339185051e-09,5.1219212655284863e-09,5.130605573534232e-09,5.146794357717717e-09,5.1557603335124463e-09,5.1735356334762986e-09,5.1889931826900865e-09,5.2029582985600592e-09,5.226314674425656e-09,5.2393512859620693e-09,5.2647431143566298e-09
1026.8329455856465,4.4147568370007603e-09,4.4170520431289945e-09,4.4153610719870433e-09,4.4171371338695072e-09,4.421406223909984e-09,4.4223400837566831e-09,4.4306651300911028e-09,4.4342788477684906e-09,4.4423679839625619e-09,4.4517036390270668e-09,4.4579702487648644e-09,4.4715049882366642e-09,4.4789406811543731e-09,4.4918369969083322e-09,4.5042364420134838e-09,4.5138082771169153e-09,4.5306159846234529e-09,4.5396670937214653e-09,4.5559052599193166e-09,4.569651384824113e-09,4.5787430757965828e-09,4.5982860064150084e-09,4.6084067292688194e-09,4.6288827459023783e-09
1064.1932740556724,3.8833372664663353e-09,3.8838807753492355e-09,3.8823483656800049e-09,3.8833608796436807e-09,3.8860347064332371e-09,3.8853427612112592e-09,3.8906736378727953e-09,3.8915194292368262e-09,3.896014803635977e-09,3.9013832281643809e-09,3.9040186966876619e-09,3.9130121565886058e-09,3.9168216954413736e-09,3.9256669409074492e-09,3.9343907795374438e-09,3.9411256487995755e-09,3.9546408449302698e-09,3.9619658183763649e-09,3.9761461457125456e-09,3.9887084400724702e-09,4.000278753173106e-09,4.0190483017752272e-09,4.0300688911362576e-09,4.0504700289467132e-09
1102.9129221203705,3.4032639504204341e-09,3.4045515598612848e-09,3.4026837559946755e-09,3.4033427243090341e-09,3.4058083732805799e-09,3.4056830336758718e-09,3.4111398287038999e-09,3.4130138871337366e-09,3.4173906275095048e-09,3.4236483884063873e-09,3.4276733710139315e-09,3.4373116779630231e-09,3.4424282696553238e-09,3.4518405320742266e-09,3.4609819299931186e-09,3.4681388878176227e-09,3.4808986303218479e-09,3.4878887201661542e-09,3.5004499295976814e-09,3.5111643989654852e-09,3.520571273054333e-09,3.5358301127561307e-09,3.5439214146620939e-09,3.5598507839757899e-09
1143.0413473149401,2.9838963248502001e-09,2.9854375409523709e-09,2.9840400402681928e-09,2.9846340927310155e-09,2.9865812887364729e-09,2.9860516819436028e-09,2.9901708763928399e-09,2.9909795176341756e-09,2.9946095141456563e-09,2.9989774838243809e-09,3.001307689744319e-09,3.0084863548429984e-09,3.0117528068675195e-09,3.0188068634909494e-09,3.0257587846902229e-09,3.0302492087091279e-09,3.040688962681969e-09,3.0463469642498638e-09,3.0571256832595792e-09,3.0665718481114212e-09,3.0751782937711199e-09,3.0891551328221927e-09,3.097162698553468e-09,3.112240097318003e-09
1184.6298066394043,2.6095096338654467e-09,2.611794429131499e-09,2.6117458185756564e-09,2.6136217315543261e-09,2.6168204746654698e-09,2.6179545510886576e-09,2.6231838390829989e-09,2.6255111596698261e-09,2.6302343984378327e-09,2.6354818413067344e-09,2.6387883775419339e-09,2.6461223595218393e-09,2.6498048916127588e-09,2.6565385011898583e-09,2.6629059869767942e-09,2.6676256228106445e-09,2.6765119390457039e-09,2.6809745884084115e-09,2.6896633890661892e-09,2.6961892845185362e-09,2.7026125831931061e-09,2.7135931605992332e-09,2.7192894673002177e-09,2.7311212591334135e-09
1227.7314220303958,2.2987753360829442e-09,2.2998873031041503e-09,2.298603773621795e-09,2.2986891360332495e-09,2.2996787478068862e-09,2.2986893454356495e-09,2.3011652229194095e-09,2.3010856532746428e-09,2.3031471972901941e-09,2.3057897481396767e-09,2.3069391471687047e-09,2.3118482514801172e-09,2.313879980946356e-09,2.3182530621856113e-09,2.3232862471332631e-09,2.3272673834512402e-09,2.3352209882848015e-09,2.3396542627529773e-09,2.3480754297316007e-09,2.3555477146910861e-09,2.3624429733668726e-09,2.3734241160641009e-09,2.3798682854315973e-09,2.3916399434997031e-09
1272.4012482150895,2.0044156166253669e-09,2.0064779681593814e-09,2.0067927102102455e-09,2.0085684368812734e-09,2.0113285701016687e-09,2.0124832412882772e-09,2.0166855278399693e-09,2.0186042934611614e-09,2.0222483163849801e-09,2.0261766599347224e-09,2.0285129118265748e-09,2.0337815948404842e-09,2.036146652565597e-09,2.0400653378338844e-09,2.0442108142947093e-09,2.0470232346111286e-09,2.0529072219521778e-09,2.0553723755072288e-09,2.0610245252400372e-09,2.0656246824358367e-09,2.0695849689590695e-09,2.0770418360411752e-09,2.0805863372095446e-09,2.0888832766914505e-09
1318.6963430339215,1.7604813347994422e-09,1.7621267274477174e-09,1.7620506043807278e-09,1.76307058415339e-09,1.7647907158167396e-09,1.7649809120234525e-09,1.7677375279845065e-09,1.7684472897761651e-09,1.7706533386907909e-09,1.7731384297949694e-09,1.7743162356989693e-09,1.7774928724832049e-09,1.7789473441802165e-09,1.7825092234138361e-09,1.7859188957020382e-09,1.788394247007105e-09,1.7937643440442032e-09,1.7963918875692315e-09,1.8019971243812239e-09,1.8068815202374215e-09,1.8113687533028757e-09,1.8190198421221818e-09,1.823352964853545e-09,1.8318542669309844e-09
1366.6758403219349,1.5409825656548635e-09,1.5420322853024136e-09,1.5416138942352882e-09,1.5421990138188483e-09,1.54346204899597e-09,1.5434799086815601e-09,1.5458273011844687e-09,1.5458026710811514e-09,1.5478706297880942e-09,1.5502765417946515e-09,1.551651428562478e-09,1.5554317497271173e-09,1.5572133218929252e-09,1.5608800240553764e-09,1.5644364858034848e-09,1.5671823941489697e-09,1.5724208813045859e-09,1.5752175403975232e-09,1.5805321316463263e-09,1.5851142896651912e-09,1.58923412073518e-09,1.5959711198641987e-09,1.5996733959960219e-09,1.6068553376605516e-09
1416.4010254418536,1.347847799734476e-09,1.3490757153224227e-09,1.3489861815936431e-09,1.3497055071021985e-09,1.3509310578673433e-09,1.3509771100344032e-09,1.3529368277376608e-09,1.353327316818758e-09,1.3548268384117056e-09,1.3565203040116484e-09,1.3572144915988633e-09,1.3599211851120344e-09,1.3608365113651412e-09,1.3633512899146813e-09,1.3657760566562953e-09,1.3675168148134623e-09,1.3714865394908042e-09,1.3734228702252956e-09,1.3776607154835143e-09,1.3814077612921546e-09,1.3849077731618165e-09,1.3908596200016282e-09,1.3943524656633628e-09,1.4010493315954055e-09
1467.9354135653359,1.1781195512524374e-09,1.1792595124194768e-09,1.1793128705398655e-09,1.1801301744632535e-09,1.1814407946284453e-09,1.1817691641476128e-09,1.1838006770991542e-09,1.184488636150651e-09,1.1861562155637357e-09,1.1879912899452054e-09,1.1889440062482248e-09,1.1916219840307095e-09,1.1927018169042799e-09,1.1951246745396291e-09,1.1974090658979279e-09,1.1990318809876688e-09,1.2025209072543893e-09,1.204165462587938e-09,1.2077354033509732e-09,1.2108038035740129e-09,1.2135874364382764e-09,1.218439933740503e-09,1.221099767635093e-09,1.2265038475346542e-09
1521.3448308024374,1.0313347845094601e-09,1.0319622330061245e-09,1.031625042527918e-09,1.0319516045257335e-09,1.0327245225358144e-09,1.0326791075833159e-09,1.0341644966661005e-09,1.0345459396349958e-09,1.0358528442087038e-09,1.0373838778190985e-09,1.037693961136316e-09,1.0401078381061257e-09,1.0412063162032444e-09,1.0435453855770042e-09,1.0458113083578157e-09,1.0475519685939241e-09,1.0509372371440495e-09,1.0527274946913339e-09,1.056192553425971e-09,1.0591880344797369e-09,1.0619104781914488e-09,1.0663746084759888e-09,1.0688743281228694e-09,1.0736997282871141e-09
1576.6974982828699,9.0226473213343934e-10,9.0278851140417892e-10,9.0248177139907405e-10,9.0275740990541865e-10,9.0342533913944345e-10,9.0338446660901826e-10,9.046736583041322e-10,9.0500055476881519e-10,9.0612672512563823e-10,9.0743938567424481e-10,9.0814720906868334e-10,9.1021700379047829e-10,9.1113006078554178e-10,9.1294561741981374e-10,9.1484152836563722e-10,9.1626842241604462e-10,9.191141695220901e-10,9.2056207029952406e-10,9.2346219915868402e-10,9.2594842195813264e-10,9.2819987036384842e-10,9.3196933114524578e-10,9.3403938509877432e-10,9.3814548817983051e-10
1634.0641192964952,7.9006270060349866e-10,7.9084751795062625e-10,7.9083287990275857e-10,7.9124459143757438e-10,7.919109634297292e-10,7.9187178854828023e-10,7.9290853027161899e-10,7.9302889396454962e-10,7.9377994883339627e-10,7.9463894702044718e-10,7.9493499701495395e-10,7.9639480790062315e-10,7.9684632183019577e-10,7.9823506320593972e-10,7.9959168584818158e-10,8.0058214515307234e-10,8.0286478321189357e-10,8.0400326340469046e-10,8.0647046112329224e-10,8.0866157486109659e-10,8.1071592905645962e-10,8.1416184841122694e-10,8.1619194929042095e-10,8.2003526194455311e-10
1693.5179696043303,6.9147643751484011e-10,6.9178656392143098e-10,6.9141963720435796e-10,6.9145339983343061e-10,6.9122816927497766e-10,6.909542225810295e-10,6.9167068291102071e-10,6.9164982759313856e-10,6.922440736520779e-10,6.9299090140644235e-10,6.9331204419588808e-10,6.9469922813720764e-10,6.9525646746213391e-10,6.9667348850456154e-10,6.980862168643218e-10,6.9920488177490755e-10,7.0152965195929479e-10,7.0277643865903827e-10,7.0516331005259973e-10,7.0728108889546713e-10,7.0924502640624413e-10,7.1229515743268497e-10,7.141412739976132e-10,7.1751010079854483e-10
1755.1349910354293,6.0393225677771517e-10,6.0430346726621235e-10,6.0409436895122676e-10,6.0423576499531364e-10,6.0460111834707909e-10,6.0446749447727085e-10,6.0518025358759135e-10,6.0523382203025778e-10,6.0579463008674558e-10,6.0646399066029174e-10,6.0673110656062625e-10,6.0789521843673839e-10,6.0831076272372876e-10,6.0944277582321591e-10,6.105524731037816e-10,6.1138524568242081e-10,6.1318832572284782e-10,6.1411885123622183e-10,6.1604422251660525e-10,6.177479393887162e-10,6.1933937572478295e-10,6.2196982677216128e-10,6.2352233170342852e-10,6.2643871429441651e-10
1818.993888489214,5.2833017589207834e-10,5.2857643270126362e-10,5.2829595177410459e-10,5.2830155722084586e-10,5.2848748349439642e-10,5.2823111722200198e-10,5.2870651441718737e-10,5.2861178063614818e-10,5.2896582131331101e-10,5.2942720104508132e-10,5.295582808503009e-10,5.3048968631855613e-10,5.3079687230003378e-10,5.3175329789836915e-10,5.3271808149966224e-10,5.3347092259614087e-10,5.3509119090865024e-10,5.3597813224777541e-10,5.37747833653774e-10,5.3933994344403189e-10,5.4084462975612659e-10,5.4325423094365404e-10,5.4478843290159984e-10,5.4744163950247339e-10
1885.1762304671172,4.6018050305116334e-10,4.6065336547250051e-10,4.6072409630880878e-10,4.6109010656225927e-10,4.6164871841051252e-10,4.6184531862125148e-10,4.626885223475785e-10,4.6302901846148829e-10,4.6374094442854751e-10,4.6451133474847044e-10,4.6494550932652628e-10,4.6601876752181043e-10,4.6647634732616297e-10,4.6742514439368001e-10,4.6829848501237948e-10,4.6848622934892475e-10,4.6976168221130429e-10,4.7032062241444049e-10,4.7158241700121361e-10,4.7262609664675067e-10,4.735521201243904e-10,4.7523026361580058e-10,4.7607840061742972e-10,4.7795059081858655e-10
1953.766553261999,4.0166736227948782e-10,4.0194321101659752e-10,4.0186566009729141e-10,4.0204336057520534e-10,4.0239058751429893e-10,4.0243057286918481e-10,4.03042445233446e-10,4.0323412942635857e-10,4.0376832263976009e-10,4.0437766666937708e-10,4.0472457431635056e-10,4.056566517073349e-10,4.0608956577395218e-10,4.069835035468889e-10,4.0784769557460904e-10,4.0851480694310068e-10,4.0979925031738728e-10,4.1049054184707469e-10,4.1181350401221219e-10,4.1296744874483829e-10,4.1402632265375031e-10,4.1574355485857638e-10,4.1673307245212181e-10,4.1859730477495401e-10
2024.852468938368,3.5207080701000316e-10,3.5180113507659708e-10,3.5160507247386141e-10,3.5163180503549228e-10,3.5180974204866698e-10,3.5173249836059539e-10,3.5216832361313897e-10,3.5225795381587097e-10,3.5266956669025115e-10,3.5316913611694478e-10,3.5346646099933548e-10,3.5429560209873852e-10,3.5471158450120909e-10,3.5554774650475554e-10,3.5636942700360753e-10,3.5703010904230086e-10,3.5822973762596558e-10,3.5890994594830097e-10,3.6013325873042967e-10,3.6119252097555916e-10,3.6215347298910977e-10,3.6366269280206869e-10,3.6451331602445616e-10,3.6609985060727729e-10
2098.524777241385,3.0764193787753183e-10,3.078980959421968e-10,3.0787455034228475e-10,3.0803269048989194e-10,3.0830766202585761e-10,3.0833826502071117e-10,3.0879177343669551e-10,3.0891553771101608e-10,3.0928943285421361e-10,3.0970998682055876e-10,3.0992225123093077e-10,3.1056968055733684e-10,3.1082923106146622e-10,3.1143151978358161e-10,3.1200246689213789e-10,3.12418202071122e-10,3.1329571344143765e-10,3.1371805706647062e-10,3.146165634247435e-10,3.1538277867017459e-10,3.1568997792180972e-10,3.1687654135663591e-10,3.1751725026373734e-10,3.188237583481552e-10
2174.8775815775493,2.6845482338089086e-10,2.6864845075971433e-10,2.6860463085721206e-10,2.6872347806642941e-10,2.689483837896066e-10,2.6896614052160761e-10,2.6935487975941941e-10,2.6946261202651378e-10,2.6979160298068728e-10,2.7016608882971672e-10,2.7036528225615604e-10,2.7094702630424345e-10,2.711987098709134e-10,2.7175333524235077e-10,2.72287263140638e-10,2.7269288983947078e-10,2.7350510939567896e-10,2.7392826723950686e-10,2.747698026412971e-10,2.7550037257659184e-10,2.7617231345480631e-10,2.7727778609168821e-10,2.7790690986029334e-10,2.7911355822331119e-10
2254.0084092152333,2.3484896121885455e-10,2.3510473684932836e-10,2.3513989587782322e-10,2.3529982642098726e-10,2.3553322462609297e-10,2.355663756919911e-10,2.3590122405459869e-10,2.3597072602664093e-10,2.3621227041899173e-10,2.3647409649191728e-10,2.3656639599180518e-10,2.3697613094404063e-10,2.3708720592991429e-10,2.3745262198605313e-10,2.3779475502478652e-10,2.3802403065865159e-10,2.3860813130136356e-10,2.3886045567384924e-10,2.3948467698054328e-10,2.4002470651163238e-10,2.4052882826298209e-10,2.4142547808407495e-10,2.4192798872139234e-10,2.4295054321589562e-10
2336.0183358586128,2.0538188554887527e-10,2.0554264795901715e-10,2.0551304803052245e-10,2.0559564808911151e-10,2.0574754270539039e-10,2.0573264008385176e-10,2.0598804363796927e-10,2.0602220882931341e-10,2.0621536278107732e-10,2.0643578702091112e-10,2.0651847477808373e-10,2.0688531258348636e-10,2.0700076795968181e-10,2.0734345825227235e-10,2.0767112467485424e-10,2.0790450129129042e-10,2.0844795607915774e-10,2.0870391448021219e-10,2.0928198564362301e-10,2.0978459822865134e-10,2.1025293811225849e-10,2.1105794072266533e-10,2.1151579495759303e-10,2.1242066806336449e-10
2421.012114754074,1.785913011946737e-10,1.7874641312545682e-10,1.7876152223186488e-10,1.7889838931720246e-10,1.7911846132744111e-10,1.7921481443003522e-10,1.7956400958724724e-10,1.7973577863516963e-10,1.8005652530065123e-10,1.804072033348859e-10,1.806398496262139e-10,1.8111640634357117e-10,1.8136602959883111e-10,1.8180082390973065e-10,1.8220512574437077e-10,1.8250634021473428e-10,1.8305309444409196e-10,1.8332221664110626e-10,1.8384324171492658e-10,1.8426831817068944e-10,1.84633905399943e-10,1.8526343300586063e-10,1.8556341297148962e-10,1.862280223198102e-10
2509.0983104940628,1.5647040315051186e-10,1.5656267742668172e-10,1.5652066085208809e-10,1.5657338047405821e-10,1.5668878850540829e-10,1.5668892532628622e-10,1.5690331566427621e-10,1.569603732399114e-10,1.5714632797241406e-10,1.5736023155058434e-10,1.5747635604194209e-10,1.5781124104594759e-10,1.579587119931384e-10,1.5827829433583265e-10,1.5858477798907955e-10,1.5881668336943562e-10,1.5927717331657188e-10,1.5951332199782099e-10,1.5998428080320038e-10,1.6038809158958396e-10,1.6075563838057701e-10,1.615148270615571e-10,1.6185329391636911e-10,1.625201928947506e-10
2600.3894376892281,1.3679223941666474e-10,1.3681987506903971e-10,1.3672931465742331e-10,1.3672162756260804e-10,1.367707829309655e-10,1.3672395255078548e-10,1.3686949568804272e-10,1.3688596950357786e-10,1.3702384961855724e-10,1.3719642301112197e-10,1.3729554713765787e-10,1.3759679509309164e-10,1.3774728433080186e-10,1.3805960727080686e-10,1.3837163538551802e-10,1.3862940510193399e-10,1.3909476198165828e-10,1.3950689384117868e-10,1.3999629685398273e-10,1.404294517834249e-10,1.4083215066526464e-10,1.4144469009423974e-10,1.4181409210024236e-10,1.4246262468015857e-10
2695.0021046860479,1.1989869329409596e-10,1.199657604445468e-10,1.19920083434138e-10,1.1993590557358912e-10,1.1999023743857893e-10,1.199498902315654e-10,1.2006612153856883e-10,1.2005939110617506e-10,1.201485836600692e-10,1.2025899823408545e-10,1.2029758221137437e-10,1.2050567776671142e-10,1.2057713288355518e-10,1.20786003312436e-10,1.2099219328681958e-10,1.2115071854073557e-10,1.2149071244478588e-10,1.2166947205639786e-10,1.2203449220554536e-10,1.2235558354924231e-10,1.2265626791253259e-10,1.2327921600990391e-10,1.2356670867825207e-10,1.2410477726891495e-10
2793.0571625134503,1.0442335454976527e-10,1.044865497607149e-10,1.0446055221753147e-10,1.044963599246022e-10,1.0457312001860249e-10,1.0457395092013979e-10,1.0471600449493873e-10,1.0475474196842898e-10,1.0487900174429338e-10,1.0502207584347023e-10,1.0510150052899528e-10,1.0532563122744572e-10,1.0542668735558429e-10,1.0564197521883794e-10,1.0584845781624708e-10,1.0600634373320586e-10,1.0631453350894807e-10,1.0647457497289304e-10,1.0678909764835398e-10,1.0705809251271188e-10,1.0730282458622348e-10,1.077058206742823e-10,1.0792765860695255e-10,1.0836327552815196e-10
2894.6798592487494,9.1429830200019542e-11,9.151968411433219e-11,9.1528465092161238e-11,9.158714921784615e-11,9.1676869124728919e-11,9.1695249459270937e-11,9.1831444018416415e-11,9.1871854242296465e-11,9.198137167425619e-11,9.2101840103633788e-11,9.2161771707348808e-11,9.234320623077467e-11,9.2413287770959665e-11,9.2579457746376384e-11,9.2735224902903017e-11,9.2846681360613509e-11,9.3087750013709115e-11,9.3199497870853124e-11,9.3445849644224907e-11,9.3653768969893811e-11,9.384207425687293e-11,9.417035312256918e-11,9.4343826932759496e-11,9.4706177651496432e-11
2999.9999999999977,7.9943785339921851e-11,8.0008391890465124e-11,8.000598180284376e-11,8.0050567342964975e-11,8.0125645643727823e-11,8.0141827168517521e-11,8.0263441190173429e-11,8.0303940860143756e-11,8.0406456337556181e-11,8.0519590305017971e-11,8.0580452883547773e-11,8.0747107153807485e-11,8.0815715866100055e-11,8.0967000433413954e-11,8.1107131609427717e-11,8.1206614776053555e-11,8.1416676028319597e-11,8.1511235976478732e-11,8.1720977507494116e-11,8.1894379456424965e-11,8.2048898525835317e-11,8.2323400117375305e-11,8.246163393270673e-11,8.2763716340258761e-11
