t\s,0,0.04347826082608696,0.086956521652173921,0.13043478247826087,0.17391304330434784,0.21739130413043481,0.26086956495652175,0.30434782578260872,0.34782608660869568,0.39130434743478265,0.43478260826086962,0.47826086908695659,0.5217391299130435,0.56521739073913047,0.60869565156521743,0.6521739123913044,0.69565217321739137,0.73913043404347833,0.7826086948695653,0.82608695569565227,0.86956521652173924,0.9130434773478262,0.95652173817391317,0.99999999900000003
0.0010000000000000002,1.20301641758806,1.0512848765357354,1.1883948346153375,1.1258733492918509,1.1499585224086672,1.1318882100578094,1.1188770856251722,1.1963239818113607,1.1404929839940223,1.2186887711511645,1.1178552334179415,1.2392183440452982,1.2164658452512569,1.1516462068821056,1.3698990958380435,1.156456502487484,1.3483636130289938,1.0084395753138189,1.3930202849915077,1.1879744287361973,1.6327109055055189,0.92095166071521817,1.2957230331376195,3.1186760095879436
0.0010363068525512035,1.2028794024886338,1.0511827268383911,1.1882660346793728,1.1257604019732526,1.1498497515282793,1.1317846503356463,1.1187774363568224,1.1962252242875593,1.1404182811649548,1.2186112007323118,1.1170470993442905,1.238724547001766,1.2162383174976874,1.1509928429090905,1.3690794469879339,1.1561755702669494,1.3475997804188751,1.0077298502045231,1.3914718514661217,1.1874783325893077,1.6297716056360514,0.92005485016852617,1.2845535029191524,3.1246882104314864
0.0010739318926445826,1.2027431341302872,1.051081939607208,1.1881377044242072,1.1256485720533647,1.1497424297863859,1.1316828788756652,1.1186797976965863,1.1961287421936504,1.1403469961233554,1.2185371931902864,1.1162183088210327,1.2234048628295113,1.216009234853292,1.1503279493972514,1.3682367410385421,1.1558945475644773,1.3468220574960128,1.0070087724887813,1.3898891963026472,1.1869806932309075,1.6267536877130624,0.91917224074859405,1.273087156121619,3.1308439900167286
0.0011129229795208641,1.2026069479416037,1.0509829415173062,1.1880105329298658,1.1255383243845927,1.1496370086909451,1.1315831853042937,1.118584436306719,1.1960350378802787,1.1402794775008829,1.2184672461820583,1.1153686008945272,1.2227350032726463,1.2157790325458642,1.1496519952274866,1.3673703889758713,1.1556139380968844,1.3460309330503719,1.0062768585649096,1.3882723024189545,1.1864823856394651,1.6236581900011515,0.91830778562871274,1.1060628509731032,3.1371441530063748
0.0011533297100391751,1.2024720385866203,1.0508862128715304,1.187884823342074,1.1254302405704948,1.149534020819317,1.1314862696085584,1.1184919883555722,1.1959447433558807,1.1402163915088863,1.2184022789023174,1.1144982266949057,1.222050494577843,1.2155481191149349,1.1489654527840685,1.3664807417057467,1.0522655399872747,1.345227198458872,1.0055351486902282,1.3866225200972622,1.185985055844867,1.6204829101843643,0.91746563516062452,1.0997566692531109,3.1435879333876073
0.0011952034817644893,1.2023390468198158,1.0507923126776255,1.1877611052002521,1.1253247420753496,1.1494339828391276,1.1313927340433452,1.1184031911691363,1.1958585283874754,1.1401585313078613,1.2183427506047337,1.1136070582149955,1.2213515052283128,1.215317227082636,1.1482689728582045,1.3655672315153016,1.0518095996176271,1.3444117902959078,1.004784447539592,1.3849401621910147,1.1854899769714393,1.6172285105421906,0.91665062705578748,1.0933702283364255,3.1501733255572617
0.0012385975583455986,1.2022080481629018,1.0507018453115577,1.1876402081452397,1.1252224352278972,1.1493377290556168,1.131303120262146,1.1183184725409774,1.1957769462496799,1.1401065700338791,1.2182897218659718,1.1126953437383236,1.2206384414646436,1.2150868954741183,1.1475636747800309,1.3646296209068791,1.0513537377702278,1.3435853060167346,1.004025841568108,1.3832264910452068,1.1849987021896595,1.6138951327593531,0.915867927193176,1.0869102072028909,3.1569017064757645
0.0012835671372667327,1.2020799177489607,1.0506154670243557,1.1875225780454457,1.125124025308196,1.1492458619078434,1.1312180225957036,1.1182386330806366,1.1957009829814069,1.1400612176441882,1.2182439719857712,1.1117633073060915,1.2199116059484822,1.214857812089317,1.1468504074891825,1.3636680657713165,1.0508994195746482,1.3427493896849398,1.0032605826105652,1.3814825430863493,1.1845136489646393,1.6104824004796683,0.91512311318365391,1.0803869748779107,3.1637702770531178
0.0013301694200590472,1.201955476758485,1.0505337100178043,1.1874087848925683,1.1250302912541201,1.1491589213274551,1.1311385538805894,1.1181645105841653,1.195631554290685,1.1400235590227794,1.2182063492537054,1.110811101437946,1.2191716615905079,1.2146309717408368,1.146130152985279,1.362682227295446,1.0504475999318856,1.341904652892481,1.002490200438217,1.3797095054633246,1.1840363518595041,1.6069916302876663,0.91442248453677166,1.0738088735379279,3.1707761809229851
0.0013784636850612507,1.2018353706894231,1.0504576637248562,1.18729995453009,1.1249417846624965,1.1490781274319488,1.1310652906839778,1.1180969839483623,1.1955691839963265,1.1399945415984121,1.2181780666817303,1.1098393803484328,1.2184188606026964,1.2144069974200302,1.1454040769235689,1.361672465493442,1.0500002282553851,1.3410530537226748,1.0017161479852064,1.3779095325498929,1.0196648691999144,1.6034224955146783,0.91377223430026788,1.0671882687602192,3.1779173212125897
0.001428511362821959,1.2017203181831064,1.0503880486688359,1.1871965243665272,1.1248597184210212,1.1490039943702754,1.1309992102009687,1.1180367690183175,1.1955153008417483,1.1399751432384733,1.2181602713974371,1.1088482227465875,1.2176540856901283,1.2141871228671817,1.1446738781016847,1.3606387760131413,1.0495591041668604,1.3401956883598984,1.0009397817021295,1.3760842649144251,1.0193692850880325,1.5997768922097748,0.91318003764899913,1.0605368126125541,3.1852886737324297
0.0014803761142396545,1.2016113494714773,1.0503256305970834,1.1870997587755028,1.1247849830956511,1.1489377838514088,1.1309416288486318,1.1179851955193953,1.195470833602144,1.1399665076300494,1.2181539157513726,1.1078387285019176,1.2168782818723685,1.213972440863033,1.143940713353004,1.3595813119630622,1.0491260198532473,1.352126333797969,1.0001638930642684,1.374235911195683,1.0191033668579621,1.5960560857201926,0.91265371421468444,1.0538692624541,3.1928029400296509
0.0015341239115396782,1.2015094654379936,1.0502716986971745,1.1870107168724644,1.1247184934038614,1.1488804251214333,1.130893003156757,1.1179431463153833,1.1954369927721018,1.1399701639065256,1.2181609135628833,1.1068112669194079,1.216092116131108,1.2137638956476366,1.1562369548837523,1.3585003075578919,1.0487031648754623,1.3503765690502405,0.99938996400427982,1.3723671942925648,1.0188708683726873,1.5922621310019167,0.91220181762764696,1.0472003524773754,3.2004426391795278
0.0015898231221912246,1.2014158147799208,1.0502273389268582,1.1869303169585237,1.1246614201787679,1.1488333819604577,1.1308551211615736,1.1179120823828725,1.1954151417521643,1.1399872811257978,1.2181821846119192,1.1057670080366506,1.2152966303352741,1.2135630494799536,1.1552559274518899,1.3573964121337592,1.048292926141869,1.3485949777132191,0.99862076226730778,1.3704811766847342,1.0186766557926603,1.5883968936468591,0.91183386715420056,1.0405473464343231,2.9063133974559605
0.0016475445958711165,1.2013314940181772,1.0501935157533329,1.1868599383988112,1.1246149922991435,1.1487977222555799,1.130829156352263,1.1178932157856707,1.195406720872711,1.1400193387691502,1.2182197636858518,1.1047067987135506,1.2144932658301286,1.1854382502939416,1.1542678693997459,1.3562699543337597,1.0478978470119387,1.3467831651605593,0.99785888534796641,1.368580855426444,1.0185251566599618,1.5844635257308255,0.91155967366648838,1.0339295090234373,2.9127970514819026
0.0017073617545849409,1.2012579243300934,1.0501717902191241,1.1868008331825877,1.124580832499646,1.1487747954672045,1.1308165350011166,1.117887890398606,1.1954133392301856,1.140068166921651,1.2182750143734893,1.1108331237651612,1.2136832797151555,1.1853340210348051,1.1532750441626831,1.3551217154884849,1.0475209440536446,1.3449425549615626,0.99710754057309714,1.3666703300732479,1.0184219448383374,1.5804651549697155,0.91139028765610419,1.0273678892699536,2.9193667233921587
0.0017693506860602217,1.201196678739052,1.0501637342077521,1.1867546644020877,1.1245600836072072,1.1487664398807169,1.1308188543510767,1.1178981224716154,1.1954365838220156,1.1401351158418151,1.2183501354563759,1.1097801431581615,1.2128683020602011,1.1852460883735603,1.152279561289788,1.2930344034117809,1.0471654977424691,1.3430754747978426,0.99636970258995916,1.364753535132877,1.018372977801846,1.5764055427789572,0.9113378032197943,1.0208840163541026,2.9260177765972912
0.0018335902405303805,1.2011490726558804,1.0501706261756056,1.1867227999791794,1.1245545313897765,1.1487740464721981,1.1308377193608976,1.1179251644151691,1.1954783071219026,1.1402227019378302,1.2184470964135699,1.1087114363872956,1.2120500658276114,1.185176568762131,1.1512841146457049,1.2923852040848374,1.0468343890844949,1.3411842288578555,0.99564933720392901,1.3628354197871886,1.0183840850932029,1.5722892848934862,0.91141470221919008,1.0145042688236572,2.9327443693764508
0.0019001621310326443,1.2011169134784723,1.0501943111287948,1.186707374055004,1.1245658855586953,1.148799521540468,1.1308752241504578,1.1179711298988195,1.1955407497738406,1.1403326279847192,1.2185679729709591,1.1076282283294461,1.211230698420195,1.1851275848100613,1.1502913300651016,1.2917418798315339,1.0465321429290668,1.3392710534158141,0.99495043434177433,1.3609211860893993,1.0184623737477523,1.5681219267280539,0.91163472941843793,1.0082560682785697,2.9395374809391797
0.0019691510373474265,1.2011021950070244,1.0502366446755369,1.1867097277931862,1.1245962037958179,1.1488450570304281,1.1309329969782311,1.1180380621497079,1.1956258637783321,1.1404672906854216,1.2187154441542134,1.1065319021029154,1.2104121920259558,1.1851018931714634,1.1493044686014855,1.2911072992289405,1.0462625552950442,1.3373395307276041,0.99427739855093478,1.3590171537543938,1.0186151676316513,1.5639088249445194,0.91201299875683617,1.0021692010341212,2.9463905869051814
0.0020406447137114505,1.2011069833404235,1.0502997181674838,1.1867324325639856,1.1246475226079724,1.1489126848818501,1.1310136905468084,1.1181280453071167,1.1957359706719899,1.1406289722489191,1.218892028455457,1.1054246052132726,1.2095975850246532,1.1851022715375166,1.2011714821505848,1.2904840596858094,1.0460299814042742,1.3353928226688367,0.99363518556083363,1.3571293454665465,1.0188504700709018,1.5596570465495461,0.9125654554227367,0.99627606106514577,2.9532954539172351
0.0021147341004415644,1.201133556289733,1.050385659023148,1.1867777300651596,1.1247218876620764,1.1490046917838299,1.1311193594960116,1.1182436004916099,1.1958739696459588,1.14082063780981,1.2191002586665718,1.1043078835675146,1.2087889448429223,1.1851313752081296,1.1997884168172277,1.2898755030462894,1.0458397910249175,1.3334349429678696,0.99302902470492427,1.3552653792571618,1.0191770142864698,1.5553743641285109,0.9133093559066765,0.99061278728186153,2.9602423473261297
0.0021915134396113,1.2011841132530208,1.0504969932339527,1.186847678857248,1.124822167357479,1.149123761038453,1.1312526910762983,1.118387498030188,1.1960424189198875,1.1410448520686032,1.2193437265000284,1.1031840523257301,1.207989954582672,1.1851925701464552,1.1984036688870674,1.2892849403471587,1.0456969867541233,1.3314699794464104,0.99246504856080264,1.3534334725441113,1.0196039105376258,1.5510696349083446,0.91426322265760973,0.98521845474897418,2.9672225234098732
0.002271080394927248,1.2012612881464975,1.0506360549332934,1.1869452821756568,1.1249507114980588,1.1492724655136044,1.1314164852662714,1.1185622725973872,1.196244352276949,1.1413048114903575,1.2196253411867701,1.1020561422695891,1.2072039217948713,1.1852893400489393,1.1970207231122458,1.2887163429210773,1.0456078191785139,1.3295037976695312,0.99194947289595348,1.3516423651044533,1.0201416476957093,1.5467520841921214,0.91544685892586131,0.9801348752953345,2.6545742568559945
0.002353536175957802,1.2013679984581813,1.0508060132500177,1.1870733955743162,1.1251107437078645,1.1494538768578479,1.1316138353774932,1.1187711199642081,1.1964828590432717,1.141604146900363,1.2199487445614068,1.1009265575764289,1.2064346034896971,1.1854255000489502,1.1956440764165563,1.288173931684355,1.0455782665016713,1.327541276631564,0.99148952892210218,1.3499017488320533,1.0208008742338279,1.5424332382317516,0.91688192504807375,0.97540758742252365,2.6615607249550521
0.0024389856668722248,1.2015078950341831,1.0510095634833849,1.1872350348866121,1.1253048662726428,1.1496712491446885,1.131847740009448,1.1190173038679632,1.1967618387727157,1.141945988275495,1.2203177333788062,1.0997985024042691,1.2056862114745854,1.185605106953517,1.1942786015220008,1.2876619478317934,1.0456154812453491,1.3255886858314625,0.99109272124519521,1.348222938811432,1.0215935316882678,1.5381246971883229,0.91859120747540146,0.97108592762378976,2.6685817018151283
0.002527537559853855,1.2016831630533034,1.0512501221470352,1.1874335756999699,1.1255368989811814,1.1499279716528008,1.1321221077698169,1.1193044641451024,1.197084835769374,1.1423345888010203,1.22073666844625,1.0986758988794918,1.2049639124096529,1.1858325629634692,1.1929294213982757,1.2871859272397614,1.0457269338483997,1.3236535290016036,0.99076742871989154,1.3466173699862338,1.0225321525831532,1.5338406254086294,1.142442048250814,0.96722367935581133,2.6756441425532103
0.0026193044933570972,1.2018984810767961,1.0515311989650939,1.1876730072642658,1.1258103207968588,1.150227897081777,1.1324405267240678,1.1196361726071018,1.1974557510134218,1.1427739056484825,1.2212097171219511,1.0975627062877038,1.2042721665094405,1.186112556530361,1.1916024957436093,1.2867512698695691,1.0459208775310254,1.3217431469865915,0.9905228750740207,1.3450982992617355,1.02363064552992,1.3820691536184313,1.1425671492397669,0.96387802388926502,2.6827566223219037
0.0027144031953841201,1.2021570309511844,1.0518566497998414,1.1879570129125341,1.1261290508660409,1.1505750685111735,1.1328070552373362,1.1200169255374703,1.197879260572563,1.1432684848899726,1.2217418015910653,1.0964634231377204,1.2036170026134414,1.1864505324222137,1.1903044997150118,1.2863637065663625,1.0462059660567249,1.3198655990781845,0.99036885358304971,1.3436799854500805,1.0249035110791738,1.3800585824446898,1.1429226905020187,0.96111135926912539,2.6898841829970479
0.0028129546319634463,1.2024638261661948,1.052230355929936,1.1882897141754256,1.1264974272339714,1.1509738803204641,1.1332260717256162,1.1204510197668469,1.1983603391598763,1.1438233876878741,1.2223380745866734,1.0953828589300656,1.2030046791574023,1.1868518142139237,1.1890426333493451,1.2860300058945313,1.0465918261750273,1.3180311566752607,1.1051141342086339,1.3423780052219172,1.0263665773090906,1.3782498100536031,1.1435320882446831,0.95899060592637397,2.6970198112539947
0.0029150841610193702,1.2028224502009834,1.0526571292433289,1.1886757392741174,1.1269197594333491,1.1514289885720927,1.1337025348557646,1.120943177054528,1.1989033662835595,1.1444435103140052,1.2230040427655808,1.0943267600147237,1.2024418316091783,1.1873221685741555,1.1878247447093599,1.2857574075123921,1.0470888339855158,1.316249959948891,1.1047212339050247,1.3412092959285928,1.0280365680773684,1.3766702177408661,1.1444208616376272,0.95758678979473189,2.7041551754809916
0.0030209216918278487,1.2032385007430548,1.0531412962184206,1.1891203485147344,1.1274015317486317,1.1519454816050541,1.1342414194897685,1.1214988342846937,1.1995142604598072,1.145134615882057,1.2237455594478774,1.0933011592155708,1.2019359343581186,1.1878681603036512,1.1866596847378332,1.2855537459864763,1.0477079731348837,1.3145335081374014,1.1044132945565366,1.3401926779990845,1.0299316837081278,1.3753492713603919,1.1456158410292119,0.95697717177245067,3.0456796316429973
0.0031306018502617766,1.2037170415849232,1.0536883439260549,1.1896285664325887,1.1279474438440786,1.1525286566728354,1.1348480915096317,1.1221231872672774,1.2001989294964801,1.1459025062778352,1.2245689794971781,1.0923127855769508,1.201495243943782,1.1884966709019409,1.1855569994836515,1.2854272150884754,1.048461208023113,1.3128942505982195,1.1042009707005036,1.3700649893698937,1.0320713657965825,1.3743195032893709,1.1471463167763432,0.95724408995738486,3.074245017953217
0.0032442641500357553,1.2042636475955533,1.0543033155075108,1.1902061681213354,1.1285632916644488,1.1531845121978854,1.1355284911135222,1.122822278243973,1.2009635139823445,1.1467538900300482,1.2254812111968647,1.09136901989541,1.2011285677132264,1.1892151204697257,1.1845273626297512,1.2853871089296263,1.0493616215185568,1.3113461543211997,1.1040958611373526,1.3680494844402347,1.0344763231369143,1.3736151908033207,1.149042791017564,0.95847563569259364,3.1036704275757074
0.0033620531701682613,1.2048844117641693,1.0549924031351736,1.1908592273568956,1.1292552823639994,1.1539189900785551,1.1362890945183253,1.1236024822364925,1.2018146366217479,1.1476951225457839,1.2264893794201726,1.0904779862912619,1.200845685880779,1.1900310490332231,1.1775818450697244,1.285443350314381,1.0504228790824044,1.3099043619829445,1.1041101973875129,1.3661702492318,1.0371681824835832,1.3732742289516864,1.1513390406616963,0.96076545776304556,3.1339707369916141
0.0034841187388868658,1.2055858646876914,1.055761637418783,1.191594137242987,1.1300297600845681,1.1547388435635142,1.1371363273167194,1.124470502784618,1.2027595933439557,1.1487337951829915,1.2276009284575196,1.0896486689400717,1.2006569773493538,1.1909527905104369,1.1774425087810627,1.2856065027217483,1.0516598667040853,1.3085854186811048,1.1042575297365147,1.3644488123427436,0.98209647890325869,1.3733370911099883,1.1540696333249798,0.96421425732114585,3.1651614219881594
0.0036106161242105187,1.206375079001873,1.0566177748750931,1.1924181521794708,1.1308935988568862,1.1556513701530324,1.1380773846570609,1.1254335159514426,1.2038059525947062,1.1498775151900205,1.228824303694779,1.0888906936904732,1.1941564391077577,1.1919896072981828,1.177437788760745,1.2858881578060846,1.0530884239851446,1.3074071243036087,1.104552282092186,1.3629080559085196,0.9823797835078949,1.3738469037639334,1.157271597207,0.9689275359705789,3.1972660389728844
0.0037417062314512271,1.2072590883497014,1.05756776872866,1.1933386052374999,1.1318542514634373,1.1566636779069914,1.1391196502058749,1.1264992931119195,1.2049616102400762,1.1511345172905525,1.2301680175964407,1.0882145826146825,1.1935359400906123,1.1931505652451051,1.1775828441471585,1.2863007293481132,1.0547255412654977,1.3063889527244328,1.1050099957774364,1.3615732134776408,0.98290448959141941,1.3748505341156942,1.1609849176820717,0.97501888245460577,3.4475244963541627
0.0038775558078864491,1.2082458332876058,1.0586193476136145,1.1943631968438808,1.1329193993557425,1.157784136002262,1.1402716027351329,1.1276757720143564,1.2062353053962767,1.152513430382724,1.2316417386938951,1.0876317481011029,1.1930223342877184,1.1944459330989048,1.1778942127196463,1.2868573346945595,1.1363029666744637,1.3055522931963424,1.1056475200846307,1.3604711028237944,0.98369478553831868,1.3763980130199798,1.1652512304135598,0.982608132493624,3.4854324301704764
0.0040183376548624441,1.2093441301161647,1.0597802261756897,1.1955004718672626,1.1340974643679615,1.1590210080900851,1.1415414520752749,1.1289717890679469,1.2076360645150288,1.1540235405191901,1.2332545007726594,1.0871550189594927,1.1926295962963422,1.1958860760419157,1.1783893773550964,1.2875723077415842,1.1370338353373484,1.3049201600443894,1.1064826059230199,1.3596308920359661,0.98477722909319709,1.3785424102538855,1.1701146632840391,0.99182163044679328,3.5250410470180213
0.0041642308475984867,1.2105620631198235,1.0610590331562832,1.1967592617515379,1.135397166433755,1.1603832497502027,1.1429382630904148,1.1303964634973624,1.2091735947307285,1.155674352082587,1.2350168976459983,1.1302722257487403,1.192373025385109,1.1718228120348613,1.1829164840684712,1.2884608690028472,1.137960008746802,1.304517060251726,1.107534526406198,1.3590842800385872,0.98617986355202447,1.3813407350166926,1.1756219276503543,1.0027926802613365,3.5658723819069564
0.0043154209629714174,1.2119095881014346,1.0624646063016598,1.1981490210828269,1.1368275468072824,1.1618803573187577,1.1444716122745211,1.1319591524763553,1.2108578965484469,1.1574761835958312,1.2369394922134589,1.1302686847557197,1.1922692096662786,1.1738160442030221,1.1839193410519044,1.2895393218873323,1.1391004957305881,1.4202338230455309,1.1088238048116636,1.3588653031051763,0.98793256767658022,1.3848538302298152,1.1818207158139558,0.25537622596891651,3.6078730537556112
0.0044721003155703968,1.2133961416593593,1.0640061543312527,1.1996792796180671,1.1383987220487199,1.1635221310186985,1.1461513027212362,1.1336701221390797,1.2126993176524721,1.1594396948605565,1.239033599790659,1.1303997501981939,1.192335606239908,1.1760112517793004,1.1851349288373854,1.2531683257907957,1.1404752472622448,1.4210052731553802,1.1103718920280699,1.3590105291291366,0.99006698304037855,1.3891456059602376,1.1887633366713999,0.26518311156995544,3.9456834346055984
0.0046344682023220004,1.2150323677975621,1.0656936854672381,1.2013607430776574,1.1401204096429662,1.1653189817325327,1.1479878233228931,1.1355396610157413,1.2147092294926161,1.161575976593852,1.2413108430507247,1.1306794044439812,1.1925916631595044,1.1784231274029935,1.18658290031874,1.253542375988161,1.1421054139097535,1.4220696755447548,1.1122023000621084,1.3595590525292209,0.99261690768071276,1.3942844598593354,1.1965022151634912,0.27692112226992549,3.9896263019181788
0.0048027311559969499,1.2168286616393971,1.0675370472547456,1.2032038657228838,1.1420034347509476,1.16728176984833,1.14999215381021,1.1375789335512678,1.2168987986156417,1.1638962993608253,1.2437833867019745,1.1311229432776599,1.1930579669267729,1.1810666344265428,1.18828390092267,1.2541732936433618,1.1440130139201621,1.4234555310605685,1.1143391076461739,1.3605525378020502,0.99561735080351355,1.4003420067846069,1.2050930636396515,0.29074398905095222,4.034754017367959
0.0049771032079208013,1.21879636829226,1.0695471897011544,1.2052200969281159,1.1440587163496345,1.1694216852062524,1.1521752180966232,1.1397994398682272,1.2192799934401068,1.1664130096813707,1.2464637757877692,1.1317464732687768,1.1937567405385039,1.1839576240322458,1.1902592649378221,1.2550870087803787,1.1462221635144578,1.4251928253390247,1.1168079334529466,1.3620354423005665,0.99910535080744012,1.4073934519478364,1.2145928210884449,0.30681426023102176,4.0809939256869256
0.005157806160222907,1.2209472712310685,1.071734624471901,1.2074205617247742,1.1462977849299143,1.1717501635500582,1.154548834638689,1.1422124200955608,1.2218649740563947,1.1691379840848981,1.2493648994126718,1.1325669316865969,1.1947114786058961,1.1871119804591217,1.192532231464611,1.2563108762035426,1.1487578149378839,1.4273131166977464,1.119636241252465,1.4983841389339325,1.0031199072400341,1.4155183360495727,1.2250602596250246,0.3253012050236066,4.3790257126092911
0.005345069867969808,1.2232929534364416,1.0741107046246725,1.2098176702915282,1.1487319195869654,1.1742790227017679,1.157124671686347,1.1448301957452358,1.2246664384435724,1.172083778283266,1.2524994011219484,1.1336023763587946,1.2502963488703429,1.1905463272246379,1.1951264645260835,1.257873378229192,1.1516456456141793,1.4298499046636266,1.1228515320221959,1.5046151920313093,1.0077009992419335,1.4247992439488826,1.2365563718776684,0.34638225010439783,4.4228638731874526
0.0055391325315420729,1.2258457714648898,1.0766867274458036,1.2124232656444605,1.1513734370806539,1.1770202891131589,1.1599146684073673,1.1476648051318197,1.2276967195497335,1.1752629886792647,1.2558808546853157,1.1348713229531313,1.2506357662703209,1.1942776073433379,1.1980673287888521,1.2598047129874885,1.1549128898088412,1.4328384369150058,1.126483679429839,1.5115755017871777,1.0128903454497049,1.4353218115480217,1.2491428038483718,0.37024115998974594,4.4669472123496234
0.0057402409996263441,1.2286179646948767,1.0794741997566462,1.2152493551185728,1.1542338364696647,1.179986010050726,1.1629310174958505,1.1507284249263985,1.2309684955846585,1.1786882537637098,1.2595222973256739,1.1466188686549685,1.2512609435356126,1.1983225813564786,1.2013805364430254,1.2621365722975497,1.2179361580815566,1.4363149940355697,1.2026646619269741,1.5193166948257897,1.0187309895864018,1.173180198710952,1.6560642567055766,0.3970693033097632,4.6647666855715215
0.0059486510832081497,1.2316216788712495,1.0824844802547204,1.2183086362137274,1.1573254345121171,1.1831881677356932,1.1661858446546205,1.1540333647556533,1.2344941841259853,1.1823718118997419,1.2634363988458404,1.1497426854634796,1.2522000950205978,1.1961810744166996,1.1878803505396718,1.2649022171538036,1.2236109482255415,1.440317755034016,1.2101354054357216,1.5278914864611579,1.025266131022363,1.1801518888462397,1.6811573137529194,0.42706321108562406,4.6972124157473445
0.0061646278809647488,1.234869314926101,1.0857286559846671,1.2216126933600648,1.1606595875771291,1.1866387121788762,1.1696907674406702,1.1575913431810141,1.2382861641716687,1.1863259695051624,1.2676357583798108,1.153191853259159,1.253483046998781,1.2013924720404248,1.1749246451693125,1.2681350614668645,1.2297326166603852,1.3736758207242019,1.2182068692691246,1.5373537672294901,1.032540122683713,1.1884493539721461,1.7078292523801792,0.46042476123693632,4.7291017710231245
0.0063884461164719786,1.2383724883313789,1.0892177092358679,1.2251736188899063,1.1642479859797561,1.1903488375445477,1.1734570468371999,1.1614138681081858,1.2423561161550651,1.1905619349745962,1.2721321404372929,1.1569846150823651,1.255141237727031,1.2070152265066554,1.1808344375244815,1.3258943571404416,1.2363227156979519,1.3821898321521076,1.2269092822134553,1.5477580273457079,1.2886041634374124,1.1981701281156347,1.7361357106128708,0.49735903298278572,4.7602704693563282
0.0066203904876540346,1.2421425893584512,1.0929618179591216,1.2290021881018394,1.1681011675737238,1.1943297503719918,1.1774954718791832,1.1655114746932611,1.246714900467282,1.1950905494966264,1.2769365428575554,1.1611394542096605,1.2572073178616563,1.2130681766204816,1.1873093787803555,1.3292197145824503,1.243401034935232,1.3915211120747699,1.2362716623047163,1.5591583364727057,1.2995400346262613,1.2094132065144265,1.7661265908391215,0.59954434348037466,3.9430390829220414
0.0068607560289206783,1.2461902566706442,1.0969703274247422,1.2331088542200512,1.1722292478962117,1.1985904228777144,1.1818154500029436,1.1698943945408544,1.2513721386477243,1.1999211292476275,1.2820583303470983,1.1656737070134113,1.2597152388491963,1.2195697141692108,1.1943802483624495,1.33301788873041,1.2509863742006928,1.4017148467546576,1.2463213586397615,1.5716079350441987,1.311302289905143,1.2222784125878441,1.7978457482822705,0.61911672160204034,3.9420604105107486
0.007109848486452487,1.2505243430203592,1.1012515017246187,1.2375026352923102,1.1766406299906862,1.203139920704416,1.1864255450424253,1.1745706045455933,1.2563362994109468,1.2050614501334849,1.2875052237044997,1.1706036946998211,1.2626999700243005,1.2265362634377652,1.2020756406286637,1.3373191121256696,1.2590953670724048,1.4128152430475893,1.2570839448344486,1.5851580468224711,1.323918993522966,1.2368656981397992,1.8313289969810285,0.64240796148806112,3.9396161385811865
0.0073679847071115197,1.2551530503125079,1.105811797908018,1.2421908402176625,1.1813423338672067,1.2079847723745161,1.1913320070643749,1.1795468278448311,1.2616134179540381,1.2105172982614931,1.2932827287844475,1.1759448636648813,1.2661969997975575,1.2339825550859587,1.2104238754711787,1.3421534642325241,1.2677421841272007,1.4248644731251261,1.2685815949625976,1.599857697419111,1.3374144038061786,1.2532729744024209,1.8666028530860785,0.66965493105817586,3.6627574567683041
0.0076354930414721384,1.2600817397097046,1.110655966823515,1.2471791357159283,1.186339463425611,1.2131296555546669,1.1965392221237607,1.1848274682783426,1.2672076472230174,1.2162918494053656,1.2993935950318587,1.1817095540236551,1.2702422238077702,1.2419198450572821,1.2194500668160799,1.3475492763718648,1.276936922535242,1.4379009504791611,1.1229495200987003,1.6157506921319964,1.3518068456833134,1.271595071445347,1.9036820898472797,0.70109032942855265,3.6629882336128503
0.0079127137614846063,1.2653138578279801,1.1157860721659745,1.2524703550700238,1.1916346225464736,1.2185767819738658,1.2020491785140166,1.1904141813745639,1.2731196250294943,1.2223854559446181,1.3058371792104708,1.1879082302411916,1.2511855849008953,1.2503564475268831,1.2183320310641648,1.3535333021652605,1.2866852936376745,1.4519602715718065,1.1347345340473112,1.6328759351431472,1.3671075445818133,1.5658890716522365,1.474941346939886,0.73693872719741194,3.3935446664690971
0.0081999994933027124,1.2708500203765993,1.1212014097275187,1.2580643718819218,1.1972268520380567,1.2243244232388406,1.2078598582222639,1.1963052603842925,1.279346734018759,1.2287941550589494,1.3126085208159566,1.1889108314035184,1.256133316532555,1.2592961877335256,1.2259952945696568,1.3601299407598617,1.2969882359739131,1.4670718378001766,1.1474309095319768,1.490798280285162,1.3833186924639449,1.5875963788575973,1.5090052821906283,0.77740883654769277,3.3965499640908092
0.0084977156658260031,1.2766863670334025,1.1268974602546677,1.2639571457610543,1.20311175452116,1.2303679274726846,1.2139655337548447,1.2024948950336807,1.2858815329802837,1.2355097396341534,1.3196979847728016,1.1978477385273436,1.2616819654970186,1.2922962359589292,1.264306809811842,1.3673602707481223,1.2021811570975842,1.483258076965285,1.1610592084580276,1.5128434810358158,1.3254861396999331,1.6111834231360262,1.5447402214049362,0.82269023051048862,3.4034880548715591
0.0088062409755271989,1.2828150906146463,1.1328653693362867,1.2701404469619177,1.2092806794065609,1.236697014930769,1.2203560239058788,1.2089724382065015,1.2927120767272982,1.2425187773606012,1.3270899636241893,1.2072147495509853,1.2678599867931553,1.3014965651518651,1.2741366998805006,1.3752401090864623,1.2156632018368327,1.5005322184133547,1.1756322348373942,1.536512727592708,1.3490282900529564,1.6366839309994248,1.5821024753968231,1.8892514821740178,3.3418543569277972
0.0091259678681560284,1.2892234317321947,1.1390913563755021,1.2766002838851307,1.2157193006336229,1.2432966119292814,1.227015172793017,1.2157215354249615,1.2998195552254401,1.2498011475770454,1.3347619518849569,1.2169886958663483,1.2746925656183521,1.3112570078892531,1.2847112525662396,1.3827958330130059,1.2298998963760823,1.3921683572712027,1.1911534943865263,1.5618264766071661,1.3737258389810449,1.6641110682212457,1.6210263534449041,1.9911375688137127,4.3339035852113739
0.0094573030379321976,1.2958919969237179,1.145555495456847,1.2833170327668597,1.2224073570018845,1.2501448654170417,1.2339205088148901,1.2227194709820992,1.3071784962883157,1.2573298011648149,1.3426839541666595,1.2271367499351982,1.2804764942427482,1.3215644466799858,1.2960318495970569,1.3950757289794637,1.2448720877328014,1.4090678287175251,1.2076145356186316,1.5887875336047728,1.3995303041083389,1.693456064271686,1.6614173573325388,2.0986632992861587,4.5613093281863257
0.0098006679448624564,1.3027945323109638,1.1522313002556075,1.2902640137324681,1.2293174977693297,1.2572131741856083,1.2410422407285751,1.2299360744486876,1.3147555315119916,1.265069428202878,1.3508171238881914,1.2376152474798801,1.2887840198993672,1.3323959103399829,1.3080907889782338,1.4079458908763627,1.2605472099512554,1.427215282925772,1.2249937464912364,1.6173789547556225,1.4263702976095374,1.724680829033332,1.7031488933134824,2.2116212311683725,4.5842317095957696
0.010156499350839883,1.309897202480947,1.1590844091178951,1.297405703682557,1.236414294678184,1.2644640225494186,1.2483422185039217,1.2373323031351902,1.3225079560179438,1.2729755911711891,1.3591123231856272,1.2649058051338216,1.2976519072130941,1.3437166576441086,1.3208681842484111,1.4213626344990189,1.2768773312000121,1.4466026570539725,1.2432530088881322,1.534297881641578,1.4541465158254141,1.757713897442045,1.7460570383409504,2.3296818911047659,4.702121177338995
0.010525249875207218,1.317156624875583,1.1660721567159271,1.3046986878206326,1.2436534966587942,1.2718512225792438,1.255772867429414,1.2448599394688245,1.3303831791412222,1.2809929481447853,1.3675095054509256,1.2774800808356304,1.3070642291640979,1.2866190508934778,1.3573736441519486,1.4352665545047785,1.276866888533732,1.4672019157919749,1.288115164878036,1.5587531907733592,1.4827286355575779,1.7924437180708992,1.7899347851634957,2.4523715385665241,4.7005004730308428
0.010907388570490948,1.3245203546150748,1.173141953787308,1.312088527628589,1.2509808658287511,1.2793180576586565,1.2632759748476019,1.2524600266109474,1.3383172740229838,1.2890555471956304,1.3759368207049647,1.2901964701040924,1.3169944797346034,1.2980738720561931,1.3679517501389,1.3967729179594244,1.2915426635390759,1.5999622738895596,1.3017876818748846,1.5845728690630949,1.5119494031314389,1.9974831355766582,1.7369723429583246,2.5790454534003402,4.8018957697786391
0.011303401519038452,1.3319235660735629,1.1802307598236439,1.3195102271511701,1.258331211443533,1.2867966472635999,1.2707825934239736,1.2600626265927986,1.3462343333667377,1.2970844582960126,1.384308648348906,1.3029367212720899,1.3274046426201949,1.3099875400571364,1.3787067912167004,1.4149648286947922,1.3068206616273983,1.617854072935188,1.3159746897499645,1.6116564197698153,1.5416012914283783,2.0493919737418764,1.7706047647661762,2.7088620461299797,4.7680291990400292
0.011713792451317229,1.3392910004317073,1.1872646519645969,1.3268872332819797,1.2656276575344236,1.294207699274466,1.2782114059675678,1.2675851235986784,1.3540454572369072,1.3049882940513271,1.3925260846067431,1.3155603514187533,1.3382427281921991,1.3222867626386687,1.38954126330691,1.4337875630735653,1.3226070580997202,1.6363018983192887,1.330572906506859,1.6398647774703932,1.2981857475351717,2.1023126492555093,1.8041081137780566,2.840756298782253,4.7907266022521071
0.012139083386662601,1.346534220922905,1.1941576106064531,1.3341298491788507,1.2727813604313951,1.3014580488911633,1.2854684695146261,1.2749322721537055,1.361648359610399,1.312661595000236,1.4004753233311931,1.3279045046674582,1.4042721320155351,1.334875866182756,1.4003394342838646,1.4531065477549419,1.3387818033758094,1.6551558286862473,1.3454524223657245,1.6690148450932156,1.3236383609619224,2.155790279010489,1.837053159782954,1.8836041044487501,4.7270978259621188
0.012579815297288934,1.3535521930132646,1.2008114956684039,1.3411360956375802,1.2796901741943429,1.3084430416495252,1.2924466684346498,1.2819956151772658,1.3689267446980011,1.319985392593253,1.408028645600325,1.3366924787665084,1.4147432462073084,1.3476369684626661,1.4453289722202953,1.4727546928834272,1.3551959640952873,1.6742317958569402,1.5140757854751428,1.6988723599789637,1.3493227986728016,2.2092768586935563,1.8689357580369688,2.0067014233936789,3.9478185200714506
0.013036548796408986,1.3602303879388096,1.2071157641344143,1.3477900207142568,1.2862394806184057,1.3150442410687901,1.299026323544922,1.2886538141442543,1.3757509386205129,1.3268270401999871,1.4150434428067911,1.3504334168333116,1.4250066947721507,1.3241806036535309,1.4591036491831346,1.4925282544008951,1.3716686230969799,1.6933072020892723,1.5301713975895836,1.9743264962565057,1.3749383612339443,1.8245382470913682,2.6220894031866919,2.1307589170610299,3.7296895386243705
0.013509864851336774,1.3664416500312662,1.2129482627078687,1.3539641187263101,1.2923023701849843,1.3211309094951957,1.3050748690466207,1.2947723998757965,1.3819781713824568,1.3330413798398695,1.4213644443211706,1.3634791597701224,1.4349016147942848,1.3369773463891761,1.4720934765332458,1.4872314627154992,1.4773224955562796,1.7121191050168818,1.5455280988480808,2.0025310693918215,1.6055402824158591,1.8754100525485455,2.6552306426892756,2.2542043146022479,3.4213840763550252
0.014000365522480943,1.3720472006857269,1.2181759615327792,1.3595184379896637,1.2977404705393383,1.3265609112322636,1.3104486938734681,1.3002064896031698,1.3874543740490708,1.3384715145327846,1.4268239250504848,1.3854046315068445,1.4642148307277694,1.349707617577792,1.484029300053578,1.502953815710498,1.4886873698258967,1.7875677380416164,1.5598329639960866,2.0295039675321505,1.6242203223255274,1.9252916541339005,2.6834052892590989,1.7614480273477966,3.2900455252529355
0.01450867472916862,1.3768972447192391,1.2226563420758794,1.3643029061844345,1.3024056030768634,1.3311823689170978,1.3149945370757905,1.3048011498200935,1.3920155506515357,1.342951958760068,1.4312466872233927,1.3990877904459467,1.4747506693145169,1.3621816503754189,1.4946163314780989,1.5182049225684295,1.4989498115747892,1.8067162970464778,1.5727350247993854,2.0546834022494522,1.6410117528821502,1.9733343039409021,2.7055484736993094,1.8563827071920969,3.0094084336742526
0.015035439043273929,1.3808349515326137,1.2262404477851305,1.3681600748239191,1.3061427316624759,1.3348367741961056,1.3185529463501098,1.3083953595899516,1.3954919650290094,1.3463120373025959,1.4344512465634125,1.4114806792433683,1.4841436187221575,1.4022151501400231,1.5143537112282388,1.5326853799767832,1.4825232864513964,1.8240739405516706,1.5838485459653384,2.0422204873889314,1.6553714050428425,2.0185765262473012,2.7205210675674607,1.9460617798758904,3.5324688764475241
0.015581328511660681,1.3836989303328799,1.2287755837764962,1.3709281860290545,1.3087930512460275,1.3373620628971139,1.320961310236612,1.3108251259517658,1.3977116303941557,1.348379732087551,1.4362563279606775,1.4222170931534492,1.4921113673134414,1.410812573124872,1.5249212699767463,1.5713217301953364,1.4929435084799252,1.8391498825030794,1.4889787312595217,2.0680901812539787,1.6667110476732887,2.0599522409931978,2.7271293827907357,2.0280207808391424,3.4515068437656895
0.016147037508485406,1.3853270739139347,1.2301107783644056,1.3724461362087439,1.3101988822704698,1.3385981346231119,1.3220595316729487,1.3119294810720135,1.398506404645218,1.3489878647126261,1.4364866572832398,1.4309066404745181,1.5139162882331192,1.4184528993964705,1.5335970550025877,1.5812665425254409,1.5011815429665205,1.7402081441935024,1.502274637424307,2.09032200047956,1.6744104288773656,2.2060551308532013,2.2886701574752806,2.0995727548142895,3.2223838804834486
0.016733285618444747,1.3855633952627784,1.2301008918748266,1.3725588548657695,1.3102092108316583,1.3383925837316042,1.3216955518282703,1.3115561208967961,1.397718298881216,1.3479815001044244,1.4349808401181008,1.3824822761348483,1.5198182707964882,1.4022912357324344,1.5075624290054748,1.5887918969264945,1.5068312038181269,1.7538706493627956,1.5129461946153242,2.1081064851471076,1.7713719707771816,2.2238656223707949,2.2906165157910436,2.1578812389925588,3.0742095287405391
0.017340818552090808,1.384265283613189,1.2286156043942356,1.3711253472286451,1.3086876446605373,1.3366078976840186,1.3197334025876444,1.3095687962532558,1.3952080355891496,1.3452252527590645,1.4315998661587059,1.3875784891006795,1.5229936701562012,1.3974046412416783,1.5060041273613933,1.5934672795351688,1.5094824028395202,1.7643201092175289,1.4557243471645833,2.120604574674644,1.7755696111917132,2.2335403258548467,2.2827304523307248,3.7112152846821118,2.8725955991503724
0.017970409094378741,1.3813106384852745,1.2255450827268533,1.3680256792358776,1.3055193204713156,1.3331303125775378,1.3160616736799398,1.3058568097855545,1.3908636630504816,1.3406136918727043,1.4262376412316087,1.3899741419035365,1.546432965639724,1.3988237071841922,1.5015120550838219,1.6085143352920852,1.4439730791112879,1.7710039893250098,1.4551353185323346,1.9352464271787539,1.7737441758854402,2.5685609630018007,2.2641257248542388,3.7071005323668942,2.5495905374600625
0.018622858087653158,1.3766080366655729,1.2208113703474055,1.3631716563924101,1.3006217456025244,1.3278795480420769,1.3106029758182984,1.3003445979744175,1.3846120460715934,1.334082026681898,1.4188322104726439,1.3445520669410485,1.544615877355227,1.3984337848266364,1.5698346346612198,1.6126360546613725,1.4440163129979737,1.8011847792490698,1.4511907004289668,1.9345437019292149,1.5063933562341845,2.5603554401895963,1.9192179036817834,3.6722632147138938,1.8403726714827826
0.019298995450323576,1.3701075027570369,1.2143765855056472,1.356517081798188,1.2939543890152301,1.3208189092459541,1.3033255054070381,1.2930017341646334,1.3764289988382683,1.3256162723227334,1.4093772143134782,1.3407928055598859,1.5386120210457648,1.3736168333041405,1.5088448666874683,1.6125778849885535,1.4410186561690352,1.7914556349246595,1.4436392846116064,1.9277817470529044,1.5012021024313071,2.5384104544355068,1.8742174829239957,2.9063299992776592,1.5197439927462426
0.019999681232524824,1.3618114999553654,1.2062547007450917,1.3480685969871615,1.2855300215297802,1.311967706512855,1.2942531325252249,1.2838554720125899,1.3663521123704712,1.3152659501380271,1.3979341010385238,1.3343541228496179,1.5556342620029682,1.3680468549762708,1.4929995570619212,1.5765395467343879,1.4638666336427377,1.7768983624559951,1.4323264439340164,2.0536056308956177,1.4904774684782751,2.5018124937923858,1.8182241289687227,2.8410505402716808,1.2207829963783325
0.020725806710105182,1.3517859002331534,1.1965219509267513,1.3378981229166129,1.2754254590274172,1.3014109239072305,1.2834773070904681,1.2730004635740784,1.3544911264907,1.3031547097682106,1.384644426095754,1.3314100865047749,1.5431438861660354,1.3854483861032609,1.4728755812220697,1.567755371021974,1.447276326894098,1.8444250350626135,1.5214920666753642,2.0179640795613523,1.4740821267705542,2.4500467181424028,1.7518364302695772,2.7487852625199594,1.1660966100243968
0.021478295518333718,1.3401728614921922,1.1853274246079835,1.3261531475361608,1.2637934970107381,1.2893116480597371,1.2711679074723747,1.2606103409584648,1.3410399446930796,1.2894911232512882,1.3697393992559626,1.3223969930063504,1.5260171493846428,1.3702358424246164,1.4867447820206507,1.5550562795008318,1.4277556080246541,1.8094629391753188,1.4918200755923863,1.9749732401869551,1.4963356692428533,2.0858544657967286,2.2669037978812412,2.6301954374648631,0.96304955392406555
0.022258104826769043,1.3271996083672093,1.1729022987704505,1.3130672288066307,1.2508717451332245,1.2759201572044674,1.2575822494867168,1.2469466862921763,1.3262850501272965,1.2745769458954896,1.3535490867699309,1.244440173872249,1.5027044879734603,1.3525427286601825,1.4662385294295746,1.5143326038423766,1.4142871649792141,1.7688942300155759,1.4507324604137466,1.9251669064360613,1.4575524355700509,2.0336667750889319,2.1468075420980313,2.4872467108652927,0.74832940147484805
0.023066226556783781,1.3131880928794999,1.1595675172982256,1.2989694199609403,1.2369905599455251,1.2615816306025351,1.2430726382352191,1.2323661806576638,1.310613057437763,1.2588137622901172,1.3365082462156579,1.2297659441791211,1.4813505446427371,1.3210782589388543,1.3731740730172532,1.486771137335154,1.3865608500523194,1.6946014610102793,1.4196182708350307,1.9510093605495058,1.4149785935974251,1.9698570548716816,2.0183304146212322,1.6819286147947423,0.59305108689295594
0.023903688643293591,1.2985610664495653,1.1457386186961607,1.2842879499346509,1.2225785174709927,1.246740931479394,1.2280912629070144,1.2173248963110836,1.2945142650964954,1.2427057970121496,1.326835444283688,1.1835797849832375,1.4215651556241937,1.3714090035873774,1.3511965389243414,1.4567321675456242,1.3563620895147324,1.6521460107014718,1.3850651423430236,1.8877704154183448,1.4981411104785423,1.8189884224848356,1.7855249225303851,1.5324030200135894,0.50786999871343141
0.024771556342295536,1.2838425011482286,1.1319265300420227,1.269552724823825,1.2081631401670165,1.2319431291483056,1.2131891425523236,1.2023777252341006,1.2785821786995939,1.2268579227002192,1.3052142953858947,1.1637867280723526,1.3979733199303155,1.345860878988197,1.3285045407887992,1.4508863088612998,1.3210037850553817,1.6066011337488817,1.3482256868387594,1.8204769113654038,1.4415066788930773,1.7309717586031184,1.688620835517213,2.2107959343120456,0.45984987015253864
0.025670933585879095,1.2696547437881236,1.1187321050435344,1.2553917689501759,1.19436592952502,1.2178282365058521,1.1990115186014236,1.1881738389822658,1.2635062738684155,1.2119685017166262,1.3027304513934723,1.1455147869100415,1.3728035591866501,1.3139755486922962,1.2731732317724891,1.4154518897948947,1.2947383360201457,1.5633836028755468,1.2771864838531428,1.6656983328593924,1.3849885657351031,1.6412486819172045,1.5944506720934442,1.9448656964232214,0.5305343008658383
0.02660296438643335,1.2567077163121212,1.1068354461742835,1.242517394427523,1.1818912610183361,1.2051183944075206,1.186284873289992,1.1754428691951944,1.2500579903494327,1.1988151316693347,1.278759129061882,1.1385270036708164,1.3164881693128336,1.286864358109451,1.2471038029834745,1.4174010036995242,1.2866872858464831,1.5223760721391955,1.2480170588095234,1.6111445566075417,1.2591232635572851,1.7570789820019854,1.1673336360430682,1.6915391475777142,0.65913663792889565
0.027568834291836514,1.2457778596744902,1.0969753359175627,1.2317084935220919,1.1715052606324434,1.1945969807470647,1.1757947381531153,1.1649738635578615,1.239068238248592,1.1882298859393927,1.3505997775716878,1.123911440404342,1.2937411803168288,1.2871298889745475,1.2779928574855148,1.3903745904623293,1.2635341782355454,1.4969769516483211,1.2473893088735508,1.5610596214964971,1.224990454541512,1.654083744098898,1.1165123373798451,1.4613121307920665,0.85487457585986704
0.028569771893478792,1.237676187418856,1.0899166656090129,1.2237755180765362,1.1640033560332199,1.187074188229758,1.1683522248603708,1.1575821200527798,1.2313903004120448,1.1810636429065369,1.3255075543449522,1.141356013663426,1.2559373943158789,1.2611646125267271,1.2584718270582016,1.3672377886776985,1.2455135165587592,1.4563032511409801,1.2183752869939939,1.5103865996497916,1.1980631199803611,1.4822418089061102,1.0839217269067376,1.3156423198524863,1.1465869450476021
0.029607050389036851,1.2332014642172453,1.0864065291508354,1.2195144711913599,1.1601642331399376,1.1833390923351956,1.1647455383688481,1.1540604327589108,1.2278485672399029,1.1781350154580394,1.3070513562893566,1.1342153469445293,1.2457103294536864,1.2886790948730606,1.2435607419115513,1.3031089792928583,1.2045985944671536,1.4252106480295197,1.1977854987763408,1.4746187936725619,1.1479757612496542,1.4299355196926626,1.2981637811117253,1.191233505429409,1.4331494598882273
0.030681989201987656,1.2330767706134793,1.0871119777432057,1.2196422014830546,1.1606852099370428,1.184094960879668,1.1656749487395408,1.1551144356508303,1.2291709806018787,1.1801604720248129,1.2868333290605811,1.1365779438042409,1.2178778437630626,1.2707592715821079,1.2458455582012233,1.295533187565411,1.1929053137770183,1.3998599224249233,1.1782349415861972,1.4951604943889834,1.1478829288898851,1.3962236659517657,1.2805230891299288,0.76068567861511838,1.6830637301318347
0.031795955659921847,1.2378680907879698,1.0925428516422357,1.224715175968754,1.1661034101364089,1.1898760480890971,1.171669288334094,1.1612785813433675,1.2358983478941941,1.1876643296853011,1.2737933835045263,1.1350396726707004,1.2264063980496758,1.2064197855870589,1.1793241054948851,1.2510018598399029,1.2192803375486392,1.3886028592127531,1.1692738390738668,1.4798879813876056,1.2140586038804031,1.3104182200750074,1.2954221354120818,0.76887098385032004,2.0696085323579609
0.032950366733791245,1.2478848734374992,1.1029573332473319,1.2350304358253084,1.176696388685329,1.2009477542177365,1.1829847147739088,1.172813151207891,1.248277265590108,1.2008701778926252,1.2684730000265887,1.1522804225910477,1.1954090960001424,1.2494920194392307,1.1960522554230693,1.255114239515251,1.221993597875155,1.4342220321035484,1.2143156344232011,1.4928163001511052,1.2301761897142569,1.3432625261264093,1.42955161172722,0.82486797522309629,2.6098413050640374
0.034146690840303091,1.2630722337052447,1.1182589211462073,1.250515390939632,1.1923747285075876,1.2171959173492723,1.1994937960499215,1.1895913270867737,1.2661398599563256,1.2195781715863063,1.3412536547326432,1.1622460399048578,1.220038522281655,1.2732373268622723,1.2227983395507636,1.3367628664573203,1.3058632983936604,1.4624984957742981,1.2568320226992,1.5229951663591237,1.2792825749020267,1.4292476896591584,1.3053684779442847,1.067603305515604,3.0853690460789949
0.035386449709753513,1.2829017280920865,1.1378944300954572,1.2706211711706459,1.2125758821612749,1.2380190239259719,1.2205755509853589,1.2109869851304325,1.2887874301414968,1.2430469965653401,1.3393267544066703,1.258442643291346,1.254330077071188,1.2848122598288683,1.262871784097868,1.366142327621219,1.3359970428061843,1.4724490009903093,1.2971455014248932,1.5814623884484718,1.3216840443419642,1.5090576689148065,1.4207451962865889,1.2065788585652579,3.6036556046456099
0.036671220321676121,1.3062875554898739,1.1607761540258252,1.2942374463118824,1.2361808344198835,1.2622445430399694,1.2450317718626138,1.2357881772103383,1.3149016166718184,1.269903717915895,1.3628968896214246,1.2890550788915789,1.3285418446530457,1.2928498614987802,1.371488904987018,1.4404812506472808,1.3161346538395264,1.4906066142698364,1.3486876282895537,1.660619865402623,1.3761441726492194,1.5410740775823797,1.5509750358469319,1.4398102204231691,3.6432991987094283
0.038002636910767926,1.3315502342692582,1.1852527208220636,1.3196596991249976,1.2614833998861741,1.2881004079370086,1.2710592179969353,1.2621683338306866,1.3425164265534022,1.2981191221717836,1.3684937414629985,1.3101800276799622,1.3749220359520677,1.3128289553005743,1.4089139928414625,1.497986220497296,1.360391016968606,1.5475546569605285,1.3316816630413086,1.731376668545181,1.4811524222022854,1.6535478881987729,1.8338918315130286,1.6310908396972081,4.0981548515846953
0.039382393045644108,1.3564690078613069,1.2091634061875993,1.3446418349209353,1.2862458515921844,1.3132745117666218,1.296312175136336,1.2877501713830952,1.3690936314721966,1.3250890402659934,1.4066432659049042,1.3155521628623319,1.3993821472045056,1.361287842625643,1.4137215822293001,1.4686146965123044,1.3659650399217753,1.6088784489224963,1.4105840183792679,1.8202826331416873,1.5670014384268143,1.8376645157374014,1.9109048517857445,1.7420765245251459,4.5736612717155367
0.04081224378306586,1.3784436479848381,1.2300025403906147,1.3665655444543177,1.3078692012695683,1.3350951829186215,1.318088971823272,1.3097970512033044,1.3917315854105254,1.347855680914563,1.4466129969537036,1.3658401056786715,1.4365012913563078,1.4292602789791999,1.4017684788530573,1.5570362662847401,1.4948544388577574,1.7444458708905586,1.4579960679743635,1.8707441900697859,1.649419946330454,1.9825720090132286,2.0151445179799339,2.1923618200452362,5.0070532253594138
0.042294007900381417,1.3947865878600894,1.2452086302928365,1.3827350744529667,1.323692328844686,1.3508427954657236,1.333651333015041,1.3255414614046117,1.4075198758629313,1.3634795712744108,1.4928816491134356,1.3900726175570526,1.479088692243522,1.4767693483272524,1.4391518608395277,1.5948352449365757,1.5332119913512621,1.8309801523332681,1.5856050524307648,2.0351455539800156,1.6349976492329006,2.2018841658935457,2.0921051897385041,2.4585180833928462,4.5381900919310283
0.043829570209020015,1.4031293985503233,1.2525599742973554,1.3907909116828634,1.3314043658702417,1.3581764280418156,1.3406609607800419,1.3326308762705992,1.4140171525941128,1.3695359724330274,1.4972895487507216,1.4243783140350388,1.5331199236707391,1.484113825919394,1.5241052572524723,1.7066571041614225,1.5518639748325995,1.8753661225428573,1.5295828722696569,2.0886371117926501,1.6638979755744003,2.09162128071182,2.0536428547084142,2.6692043839757389,4.5804237692354945
0.045420883951981537,1.4018908732754767,1.2506275184093738,1.3891802600619059,1.3295140369867156,1.3556159583125122,1.3376682259964809,1.32962323893471,1.4097779216829309,1.3646524768850554,1.481155619400397,1.3975595375227385,1.5552338644853876,1.4994598875641998,1.5396715187383734,1.6653243092732737,1.4709780464877298,1.7962750696089209,1.5572272754857295,2.1175859625964222,1.7559338295237694,2.1242856322060106,2.3015602121490701,2.333448765151843,4.5168298937358031
0.047069973288371467,1.3907218855152905,1.2391961621601411,1.3776026843399904,1.3177861132685251,1.3429884318750265,1.3245573581579393,1.3164369543698484,1.3948197226692738,1.3489769275604644,1.4944427736172656,1.3710307876473138,1.5315381501591219,1.5059477799362355,1.5305203330501627,1.6590315244635399,1.4694547725267739,1.7977573794532873,1.4966325876334849,1.9816299403046287,1.7916524211759679,2.23981219666166,2.271331444917017,2.8091868476913078,4.0435430156339862
0.048778935868141471,1.3708220268392779,1.2195556439128854,1.3573222006677952,1.2975427530197408,1.3217256573032188,1.3028368880119814,1.2946313147652972,1.3709067833613631,1.3244418744369426,1.4993379955426462,1.4081287012476196,1.4819867042219812,1.4764210742202977,1.4544984663853029,1.6022678742294829,1.4876113021728088,1.7465408513908187,1.5868723748149023,1.9120197565043782,1.7518588254632519,2.1564805371526745,1.8990964262738999,2.7390588992711855,3.0150177783507388
0.050549945500310701,1.3450406070878671,1.1945728450556885,1.3312566992858592,1.2717355577366334,1.2949261163817027,1.2756852599272861,1.2674399574289055,1.3415618188677172,1.2947407772093698,1.4249395975484731,1.3903745371379728,1.4416101075667029,1.4350721647867886,1.4545230939556859,1.601597155572108,1.5023818372983442,1.7652243113461736,1.5307624670513178,1.9175789454639016,1.5125033344224526,2.2520799229823751,1.6355159171671403,2.0267358751880238,2.4570751258142991
0.052385254918061869,1.3177075451035307,1.1685020832448743,1.3037973465056893,1.2447513456102115,1.2671388120171514,1.247715004136694,1.2395182491995911,1.3117741098074021,1.2649974714639711,1.3687235636189143,1.3176153474282728,1.4432562324336686,1.3831521212686084,1.427434153802551,1.5184394422058176,1.4469584768353343,1.6192319221809157,1.4422473635542588,1.8570052499744634,1.4733617128713377,1.7969016263559752,1.7971758251223946,2.2309429963934235,1.902753669408412
0.054287198644229165,1.2941893002362121,1.1465338676037504,1.28035139423082,1.2219468840874015,1.243871859953515,1.2244687969880488,1.2164318929872024,1.2874374372684088,1.241174741812074,1.3098781457301811,1.2496483556611224,1.3614508663326887,1.3174199358864485,1.3699158297852136,1.4224118156178065,1.3359211521324141,1.4745454520761996,1.2633572476103154,1.7442662636258319,1.5155876676892532,1.6371628498891369,1.6391962878967661,1.9015911569586024,1.2109325510893427
0.056258195960823126,1.2801699839069443,1.134092190315954,1.2666129150607048,1.2089280261811837,1.2308459136622787,1.2116684857758173,1.2039109027402901,1.274552167398042,1.2292704811587782,1.2594957098370969,1.2432447453995792,1.3199998357442837,1.2442291597869257,1.3235962338990248,1.3766299788002812,1.2554358484894692,1.4760489653058357,1.2133902392428766,1.5005005275934309,1.4312555195089089,1.471822153107496,1.3828976729564602,1.305872083925351,1.0306268730892043
0.058300753986369434,1.2806345271333157,1.1358587641781241,1.2675443013558834,1.2105476918510476,1.2329657125986273,1.2141933150721229,1.2068402306294956,1.2781603669925516,1.2342639126169956,1.2593819216331497,1.1920731263645961,1.3588399582198463,1.2431824874460915,1.3181330138635303,1.344502883566868,1.2762225425749421,1.440120565994448,1.2489763417489144,1.4376991690151044,1.2844292771678738,1.6482487420471443,1.107587850161508,1.3915974478732096,1.2276206578098936
0.060417470864976577,1.2985273219610463,1.1544967002045894,1.2860310868819624,1.2295857893969355,1.2529739328303218,1.234737827616061,1.227920104482223,1.3009446737612222,1.2587239233248955,1.2621393828546843,1.1780732723152596,1.3013626819205086,1.2587944311590036,1.316466576541627,1.3496066139807681,1.2753407690491372,1.471056162490413,1.308287598665629,1.5567111000179352,1.2439360328980911,1.4843881812350901,1.1666373532934813,1.4093828956338257,1.4082135552307591
0.06261103907118791,1.3331915075865197,1.1891710015070203,1.3213225700352673,1.2652111035692712,1.2898867636507134,1.2722377917179699,1.2660714100687183,1.3415633759357348,1.3011281215238171,1.336784350864491,1.1859198593226665,1.3562494162724832,1.2660854886480593,1.3326673678297425,1.3969654259262825,1.2613248590291732,1.4621686686227804,1.2474395622421071,1.5585106783205447,1.4300622600076167,1.4069579521390914,1.5620012315885106,1.1998078245846955,1.8490760347340256
0.064884248834823202,1.3790750425482088,1.2343260314860345,1.3677394863479009,1.3117020872920762,1.3377012470633645,1.32056190363312,1.3150846504007632,1.3932554901791718,1.3544344743253305,1.4158078349573771,1.2468691475542073,1.4203261538685972,1.3441428822598027,1.4033332683290212,1.4716253572596543,1.3380934609010637,1.569759599237841,1.326600797870924,1.692007845439548,1.4979203743860126,1.8065485218896287,1.8607782640319783,1.6010905300913691,2.584521961864084
0.067239991690164716,1.4256260258930809,1.2796272536779725,1.4145903899453174,1.3583730694566611,1.3853514198381163,1.3684690343000057,1.3635559924024392,1.443822783913447,1.3659538351798801,1.5016060211087279,1.3226858249117868,1.4766551194129249,1.475221519038314,1.4776407512364358,1.5526133770536035,1.4304988140593196,1.7145437865106032,1.490136351284491,1.8370706096918639,1.5299299207363219,1.9976830974856057,1.7412593694243697,1.9089507903153304,3.0680008805938996
0.069681264154003733,1.4593890257757067,1.3120406871576051,1.4483086956332727,1.3917277510845452,1.4189633191713256,1.4019200906789138,1.3972457369677613,1.4781927741405525,1.3629609217671828,1.5781712221707949,1.3750158379052664,1.4864224393453502,1.5284526247378381,1.4884568676903598,1.6453242290938306,1.5058015109941607,1.7950012761752987,1.5354063838422007,1.9610477100610808,1.7020375448164486,2.1828766258433916,2.070906897295572,2.0530730252196463,3.5409514167695306
0.072211171537224589,1.4684820893853123,1.320224153472509,1.456995678233568,1.4000173575717554,1.4265753983044078,1.4089031865610195,1.4040251718586774,1.4837133643218294,1.4133234997285058,1.5990463470279792,1.4815115049009364,1.5094502611124199,1.5307779533045505,1.5491024534352391,1.697615200751315,1.5723020461809369,1.8598611581197495,1.5934590959220714,1.9954004054615098,1.7855065283315525,2.3008492902081343,2.318367300558748,2.360179484316177,3.7507543553947471
0.074832931894776314,1.4480113532275709,1.2997752752477254,1.435879770673381,1.3786875199050463,1.4037353899574612,1.3851191666714726,1.3796807948060272,1.45629002542141,1.3459938044452084,1.5670468659072867,1.4987433077995433,1.5230876514585816,1.572558729398537,1.5467433445447796,1.6422782536120621,1.5622181084072508,1.8404994361724221,1.6482818457478516,2.0085004732854941,1.7354407530493177,2.3004135786904953,2.0140532821719717,2.3322182549454737,3.4716101705888605
0.077549880119054199,1.4036490981795851,1.2566010243312391,1.3908764285100688,1.3338596085071117,1.3570101325915651,1.3374647233649544,1.3313933283668575,1.4039550714335007,1.338617758072246,1.4747180081303668,1.4586539159078029,1.479728319337255,1.5315090426842062,1.4918293814616845,1.617455773257916,1.5244111594633978,1.7978782178570327,1.5659552839217667,1.944013648746477,1.65343159387578,2.10379561238733,1.9382925672641704,2.2312045116123045,2.9164133242411481
0.080365472181900266,1.3510574970978269,1.2061676676718349,1.3379157273243436,1.281533177897245,1.3030446490098484,1.2829283491401497,1.2764761611745143,1.3453355272440604,1.3119979603527554,1.4096399211271091,1.3831440511455639,1.4385219783839602,1.403090816852,1.4890303047222915,1.5393338750293424,1.4657844054463567,1.6692772977230561,1.5234485940318336,1.7727887929268036,1.5309197242420964,1.8864345146212145,1.7859685020985765,1.8913776410045102,2.286136260985586
0.083283289530616339,1.311126815456646,1.1687066310640972,1.2980581623719445,1.2426179573436684,1.2633435344270083,1.2431913593310924,1.2368031830349082,1.3035815347731159,1.2261297028260572,1.3326488628362085,1.286116594585792,1.3908696675973715,1.3562089647586504,1.4016433219076134,1.4053747580317122,1.3543060313809292,1.5223486289787616,1.4168485585263397,1.6368816745061849,1.4056552205952837,1.7251007022277918,1.4605742446744898,1.6358455074732774,1.7369286969576905
0.086307043643583686,1.3028508219485957,1.1622853976859124,1.290297263580328,1.2357901061285474,1.2568976750642946,1.2372080086794597,1.2313612973281352,1.2984513178520842,1.1998376598885407,1.3422249169152281,1.2361745948881122,1.3623130522491351,1.3080293535025476,1.328073325066498,1.3817315046913379,1.3455950824342153,1.516780972080312,1.3137328095989691,1.5313387995751668,1.383240261024639,1.4930792125214793,1.4995609360885283,1.3680629216323723,1.5297047850835952
0.089440580751281543,1.3352675329269346,1.1951506306418196,1.3235009281395094,1.2696015995485515,1.2921448783311575,1.2732318410634633,1.2683498179795265,1.3380695760708794,1.2132849555564462,1.3620619006723018,1.2563256053922487,1.3736290716156603,1.3330242482513768,1.3636350645639084,1.4351479497290711,1.3504580431824706,1.5830046402379594,1.3948585310026829,1.5529834253401162,1.3871264054450876,1.6043518008971205,1.5072271246390301,1.4367193341240636,1.7637245181540493
0.092687886728712393,1.3996765466001166,1.2583915845168576,1.3886558825580693,1.3348697101319544,1.3592763525313103,1.3411413273488506,1.3374530529651736,1.4109546067717815,1.3468520696487758,1.428940777100081,1.3258898366675567,1.4482567807257283,1.4125672672248584,1.3816863732605498,1.5154471547257344,1.4065630874877115,1.636580629115997,1.4289927250829351,1.744054470550509,1.5578250396501971,1.7446702018369251,1.9212408874300309,1.5230953384048576,2.3475635772629175
0.096053092165454393,1.4672299812195355,1.3237780843396649,1.4565297714740382,1.402385052184286,1.4280424667176703,1.410227988453471,1.4074915026118902,1.4837833918533079,1.4223163200649651,1.5150987084914505,1.4458662862530218,1.5099519912445487,1.5075398527765174,1.5407362758974159,1.6715889388833602,1.5618941597399498,1.855388014799928,1.6119629079526021,1.8802131008492324,1.7084361999513931,2.0319548669617973,2.0911954621587938,1.9519230444717124,2.9780224580899812
0.099540477619792678,1.5005513680443485,1.3552063326469579,1.4894988834636287,1.4347658881927998,1.4601194184613178,1.4417945080288064,1.4392266963570535,1.5152265605892694,1.5091463048415505,1.5633064101292766,1.4860530625525143,1.5956056130022986,1.5617553154659163,1.6210864540378793,1.7073259602191797,1.6139436071869078,1.9030454697102641,1.7025961601120798,2.1190721266220862,1.7256125663143393,2.2471516853034927,2.2276328028201533,2.1186256640448846,3.4804934656494879
0.10315447906361094,1.4789898499493574,1.3333146871970314,1.4670793523319503,1.4119970815420047,1.4354392773118931,1.4159581733881694,1.4127728342943868,1.4850591395236343,1.5255952381195357,1.6231196238855148,1.4773213575443265,1.5970476350166791,1.5668743434349182,1.6496894053000233,1.7198133165272793,1.6850680171519343,1.9082596610851397,1.6320700558440677,2.0172517467035505,1.867105522371503,2.0903368883373332,2.257098290202407,2.2467997738385748,3.3951410177958223
0.10689969352496964,1.4183103249479245,1.2743064155856842,1.4056320488750771,1.350895277218001,1.3719555271951549,1.3514684515075146,1.3476072126036343,1.4149140430666876,1.3912305630565243,1.5617573560680285,1.4006568565406958,1.5646900906863266,1.4812048617850451,1.5735483079906771,1.6081847853872659,1.5659308995936954,1.7053249198052072,1.6555425655442377,1.9303394867929455,1.6274506320862561,2.1205418334793649,1.8667177605436791,2.0002572692537797,2.7731481911996525
0.11078088493554963,1.3643576701369966,1.2230852101080814,1.351602470000671,1.2978864996969151,1.3177066055307023,1.2970753596021041,1.2932463811769139,1.3786018557041189,1.256624163617289,1.4338110269454774,1.358305096895029,1.4314898274615189,1.408768606074716,1.4617398603745642,1.5078475832243612,1.4528915460805365,1.6125853354906212,1.4600873911149392,1.6776087337639183,1.5951151724408632,1.6818672324916406,1.7117313475119698,1.6448000515229069,2.117661032802971
0.11480299019039646,1.3645756135792908,1.2252198576774695,1.3525862332928682,1.2999887625690008,1.3206733351004232,1.3008178198242319,1.2979425039101216,1.3573017973082901,1.2097499283332667,1.3820322960068552,1.3095537185798776,1.3680478680271904,1.3683389544751208,1.3632493216862258,1.4784818629864844,1.3377957829996205,1.5376881735402037,1.4039538084137817,1.6052027257301233,1.4493247349410012,1.6440498011779709,1.5915823636369169,1.4864956858882579,1.8097444788727444
0.11897112542767653,1.4344272973707461,1.2947900198821571,1.4236597939065696,1.371681234177597,1.3949432041600289,1.3763266196504276,1.3750958600303758,1.4245976775684994,1.3355646658405931,1.4011978998207439,1.4149143536280917,1.4361780198133829,1.4639349551121086,1.4229714569826228,1.493556769926272,1.386922991643587,1.6335497210995982,1.4164442599699214,1.6989835872225285,1.5904526145332056,1.6371623581437689,1.6980396169346932,1.590991718583723,1.9810518042795593
0.12329059253642989,1.5316490304958847,1.3899937468786447,1.5217495043250437,1.4697001104937044,1.4953345864539642,1.4775272421377394,1.4777754585805951,1.5176796550326799,1.4916743149506146,1.4886154609405367,1.4577423709497452,1.5500142604073517,1.536249781067454,1.5805214215182559,1.6629690376637427,1.5491167642685468,1.7929502402396338,1.5972620224556522,1.9258882772732022,1.762899855059004,1.9833922859913855,2.0288036160854972,1.9417915812335309,2.5387158311787061
0.12776688590060065,1.5725054576001156,1.4293315108318438,1.5623355876776657,1.5097709996182402,1.5351779554268887,1.516705507248389,1.5168707190365467,1.6137517245302746,1.5327883678138363,1.6319480810217897,1.5289715151458267,1.6953750628065112,1.6273205625316223,1.6561261287961457,1.7236616512151386,1.6985365734436755,1.9193832874367018,1.7448295732647239,2.0929370089444888,1.9155881055394275,2.2070852677288713,2.3261830159763122,2.2597418026948617,3.0206368772942369
0.13240569938792018,1.5138704434542092,1.3718089574500709,1.5024924889095672,1.4497279293416585,1.4720467067899534,1.4517263945710113,1.4502436193206485,1.589904328167222,1.5229836767603615,1.665487874655355,1.4938669038600949,1.6664661308404902,1.6033095615848083,1.6835751915205037,1.7643769889713781,1.7194167512207059,1.8928089751875632,1.6866490629686837,2.0968925016022695,1.8586401720949652,2.204651858048237,2.1621389250881293,2.211741289942438,2.9918289594843372
0.13721293359253647,1.415630486844293,1.2769311455092875,1.4034038460297324,1.3514315045106287,1.3706544656612039,1.3491680762243163,1.346550547817742,1.4414693271637589,1.3960907036696426,1.5143497066392229,1.4361967480467115,1.5177407964183658,1.4971345226487642,1.511384136556444,1.5858868156094559,1.5146871957322219,1.6944599423945874,1.6093396723292699,1.80420794372003,1.6356898961521438,1.937402802906945,1.7741052631404273,1.884600005869288,2.3359946556774958
0.14219470334059872,1.3871076669170179,1.2508392877360528,1.3753244274607823,1.3245926251707942,1.3437468879482708,1.3228081071611655,1.3210439835418128,1.356157070953941,1.3411080361006458,1.4473169557575147,1.3432518415548422,1.4357085313588414,1.4215433582278862,1.4323694813737404,1.5559024276438436,1.4634993861996861,1.6479124201529181,1.4326785764973806,1.6385193328525816,1.5810772342972541,1.8029464703795384,1.5608327728714357,1.6639983841018875,1.8304314977419835
0.14735734546834808,1.4775288879222899,1.3400845127125081,1.4671060871445647,1.4169709393352674,1.4391673034328676,1.4198115590797045,1.4205140512724359,1.440567518177204,1.3831437279834518,1.4909745561173509,1.4051083882759485,1.5146224232116197,1.4876688900631052,1.5163898870148387,1.6003606413075886,1.4754493615459978,1.7114255460014647,1.5139795023123952,1.8181926989431076,1.6218689921261102,1.8781907955953372,1.7458016084601695,1.8149799426860795,2.0216655585027183
0.15270742688260411,1.602995924263257,1.4622740523309403,1.5934327179973593,1.5429996923272142,1.5678432309612162,1.5493810515259838,1.5521452526865573,1.6670083538704148,1.5131076635643694,1.6232572820370592,1.5746641052055566,1.6590517512988754,1.6325743208458334,1.696372551890704,1.756817253168947,1.7042207556123685,1.9318713356638,1.7707584504219085,1.9951373829893555,1.930625257504289,2.1947624411718891,2.2160601898685854,2.2612082838237804,2.5936200268952234
0.15825175291390461,1.6099013773908837,1.4683102470978611,1.5995190516219537,1.5485134298053609,1.5717089608957053,1.5518440928605628,1.5551825536508659,1.6979837299681435,1.5956099965692374,1.6543063891244287,1.642163880436371,1.7226929571088476,1.6937888666215883,1.7543230110513832,1.8101846055733333,1.8044450915294874,2.0008958537791841,1.8088388427775151,2.2062912973904076,1.9744480426587074,2.3965583841581974,2.2819552935766012,2.406790675377124,2.844069427217562
0.16399737597291922,1.4988871317443682,1.3604918553264866,1.4871857115365401,1.436597124638979,1.4557767454927841,1.4340169530816524,1.4456780283042008,1.5458961696604092,1.53483711395927,1.5722199598753832,1.5178753962970859,1.6135214960195299,1.6330772203009474,1.6348047080650758,1.728188741242775,1.655986136473075,1.8171286067995425,1.6926721884140079,1.9690388601120503,1.6972345560067197,2.1439830878916837,1.9470397007914926,2.0339007146430959,2.4681271928193382
0.16995160452115241,1.4536688252219392,1.3181086422660115,1.4422541642049964,1.392987704819916,1.4116001484192111,1.3902336656888679,1.3532579577054662,1.4491936960071996,1.3949469694285881,1.5058703268006752,1.4091987127700087,1.5094834832145807,1.5166604124905021,1.5129341603084754,1.612159533879943,1.4767245172056391,1.6774051283389042,1.5597817547624739,1.7471045742129263,1.6048729253898273,1.8355779668572723,1.6901519350212766,1.7590611878840718,1.9524286758755807
0.17612201236734229,1.5786361043585373,1.441210700753345,1.5689611913390458,1.520381131312015,1.5429835065081079,1.5236821517896715,1.4439567761924081,1.5676191405841564,1.435468632845641,1.6090996304869236,1.4839120276087669,1.6223559227577198,1.5776785327043399,1.6057973576268978,1.6542502925567533,1.5654093488576564,1.7994816867499139,1.6417068158534676,1.8890554132854049,1.7690898385953915,1.9453919473703536,1.9118227277904225,1.9846548992363751,2.2547015259042382
0.18251644830138475,1.7055955104866705,1.5652965140729975,1.6966839751511884,1.6478257427243079,1.672746401595532,1.6539790389476821,1.6679702756696315,1.7153472983969351,1.6228746144729485,1.7441094250898672,1.6725201202189055,1.7802614907066854,1.7440472821083404,1.784824707566762,1.8362247138371686,1.7983726298797365,2.0291648132766795,1.8715358346302082,2.2279906104953398,2.0012825362919102,2.2715494837008947,2.3315410052637162,2.4371617290821632,2.6996872887939389
0.18914304607803245,1.6129446843725646,1.4751920196689525,1.6024329355622768,1.5533492478981969,1.574007789431846,1.5524718899282703,1.6581391254760547,1.6767314360852197,1.6114203781312142,1.701539820126527,1.6750469491678217,1.7199292806044468,1.7343909692716295,1.7670549034996839,1.8315539920603214,1.8326008783972156,1.9787846829294722,1.8308007174142631,2.2065295921074721,1.9696779946555125,2.267370571344145,2.3368352234613212,2.3016316907742294,2.6844150300645424
0.19601023476307319,1.4803217336871057,1.347237100881614,1.4688930911679563,1.4209249671739599,1.4379371594550889,1.4151673149639237,1.4343327760238935,1.5541324117371005,1.4539782730321917,1.5766251924176231,1.4941739725319962,1.5636075224049364,1.5594908191104651,1.5941509653041521,1.7002741268213981,1.6172130336196915,1.7562776756496987,1.6158621211977788,1.8560268553019341,1.7629312194502469,1.9398404257017319,1.883128561585778,1.8281878974194115,2.1614896852312313
0.20312674945514284,1.5953095951512068,1.4601226517384731,1.5854890379661413,1.5383598367176177,1.5589660097413267,1.4907199740815713,1.4734138781579986,1.5523447299293338,1.5176453529893479,1.6226166100626642,1.5489964261737441,1.6298906384209886,1.5978576546722252,1.6671581680568579,1.734984712715459,1.6732783860722975,1.837100617696251,1.663958186173204,1.8722896607432915,1.8753270727738709,1.9556818652847821,1.9332436058757594,1.8965389473353298,2.3905784600829065
0.2105016423968161,1.7855025675211738,1.6456280688660172,1.7770018860409209,1.7296416586084717,1.7541348040609819,1.7045400280733247,1.7244751754221852,1.7653466243893945,1.6955103767698461,1.8197576671293518,1.7680316056164429,1.8303080019931883,1.8452631202253542,1.8958541600643297,1.9550297962013019,1.9184078989277964,2.1077749495870535,1.9813357344730775,2.2210821468741315,2.1389505061420095,2.3266096317204301,2.4084578326055635,2.46547274433442,2.9161338042467833
0.21814429448910344,1.6705902745851517,1.5342361841299805,1.6603639127800136,1.6128457248558163,1.63258855664942,1.6962683815579567,1.654617054669302,1.7645002642927921,1.6352206141261831,1.7884504424960141,1.6975189071046088,1.8040452376490066,1.8211910384858925,1.7958687241834923,1.9201967838716882,1.8855281691171513,2.0230827308546395,1.9465709207495365,2.1658911345966771,2.0401963325080033,2.2693073789396294,2.3601603344114892,2.3708686359495914,2.7469244206563417
0.22606442722400577,1.5547290477459228,1.4228288709809291,1.5439261242142948,1.4976283112802093,1.5145039198401662,1.4878002390543088,1.4793204487779121,1.6068026333684884,1.5312288017935201,1.6433601236905133,1.5507060842958538,1.6736390449842133,1.6087683990873396,1.6404665569476435,1.7233720913474353,1.6547216359726917,1.8282970072350508,1.7264730626113334,1.9128929758364848,1.7689823651320467,1.9789556441489822,1.9560329798208898,1.872037251222082,2.18550982326542
0.23427211505029999,1.7841701289461724,1.6469237815684892,1.7756906549338731,1.7299343752263052,1.752741263585051,1.6768900723805018,1.6739073010575112,1.7467483757550326,1.7347214184369477,1.784964413806847,1.7542235186087964,1.8085049654173417,1.8048284896317455,1.8591017089861452,1.906660662044942,1.8579574570032946,2.0550685681932919,1.9553435937932591,2.1392644104167857,2.076374246573323,2.2809958159486996,2.2252481226532836,2.2686111310640626,2.7456178755383007
0.24277779818828998,1.8510165160766849,1.7128529086954813,1.8425050746423111,1.7964854855378292,1.8268989711385757,1.8834899094988202,1.7953024898578871,1.8863802919850059,1.8075943992734267,1.9210735436339235,1.8455885922488662,1.9285862165501158,1.9475896697335016,1.9566914135310753,2.0779559923726039,2.0338397958014411,2.1881080663820285,2.1001487439774102,2.3416903003849256,2.2832140131923211,2.5195235187311482,2.5092710248263757,2.6884584927829565,3.0967439858918624
0.25159229590981802,1.6133524027513886,1.4826492636211945,1.602681480420415,1.5573219718492055,1.6340643425096459,1.6230487231325696,1.6562486683575344,1.7045741251090476,1.6163867672521377,1.7290545648122588,1.6379657933556473,1.741183861756781,1.7304054792845704,1.7431526118173224,1.8466578374293476,1.7993613840460512,1.9063194072921306,1.8740773522332006,2.1296016285850783,1.8570374290270877,2.1209447582946268,2.1217460323345385,2.1719367821697233,2.3445715426460083
0.2607268203004347,1.7979035948326327,1.6623560776545077,1.788992995078047,1.7443291840573067,1.6653991048135026,1.7178344647709309,1.6595072031484506,1.8185438642317422,1.7289683737202495,1.8194995251437831,1.7883074781927917,1.8603798326992518,1.8479316449165708,1.9073096136233971,1.9488258389746989,1.9073776178247499,2.0797681731778539,2.0010871721319745,2.153533587885704,2.0799306589906337,2.3266273563167488,2.2559626091278915,2.2674322995471812,2.5790542985268985
0.27019299052122669,1.9760747934847558,1.8370356014689833,1.9682803673081697,1.923603917841163,1.9776109320317801,1.9181839746946494,1.8865603992651501,1.9725385700770062,1.9292722501979149,2.0475556199812388,1.9704405422097215,2.0745395866857734,2.0862150336337248,2.105627179602152,2.1749287151459527,2.1732182650375478,2.3573372051030219,2.1647375760416541,2.4948872613766753,2.3932922148578371,2.6555418507241484,2.5955227396524378,2.7721154322398434,3.1657467339330765
0.28000284758844979,1.6938381586874129,1.5641578580241591,1.683642954465995,1.6394964903092273,1.6813493815684524,1.7135473061945277,1.730135955296646,1.7538768909524833,1.7338458858824595,1.785967460821098,1.7419610330650546,1.8491990781610639,1.8045021598150583,1.8382773410685331,1.9562390993834242,1.87576807859773,2.0363023748825526,1.9259230016834341,2.1999232974171719,2.0290350331012803,2.185162287402818,2.2109634673882965,2.3505153944497579,2.4705166823750915
0.29016886968976069,1.9461380125109145,1.8093788531315766,1.9379012897120447,1.8150156929402783,1.8741367137577072,1.8461489818691916,1.8537357494117259,1.9692987803556434,1.8662008058021229,1.9936341671156015,1.9462904243143839,1.9951454732052412,1.985493360783039,2.0381318086020883,2.1214247528400847,2.0616087653772865,2.2795010956142505,2.2226217027910025,2.3623899818379073,2.2679861826163688,2.4698062587053755,2.594401182659567,2.5303320105539342,2.7207541955704073
0.30070398805653642,2.0345926085057897,1.8975527137752124,2.0269262502832923,2.0359804345065413,2.0245068636893393,1.9964409137058508,1.9861070867900708,2.0363627537963112,2.0040731630397346,2.1289320235553078,2.0210835917327188,2.13524267583864,2.1532141645829483,2.1493066385578459,2.2315060783539877,2.2472944030080271,2.4012909951584334,2.3252471942161037,2.5120771064889595,2.5183705593099717,2.7084686864309333,2.7392355546023737,2.7258246475630585,3.0551256759594025
0.31162160341246387,1.7850372189227528,1.6558519738056552,1.7752211128310478,1.7124885766965576,1.7838915199162102,1.8161952752523831,1.7765252045793289,1.8519781805044175,1.8151338523969791,1.8667148520406309,1.8417531535041007,1.9255128543594608,1.895698150985254,1.964537790590053,2.0438968376876687,1.9590278736672104,2.0975838798137012,2.0589171549055436,2.257134002455528,2.1593043113684871,2.2676911278041274,2.3463431682712326,2.3600636495676781,2.6097060656120448
0.32293560301933,2.2405950154003449,2.0985347166089738,2.2337594242290493,2.1543656501266923,2.1333299863560313,2.0995812771044768,2.1285218795781073,2.2150869503969588,2.1603745171245805,2.2854187601178779,2.2143680585710399,2.3003101363411389,2.3267346012773942,2.3556140311753637,2.4173485496804972,2.3653090111875485,2.6066850079752157,2.5194975914327671,2.7203037889336272,2.5950462083578714,2.856095935536036,3.0127235147547253,2.9837374029672219,3.3498572937460267
0.33466037834168677,1.9488460406177524,1.8185555144441423,2.0202050420825799,1.9446249972729674,1.9849547192301884,2.0115968296968276,1.9224355041157253,2.0232121536106149,1.9625079871525486,2.0480062371711938,1.9956574443244079,2.0976129878602023,2.0914108697787697,2.1005886607390494,2.1912650671345091,2.1966579236559483,2.3051909131359025,2.2152651835012875,2.4509286657378198,2.3618549183320283,2.6135359986383264,2.5626987322170862,2.5502679321562027,2.8290343331638041
0.3468108433528686,2.1657585456889592,2.0280888824617485,2.0666638008309519,2.0561788911902568,2.0945558620548708,2.0891543561999981,2.1410710781684656,2.2031717424595598,2.1574946755105202,2.2644858694777668,2.2156505115738128,2.2796299589577984,2.272903955345555,2.3428522146302839,2.4444488128899593,2.356270978178145,2.5070795647143314,2.4894279219502096,2.7549808231208317,2.6021310359428753,2.8119371200182286,2.8428462390565983,2.9921910898619899,3.3831383595916122
0.35940245350563965,2.2610501446122413,2.1242111771230157,2.2852261451131426,2.2215022728298663,2.215680789311298,2.213167208040602,2.1636126255101544,2.258549970640729,2.2344457933639887,2.307186942111457,2.2453882946365411,2.3559742582247054,2.3785289789836952,2.3911661259107859,2.4296717743681029,2.4536015198330006,2.6730332740921767,2.5519872531385772,2.7526727478762041,2.6229946498862091,2.9203613170639073,2.9439504067997859,3.07498249659875,3.2970524988340912
0.37245122539160996,2.1571686727133965,2.0040217201324424,2.094411227167825,2.1382297530537926,2.1626221376808434,2.166894082036265,2.1778233918423666,2.2465421463039092,2.1832435542135045,2.2978367453590636,2.2722178583048844,2.3491166629560212,2.3304976834101581,2.3812717870912365,2.5013755943919023,2.470310597484513,2.6184953123242849,2.4871693637496719,2.7409266347676748,2.7205362145814433,2.9068943090197195,2.8706203746169194,2.9307346700825292,3.244971269463349
0.38597375711441811,2.5428022979097022,2.4171477793989311,2.5460455906452353,2.4300615291519989,2.464840789057817,2.4417549184640848,2.4170259306963544,2.4920639750087048,2.4748179359266942,2.5595935232031479,2.483603061333497,2.5791683903889862,2.6021269013014034,2.6677959917055887,2.7034950397055582,2.631688495043818,2.874289419076149,2.8274934455707808,3.0731750617151192,2.9957723799029736,3.1326603008965321,3.1769631665980569,3.4186305141647608,3.7071262721292442
0.3999872494026056,2.2619995954749541,2.1031434483522844,2.2608313756348934,2.2719074078308381,2.2966928137690275,2.2985169200949258,2.3207429536291784,2.3934624657263157,2.3393829542039839,2.446838870863985,2.4334873089487701,2.4942792018715636,2.474608569189968,2.5288810849665424,2.6638248026156361,2.6719637797459654,2.7965375548958491,2.7082723164780873,2.8666979772879131,2.8600837347476045,3.06636988250375,3.1514768039596674,3.2557358417243449,3.4199674405545011
0.41450952748902736,2.7405384775024686,2.6136734982827647,2.6921275482611691,2.614083878676297,2.6434216141418574,2.6369798797402382,2.6090660634929463,2.6888258921414945,2.6683371314444457,2.7681676775127926,2.6695182813964493,2.7629081139289156,2.8116247853265577,2.8545850420964598,2.9349225262089931,2.9198537631282306,3.0629971020198354,3.0200997926338005,3.2993615374898582,3.2643312532577511,3.4337223131224164,3.4588164267361208,3.5144039920596697,3.7912999598415809
0.42955906378464082,2.5445436498680465,2.3865481027787609,2.5658927595654859,2.5296696782077817,2.5724857045554472,2.5988072774864577,2.6211577281684413,2.6859263196408847,2.6298599167228076,2.7399191087451982,2.7243737627331939,2.841137045585242,2.8236528703150725,2.8567849717771878,2.9140096747150892,2.9631820638787758,3.1795079801545398,3.0688144923014988,3.3075027700797364,3.1959111908836348,3.4009049139358467,3.588732773961965,3.660923646779338,3.9872542381035601
0.44515500137550273,2.8870877559265864,2.7507336283638324,2.8276836306486075,2.8107966211296684,2.8130852193206692,2.8135053818784854,2.7692610140624083,2.8839934273690915,2.8563282977274866,2.920037485602279,2.8569188379397019,2.944474257835509,2.9708666352680666,3.0637347607098491,3.1433489942689903,3.0836748199299109,3.2408705517159433,3.1441347162683542,3.4134878473023491,3.3785834719321883,3.6821801870555646,3.7224228958384629,3.6956630021868477,3.938082090541684
0.46131717837287423,3.0254453656070837,3.0483841616332938,3.0055170521759251,2.9771203531715003,3.0191219658455566,3.0579866104566236,3.0798551389757733,3.1341742944551925,3.0824140383385839,3.2018761583728974,3.2045267262051311,3.3226627816501662,3.3021007777359728,3.3546964118655609,3.4323373261568122,3.469183504436387,3.7110725047793949,3.6752058806328023,3.9318876372236105,3.8346937577271092,4.1126813923807362,4.1374531276196649,4.3056031621179045,4.7481231565179769
0.47806615314739531,2.8490697886127236,2.9673251008229045,3.0842368716967723,3.0352746041575358,3.0174494309579813,3.0177407889228789,3.0095290428740782,3.1244608551800184,3.1089344314182767,3.1584896819781823,3.0887319697475277,3.1877378649564037,3.19332864001899,3.2762394025139656,3.4037298238183098,3.3698237771313782,3.5068454150485593,3.40900586647503,3.6186684909715154,3.6066883129467442,3.8653782378892743,3.9326352513817255,4.0747935207304522,4.3401080116193782
0.4954232304794392,3.8888346928376905,3.6062890829053345,3.5213963999694897,3.5046803582729353,3.5578304713085345,3.5703074834491417,3.5535359058176255,3.6424098488696472,3.6091304903586661,3.7480521400589168,3.7400822633053394,3.8607284801955757,3.8464590851795037,3.8930603594380955,3.9871454606973202,4.0067020289473021,4.2381818335613843,4.2652319910496317,4.5582017806796102,4.5577352253715162,4.7647331319349178,4.8058312074840615,4.9521155051070309,5.3590146734916289
0.51341048865889705,3.5591062499697728,3.5760842891959328,3.6165247265623748,3.6542083116132744,3.6605734348413534,3.7118179765739114,3.724794108658898,3.8304251604513411,3.8025292956335761,3.8822075557650351,3.8246112583128706,3.9404282714485817,3.9875389026183257,4.1464916154081948,4.2692987976788572,4.2285264982338049,4.464196172028096,4.338480383440583,4.6114893722469787,4.5671630345877929,4.7960485939602222,5.0225534179371607,5.2680641206970904,5.6421139121011947
0.53205080756887724,3.7197045691946187,3.6963324163193647,3.8587527290846992,3.9323507753556441,3.9509775664491826,3.9229658337271758,3.9004392951312639,3.9884360617088532,3.9719700645958937,4.1230860029811538,4.1022058595081035,4.2030859522565152,4.1876838797604705,4.1996702468254625,4.2873156734751774,4.2508904314981919,4.5253402708121939,4.4875504155406816,4.8140283969314623,4.7754352695321813,5.0035110247681587,5.1294498258841941,5.2253717918556504,5.4531655269647672
0.53669961580458514,3.6845124564896281,3.7613417397149078,3.8843726841577535,4.0404212254213689,4.0429512492594313,4.0130104908544126,4.0297148081622254,4.1350218646343819,4.1435313606764339,4.2592751330272449,4.204876461784238,4.3297006039646817,4.2932745760060698,4.3187804322737406,4.4182269714233371,4.4407310470910488,4.7052010826112109,4.6659842833373659,5.0003033302640461,4.910063523339204,5.1232027654629348,5.2242035497165489,5.316023869660782,5.5735626835553376
0.54124036695023126,4.2265102192704944,4.135474002178853,4.2094906609236205,4.2898808519348677,4.2912974550158651,4.3124510620309593,4.3582258127617024,4.485850671908338,4.464694079988476,4.5627937745530289,4.515151592293023,4.6150315629406578,4.6494271121173369,4.6793509931121662,4.8772023324872862,4.9057889721761967,5.1985461085969291,5.12680473333603,5.4784286905091903,5.3772822740165793,5.6215226991926102,5.7639582821284421,5.8892473086334576,6.2299553446755453
0.54567557268926681,4.7826236014852839,4.6400441430337196,4.6590936432145327,4.5714316432834039,4.5738402716922337,4.6194999234992338,4.6631581114188521,4.7739556980327507,4.7529896974932626,4.853476293811184,4.7885857188957743,4.923503476523365,5.0077842410514677,5.0986562708576457,5.2925906532896079,5.3667255080154064,5.6282599733812049,5.6257043053753932,5.9233588240005588,5.856955221061753,6.1406830366742611,6.3331926759642556,6.5395903589165982,6.9553203425502943
0.55000768632346864,4.9478619596255271,4.8718200322462053,4.8583152052849528,4.7239097910356804,4.6815366982406488,4.750891856725616,4.7797756446504991,4.8871697411905188,4.8277228922631821,4.9283103243847108,4.9141140787208428,5.0464026074482717,5.1258618523730668,5.290892790977523,5.4602824173047111,5.5351302941633094,5.7918602719819319,5.7389175239181895,6.0516963848212981,6.0195991109294482,6.3168362060027903,6.5564207070675025,6.8081634585978463,7.2888614482690173
0.55423910412996691,4.8857667900283559,4.6478487274507643,4.7806810570800735,4.7376503190835138,4.6606201499439521,4.7098228665463466,4.7043738459451561,4.7605309463706362,4.7266608013696896,4.8430562247594935,4.8201862959913342,4.9996040922169414,5.0891397163964029,5.2068574721233745,5.3413124169555886,5.3605240586693981,5.5863632389300619,5.5184057598926302,5.848475380525997,5.7898004598537227,6.1652171672885743,6.3629475342204387,6.613218144964776,7.0627840462020686
0.55837216668672762,4.4050134669232648,4.3712589171391301,4.53151935990536,4.5794579925541257,4.5935058352556553,4.6025682021308967,4.5788082866902187,4.6517129625990492,4.6126545094248286,4.7373152609243334,4.7522332059984365,4.9054636444689095,4.985456911386791,5.0379648251973776,5.1262289871365283,5.1323372395008846,5.3261714988711901,5.2690604728222752,5.5424833726665383,5.5517913950207003,5.9001927142935529,6.0997193704229176,6.3025856215826934,6.6953137283489923
0.5624091601672252,4.4186423616891943,4.3356651937307902,4.4793778240466224,4.5309194672529145,4.6616265101635008,4.6552809467868883,4.6091965117966538,4.6809523040556655,4.6916528488381104,4.8357217361906493,4.8191787960115233,4.970097086531382,4.9872315015317668,5.0515857205168686,5.1246206498285574,5.1049567876244737,5.2570891375975179,5.277040763033356,5.5282617673840377,5.5573241308749743,5.9286787071962195,6.1194432464033639,6.2784221780150347,6.6280336625935448
0.56635231760502469,4.7724009064127131,4.6113021424353065,4.737510148418778,4.7105653293501746,4.9040441019994319,4.8669115016670617,4.8758430350566186,5.0041205619488665,4.999519261720252,5.1464439871881495,5.1354930576940205,5.2927671407796879,5.2732014198525121,5.3115994019986488,5.4052107391256641,5.4144132876433559,5.6037407410897231,5.6198364606907489,5.9119591149619737,5.9808780398889212,6.3596396793127496,6.5562982881328935,6.6958093243697476,7.0523951949762704
0.57020382012896664,5.2482136805938353,5.0865063814098903,5.170043345196973,5.092342219103557,5.25605819640964,5.2590448585779086,5.2675089796480279,5.4154173728688875,5.4510474222338416,5.5952722139863909,5.5607360548729048,5.6890053674399041,5.7171875505914613,5.7671487423833696,5.8540087018827762,5.9123348415487271,6.1682710511058758,6.2055751520547346,6.5404039893014669,6.66769275542174,7.0372536313352612,7.243976325161384,7.3940869804018803,7.7693468729867163
0.57396579816964266,5.6522385396058468,5.6203732912108535,5.6120465763694938,5.5066656184215503,5.5425497283740128,5.5557715840219544,5.6227653274255545,5.7914410667548282,5.7950577846129363,5.9211144803425526,5.8947491496403472,6.012193158554183,6.0481120634740204,6.1660919074320404,6.2904095154506763,6.3694655172881482,6.6545038407532502,6.7718054715847984,7.1477939621852755,7.2349674246372615,7.617459778013739,7.8210974875535442,7.9989658494266678,8.416841505723097
0.57764033263782832,5.7999873842009038,5.7537212201168586,5.8696751917059373,5.7185020424749382,5.6646297596704471,5.7262574920960105,5.7777141226065396,5.9305425577783808,5.9348715444875779,6.0552234608958315,6.0149551301701649,6.1188554246659805,6.1715641775681434,6.3298840094453226,6.5001725290669583,6.6010109863136677,6.9037896370236922,7.0199374107805852,7.4142099241635151,7.4522950909586143,7.8708431772320182,8.0134131145678111,8.2322179276925453,8.6408122792563518
0.5812294560755239,5.7310323719757434,5.7574887061582558,5.8212922103029996,5.7257903371464636,5.6174620377487372,5.6707575103018826,5.7406823254459596,5.8662294354780897,5.8184498374212126,5.9518869660041673,5.902701766048267,6.0533882269628521,6.112326794935143,6.2618923655627441,6.4473671265750454,6.5576878299889358,6.8974759444263327,6.9621257329890796,7.2861152899204171,7.3391950620844,7.7133295147577883,7.8018204905274615,8.0224869936646428,8.4265948504653352
0.58473515378023855,5.4781551147534628,5.4263349184948311,5.6383645735404571,5.5727763067916385,5.5310078399570557,5.5736284212107421,5.5882663667835004,5.6999403124409582,5.6589661621001142,5.7545025324325252,5.7262961951837497,5.8925923906244861,5.9251908237110911,6.1023884738860943,6.2786935173317033,6.3677918141474947,6.6557720520486328,6.7079658575894427,6.9722079149614729,7.0531312855273427,7.3533112647273811,7.4190394579090935,7.6223148443532409,8.0296480406323099
0.58815936490314524,5.3525975001084589,5.3343039578994649,5.3868435927215614,5.4630648252423271,5.5048982117195919,5.541278080817392,5.541168785116497,5.6061153266582551,5.5615857656430308,5.6955070438043549,5.6671898492813852,5.8187463716230923,5.9008036031232223,6.027258077148872,6.2103675900452799,6.2416401296295589,6.541659292037366,6.5184362716345277,6.7778743575800036,6.8064912459003608,7.0981458029255009,7.1815743156330427,7.3640623812916601,7.7873349086157759
0.5915039835217073,5.5035992135359848,5.3251957783593582,5.4990696956936063,5.5436992040646942,5.6081743672903031,5.6820682057577869,5.6656369780807836,5.7359805194926139,5.7015938889625204,5.8250815537192011,5.8392073018800943,6.0337236828770529,6.0776580254362003,6.2184614527522513,6.3981923475182612,6.4124086938036271,6.6319566282963933,6.6014349778081396,6.8414664004312726,6.8705046857833594,7.1699122265026745,7.3091845314651014,7.5096397749842936,7.9701956825743423
0.59477085968737287,5.8886949304018117,5.7513681232194358,5.8070442007447127,5.8260779133927372,5.965063576901116,6.0049927812919464,5.9881891952684896,6.0671341265555174,6.0614825689411731,6.2216251996212435,6.2157316185326863,6.4610220419116189,6.4965803314237291,6.6272230459548354,6.7927058508396954,6.7793761086405908,6.9998303827740642,6.9826072709265681,7.2491143279709007,7.3051937734790044,7.6221159910026302,7.83978110763519,8.0757450809608144,8.6234824533794381
0.59796180044891845,6.42443689943957,6.243197780173432,6.394877347820966,6.2994137058069555,6.3152526782695304,6.4291816037817178,6.4386615069074145,6.554425358238646,6.5590136030432404,6.7686811209244411,6.745065497123278,6.9689897623595698,7.0221863923042065,7.1418881248102224,7.3098700486408177,7.2840778621388322,7.5685086671677375,7.5501093018671384,7.8621162128573019,7.9554967310443772,8.3447925121414528,8.5743286773522414,8.9176392451831816,9.534118076422601
0.60107857085200456,6.8841021543791356,6.7973431995439846,6.879897567335334,6.7318576373198979,6.8225079866465421,6.8287422469098829,6.8377847448046509,7.0132295839081564,7.0361250128696016,7.2167496905690456,7.2817097159590958,7.5072011608368712,7.5268521711720382,7.6253142145260426,7.8288512604108291,7.801813956957858,8.1184084802152938,8.099036288452055,8.4766994876070498,8.6232467635836372,9.0435496652094116,9.3371622866071107,9.7201205055127833,10.412977495660243
0.60412289491549709,7.2061832717563448,7.1851920270150913,7.1928150738226577,7.0707132999582427,7.0499163989366025,7.0914280305337343,7.134739927679675,7.2954847248197439,7.3426361223869208,7.5529538156597482,7.5548204929673375,7.7547855272168817,7.8271288059431754,7.9267465465472924,8.1305751039471943,8.1438993844494689,8.4602121412990527,8.4690610996231044,8.8940929237796809,9.0484363375771864,9.5383843574454659,9.8660971792896817,10.281252729175321,10.983374293521592
0.60709645658509692,7.2448261458921479,7.1483259057167743,7.3329005473096913,7.1816208506461408,7.151924966066872,7.1539819653771701,7.2026460611359653,7.3968582987763511,7.4280085018890532,7.6137780924818799,7.6270670437734225,7.8418297442440235,7.8412018575836555,7.9550325150485151,8.181257699845446,8.2102026515749458,8.5549478789071145,8.5715435319834796,9.0190958253515419,9.2399772608368949,9.7196307396006887,10.019244734503445,10.453320962922589,11.094875471368141
0.61000090066480195,7.0714377086769673,6.9976532167092955,7.2268934150124551,7.0685037201619707,7.1295054280199111,7.0761409143997298,7.146929136448307,7.316426808374672,7.3425645612624066,7.4865166077142931,7.5055933865514817,7.6302081677713431,7.7012659519350564,7.8227171831167652,7.9984772560856072,8.0393220956902951,8.4080385239285533,8.4579671366554976,8.9434740241340478,9.1375301056323224,9.5983878551342059,9.8755121708891238,10.273339814637438,10.873043747487827
0.6128378337267173,6.89573130721692,6.7875926741762669,6.9304063832532847,6.8785490972513799,6.9328716807249293,6.9718398029472155,7.0433440851738851,7.1852491174286115,7.1827499261380581,7.2958414683271258,7.2630817383396789,7.4551411223510513,7.464381896701525,7.5835148197365925,7.8124189794289123,7.880547988890612,8.2306883070195909,8.2840206718537956,8.7854169031197671,8.9020389203506056,9.3438032370759174,9.5950338982511312,9.9290592630131869,10.477909392968286
0.61560882499972069,6.7002977154988912,6.6545083236633218,6.7357894724773359,6.7894685917308379,6.9354565019930305,6.9162215366086457,6.9728204840284889,7.117913752241293,7.089331261235202,7.1896797518456879,7.1774716621366679,7.3044913792655279,7.3582749609595339,7.4370417131867725,7.6913642309300485,7.7275195435940986,8.1672186766954837,8.1654917960549938,8.6402412933130108,8.7830617998515663,9.1849712226976408,9.3976822879594692,9.7122932715792558,10.21385497861047
0.61831540723746925,6.8333180580139015,6.7181444977732099,6.7403705673677905,6.8693182095703378,7.0015865006935201,7.0600463382033922,7.0619005305507017,7.1807770968607656,7.148342776357822,7.2471489000508882,7.1959863285646861,7.3748045344946149,7.4365477817209467,7.5308936274559528,7.7872028579458856,7.8410773724172032,8.2564854274369281,8.2843599444686333,8.7656102744840609,8.8485963773437106,9.240580893594597,9.4328575087765785,9.7270876201873762,10.213114016904001
0.62095907756623026,7.0755725178185003,6.8866735467371427,7.0289715208609778,7.0919962533571379,7.2970211835645387,7.3377408205142274,7.3485607672100741,7.4454115936568996,7.4074964605451896,7.5197547677489638,7.4732662418568907,7.6396177033902859,7.7190208887495828,7.8484080826024183,8.1163495417224567,8.1945432986383366,8.6082927856164133,8.6180000927113269,9.083894948190391,9.2246046863183437,9.5778414764354238,9.7955360637411104,10.077186969734612,10.600406102578745
0.62354129831300709,7.5718750909470032,7.4670297434242672,7.5558381718692447,7.540355712319581,7.7530882179867149,7.7465323804835862,7.7647334712228258,7.868218326006172,7.8331668882110534,7.9757217055539513,7.9180118282135936,8.1137111186681068,8.2257411970255134,8.3854298774062954,8.6796682459346925,8.7463872897229749,9.1522437311977001,9.2095186518233731,9.7069780520700988,9.8045516150023104,10.181358587954492,10.41674804711397,10.730867452303755,11.294175288831639
0.62606349781441384,8.2040720226588064,8.0750747310923572,8.1161934830862918,8.1292860389228281,8.1828110617943821,8.2591189308559478,8.2410499473307937,8.3582764743205189,8.3521690778002267,8.5158340584175676,8.4710967475195957,8.6992852547932671,8.8329732325171335,9.0003154731509767,9.2903550454084325,9.4431948530195768,9.8490110045631809,9.8722167905777951,10.363422720557082,10.519432913493802,10.912079310483023,11.160855279681527,11.536291534433076,12.178814780855191
0.62852707120674933,8.7723980870991909,8.6200673148759961,8.7405663821984945,8.6739876068349986,8.6726985625782618,8.7173288078756741,8.7247691684624442,8.8562905470462283,8.8517538321684697,9.0799911033527678,9.0424512397858052,9.3050981822325411,9.4796611898918854,9.6550336574018729,9.957277484532824,10.049020647912585,10.472727098509495,10.541061507776249,11.057752651373448,11.190639822487356,11.618283810006687,11.900710053314469,12.320877958849451,13.023150328825068
0.63093338119770714,9.1764582608848286,9.104271613072342,9.2404651935630682,9.1350149650861567,9.0266359927554731,9.0617735198575247,9.0974354661011603,9.2483061279563117,9.2594345227043959,9.5022215464923647,9.5499048155106721,9.7941388457184075,9.9319469230285904,10.134259126210964,10.43993741484519,10.572677014843066,11.000250784574746,11.0404468904635,11.552004013516125,11.699568003816239,12.140233884972986,12.44956701179035,12.914169692783616,13.655054546776228
0.63328375882014665,9.4493295872744056,9.310888857471582,9.4834750977097428,9.3567389619129244,9.2229101652046666,9.2879435964277945,9.2972950268813292,9.4742074003297603,9.5166376818524441,9.7613642956712283,9.7997496539392159,10.058311054031947,10.254270784913388,10.467601541298791,10.749387190749985,10.834359023843717,11.264203812301275,11.336393419973319,11.828647239351994,11.968877368548419,12.439016816730145,12.753749980285647,13.256047782895621,14.027301453184919
0.63557950416834508,9.4536625994951464,9.3290106294443831,9.5622561624913942,9.3425328123848885,9.275003766437294,9.3207820060633821,9.3529553281186963,9.5428313441079808,9.6105901283153798,9.8610020217965939,9.9177674940219731,10.189955208465108,10.341141131517361,10.544440181867685,10.816796371771488,10.942386841546977,11.342806635220768,11.342091467085993,11.877292351258802,11.983597126993118,12.448370252503082,12.767054924494005,13.29962358114426,14.074892587581417
0.63782188711713461,9.3190865263022715,9.2442174467287259,9.290535497100791,9.2265721161093097,9.2307017974089831,9.0886898998141987,9.3026690943661379,9.490384753284161,9.5489467537845485,9.8118506965984125,9.8763768266508123,10.163466956335469,10.28788009530399,10.473535335695487,10.708807802962838,10.817662839093828,11.163181906304089,11.209212427027524,11.721531042188872,11.787883076234721,12.282488482713234,12.590461837069597,13.110702047211817,13.852275908546289
0.64001214802432438,9.0994307227811078,8.9793650486099068,9.148050699965097,9.081930836502579,9.0255122958333232,9.0418874610768398,9.1901812532742042,9.3815379740699427,9.4359584552439628,9.6864864773233421,9.7811077266669599,9.9880606370279565,10.127593802302727,10.296303220733535,10.529036929496215,10.591655618132791,10.954734595055925,10.935103866213467,11.478144852240803,11.513981619704282,11.993705211905763,12.305393051472493,12.824230158294085,13.547204874746967
0.64215149841679564,8.8736862282676157,8.7960714092478156,8.969130927202059,8.8521246350137517,8.953033619269263,9.0281577822461259,9.095152107955073,9.2937149358476745,9.3551494147832273,9.5683263843820896,9.6364789340877905,9.8875326142006088,9.9571879889408592,10.088287671256694,10.256308210227871,10.417420659068739,10.717197453719564,10.747990181698697,11.218968923203647,11.297300863923738,11.760671858530259,12.067818331503076,12.565645542665152,13.277704530657502
0.64424112166064906,8.7764742210565601,8.691240865533473,8.8301478106150171,8.7314319821307436,8.9573619740112917,9.0178243686095811,9.0991941567626782,9.2951773578388384,9.3307454164096271,9.5330969818605809,9.6109764284046832,9.8160517685755622,9.8548003174510086,10.043589340901235,10.220572795413318,10.283516376279294,10.622469865964376,10.621596350494656,11.127489776568837,11.189696422719862,11.657871361414436,12.014492931833956,12.494503428650205,13.185001512232702
0.64628217361577467,8.8284354239949607,8.733418737516331,8.9302672035337309,8.8528860894439276,9.0476199439872289,9.2188761114302906,9.2348701305163559,9.4205975513104931,9.452501311476226,9.6775405398802832,9.7240573200106155,9.8900955536228139,9.9543335784110241,10.083072159744916,10.271157392518944,10.354717464142595,10.646726710736402,10.685056415954023,11.208834926830605,11.316759012785042,11.772864507918712,12.1583680704789,12.655006849759957,13.386680084440741
0.64827578327520763,9.0657755362481112,8.9865255273180082,9.1710401943055331,9.153380277359247,9.3337743434822187,9.5977951731838402,9.5213027034842526,9.701421069301432,9.7153837205114542,9.8954858116048854,9.8996923663871712,10.132717227992543,10.193217898231524,10.347391855699243,10.495250935964577,10.62103410466807,10.943663454469061,10.998625302905566,11.547426514975086,11.64889430123003,12.19290251340135,12.61532451651874,13.134388250698976,13.878855390306853
0.65022305338962305,9.5738129937963095,9.4080424177373061,9.5421976056313724,9.5597305574265192,9.7998769002842891,10.074389609515492,9.9425421216365066,10.117614774389949,10.131279676665145,10.314610407040163,10.373068092696485,10.519752820546273,10.586533702102315,10.746802313646185,10.93850192289392,11.044573931394552,11.380080456059659,11.508247422571003,12.104291378731432,12.266180049333343,12.814822401312995,13.279431828133966,13.848583992708882,14.647808340916527
0.65212506107731316,10.054820018474857,9.9683638832211727,10.091284469726816,10.136843626609334,10.395229917274264,10.547963786491891,10.454151207151881,10.627755420908215,10.641564904959523,10.808570761313604,10.83750471053645,11.031791654088011,11.09726487462467,11.257956825451402,11.485623634158401,11.650870576064335,12.020209142821841,12.201655630073219,12.800367526000628,13.043467355550092,13.639714605149493,14.171990466478746,14.770511402952252,15.642373721319018
0.6539828584199886,10.730538663072366,10.603484911873238,10.755068499598565,10.855971955665154,10.923342575333663,11.142711145570502,11.019093946764769,11.178576243495627,11.190067449686467,11.378702827016241,11.347908832773101,11.579929898012779,11.659205486808787,11.864330138741934,12.109896968766407,12.313551440915035,12.771046188150649,12.961399760308268,13.609154173616844,13.848957936748775,14.539320179603237,15.081106626934343,15.771154817382921,16.692700922438235
0.6557974730447298,11.398986476469872,11.262707677815342,11.380253535528027,11.44659226247677,11.524032156274188,11.652583991759457,11.567357839099714,11.730198388453573,11.748707992766867,11.959269727361971,11.917403552331962,12.172211757744662,12.255156186394743,12.490358535993437,12.775250902916014,13.00360612039367,13.476201232348103,13.720554533996619,14.412216724333121,14.678405824182846,15.421729254740058,16.056060662267555,16.781771979905898,17.7535524371051
0.65756990869241005,12.045688576472457,11.871556404032162,11.965309826904559,12.003813205250481,12.089301623986103,12.158081718545873,12.053992741624825,12.223204613474081,12.21096607905929,12.417522874238784,12.448809266468743,12.676500651563401,12.800271779342438,13.033514618568006,13.338459555190639,13.614751457193051,14.158427021844545,14.406479512559599,15.127225010670372,15.419661148218438,16.217619932940579,16.837876699151821,17.622203031904064,18.651332174529671
0.65930114577290932,12.43494620914862,12.332191023713676,12.394038032158278,12.428196913941065,12.479429108367185,12.415550328980316,12.428761236660648,12.603054252715083,12.576733858149964,12.833478409884265,12.837404162157327,13.120250471460167,13.207164633349748,13.522151697223308,13.817167791814427,14.139696953381645,14.673219416319625,14.941360519675072,15.741639153566211,16.028629791544518,16.822861004649894,17.463137828657636,18.268652607599506,19.325576427421765
0.66099214190741984,12.78116359753767,12.652180809644051,12.750875187455676,12.757172024139436,12.677207801665645,12.645689747936558,12.676783371425699,12.836569400184089,12.830760537151946,13.077290691406233,13.095776331436355,13.421952063246863,13.538648843386909,13.843683279294055,14.181861343909986,14.504208866565023,15.013068563101115,15.312499133666279,16.118791163695278,16.404961707739858,17.238196849240921,17.88125006435439,18.707813772372901,19.75449350051349
0.66264383245814684,12.953533820284065,12.804833990841871,12.916805166489212,12.892717658367474,12.760469069238752,12.720542181195924,12.793795303528896,12.955474663351197,12.928172980027739,13.206810304691317,13.284123443707358,13.570046318374807,13.729397216200596,14.012232955894433,14.396187558711972,14.655224881833419,15.259310688532423,15.553540858905762,16.319512422487605,16.591099696815945,17.414838607131969,18.053765054908581,18.893108822754584,19.902891896490473
0.66425713104569861,12.959329449629877,12.848840001272038,12.915000283159316,12.951752107241191,12.755812588846311,12.740343962737825,12.797504164744169,12.977710605540778,12.945943029248156,13.274443664588034,13.270524278632365,13.619312254828401,13.771395455463789,14.109097812499385,14.44469812954776,14.730780548183247,15.274141358677298,15.57085243135225,16.361298589908984,16.598257014586125,17.410796245909296,18.038810756232124,18.815240069874562,19.783564896672033
0.6658329300544481,12.841526305826847,12.734443097782787,12.810510119597893,12.757096066896338,12.651604950136971,12.615771938872058,12.700584793637972,12.884261263243388,12.845771429652814,13.175870077568106,13.209337383683305,13.564255265111569,13.745581308554392,14.045100759831257,14.407778555410914,14.666388539713807,15.179103747650515,15.466572294535581,16.253564907005057,16.446014799526893,17.248985278769396,17.808292570989579,18.558264888473786,19.494748954079114
0.66737210112614909,12.608679164084606,12.515623653656803,12.624153190758079,12.453211593150627,12.540267107193358,12.384479531960096,12.553195049636997,12.739732466056012,12.716946457279846,13.010736523545347,13.112457976385485,13.419717303768266,13.625372018374037,13.909686039260123,14.278268885682337,14.517616070923395,15.099616029823665,15.341055025754031,16.026078848633915,16.257346988888457,16.972654442070052,17.506290259072557,18.209910414065234,19.067404989851639
0.6688754956420786,12.366702128492761,12.286670724046417,12.421044105838519,12.30396006006049,12.246319308120292,12.259391398460139,12.395705572911538,12.589677431620657,12.594071205356158,12.891339380585123,12.992579712416045,13.288117017422337,13.465139064413961,13.778016643889714,14.146370161615778,14.416137326741591,14.904448364803102,15.148924115172122,15.805804598145187,15.980310539482161,16.696321224910207,17.170092902961187,17.810340564697981,18.627735832007602
0.67034394519397233,12.190703446860425,12.043418959539849,12.228080172208138,12.148044091823976,12.068012475967407,12.224009494297206,12.27404868521262,12.460432922118343,12.481373462011106,12.772503271407913,12.851411368465051,13.236332512402441,13.387072272249497,13.68477670889115,14.033550044347066,14.289294306072406,14.734450949588791,14.959695174999069,15.57852718263166,15.73719002190046,16.4351976927137,16.881122670136392,17.471680480288342,18.258483676472679
0.67177826204401314,12.013894560514018,11.917717690230347,12.077776611025911,11.940438320336398,12.096964993630536,12.157971823064145,12.239774031564593,12.440866630233359,12.453167707659304,12.733427766885143,12.824059815437067,13.197710932116024,13.371044909115881,13.660000779898837,13.975194416649174,14.22525706293527,14.695783608418424,14.882082063239068,15.465713823214173,15.634166641277261,16.265761370188557,16.676900410442613,17.235627107555047,17.966826647752896
0.67317923957412851,11.970955114462413,11.865039474621881,12.028017273230944,11.860708433261607,12.077802486543078,12.165914682031143,12.280852585128741,12.491088805138133,12.537713586905738,12.82002188442857,12.907785648014396,13.257149788318202,13.441759791865479,13.719861090416089,14.044450623274315,14.275166148261633,14.727088611281943,14.930215208383743,15.480476985510904,15.617693641455844,16.254997052426916,16.639789100387134,17.181665263371542,17.895919569651596
0.67454765272484374,12.017948359658476,11.899056671943981,12.070852805103641,11.923990476992913,12.194220666598994,12.371409822051646,12.435964889155002,12.653621633624425,12.687501041044015,13.00310397951398,13.082531785097672,13.455733728973428,13.627067514607916,13.891697577317245,14.239371709933039,14.468704033468384,14.881288944918197,15.055970725428779,15.614643904729746,15.749386545852758,16.395398680993821,16.787571716937236,17.326742867066059,18.050339358451311
0.67588425842393451,12.190596802625805,12.084316305321408,12.272218413330847,12.177852555236313,12.379321993561462,12.623637769807829,12.779909989738371,12.94157285723486,12.964429964020383,13.276164961251197,13.343211122934008,13.746474509680411,13.949742576718563,14.225202313595219,14.519574194360757,14.733637987286784,15.188315779902041,15.361328732571565,15.919840971240774,16.084104576671962,16.716504982730839,17.108859111380298,17.631049080519006,18.381252133636735
0.67718979600511597,12.523189432133222,12.369003485859139,12.590242979204049,12.621436597692082,12.779693335935008,13.095443033264019,13.236316513299244,13.3139455470955,13.389649520890089,13.670436945249094,13.734875781927258,14.16809659730643,14.383170775225153,14.668986266100546,14.943993326451164,15.166828212561086,15.628628852078691,15.818414431414567,16.368813714478165,16.55225478427019,17.216358884470537,17.632886354753282,18.200632402556948,18.978825957572553
0.67846498761700058,12.94126093716477,12.846097070054384,12.996774595318129,13.019069198577199,13.301241619425127,13.602932684851112,13.702932418440469,13.800676138984272,13.878700279426994,14.146325861627702,14.284495354106184,14.683966561889974,14.863399432739243,15.142468417470809,15.563732352107763,15.721272400842281,16.175276353023946,16.418204655230511,16.956648302671965,17.172666243684944,17.854948660475202,18.33257915370632,18.898255158681422,19.729866419860628
0.67971053862254782,13.478432786214398,13.356165355246048,13.533217114774743,13.574249983968912,13.784097250667401,14.129494623484788,14.292283524497179,14.364067563903518,14.453955723554827,14.783636852429481,14.884198909276165,15.270591244712705,15.459322619892191,15.729908256878844,16.176957148185465,16.321576173504582,16.805538259504829,17.068042391794734,17.672243963927031,17.893152679374907,18.630595167400315,19.131337874976452,19.78247366467258,20.683769198541995
0.68092713798923221,14.091741663112771,13.970021356100915,14.145192450087052,14.14057270847843,14.517598250386072,14.692035142041277,14.88512050526333,14.992630791151896,15.077644065371715,15.390362665668363,15.523122834187234,15.895239606150426,16.106062792881858,16.429508387867827,16.826754778187023,17.000057858007494,17.526297521952074,17.803060402104165,18.458065831393469,18.701848246215377,19.496238282881677,20.040394657116849,20.753752250573598,21.721465836220887
0.68211545867013967,14.793088614824228,14.590375710307853,14.788393129245378,14.793858418881427,15.125971723988187,15.309674385207472,15.582292787992628,15.63292234367691,15.732603492011549,16.007316190400161,16.099452794936951,16.551785115821986,16.805777933041099,17.10090532922186,17.503932954627089,17.701261576032266,18.269541946297977,18.570796566724312,19.253138060332276,19.530930290522519,20.374088964425027,21.001685122319032,21.776830918970518,22.819013003667351
0.68327615797620667,15.369747249496868,15.237192600528942,15.460038283257745,15.427561000542482,15.76673936311272,15.952986107120523,16.203804161516018,16.269684200931806,16.337555279082153,16.68985071638599,16.757416094478685,17.220325780741405,17.440865281154402,17.761421255418099,18.214416488539428,18.438671737501863,19.006745885824785,19.332462247286458,20.038843675109092,20.376975513354409,21.270441108965315,21.945162729651202,22.804177435464226,23.924974292109255
0.68440987793980756,16.041307923267595,15.915704229468247,16.054066154814791,16.22916878722026,16.383823064854369,16.585061655903701,16.766068141849246,16.878602806827985,16.943559413659386,17.326935521210544,17.398178399540484,17.837445988494437,18.047438328794669,18.399194371595513,18.861356679408345,19.10576088516973,19.684516246954445,20.04903211951023,20.831573624745943,21.174827511713374,22.139424681896344,22.861287626670673,23.791207742295228,24.965579289360903
0.6855172456698897,16.671897409367375,16.534860418294556,16.666023662895896,16.685498257458676,16.92507592542097,17.160945099021774,17.212004564004019,17.418002925580367,17.527447487052996,17.866531180683523,17.943985708232503,18.380683898692951,18.642573932243977,18.947646603628527,19.411240974033717,19.699497774476185,20.341164337121882,20.670259945676662,21.522126688505523,21.902283250004984,22.916581727215089,23.676339572062716,24.66857911797706,25.934112729388289
0.68659887369885386,17.23321701225359,17.083753673301544,17.254851251840591,17.334365290182177,17.42049333563773,17.660783607803751,17.721493997843936,17.907368589076214,17.995724234147929,18.31791454309132,18.423419058206491,18.819223752478138,19.130783980945125,19.446335744811222,19.911630456568673,20.218610636773519,20.891417416161858,21.235781437600963,22.118226655526087,22.510184215614572,23.58233061991632,24.393817912205122,25.432397010037675,26.779972560238093
0.68765536032137298,17.714346508553717,17.564449625147972,17.725293391675223,17.669441031233873,17.927005055127665,17.967630726867355,18.033816332812421,18.322311227559112,18.386294142110273,18.756207457394339,18.810271660913713,19.227945145452395,19.514733995893039,19.885270723607391,20.320317439152859,20.655694711138494,21.332467830041423,21.701330146868713,22.58544122427702,23.011693163192831,24.124765397282317,24.967226300039329,26.067580505623482,27.442294076317921
0.68868728992533379,18.129542596288957,17.943942823098041,18.113645061384887,18.093209867132828,18.296376283862628,18.162906437297352,18.360249631805345,18.635725653031841,18.685211371979676,19.067127844202332,19.111095537664369,19.541299967328086,19.803160592564382,20.181606163154356,20.640559609048069,20.977517751860432,21.643821616075002,22.041069763246924,22.933182102395222,23.377579813473858,24.535446192603558,25.396075419150293,26.538047323469073,27.951579552143812
0.68969523331508664,18.425650699296966,18.209460707847029,18.366309474222362,18.306048174039461,18.41208214382641,18.419721835642122,18.467393578728661,18.852129052742384,18.898820681148209,19.275968075962737,19.32389694545418,19.719095698557794,19.989362314459868,20.380932038533501,20.821537745418027,21.116683229571208,21.857019799994305,22.241351435193792,23.180339045356959,23.616941432235762,24.786142817232758,25.669551115483046,26.835228611016646,28.285753627540544
0.69067974802718257,18.490295964526013,18.359618347836658,18.543080757604912,18.54805124271661,18.602587205707096,18.581929178675637,18.602838771883398,18.972241961047985,19.012810813263059,19.384517289930955,19.43077456462197,19.809917405014858,20.080665526445955,20.443443812662736,20.904832953354344,21.208446831908077,21.959290866507217,22.332145160529763,23.272076589753851,23.711272532586008,24.904155772877857,25.791953224455938,26.978716517332941,28.429382638540119
0.69164137863876962,18.582053095335141,18.48047270195093,18.617544994456694,18.530917576514184,18.584515220951289,18.588814006070606,18.530753581319004,19.011600042460486,19.023215798195451,19.373431366169825,19.432758641429245,19.824163452489302,20.120889448560774,20.419071792857721,20.893425835529342,21.207556293578818,21.958971350919455,22.31320787104778,23.200226766522974,23.689905465813354,24.886653342982754,25.770309088751674,26.945075266063213,28.400134772993624
0.69258065706882233,18.639081126311794,18.485059786820784,18.605053057428449,18.522692367434502,18.600444853538647,18.534472981002182,18.497496988857165,18.957443899707869,18.916046784259379,19.30726512754336,19.366172352572903,19.769334387267008,20.026772194076329,20.34776657843031,20.818588169058785,21.110392235219479,21.840108330594376,22.198716557817534,23.076697263866663,23.551755413878709,24.769821953959763,25.61711547523737,26.785950215533376,28.230994334444404
0.69349810287236879,18.557463775621727,18.392655796837062,18.505346392747015,18.444574255729094,18.413002647459507,18.444617009488866,18.286379193421453,18.819874559529126,18.773497902322561,19.227883882820606,19.221608739811927,19.625786621123552,19.852229037787765,20.186339281499386,20.63761857827194,20.909594784490764,21.626575683010742,22.002944061532617,22.864245588658378,23.344602685421705,24.518988032592461,25.360510708298534,26.511684000957757,27.914223462343216
0.69439422352787861,18.407901273807511,18.235799656482413,18.391956320032477,18.316866863984615,18.292646546382457,18.314818892860785,18.118686851114035,18.63946944847703,18.639903249917552,19.040514736669138,19.0053060001228,19.401659192284569,19.595096802571788,19.894488205900416,20.389010795392096,20.643979343120009,21.356356050120667,21.732898800633848,22.583214443176985,23.036935725482181,24.19108662661165,25.018330698367208,26.156610018573701,27.505273291841149
0.69526951471797072,18.188321027904749,18.067691679811105,18.185505058150738,18.072781459195539,18.125213978579268,18.04000742174685,17.948186890454963,18.416455284925178,18.396590584656224,18.805498665431514,18.752440785290673,19.135448148939759,19.329566998407245,19.603610857157037,20.11472429591231,20.347943168133497,21.040400651283562,21.355156247736886,22.248464819276705,22.677344351774082,23.805038690567017,24.609632861800492,25.722156716976315,27.028116280212998
0.69612446060359723,17.947134155547246,17.822636614786461,17.959697220241651,17.894746186910197,17.826765819918364,17.792233572574332,17.752183280186728,18.166494351811707,18.13299011811614,18.51849417341873,18.477560840779915,18.848456064937636,19.047503140289336,19.305391511879861,19.811855547130108,20.02531625982374,20.7333110102918,21.006556610576808,21.849990565096959,22.289543653139845,23.41157604707405,24.157960147596896,25.238536966498941,26.526218237355351
0.69695953409185274,17.684304199181497,17.545330199645832,17.693185423035175,17.628540344070643,17.596421901835129,17.544261910952628,17.49247630732134,17.928741029696539,17.862430801149458,18.181556762428954,18.245476719690487,18.551191988633946,18.772358135785908,19.007906511891633,19.502287681214511,19.719179667998105,20.398794267559424,20.665389948757365,21.47552205179818,21.92598084686324,22.989835310727358,23.710187474265695,24.739428214728832,25.962805232033134
0.69777519709756008,17.376694590318948,17.268066349672154,17.44564381078817,17.338558832416311,17.282239680411294,17.290342465043068,17.269714109832421,17.671612726058811,17.608216111082584,17.918841306352988,17.965148212853819,18.264902665745467,18.496130580315366,18.720454353606328,19.199885763926432,19.41032224195078,20.059694706229493,20.329628155333921,21.109191368566826,21.531016419874504,22.580621672794223,23.274167272262275,24.25443099392578,25.422185477335006
0.69857190079877507,17.108880240935832,17.023090105969459,17.183323453180492,17.077697658212855,17.082482724683359,17.063781327567995,17.026349017396569,17.426893116440624,17.396909775910899,17.68439406901598,17.70264506759122,18.006133538903669,18.197649830253795,18.490650946740061,18.871745573123917,19.119482939131558,19.71102614607662,20.019973097136244,20.767680301098153,21.171945849433541,22.187544903252274,22.85589277651161,23.806084550451487,24.931218974292278
0.69935008588635184,16.860962253063917,16.775121993850917,16.930345130153,16.836443415377289,16.867478543659672,16.954985555261374,16.812664392171428,17.214473147876561,17.197805119445547,17.481524034403265,17.463102758396417,17.78783917077817,17.961163352243602,18.251245136372745,18.627765004290268,18.857997788116336,19.448498042998835,19.737486908677965,20.469798345118761,20.849145468790084,21.851923325099051,22.491407749708742,23.410472314339131,24.489425774198025
0.70011018280770843,16.695310490671545,16.583931046538055,16.690781938377768,16.654860115610063,16.642622114391997,16.764229867840186,16.69405749742873,17.038908894406632,17.034392596455291,17.315033045597374,17.271717039169744,17.592645410681143,17.763429357437417,18.062069018138573,18.432842860464007,18.653983773896471,19.238739509833977,19.500115101458505,20.233957399846986,20.590965440496802,21.580684833228588,22.193849967094138,23.080867568030953,24.127757562324405
0.70085261200492532,16.517519985791296,16.404246071353555,16.557416929630563,16.488189726835117,16.485714912647381,16.617350102169439,16.553490879246965,16.913362902589142,16.863607101375237,17.224542263895273,17.185562285594642,17.458555002463982,17.688008192228153,17.893117526778951,18.298542626434937,18.522846488747746,19.097857008920982,19.32053010375239,20.062714022118598,20.439501902321354,21.392655604751781,21.978466558037326,22.839075958356261,23.852844280656427
0.70157778414730998,16.387746830703691,16.274621695512906,16.431164461188018,16.369343721773475,16.509016539901495,16.599731978261843,16.598996591288596,16.841885861009359,16.792282431852072,17.134665336459875,17.116020676447079,17.383639618987218,17.627678839489818,17.823782907333225,18.244480640860274,18.445903605315834,19.031740479171276,19.239968310343102,19.966142257442698,20.342932508094236,21.275446093641222,21.858569230185822,22.688840029295534,23.684004003414884
0.70228610035855554,16.349753645947203,16.199050088878721,16.3644959917292,16.321867904393002,16.438263452146202,16.550435427110642,16.594613969326019,16.803114631678909,16.779402572661638,17.097952719312161,17.110678985482082,17.389643423259258,17.628968201112002,17.826933835167438,18.230201283004135,18.43929486349225,19.03958344226703,19.268025654135272,19.958540975349024,20.328482412965968,21.241056529106572,21.833767464384437,22.640154113294557,23.618259843438864
0.70297795243861949,16.324152771383524,16.180250777164474,16.351896023377776,16.316935659153387,16.425329408608377,16.558898231945932,16.615598768694326,16.836774850497022,16.827174856094643,17.128773848991841,17.170810099458322,17.456546533154324,17.695168011123314,17.895926501136273,18.289437391562387,18.502013395773247,19.097639483166859,19.343945250846446,20.039378527551889,20.400475094327703,21.310081828851253,21.880108331330121,22.69224786083214,23.684310756390914
0.70365372308044494,16.358828263590112,16.246126015204936,16.418456659186631,16.268442798871547,16.475439335568808,16.689879425335675,16.695503653842025,16.926574254059233,16.935008368687704,17.240559783298522,17.266584443859756,17.587321258150041,17.822243348462507,18.038583627901971,18.425501385238022,18.60144875664264,19.249342204071581,19.501891963882372,20.207113214768469,20.563968250527978,21.472145115956664,22.066998622147366,22.864457010291517,23.834669950883836
0.70431378608164452,16.454444734496064,16.375351595343091,16.523138004704379,16.466912118368782,16.666194149875082,16.810790047049522,16.909902646206319,17.080945524852723,17.11180245433934,17.424349436769262,17.448375328094698,17.781488328473642,18.012771527515724,18.256859629764222,18.643882146920078,18.816718796500936,19.475992037914693,19.745029551675543,20.458240935811773,20.815516359638423,21.769563578534871,22.359561987919733,23.143404630944133,24.137916806619614
0.70495850655126391,16.607382219983265,16.534827615367249,16.672954356647097,16.640260097803548,16.823200370999984,16.989082185667939,17.108063081628643,17.294243268552236,17.333816207014024,17.67179815354757,17.690832061227411,18.028694367734715,18.235545586328954,18.523484840872698,18.937999716610648,19.117543020169251,19.784698362695053,20.060190761229023,20.799779697088525,21.16251621209085,22.142433073371649,22.736551142297685,23.525360917439684,24.54434799705632
0.70558824111173868,16.821943328715861,16.751423717592843,16.895858036354184,16.870616849861108,17.036250208155252,17.333483456284739,17.493067494709976,17.559123315149918,17.613250057096593,17.976944909663871,17.998327870853245,18.307482795906253,18.56683928577695,18.869440373731777,19.293568185647018,19.499897842411883,20.174025763408281,20.437192742712796,21.217978459782898,21.633495133370161,22.585945345694199,23.206266721943393,24.017842801753432,25.058509699068964
0.70620333809615832,17.091538674663752,16.971232025767677,17.160300545510836,17.140847387607209,17.406065208604559,17.622256844770163,17.807127606123686,17.881546323536895,17.95046395144891,18.330117247882299,18.357780488557182,18.688789781881496,18.954640561598353,19.277857435517944,19.717661353526637,19.952937140129507,20.697370570735075,20.899170763790607,21.711818633368239,22.145318892668001,23.11364735965617,23.735516235465184,24.57688217330724,25.662437184713781
0.70680413774094331,17.434096785960719,17.295958711067215,17.476702546933666,17.47594670089893,17.749742198851891,17.949334592558444,18.16727388848085,18.245058970875107,18.290321302018128,18.692905533825979,18.75971258059144,19.11576495168265,19.395036948961206,19.741753655602224,20.190043839043938,20.450292292633094,21.210841724066995,21.430342469364405,22.275375483557582,22.720971965580247,23.707659640116617,24.372521478682756,25.245170183479786,26.356936658499762
0.7073909723740448,17.800632404512726,17.66712163912598,17.850776636041701,17.861190357943997,18.110486981109716,18.327799580409192,18.568937104311772,18.655401438474655,18.714939902420156,19.12679442751687,19.234695506631397,19.601807238999754,19.889829110354185,20.206907183979638,20.720848659053445,20.988569351262413,21.773074234137312,22.027869459125213,22.896514546708204,23.367491095908917,24.412846734048799,25.08942447649315,25.996660070726648,27.164407769916579
0.70796416659876948,18.209458022029139,18.079864976461977,18.266528030741028,18.370012522791512,18.510523042990826,18.829273171606474,18.947846728260629,19.101189258974046,19.195298192556947,19.604523157468066,19.729083720943891,20.098234212840907,20.421518005547114,20.757011876790784,21.299594768323004,21.582400474697351,22.395209274836816,22.677838493604213,23.585642187739722,24.055428025545552,25.163133598165587,25.878170752432197,26.813616168685257,28.029161007842049
0.70852403747333148,18.655382723314688,18.530636790790595,18.71874943212606,18.733382337377407,19.064637716510333,19.286737530841492,19.42811212153174,19.572970031062141,19.717589328996837,20.118599580018781,20.245080402586609,20.677961896872148,20.987044901121408,21.346062180469744,21.884592186310329,22.209905447904021,23.050637355889194,23.371853412594646,24.309466875973158,24.849042393849231,25.95536126929801,26.71940078435,27.692638992331922,28.952251876937225
0.70907089468623041,19.133046390255913,18.984185065608472,19.241295672254637,19.219860267126933,19.533564073499292,19.788668157998472,19.934370497241616,20.094508553505875,20.266991229495034,20.658822214812972,20.800329202669673,21.207197597832419,21.587316985358484,21.963014593929984,22.531259722192772,22.863597074523568,23.733693436370231,24.097724049468525,25.068190854042768,25.651727373246104,26.786440469091758,27.595846986747347,28.62235734751448,29.924793936079368
0.70960504072755393,19.716406141640618,19.489050035830587,19.710597382974811,19.701019407948479,20.025523591903038,20.306550295324996,20.431058911373839,20.627891174866818,20.818127894541249,21.205353348632343,21.365282457321882,21.806466870824806,22.201655847020447,22.607940862653777,23.209883077302948,23.556001299759373,24.447110245237127,24.858852128498256,25.858336230972782,26.480505398591049,27.650335599901155,28.510403767460957,29.584881769027561,30.939763484057039
0.71012677105629751,20.241158495540731,20.014363836497068,20.240581320016645,20.232874627574347,20.535395645303652,20.841456510010175,21.001741483109072,21.186597729451023,21.319349322002381,21.79738164297305,21.951451184228063,22.413822402944788,22.838719667051919,23.279306305223145,23.903021416161209,24.279672079253942,25.230126492795534,25.625767582794651,26.661416174261831,27.326439130585641,28.536987945204601,29.446768731577322,30.576834103325382,31.992741809692234
0.71063637426379578,20.781239787582308,20.577053437242284,20.779346361756325,20.755131184589118,21.174315695185214,21.388078991323709,21.564365825266577,21.691067187581211,21.88064298813697,22.390140205272473,22.561860415618867,23.039067537523806,23.470676859957166,23.953344096778892,24.603885750169866,25.00979447492864,25.991381051251665,26.396384796593338,27.506414532195777,28.180412559187971,29.445759345078841,30.409210092853755,31.574966300511733,33.065379496896639
0.7111341322333542,21.331591867725365,21.148625035304576,21.329953114851378,21.310175734339282,21.719683710020036,21.941555658821017,22.132938067894429,22.256944022956304,22.453899916145019,23.004286340321414,23.174638644210063,23.681381682516076,24.091713172383606,24.639112073811702,25.309473516303115,25.759462789166719,26.769545189570636,27.190690036164597,28.353404164547101,29.041585412574932,30.351803282042965,31.3756631934084,32.601590065984055,34.153378553222865
0.71162032029617128,21.80852662504185,21.708808909868822,21.887619430199265,21.870232055545785,22.238889949512668,22.497306831297465,22.702823883737437,22.815223573357798,23.035018535563722,23.62258992518764,23.797441876493394,24.316897064447403,24.75326291390229,25.306264595012181,26.017534085316584,26.496507049188949,27.544962239917368,27.981947472319007,29.188321147346869,29.910662880633026,31.321166005684063,32.342770090792328,33.627259185072035,35.255465893773362
0.71209520738363574,22.36659970425535,22.269958086195402,22.446318618254736,22.44634897611104,22.786129726562649,22.958199069835246,23.212641024845652,23.384877923876047,23.625495999935083,24.221144618932158,24.412413970567286,24.95296496595256,25.405591549817473,25.967453858931549,26.71554612647742,27.246172234881669,28.305832535261288,28.774192235199735,30.023284425027668,30.763668602332473,32.235824041301385,33.297371324384585,34.657149605918676,36.339746908051893
0.71255905617608395,22.92159104521852,22.827915378846228,23.001948010758497,22.998215255909599,23.183698455570266,23.518475137418136,23.782384090358391,23.95873975311406,24.222245275042951,24.824918656144291,25.016191540984437,25.565860818373039,26.070572942495346,26.632043231511489,27.384963716147467,27.964498104061931,29.058096213033423,29.553280671592802,30.837027825182304,31.605686849681661,33.14130023191683,34.246138816233724,35.663839988177642,37.409509986406192
0.71301212324809993,23.469750417629257,23.3135872654384,23.550763733917847,23.547392790205777,23.877911679679528,24.069459930760786,24.319800283527002,24.510956820333377,24.784499656874686,25.328491945983842,25.604175359010696,26.176927192835137,26.720133719500154,27.275262835435569,28.069127266528085,28.669443092076108,29.784556618891656,30.314646525075659,31.636590126901865,32.510958755854517,34.019548605196178,35.167368676979095,36.652273689163849,38.461796629242599
0.71345465921043727,24.00768585735932,23.788098359713331,24.089396951254457,24.086041412549093,24.414226366207004,24.607906486839056,24.866507379105315,25.060325238155201,25.331060754368082,25.893584265606478,26.15383088379167,26.774903174256906,27.336683261906728,27.91078774840571,28.733910605311394,29.354190477868542,30.497226200532168,31.071483637671918,32.415469417814165,33.339042181847617,34.880941041046754,36.062238957965747,37.606558521278203,39.485903758788481
0.71388690884864314,24.532408863073215,24.313400179846212,24.586453706491739,24.611210516886786,24.954579504439607,25.03972948435694,25.215984292561188,25.584811226231977,25.861052482156083,26.431331632426009,26.714320300146937,27.359902302734554,27.936447023414075,28.525065751280636,29.373483074828982,30.008238899987191,31.172060559736565,31.790397952310741,33.169109193375334,34.123013887787238,35.7036889847368,36.951852218015119,38.526940019801259,40.479595723096281
0.71430911125845908,25.060244869440794,24.823142355075106,25.09652316593565,25.213968918425962,25.457841717638075,25.551831324119121,25.731917666271329,26.067912009777501,26.377031569136307,26.93888056720607,27.257546223467216,27.918103778967634,28.511436150409281,29.122896349523216,29.988487323746085,30.645552585134283,31.818155399756506,32.489176762988791,33.90166844567284,34.879456601338461,36.497236154507846,37.816572417970747,39.44687163643539,41.435373850632459
0.71472149997807566,25.551661698846146,25.315058232750744,25.588473887415603,25.618527176091447,25.823381514055654,26.04458385752514,26.228490679524839,26.54700769437477,26.864473588299006,27.446774433366954,27.776672921841964,28.459243607707322,29.069415223319083,29.692718741949648,30.581798481289297,31.250429142732173,32.454272369854152,33.152200112119317,34.596253314753994,35.588051589205861,37.325905809178948,38.626950576901436,40.314132914878428,42.352692588698119
0.71512430311731179,26.022837530588731,25.787228157510981,26.060412250226364,26.088246034225449,26.298274201108143,26.516147852409631,26.65819122409448,27.012451744871214,27.338565943064168,27.924537287792191,28.282350990688428,28.970312233548611,29.513871372211725,30.272580127464607,31.1422461157199,31.833933662390336,33.069063688628376,33.78475401410833,35.261570085771382,36.266901405993849,38.061443099752069,39.416988012380898,41.1347517343238,43.237865533214062
0.71551774348379282,26.472227505408227,26.210795156890526,26.463608499616385,26.536108238622546,26.750560457119718,26.858507450437173,27.109825084917247,27.44792847847566,27.773908039787784,28.431166953640059,28.77195860655047,29.408947501098737,30.010572816478088,30.786257868632674,31.670567751629278,32.372741856612265,33.642426654230803,34.380995934363455,35.903428849298507,36.919116866774857,38.75410431670025,40.13989401422441,41.912414547521621,44.063318972010165
0.71590203870619395,26.898602771107107,26.642996986396611,26.909038125304505,26.960913594113663,27.179012425942346,27.288629119750112,27.537629040423781,27.867077563190833,28.187176481354982,28.885834586108103,29.216384403873235,29.865439758170396,30.474788696505129,31.270948731340468,32.169575505889952,32.896075629163533,34.188942173030227,34.94342157477513,36.492144697811455,37.582839053124189,39.396512005012482,40.82618797570467,42.644087118562311,44.837765753734857
0.71627740135462092,27.286509904079139,27.046064308611676,27.310561522375792,27.361757569946349,27.58269254071638,27.694669754942879,27.800816479371861,28.266719739651307,28.556583750760183,29.297554288059473,29.644451986532658,30.296926956623793,30.914156048558652,31.726300994865596,32.629792148713022,33.385277213528752,34.69479856453836,35.470077287405729,37.056228692643344,38.157747051678598,40.006518973968923,41.460697637405246,43.321907383855432,45.564964312128723
0.71664403905819096,27.669544503325596,27.424822327215225,27.687697496730834,27.738008620683104,27.877856633625925,28.075944556389004,28.176956831477582,28.653425885830075,28.947157567832619,29.690385955385864,30.034666892606765,30.697835240978748,31.331614113412797,32.149819453246891,33.06584557518363,33.842792032286525,35.169727209024131,35.960122040472925,37.568064369261265,38.700952371582389,40.575925052631646,42.058281192556024,43.960542624350637,46.245505165308714
0.71700215461988159,28.027469668071717,27.778830761089921,28.040039407555014,28.080205996520817,28.240549727808684,28.464761385228485,28.528281234204769,29.011753980536014,29.298297042958438,30.048662998713553,30.34826726000756,31.072492588777095,31.712413148023188,32.547055883333087,33.464043617248535,34.26485689682886,35.624182843137532,36.407034891657531,38.047644129954278,39.195037910249084,41.101602519862354,42.591668665409088,44.550984361208975,46.871053439565003
0.71735194612870956,28.360068150795996,28.110207981429994,28.367392889223993,28.343771811109036,28.577858478762209,28.794896327890456,28.854612454771996,29.331396935507655,29.641171411145478,30.387002310249954,30.682602395303547,31.416905875783414,32.073892903514206,32.90902645373717,33.835897873155773,34.651590371970087,36.01351415226236,36.823487007059157,38.481901308521628,39.651353127788752,41.579876659903675,43.098019444383681,45.092193850316107,47.452245348133147
0.71769360706930252,28.667330855503678,28.414870036300272,28.70194262592122,28.644447267986834,28.889721713960171,29.09957885183394,29.15595612116158,29.635857793036848,29.941077498719096,30.691774138249457,30.991116201505065,31.734945790376514,32.444170537404716,33.244373805355281,34.170470705255866,35.006457505747676,36.376442216802388,37.232690948061645,38.886655158828944,40.064621364697814,42.020043793134391,43.544530057348311,45.586677125655115,47.975756634026766
0.7180273264289232,28.879946836270392,28.71100217429921,28.979467186611146,28.920142142102122,29.176262601278722,29.193926936946809,29.289637118577957,29.905505417380482,30.226921404711902,30.969739717431366,31.271296916529536,32.023462038021535,32.739270548336208,33.54449765663594,34.479876533616334,35.314420999959111,36.707371927797794,37.577763938810676,39.220671076327562,40.432471547275782,42.411469922401011,43.961343886330724,46.031250400468707,48.455546343699098
0.71835328880200677,29.135680979583412,28.965825341641903,29.232331492938101,29.171217509545386,29.43777169007808,29.45018491987139,29.563692432362586,30.139746405184269,30.47612485056743,31.222007202450186,31.528293436858803,32.346724959090352,33.003260638099164,33.817571177147329,34.766233592759818,35.632343670353293,37.001785576343536,37.893971752375364,39.545936680398881,40.767329567112029,42.768017154186964,44.379256995394826,46.432337153702974,48.879053718410432
0.71867167449226776,29.367109665181488,29.196745263878256,29.449364918284118,29.423647127579898,29.666316343471408,29.68274312093854,29.787651849444956,30.357822047080845,30.66712233517319,31.443489704746753,31.756251373328269,32.579842668958008,33.234206273686141,34.061575722415,35.014698054641485,35.889512737747282,37.251933701802045,38.169275894761086,39.831491988152266,41.051252894103527,43.074686488136649,44.711161969229579,46.812686110846698,49.24044028762728
0.71898265961243357,29.574836059939116,29.404332234058529,29.654984359163791,29.626815728843212,29.636053895112127,29.892133357934654,29.988784485962242,30.541893231682479,30.865778932813555,31.645051152445376,31.965285000391304,32.775144569575787,33.443302706349641,34.277096901088953,35.234497488476336,36.106768492143601,37.481827822513878,38.411261430941522,40.088940630666912,41.311720362864435,43.414634714834392,44.992814341560006,47.121360337361693,49.569121209904552
0.71928641618166045,29.759533347561955,29.589249849785119,29.837683914229274,29.83060875441879,29.829895461443812,30.035746962763369,30.16775738960132,30.713928660843521,31.041332035791129,31.705450639128685,32.143467830028385,32.956114491447806,33.621638242620975,34.46574094472453,35.446814624127001,36.305049779824913,37.677277109585702,38.618003946729004,40.305983194150031,41.536862581968307,43.660828468389809,45.244722276926041,47.392293802462518,49.841680284589529
0.71958311222068394,29.92197012482211,29.75224175862968,29.998227816540748,29.988654111977667,30.00191184785217,30.060518330428749,30.303993395529687,30.853223788086325,31.175641258247197,31.860478654969484,32.33486540010199,33.106448681093752,33.779266335535794,34.627729633823037,35.607912393286824,36.487442713230848,37.847949686460197,38.79672525357455,40.494491001591086,41.725537401624024,43.865711886435747,45.458521549589932,47.606682593934238,50.079878454096615
0.71987291184475888,30.062991419341415,29.894114001188427,30.137461869977415,30.12536848615855,30.152847968507558,30.198932626284659,30.432729066815227,30.972301534377038,31.307494132779539,31.983075789641589,32.474359728395939,33.239824339747429,33.91287821251899,34.764473573304713,35.744388226419687,36.631270406767726,37.990491267293692,38.946061383932829,40.648072599433362,41.884361112490296,44.027981241233647,45.632950238883495,47.797609770670533,50.279190770350397
0.7201559753544382,30.183474688790739,29.976655054371804,30.253092260565609,30.241655704099685,30.283496774267405,30.317846222780645,30.542166314553469,30.986348396167159,31.403642850928009,32.095556261949241,32.585992665030062,33.333038492128253,34.010989088565111,34.876726381480694,35.856184395030141,36.739291971549392,38.108142620883882,39.067053417675197,40.772095900028944,42.047251650132239,44.164782136678696,45.775559264235198,47.942851995117962,50.440603578463197
0.72043245932424249,30.284328090958297,30.076937890145928,30.35242518177256,30.338449500501156,30.394709115382284,30.418114883825183,30.621208404190838,31.083872518036515,31.494960789103061,32.18796774558723,32.675344032235444,33.422634669579566,34.099939339794219,34.966306558810174,35.93827863689512,36.833050197921693,38.199431893415749,39.166140791960061,40.882751564495265,42.14622160140425,44.270190414041281,45.887298790737987,48.061480999924242,50.562323573976755
0.72070251668926744,30.366526048164815,30.123229198157787,30.407112886197865,30.416712205391377,30.258523743599653,30.500615560915321,30.69444039138034,31.151892733760178,31.567743894644082,32.265607380308211,32.746770554222167,33.492208727635443,34.161269675008953,35.028295972384512,36.004444385878742,36.903639688156545,38.278522745706141,39.238711793906987,40.952035933732986,42.242951917462051,44.32503087259829,45.964810548350215,48.146683950908482,50.652994966134429
0.72096629682977909,30.432599174790084,30.186589577700943,30.469853022135794,30.477414723020047,30.331179573666304,30.56624711304903,30.751107980497181,31.220551329664886,31.614008505828679,32.321239401586354,32.799760977737606,33.521118194796145,34.209790702909231,35.07594667840749,36.049654226750135,36.924486076459289,38.323386572301388,39.283733905293047,41.009341475553811,42.287704922258854,44.372598791494966,46.01267628185451,48.206957394257188,50.70494194701314
0.72122394565384274,30.482630641199648,30.233490680344403,30.515991475433111,30.531444982625544,30.387755437754095,30.6159139117226,30.792138213291764,31.25593195296824,31.653106557205319,32.359967106021941,32.830166034400463,33.55385207477957,34.239910988137126,35.101455703377724,36.073911878280342,37.043800838291645,38.414652246050537,39.31390673853457,41.030074561014771,42.307719519361854,44.39009000454098,46.021430988796055,48.231118118390441,50.725405920296907
0.72147560567803015,30.51678775344044,30.26489482820034,30.546497116796672,30.561917410232127,30.429138772189617,30.650518619455397,30.818448886275291,31.27642132434994,31.67039611376822,32.389525230042636,32.849172898568213,33.569817458279431,34.246502233669162,35.112133009359241,36.081404046155512,37.021181104704738,38.419042389839888,39.315482579171658,41.028722081333399,42.299358657561243,44.386810621246696,46.015539056621492,48.227436883375049,50.733714986592531
0.7217214161062524,30.536028486676514,30.281752956099808,30.562335240654647,30.577602948993444,30.456212357617915,30.670963781885803,30.830954678356647,31.292495997622609,31.67903898563236,32.47058800701052,32.852877640165389,33.566190804354846,34.243613233789802,35.106084090657532,36.068636960349977,37.010774151422083,38.403643232770264,39.297338932752609,41.012539881281555,42.274244570173323,44.360465422272682,46.016539333388209,48.208573341369629,50.696926409378648
0.72196151290675892,30.54130641464144,30.259492013603449,30.584769455716014,30.579460468143225,30.491698685102165,30.650095468387008,30.772162863053381,31.285496332682669,31.674054318107665,32.461798949167132,32.840372474864125,33.600100118666887,34.225641223601997,35.178199372254312,36.043036502785981,36.983506632968783,38.370665087364614,39.264472367241979,40.971335120499134,42.229007796384394,44.309286165982485,45.963992429897189,48.153687773272395,50.634315019473433
0.72219602888734757,30.5335554163903,30.250440770760179,30.57321803458035,30.557815064676106,30.492484603077173,30.626691305078566,30.752103677950799,31.266340108588338,31.679587833583355,32.442162801511586,32.816607551649213,33.573302831500769,34.190167535096407,35.14276032615453,36.002509351819754,36.924921943806112,38.318824840709567,39.211276169866323,40.90375825855881,42.151234291493893,44.276374522596598,45.890409015119076,48.07666752114892,50.547298995777965
0.72242509376882647,30.513683381490409,30.229568602517247,30.549700801260769,30.534658120945096,30.481543799862266,30.60528377071023,30.721067018806934,31.185532199218869,31.650898314081132,32.410394681617618,32.780543559230864,33.549967916682363,34.145011368207633,35.09388430044055,35.943479226902127,36.86740140710026,38.254261577501893,39.142418837174773,40.826964034698904,42.070014551281929,44.191032389178872,45.787015752866864,47.964214621111751,50.438440266996622
0.72264883425676774,30.482580138370395,30.195450823754072,30.515102971345186,30.500443858094513,30.709156333468854,30.573487955145538,30.67989335488528,31.139518178999424,31.61128856241703,32.357134399935603,32.733089629560709,33.498249810189009,34.087857192382216,35.028961851261556,35.877047159709036,36.796543657779694,38.175809621810913,39.060687095858157,40.736161775887012,41.972943374887109,44.09128756262362,45.675588203594089,47.847250731661916,50.309221442788839
0.72286737411159396,30.360414158552885,30.15305155608803,30.470283917151392,30.456032910384238,30.661568813957274,30.532105881720781,30.629402474500239,31.084163792431355,31.568307492882013,32.303387234918773,32.675152369774878,33.435798276215792,34.010352362878621,34.956442210823298,35.798993210308254,36.713458123616874,38.07798267994076,38.964256333187222,40.63150822930038,41.845654239878058,43.973254537209868,45.547797841951251,47.712734773755074,50.151349233463407
0.7230808342170354,30.310729000717402,30.101338173262775,30.416071035899222,30.403906014747918,30.604698097333312,30.481897782534361,30.570367692038417,31.007636147551239,31.509174065664411,32.240198087878525,32.60761731211096,33.367883887141943,33.932623036205769,34.87348110973835,35.748487629927695,36.611415739171207,37.974800836294889,38.855735548771918,40.516797156073153,41.720839116722345,43.841013815253973,45.40507073327899,47.543641351163387,49.986372083425522
0.72328933264699602,30.252389159053564,30.041089095175266,30.353262213990092,30.342068195343018,30.210166330449283,30.423606095835567,30.503541050478816,30.935919565148652,31.441587817855179,32.168364780023694,32.512525883503258,33.286613384261727,33.845724149607122,34.780650179833174,35.65009868144989,36.507023951038718,37.861074057407677,38.744087469764054,40.388001676648855,41.612019641324878,43.695853216573596,45.232819404453039,47.378587204962969,49.805878894403577
0.72349298473086499,30.186129052191973,29.973052614368498,30.290156592614949,30.272370452061296,30.14972585439682,30.357935960404575,30.407257348299026,30.857142630964518,31.366324788890779,32.070680842734873,32.428724042139947,33.197185070253909,33.746159634552896,34.679351108148694,35.542801399715245,36.393418191932142,37.733421291224658,38.614776057191193,40.24881106801331,41.462586410343647,43.541409367695451,45.06416554749012,47.200350876897573,49.593712599948049
0.72369190311731035,30.112668056972325,29.897937532514334,30.212963934987783,30.195529262535274,30.082489365711808,30.285559688694775,30.38093819282949,30.771963653154671,31.28991128783673,31.983872521668673,32.337668950669467,33.11075178720057,33.643570278771222,34.570251347497106,35.427497454918921,36.275614901445806,37.601808541454375,38.476499108597636,40.106332860887051,41.304822882637382,43.374211642891169,44.88447904214263,47.007048921659589,49.386424833908677
0.72388619783659014,30.032688958570361,29.816419231705368,30.12931767385453,30.112232833169401,30.009097621776164,30.148730135522783,30.290090611204505,30.68428723141551,31.201192289590836,31.89063557703048,32.244573171250522,33.007225870154798,33.534230490215123,34.454145226627588,35.305952777154744,36.146687491796911,37.462507260031998,38.342486780136824,39.949395496398211,41.138295024633408,43.197616133838892,44.683521492406726,46.806557795032859,49.167902354151011
0.72407597636141408,29.94683882035315,29.72914523165673,30.039867521263659,30.023131177760661,29.932270167395473,30.058998981490731,30.194123713299632,30.588611632585526,31.106821075081825,31.776298249140382,32.141026116907597,32.897772314958274,33.418858949095011,34.326694391667843,35.176965012215078,36.01112908963114,37.340758884325624,38.188869565725327,39.785033788532019,40.963999757543206,43.011069169268012,44.485272793099284,46.59661359153688,48.939367920160294
0.72426134366639228,29.855715785175562,29.636717674322426,29.945231643505394,29.928841152228415,29.847663118503988,29.964645221829414,30.093617998994887,30.571174052543938,31.013051033951342,31.672134099528193,32.032274653203785,32.783046661876142,33.34874910581857,34.198783199302852,35.042312962934375,35.869700255803764,37.190272357314825,38.028948707506061,39.614134972915053,40.78841351158917,42.818584520369768,44.279306204989552,46.378335177898407,48.681152079254389
0.72444240228610046,29.759912146255374,29.539713748730719,29.845992018468678,29.783603677526116,29.758611441589892,29.915817074477673,29.989126422442496,30.477205239236355,30.908867651596665,31.5634337477386,31.918935881927609,32.662967659533024,33.223220326006413,34.06601844355464,34.902677382342517,35.723487248644233,37.034465551376343,37.863502953201532,39.448425380513072,40.601369669660926,42.619680831208825,44.066607013344765,46.169184697791934,48.43587601557374
0.72461925237179625,29.659966100938618,29.476656267419457,29.760991333983839,29.680258560925722,29.959920742549002,29.813553888350725,29.881171808578074,30.365450151264668,30.780735105276108,31.450749618001282,31.80534493830055,32.545504976063967,33.093594984151423,33.917849890887737,34.766506128013134,35.572297940030694,36.874057419598103,37.688401091843843,39.267129911109805,40.4091557264328,42.415203677490354,43.850972875952721,45.937368521466851,48.183967376127839
0.72479199174681785,29.556390374898911,29.431149689480662,29.655506120994687,29.573388701304793,29.850537751801312,29.70817668735981,29.770226976834238,30.250751941464841,30.668887613341212,31.33044527284801,31.68474661000073,32.418247439898551,32.960429331287742,33.780184733681381,34.618523185141385,35.417278758250177,36.716769089922309,37.523059152066708,39.081622436642647,40.212529322132468,42.192466031759977,43.627506006509066,45.700163185596466,47.926436021924019
0.72496071596069322,29.449663935229182,29.321456665173173,29.546886192634702,29.463463241234422,29.738131863996387,29.600138279609382,29.656751196831465,30.133581404574215,30.544636678881943,31.211562247946858,31.561163845472038,32.288011603057384,32.82715173996985,33.635999472811818,34.4673958029598,35.25902773719281,36.549711680039763,37.344955479726195,38.892574321478605,40.017170211300254,41.978996595367789,43.399884060025215,45.45842488668859,47.673800826072693
0.72512551834199346,29.340237061493099,29.209197474643588,29.435585816390812,29.350943120196462,29.264451674185693,29.489844119176269,29.541161297820508,30.02543400041759,30.427559261210263,31.090165109373629,31.435061377473176,32.154742856509984,32.68874662835151,33.489265293814242,34.313650110736489,35.129910133779049,36.379611534997821,37.164042003452778,38.714004822075367,39.813854273408651,41.762245735153556,43.168122962117195,45.224917123094201,47.407390451058745
0.72528649004995649,29.228529911488295,29.09479287173599,29.322029143571854,29.236237475648522,29.154719921760261,29.377694866620004,29.42385293636471,29.904349300079048,30.308442458510399,30.966684297658503,31.3205232815817,32.019958732649684,32.548273481428623,33.340468656271696,34.151374638080597,34.966933188959956,36.207259284332395,36.976593632251024,38.558138959109783,39.608118398115039,41.542888674885035,42.946023400872946,44.976299306377769,47.137885130941868
0.72544372012491098,29.114923201501369,28.978629427962005,29.206608068197966,29.119742075912654,29.043465875089169,29.264041664078832,29.305179626680911,29.78194971382618,30.187668019905686,30.837458848021924,31.19094883557409,31.883542218245566,32.4061657814309,33.20014673192054,33.99376167729497,34.802241442725062,36.03316131606698,36.791523221880198,38.361360406503081,39.400523798540235,41.310690129175782,42.710409969091415,44.72540077380836,46.866041392087936
0.72559729553752883,29.032406624406576,28.861065699718893,29.07350196596235,29.033175818622112,28.931013388559222,29.149224975146353,29.185482487082481,29.658586299978197,30.065603822469711,30.711416159756482,31.060065743513405,31.745901582762599,32.270228652283549,33.04888776037842,33.834920422174037,34.636271124705672,35.860811540856957,36.605216918513179,38.163308484479785,39.195187447592616,41.087819965556264,42.473299799486995,44.472849247977138,46.584963509812951
0.72574730123693165,28.915198788046837,28.742430428043008,28.95561692584306,28.914970934391022,28.817674750462174,29.033542115241289,29.109416630119085,29.534590776078403,29.927512302063406,30.584390874952078,30.928220764733851,31.609609668143094,32.125728162936866,32.896784948185086,33.675253638066351,34.478582924231887,35.684398772194982,36.418116703629494,37.964451359584928,38.985389336943626,40.864037446677685,42.235273918136954,44.229252444580197,46.310320055112243
0.72589382019768056,28.797122909687459,28.62303514406085,28.836886224336922,28.795936686918139,28.703730088658631,28.917289221659303,28.988272051326931,29.449045262299478,29.803943961858749,30.456696113571525,30.855728380382061,31.470740490593016,31.980688611976802,32.744184161536396,33.535331550054252,34.310962582007051,35.50752074457705,36.230622760951519,37.753507005050778,38.775210650637746,40.639828264713287,41.996823363006115,43.975016007199883,46.035224881023169
0.72603693346567244,28.678472526371479,28.503159796819091,28.717598913237453,28.676362416706979,28.589439453557134,28.800724342465401,29.032610854133964,29.324306163936853,29.680001875385642,30.328622701577842,30.711164896376431,31.33159614354372,31.835416842252016,32.591403828002512,33.376056309789419,34.143197566270828,35.33053963072598,36.038589192554355,37.554532814770937,38.565093968063593,40.415618611499667,41.768056683242321,43.720756838098168,45.760209299623966
0.72617672020296986,28.559508986771107,28.383069858886302,28.598019486293197,28.55650375969708,28.475040280260146,28.684085605666041,28.90794047806412,29.199718847870827,29.555945071391761,30.201927452348173,30.577392242848873,31.192449485883117,31.690196712501347,32.457538709044456,33.216918118298054,33.975612178444862,35.151406934484839,35.851564913988113,37.355936357751489,38.355386223644018,40.190012397244573,41.506089422851801,43.466941718012094,45.485767409205437
0.72631325773158939,28.440483886748552,28.262998852878809,28.478389468044043,28.436614044941962,28.360753401182592,28.556746361777186,28.783584150485694,29.075488646514714,29.432015530765057,30.073701554909348,30.443792211823165,31.053556023165584,31.544118730351329,32.305236555635929,33.058186588808894,33.808484764769673,34.975106835365295,35.665181024000049,37.15804716385901,38.149889333173633,39.967149995267391,41.268923312425613,43.213985135778785,45.208550030365586
0.72644662157627127,28.321605579927564,28.143169075250626,28.358932209201157,28.316903495229781,28.24677593819797,28.43593031167984,28.659750400111079,28.951859643682837,29.305736947804689,29.945833688601851,30.310590164735913,30.914173966273665,31.399648207239807,32.153564254753292,32.900120817124844,33.647603223100305,34.799613794311881,35.479715345427394,36.961151741445065,37.941983539611101,39.745401650667191,41.032974356785417,42.950051805004478,44.936704969033599
0.72657688550625554,28.203088226728141,28.05717409029603,28.26181357819587,28.197583888657391,28.133290501311421,28.315778287127614,28.536621049977839,28.829612261615694,29.183049192652106,29.81852768547833,30.178012986667454,30.776310446672142,31.255951941013336,32.002739668823779,32.750754799693823,33.481903592124581,34.62517037987709,35.295431049540639,36.766046211123466,37.735430201515555,39.523435078561306,40.798567669466138,42.645676167681813,44.666639681905508
0.72670412157608721,28.085112364031374,27.93814667314291,28.143074653111398,28.078836265951395,28.306390460580587,28.196456112898886,28.414366828277707,28.83739753626287,29.061072534881532,29.691966713406146,30.024722545407712,30.63933521322906,31.113217053003609,31.852968546561897,32.594855412840843,33.317396260797977,34.4520034622401,35.116125389933586,36.571820724755526,37.530492277815938,39.304909735918045,40.564791040495038,42.397470936179161,44.398688368499279
0.72682840016547245,27.96784782409668,27.819888995960355,28.025070939213037,27.960828313603997,28.187288325279951,28.078115383163095,28.293137827888131,28.713313694112003,28.93996175006032,29.568445403128862,29.894050934351981,30.5034204069525,30.971629548817873,31.711162676103413,32.440236978232861,33.154278600588441,34.280330384150147,34.934946550056338,36.379333401098847,37.327393833547831,39.094931581988931,40.334147097542882,42.15145106241107,44.133152237161994
0.72694979001820825,27.851448564790189,27.702548112720251,27.90794919244945,27.843712658621371,28.047973630949855,27.960883995518088,28.173075790517032,28.59046187531203,28.819860836490989,29.443694760091603,29.764520120806992,30.368723557330668,30.81877734977752,31.564191842451692,32.28706887550652,32.992741879075766,34.110407883301377,34.755598353222013,36.188779523596168,37.126352068036795,38.880593376234174,40.105825984850526,41.907878458499908,43.871438970789313
0.72706835828020844,27.736049324274063,27.586253134533763,27.791852272115648,27.72762240935117,27.930438788607717,27.844890465959907,28.054300143383443,28.468966475687921,28.709661945700645,29.320148940198123,29.636245724745095,30.235387133434415,30.679882240481675,31.418763105757535,32.135508455336094,32.836240835487843,33.942135617136955,34.578226024284959,36.000338640064001,36.92411701194942,38.668609403073788,39.880044627934694,41.666973054409027,43.611451277509332
0.7271841705366443,27.621771732345223,27.471134432591498,27.676899594254792,27.612684559077024,27.814095408655703,27.730233426205814,27.93691901024431,28.348925181664526,28.592082610353827,29.197922212071717,29.509371752850711,30.096487510018051,30.542560392059386,31.275000504218042,31.98568962700665,32.678155336529016,33.775830969214439,34.402984336018562,35.811308551579714,36.727684058248997,38.459156023338437,39.656989045441151,41.429663876071572,43.354597540572286
0.72729729084822248,27.50872989371419,27.357298103161156,27.563202084973454,27.528922159224749,27.699052194133401,27.617016706615686,27.821027084253728,28.222611139528453,28.475867584347725,29.077129525132477,29.384015175513923,29.96637175604701,30.406950910575688,31.133022157475352,31.846449902281165,32.522061897441745,33.611630260944366,34.230001287534833,35.627443857491016,36.533807976171374,38.252395192161202,39.432538835331798,41.194464707747102,43.101075125858188
0.72740778178662024,27.397019478492439,27.244837579317391,27.450856782495975,27.416262866929173,27.585402471013367,27.505317245610058,27.706707818433642,28.105805490165949,28.361107772216201,28.957858081907034,29.245372960343957,29.837940688244998,30.273141724057496,30.992930772714317,31.700315166264772,32.368062973022461,33.449647134169936,34.062497865408659,35.446118880063295,36.342623706907034,38.048458920791745,39.215411651879549,40.962473496794701,42.851031655445695
0.72751570446909608,27.286730048246682,27.101430096663535,27.339948642067611,27.265201049856842,27.473230271600187,27.392957711592317,27.594035854563117,27.990714979358017,28.247886513359845,28.84019698575139,29.123314641416073,29.711282718926668,30.141201721504331,30.859046529978514,31.556239411234856,32.216264348477125,33.289979243651032,33.894313918426633,35.267434649169445,36.154226377606392,37.849507391452789,39.001441854983568,40.733817983418703,42.604620106518269
0.72762111859229639,27.136530332267284,26.992112817242742,27.233769613318145,27.156398134306073,27.117901261895895,27.284250596538186,27.483076307922602,27.877398254349828,28.136273796670139,28.71905686147511,29.003024151548743,29.586473635397851,30.0112065942958,30.723032471723855,31.414302445948124,32.066737359389663,33.144852377474308,33.728694600984454,35.09148165024817,35.968713646754622,37.651380103081465,38.790734130889177,40.508630335330963,42.277598412707448
0.72772408246527609,27.029653531499207,26.884385109879076,27.125718948431313,27.049175166524947,27.012259711511433,27.177256780676544,27.492185734212399,27.765908150933683,28.035385019145906,28.604813853278756,28.884559458121657,29.463572077453136,29.86838723346591,30.58913039509207,31.274566099047661,31.919557143002748,32.989995241165161,33.565712103620172,34.918338710442185,35.785158392041922,37.456397684291005,38.583385931327939,40.286993583664298,42.038515403866768
0.72782465304175248,26.924399693496525,26.778305163607001,27.019316006451845,26.943579480983317,26.9083371758461,27.072021260857582,27.383706584572792,27.656288273632526,27.927108554169536,28.492368859238923,28.767981556244195,29.342643302865326,29.742609396576881,30.457400944083929,31.13708365522325,31.778194842860103,32.837675970047712,33.410107610747218,34.748062705621123,35.605469411239028,37.264631850644946,38.379465730860829,40.069320980459452,41.803389864042401
0.72792288595160781,26.820817616768181,26.673917807638645,26.914604776538908,26.839666841551661,26.806179959326982,26.968583883717656,27.277047025971115,27.53853723872453,27.820603189058602,28.419220255687833,28.653326479718089,29.224297053180635,29.618930642493069,30.327888789586723,31.001913024112582,31.635683052241802,32.687936471775174,33.252735299989581,34.580522941425443,35.428859405219555,37.076133796945214,38.179039992392063,39.854983296245337,41.572294767946005
0.72801883553166136,26.7189382892102,26.571260283701122,26.811618121340871,26.737468866631389,26.705809717066586,26.995185246691108,27.172241561114788,27.432726819999516,27.715904176235199,28.310462885536253,28.540641466155648,29.107495308853686,29.497413043864071,30.200631743296981,30.867905482649803,31.510475384071469,32.540822500362992,33.098144674673676,34.416300227865577,35.255378805100918,36.890964858233929,37.980483824387193,39.64440706372261,41.34532511420548
0.72811255485572512,26.618800660595298,26.470369404181838,26.710397141985595,26.637022711336613,26.607257816009223,26.893369612284005,27.069320612587035,27.32888254430145,27.613044738769531,28.203619511798024,28.413831450976431,28.992767702788115,29.385892251506448,30.075660216622055,30.737266425043344,31.373118823394179,32.401855487376451,32.94232627004385,34.255073627457023,35.085059760138392,36.709151668474078,37.787162072956562,39.437644766643643,41.122503373771906
0.72820409576396117,26.520431774668396,26.371269186958671,26.610970893874764,26.538357445970178,26.510538736358285,26.793446561321616,26.968300495296717,27.227035888470709,27.571971628814936,28.098718457855284,28.305212154053152,28.880140603519976,29.269133564084768,29.96271197963506,30.609041644260287,31.238311784341931,32.259690327569842,32.79329914227128,34.096865519881248,34.917928457260132,36.529202228412032,37.597457129508257,39.234716074541211,40.903830042108893
0.72829350889155664,26.423849851824343,26.273977690376341,26.513349880464375,26.441483884118497,26.415668449364603,26.695428577251732,26.869200018234551,27.127166961319745,27.472549356520176,28.001851075328887,28.198628371581435,28.769623241387308,29.154574859887362,29.842404561117291,30.48324804008007,31.106072021648288,32.117607703432441,32.647126972675323,33.941693775355816,34.754001826047897,36.354057211428881,37.411377234384418,39.035654364153743,40.689339512959123
0.72838084369673239,26.329068860039115,26.178513675928116,26.417554390616715,26.346422288566828,26.322652632370591,26.599326327443123,26.772027470171452,27.108942720107734,27.375025868415833,27.900855703279376,28.094124306924641,28.710729697719216,29.057271094061434,29.724428451620042,30.359893938526511,30.976405650377274,31.980935722589493,32.503814561292529,33.789558701217175,34.602587895467877,36.18232492916286,37.228942675516009,38.840466748923063,40.480403939262033
0.72846614848810021,26.236101724207401,26.084883954375982,26.323594450950623,26.253184118308127,26.231495605781674,26.50514174439013,26.676781328395009,27.012871314771473,27.276935594156384,27.801833119243383,27.991672180593014,28.60431395098567,28.94717229437083,29.608787227421999,30.238978397101164,30.840547516942024,31.846993321552873,32.36336644180119,33.640472477301955,34.445092372596264,36.014014795422554,37.050140623003244,38.649145547300577,40.274478662759066
0.72854947045138485,26.144952387548983,25.993090701289475,26.23147639632225,26.161770787090063,26.142194886691868,26.412875661626458,26.583470572717488,26.918759368360043,27.183122399263084,27.704794436693192,27.891271754167974,28.502899302169681,28.839283362962306,29.491607900708914,30.120504418388009,30.716108497232199,31.715775199234486,32.225776067003608,33.494419984519482,34.290811466053128,35.849116802215576,36.874974329024553,38.45842575840652,40.072742190212011
0.72863085567552377,26.055619244463742,25.903138873167336,26.141197762452066,26.07218602951616,26.054746998474002,26.322522518225014,26.492087877355516,26.832542665302753,27.091218285262585,27.609722818247974,27.792921758256853,28.40075655374676,28.733592345379293,29.380149776116014,30.004469402134418,30.594213718548417,31.587262943387032,32.091040344908834,33.359650919213891,34.139728777110577,35.68762001208961,36.703431371599436,38.273407865315676,39.875172510743141
0.72871034917816158,25.968105530366302,25.815023917704821,26.052758386358619,25.984426067210734,25.969148341566324,26.234074389562011,26.402627906762064,26.74238561745733,27.001220272853971,27.516621138900518,27.696612826548517,28.300745794549584,28.630099708214402,29.27106521371752,29.889221390709281,30.474870897829533,31.461453102529049,31.959132427349687,33.21964824013412,33.991823520511389,35.529508089646697,36.529902417212725,38.093858119100332,39.681748686358333
0.72878799493055058,25.882401846349239,25.728740845806897,25.966152902692556,25.898483541794121,26.077422908507288,26.147523876279593,26.315076376311481,26.65416547190398,26.913117318414152,27.425480118021369,27.597397956997156,28.202849049121141,28.528796250000596,29.164371835067868,29.77791559137404,30.358071157708764,31.338328523561358,31.827407253906131,33.082635557278991,33.847074462100863,35.374763283878565,36.365515386685729,37.918111439794302,39.492436558008194
0.72886383588187365,25.798497153446078,25.644274855032563,25.881371631287038,25.814349486492574,25.992187466472387,26.062852407805622,26.254613572731614,26.567862552590668,26.826895206235349,27.336288285441697,27.505199328064919,28.107048003003001,28.429667325690389,29.052144799381495,29.66900815628469,30.243791056796908,31.217865405604243,31.701141949743032,32.948594819754362,33.705458918586373,35.223351890221238,36.20467845723033,37.746134215965867,39.307204198092222
0.72893791398300123,25.716384395025671,25.561619801446795,25.798396746627986,25.732014045119286,25.908780748955905,25.98004662245512,26.170766703784466,26.483463104814291,26.742548514157534,27.2519925609231,27.415003061294556,28.013334693387151,28.332694350741804,28.950030514039099,29.562476675957441,30.132007764652371,31.100037230178714,31.577646629884839,32.817490417510271,33.56694415025413,35.073146710172296,36.047356568276882,37.577905513346195,39.12601443938911
0.72901027020969578,25.636049065738916,25.480755003169179,25.717221340164542,25.651460973545909,25.827188896946609,25.8990857899189,26.088784461840987,26.400947193615139,26.660049949772656,27.166588599793613,27.326790531165898,27.921677756123245,28.237857705913484,28.85016951430589,29.458294274285436,30.022699670866132,30.98218778334558,31.456884870305657,32.68929492123425,33.431501995772123,34.928296066820621,35.893520964309573,37.413373805582523,38.958739038556814
0.72908094458527739,25.557467951439321,25.401670540682971,25.637826474383473,25.572674093768001,25.747388187795877,25.819952211342752,26.008644088171422,26.320289799943566,26.579386978410184,27.083080232143402,27.240540244616568,27.832066709175706,28.157557628117502,28.752541370689869,29.356437021866441,29.915835674852133,30.86958003975451,31.338831843808293,32.5639733299613,33.304581370204687,34.786683050915599,35.743114424869418,37.252502236515284,38.785393688827753
0.7291499762027629,25.480630339123309,25.324341919273138,25.560194070450962,25.495637719519436,25.715803819708526,25.742620091885328,25.93032478634268,26.241473187692463,26.493177286349237,27.001449574716389,27.156231479719281,27.744470347650349,28.066931772977114,28.657117246650159,29.256880611181259,29.811385419219732,30.759518044069409,31.22345233336091,32.441488437354565,33.175081269815564,34.648267900571227,35.596108738332987,37.095244420692325,38.615958817303181
0.72921740324648887,25.405512197874486,25.248751554638147,25.507807359099388,25.420325355604291,25.63935130648315,25.667069029062986,25.853803225792944,26.164468732662499,26.416084369644523,26.921672193333507,27.073832811787724,27.658866824582219,27.978365518152714,28.563871720805764,29.159589217975736,29.706010926514864,30.651971889659762,31.11070979014039,32.321806415915489,33.048541139811277,34.512997388839722,35.452448138967156,36.948416996747255,38.450370516628027
0.72928326301323387,25.332095784135163,25.149957736954093,25.433996003121138,25.346719621680677,25.564635419286788,25.593268480151892,25.779051293618977,26.089254123158753,26.340755487792194,26.843722630292177,26.993326676078141,27.580532947555184,27.891836056485772,28.472768708132207,29.064537862315774,29.606338465586305,30.546899037435651,31.000567018985748,32.209651585668325,32.924914063885808,34.38083479180932,35.312093947082758,36.798182304948568,38.288582913577557
0.7293475919328487,25.260354100726545,25.077873388305306,25.361865670420229,25.274798228405416,25.333666063845158,25.521199411712587,25.706045584753156,26.028209859505296,26.267171072773635,26.767573163844645,26.914683643728495,27.498758379369974,27.807305831462145,28.383781996555626,28.973992155864835,29.508978994563222,30.444230180233717,30.89297978579998,32.09544650092721,32.804153364151716,34.251728773117065,35.123612793162465,36.65140968747437,38.130535779520869
0.72941042558840696,25.190268440172076,25.007455287501216,25.291391488164663,25.234391492791474,25.263491954654455,25.450827980414033,25.634759240783751,25.956562840379775,26.195303186774254,26.693200945854187,26.837870535440743,27.418892447836697,27.724752003327012,28.296877220273018,28.883224023506045,29.413892801851034,30.343963975086808,30.787915196269751,31.983913902193308,32.686197392642498,34.125637225806713,34.987747527658939,36.508050186559558,37.976162673905492
0.72947179873588819,25.121803591027856,24.938677618280053,25.222556107677519,25.165535393171012,25.19498164113611,25.382129258476198,25.565161006525159,25.886619687080383,26.125124892219901,26.620572132989764,26.759956281632185,27.340901940129697,27.644141132943332,28.212015779688954,28.794587466865778,29.321046061813831,30.246059387922287,30.686285896226764,31.875009102746844,32.571018202230334,34.002501733601093,34.856915846467018,36.368045035749674,37.82541093043983
0.72953174532340193,25.054942288435996,24.881686482578516,25.155321376398206,25.098294791765511,25.128108196891844,25.315073851495981,25.497223049402237,25.818348169326782,26.056602737866342,26.549663133919239,26.686790804378688,27.264758794568479,27.565432959236205,28.129166937433183,28.708054127171636,29.230401307344437,30.150474196299911,30.58608035556972,31.795615267008543,32.458563331514597,33.8822718616575,34.729175239801407,36.231327475979924,37.678211418911815
0.72959029850996704,24.989656230434775,24.81595597602427,25.089671080932021,25.032638821750879,25.062838419340551,25.249630427919328,25.430916984565556,25.751721171662211,25.989714013412595,26.480438458733261,26.685686842538416,27.190422601997852,27.488602265715599,28.036669057793915,28.623578728176653,29.141917875036597,30.057169986888766,30.488264946267009,31.691626947373152,32.348789738491178,33.760272443294525,34.60447127558291,36.097849758341908,37.534507393836975
0.7296474906838526,24.925917228683829,24.751788225024939,25.025572107173502,24.968545967712998,24.999151947908103,25.197958320379257,25.366211988963187,25.686707413755357,25.924432276748121,26.407087263651192,26.615857159718871,27.11786609236151,27.413608222268522,27.957770452834666,28.541125705465674,29.05555365793407,29.966103555634618,30.392794424667954,31.590128069743514,32.241644309833646,33.645722774788737,34.48274888843298,35.967547012493014,37.394226087257266
0.7297033534804932,24.86369566898793,24.689152888022363,24.962999408133328,24.905981757678092,24.937009714543819,25.135674035176635,25.303078230470419,25.623274140059948,25.860716826282442,26.341092526912689,26.54770749527961,27.047056802548468,27.340421528555453,27.880770028568804,28.460661771707237,28.971268406137824,29.867897631600499,30.299630107358098,31.49107601121068,32.137076992541552,33.501094486564398,34.363950999453664,35.840363103896379,37.266626933589578
0.72975791779998833,24.802966040559113,24.628025408834219,24.90192343108356,24.844920263625681,24.876385094597936,25.074914393015206,25.241484348662198,25.561393775977194,25.798547117970884,26.276689718477428,26.481206969358027,26.977960196323693,27.280448283068836,27.805635452270508,28.38214339595288,28.88902454264462,29.781324557960033,30.208716304972768,31.394421255216002,32.035039888694882,33.391995361074805,34.24801716953516,35.716237111017108,37.132986342534423
0.72981121382419423,24.74369927123189,24.568370173685253,24.84231654368341,24.785334443673491,24.817247973755002,25.015643795020878,25.181400920264423,25.501030530780554,25.737891293130815,26.21385254804045,26.416325971484184,26.910542180761695,27.21065784431994,27.732332962565124,28.305534885264933,28.808779448270798,29.696854952722788,30.120018804445863,31.300115229561925,31.93326704762876,33.285539712756872,34.134892731904984,35.595107425004244,37.002579391002655
0.72986327103341886,24.685868083499372,24.510166585445404,24.784152588807046,24.727192743681371,24.759566905908287,24.957835878245533,25.122794049791992,25.442157089710236,25.655884283594787,26.152550629340112,26.353033335879445,26.844770263880491,27.142572553828359,27.660817148163915,28.230797492899001,28.734817961230874,29.614448586478829,30.033483946695924,31.208109706640244,31.836099430918694,33.181674407795072,34.024523481726646,35.476913215592504,36.875337997451425
0.72991411822272856,24.629443487152457,24.453375864773989,24.72739886585623,24.670467915944755,24.703311066143215,24.901460033841431,25.065634938888252,25.384741242043674,25.598086182028055,26.092751647345722,26.291292382404208,26.780607202090323,27.076152506284416,27.591055294498801,28.169991294853389,28.658482221886516,29.534061955288053,29.94906928576529,31.118354439735413,31.741309946402907,33.080336306244135,33.916846252977848,35.357697742059827,36.751197203993797
0.72996378351787616,24.57439252641052,24.397978487424552,24.672028000466526,24.615128196775913,24.648451592773199,24.846480029635131,25.009894916787744,25.328748868778348,25.541715185157955,26.034423629753292,26.231070565059781,26.722132259048522,27.011366479098797,27.523008864372969,28.098795469850302,28.584018955007195,29.455650391057134,29.866733325645328,31.030803540721536,31.64884839951992,32.981487058103085,33.811813700944185,35.245136078447104,36.630088929086924
0.73001229439085824,24.520692456513643,24.34393872693181,24.618012054823339,24.561146945692599,24.594957240857184,24.792870692908764,24.955539923161268,25.287414091639221,25.486735099926591,25.977535624988377,26.172333179041743,26.661141984164715,26.948177545331419,27.456643965095282,28.029358482919633,28.511394066736102,29.379171654582024,29.78642656840384,30.932654852047563,31.558660743758082,32.885065015405416,33.709357796236873,35.135324174538255,36.511950667947531
0.73005967767511115,24.468308054842055,24.291229320690036,24.565322118811309,24.521359985694289,24.542799211107194,24.740600559860468,24.902540063485503,25.234210312366486,25.433117889799178,25.922055849805474,26.115050866268575,26.601659342646599,26.886550853028893,27.391922214999795,27.956588754430413,28.440565442666411,29.30458558909595,29.708107022568583,30.849333301186562,31.470703642815351,32.791016720235348,33.609428185969591,35.028214389458299,36.396717978641391
0.73010595958035363,24.417220044881105,24.239822622388601,24.513929286971688,24.470006246119738,24.491944550536573,24.689641360193491,24.850867817178369,25.18233894649893,25.380838156677783,25.867953213863075,26.059191767126322,26.543649290688336,26.826454930007458,27.328808562830091,27.890575055032969,28.371493645012379,29.231847973540425,29.631742680445313,30.768080895766616,31.38492320291698,32.699293501675129,33.510047262534499,34.92373875528574,36.28432341851294
0.73015116570708494,24.367391729727387,24.189689788967371,24.463805890642107,24.419926987029612,24.442366980016232,24.639959433116019,24.917667829431593,25.131772910244763,25.329865078441799,25.815197914838791,26.006116352975368,26.487086160108447,26.767854003235698,27.267262684181333,27.826203520409763,28.30413762666285,29.160921985283494,29.557282745838165,30.688845867291093,31.301272442564368,32.609836904332042,33.414993580430746,34.821842361241579,36.174703493714333
0.73019532106074492,24.318802243098617,24.140799126587808,24.41492202039808,24.371088487096131,24.394036784768105,24.591529593802989,24.868567555211484,25.082473890855908,25.28016965650022,25.763759046792984,25.952984190545976,26.431932705454528,26.710715254768729,27.207285898737609,27.763438081368804,28.238462345674634,29.091759199276567,29.48951224796474,30.611580705270171,31.21969947963953,32.522602789103985,33.322297876700759,34.722466163337231,36.067803673446178
0.73023845006554611,24.271414651535451,24.093127406202257,24.367253389209509,24.323470045812428,24.346922086551785,24.544319468550384,24.820693714544177,25.034420948475599,25.231715017929673,25.713605871424079,25.901179461739957,26.378157039172947,26.655000143684447,27.148812519386411,27.702242152765393,28.174422401934862,29.024325352162123,29.418695136904716,30.536242501810193,31.140162179246545,32.437534898519516,33.231908746063709,34.625552935525775,35.963544303551316
0.73028057657798384,24.22521326225251,24.046645379625261,24.320769188925624,24.27703713811934,24.301001222804189,24.498300820589066,24.774019932374358,24.987578499130905,25.184477664530277,25.664711831137538,25.85067430883646,26.325729572214186,26.6006816374138,27.099425126798451,27.642580061219633,28.111987618729472,28.958577182143927,29.349644210189581,30.462786519899964,31.062606859952211,32.348164770752192,33.143779436126351,34.531047120690346,35.861880589276552
0.73032172390003169,24.180158131755888,24.001324358396232,24.275443717837334,24.231765365228057,24.256234125234187,24.453449163585901,24.728518805466592,24.941923003643751,25.138428501784801,25.603657038882375,25.80143348313868,26.274612973444164,26.547725078649819,27.043934429064393,27.584402127191424,28.051115434616804,28.894465420395136,29.282325686886907,30.391169313341379,30.986993737518787,32.267276963219047,33.057859549298882,34.438890129327774,35.762751180678606
0.7303619147920315,24.124982085078955,23.957139624282718,24.231251293793321,24.187628030776978,24.21260321047157,24.409731867723167,24.684161444194615,24.897424740716815,25.093537591397762,25.557176509872079,25.753432735800743,26.224782682955265,26.496098128147423,26.989836210384965,27.527684138156474,27.991768652573228,28.826044904068112,29.21669297106564,30.321344820782542,30.913274876773357,32.188399083912373,32.974089156836271,34.349025901407003,35.666088663041592
0.73040117148528261,24.081902489997447,23.914059993810952,24.188161753118038,24.144596705213189,24.170080022886395,24.367122238501906,24.640919256955385,24.854059772565961,25.049779563210905,25.511869799345732,25.706638980656862,26.176205929368734,26.445767198689282,26.93710070848465,27.472393368370831,27.933914052322507,28.765114637091756,29.152710743248463,30.253270087763667,30.841403113678098,32.111504243686795,32.892413280904293,34.261404311284423,35.570060489699244
0.73043951569433929,24.039905766956508,23.872060514055192,24.14615348353982,24.102647121995687,24.128633548505604,24.457809400744736,24.598770068027079,24.81179185770452,25.007127042859793,25.467704217880964,25.66102188359946,26.12885298859328,26.406745814718306,26.885694599710405,27.418493047356606,27.877514137886465,28.705716945230961,29.090336931869388,30.186905235052109,30.771335201337934,32.036527954041958,32.8127820789814,34.175969250500202,35.478131385520101
0.73047696862902167,23.998961658217013,23.831119600683451,24.108808901160955,24.061751539818943,24.088240991346538,24.416622132994235,24.557683535851538,24.770600735209882,24.96555507928133,25.424650772474706,25.61655648984015,26.082693263888359,26.358899076469243,26.835580720566213,27.365951508283615,27.822535814717412,28.647812260314822,29.029530689120293,30.122210510075092,30.704801509156823,31.963434861972928,32.735145563259721,34.092667531222105,35.388503480702639
0.73051355100614812,23.959048939868808,23.791207890026271,24.068893804214895,24.021886079572141,24.048874251544476,24.376481142826378,24.517634318210185,24.730455559678376,24.903764734975994,25.382688593119383,25.573215150274336,26.037699424661696,26.31226041726768,26.786733451299369,27.314734921790659,27.768939604982734,28.591366665437818,28.970257686451077,30.059139782562852,30.638253705576062,31.892174296081066,32.659460961818695,34.011452717706561,35.301116799935699
0.73054928306099409,23.920142907649279,23.752302784472704,24.029979414306581,23.983024600893259,24.010509511455894,24.337354368530214,24.478598895482719,24.69133211299777,24.864290130324662,25.341786758042872,25.530966696329415,25.993840491399169,26.266800838522613,26.739119955338538,27.264813245274127,27.71669743116945,28.536342717707157,28.912477051839232,29.997659934684634,30.573382565751672,31.822705002501607,32.585675464943051,33.93226926214993,35.215918138623238
0.73058418455848595,23.88221550360322,23.714376511983573,23.992046990431845,23.945143166929483,23.973121439106762,24.299221515655518,24.440549957565963,24.65320762898773,24.825815142132342,25.301919861696661,25.489787019789219,25.95108936727047,26.222489176318049,26.692706856876612,27.216151774860919,27.671980633400381,28.482707588002086,28.856154069304466,29.937725124880672,30.510144367814064,31.754980629310012,32.513741906732321,33.855068486183882,35.132858438417315
0.73061827480413288,23.845246026292443,23.677407833747566,23.955070331692696,23.908216344192624,23.936684481799603,24.262054920196533,24.403464904986322,24.6160490764305,24.788315126672387,25.263064065016806,25.449650937691331,25.909421538002789,26.179298333823681,26.647471610456705,27.168720241636038,27.622315308079123,28.430428758263588,28.801251292228699,29.879304248839617,30.448496084660292,31.688955584540963,32.443614510819316,33.771776344627142,35.05187987908721
0.73065157265470626,23.809210709296167,23.641370643861592,23.919025748036802,23.87222354952246,23.901177142746747,24.225831646472216,24.367320253513753,24.579840553924441,24.751769051887095,25.225191872566938,25.410529370419681,25.876661381684244,26.137199432589114,26.603377852588892,27.122485321946442,27.573903021402657,28.379466965794563,28.74773583561182,29.822353897616267,30.388398671522737,31.624589810147882,32.375253841280937,33.698424791917205,34.972932664677501
0.73068409652866961,23.774083077907562,23.606244204565883,23.883887543343008,23.837140181101859,23.866573029197752,24.190526372753084,24.332091104239225,24.544553420506418,24.716148927807808,25.188277676701546,25.372397029772401,25.83707304764539,26.096163880079985,26.560397740453482,27.077421173453331,27.526715044863522,28.329792570322752,28.695570822805166,29.754150809720159,30.329800795763731,31.561846435070038,32.308610456064343,33.62691049464047,34.895966926589608
0.73071586441636738,23.739842440001667,23.572005725465715,23.849635682068765,23.802940730005503,23.832852008752525,24.156119148246944,24.297754818573594,24.520582617260516,24.706391528248787,25.152299194596708,25.335231296718121,25.798487368039787,26.056168515235186,26.518507244065404,27.033496117219329,27.480715881101787,28.281371988356113,28.644722303375602,29.700040327385068,30.272683715447783,31.500677425414324,32.243644552305341,33.557190418243408,34.820933559909463
0.73074689388997538,23.706472578458488,23.538631299510598,23.816249841824174,23.769608412869275,23.799990257248282,24.122584257274866,24.26428703777492,24.487053127959371,24.672579846344888,25.117233945056796,25.299006658606231,25.760876841843128,26.017185851000249,26.477675626054406,26.987825782969594,27.435880034230649,28.234177015721798,28.595161141827703,29.647294221445918,30.217001555487514,31.441048895940185,32.180311275646091,33.489221759140491,34.747780483216047
0.73077720211322106,23.673939909785986,23.506102933548391,23.783704897388816,23.737115829251707,23.901283039711416,24.089901993982494,24.231670616194606,24.454374954104424,24.639626069925725,25.083056423813105,25.263701426796615,25.724218619987369,25.983458338305354,26.437876217067242,26.946138587780297,27.392177784815431,28.188172034919262,28.546848360449076,29.595882080495358,30.126672158017755,31.382921349257231,32.118568794801831,33.422955295071006,34.676466271281242
0.73080680585087754,23.642230389639735,23.474392017349601,23.751984285190701,23.705446687527001,23.869477259926498,24.058050697669387,24.199881171807647,24.613410339690745,24.607507943175733,25.049748872406781,25.229286875575781,25.688489659689367,25.94635811727494,26.399086907505989,26.905507756397128,27.349579148925841,28.14333008415997,28.499757071956992,29.545764945447445,30.07369539141655,31.326256705448031,32.061700498685241,33.358355019241571,34.606942392885685
0.73083572147803688,23.611324369907379,23.443484904244542,23.721060653217137,23.674576375633478,23.838477797806263,24.027004930190742,24.168894891627133,24.58234556671232,24.576204694807529,25.017281073145568,25.193856154568493,25.653664852492511,25.910196408629417,26.361275018192828,26.865902506746352,27.308057225309312,28.099619263783097,28.453853201121092,29.496906895190477,30.022052209824324,31.27101475931704,32.003075746819377,33.295372672379017,34.539163636043668
0.73086396498916784,23.581198641099036,23.413357858546078,23.690917558036745,23.644488545134664,23.808259285055101,23.996750720776618,24.138697254471481,24.55206935852766,24.545696615241468,24.98564195074141,25.161174639128149,25.619724280200899,25.87494897749275,26.32442192453891,26.827300678007305,27.267582907341421,28.057014206424356,28.416363013908267,29.449285674840212,29.971712242811918,31.217163676396012,31.945925259962678,33.233972974121571,34.473086729645729
0.73089155200696299,23.551834475249052,23.383991911076009,23.661533362232149,23.615159820765257,23.778808703646064,23.967260946519673,24.109263443388045,24.522563913837075,24.515962605364621,24.954799602739513,25.129321630112827,25.586638321168721,25.840595348738134,26.288501316681504,26.789674221538007,27.228131781332195,28.015482943505049,28.372732274234295,29.402865316718817,29.922636402770877,31.164666237309575,31.890214515849948,33.174114415422082,34.408666608855128
0.73091849779098061,23.523209792561829,23.35536836180836,23.632892283611,23.586571379564703,23.75009922683239,23.938522422686219,24.080575402826071,24.493805922567844,24.486981616355479,24.924739941954613,25.098273693583906,25.554389863274992,25.807108762674034,26.253488563001156,26.752997962757945,27.189675701782107,27.975003173574805,28.330202246084809,29.357612768188119,29.874797752127051,31.113488826900721,31.835902346298099,33.115755038335919,34.345861794427037
0.73094481724608495,23.495307665318251,23.327466937713325,23.60497291944921,23.558706294745207,23.722113814204931,23.910508951172233,24.052611807361245,24.46577833686024,24.458733943291008,24.895443369634449,25.068012246862054,25.522960285656154,25.774471850134432,26.229547934606671,26.71724914945662,27.152190634049475,27.935541793704033,28.288744052872062,29.313502587378025,29.828163798898458,31.063598956912756,31.782955156639218,33.058856183663011,34.284634564071894
0.73097052493069092,23.468110354617238,23.300270492210984,23.57775851432234,23.531543725170195,23.694837463088334,23.883208503946662,24.025358658283949,24.438463435508311,24.431203292682767,24.866887192241848,25.038515652529895,25.492321488447487,25.74265795852989,26.1962680676952,26.682402634061873,27.115650837309659,27.897075459361076,28.248332921415567,29.270503472536802,29.78270398825407,31.014960462227464,31.731337396427989,33.003386223688722,34.224941110238433
0.73099563506481746,23.441600375808775,23.273760301992297,23.551231360062957,23.505067022517323,23.668248184025288,23.856599356047809,23.998796036466956,24.411838538944721,24.404371394775808,24.839053141884506,25.009763514623046,25.462458534166217,25.711647178977728,26.163832324557006,26.648437066935003,27.080033211968839,27.859580403193831,28.208938840776682,29.228586081415415,29.738387508317828,30.964768283069134,31.681016113609076,32.949307119473815,34.166743068024516
0.73102016153795224,23.415761537849903,23.247919755987823,23.525369299575686,23.479257656261325,23.642331391572952,23.830663160420954,23.972902597859502,24.385888826102018,24.378217527642846,24.801104366779327,24.981737582944334,25.433351912535727,25.681422038003802,26.132210547104478,26.61532630212605,27.045311861671507,27.823027011007071,28.17053628526628,29.187721282243729,29.6951834987849,30.918556954711676,31.631958598271012,32.89657793007791,34.110004339367151
0.73104411791673563,23.390571053139865,23.222729979082942,23.500159726478159,23.454101015813649,23.617068651132286,23.805385436862707,23.947665866464376,24.360597345046699,24.352722856216133,24.774685979820788,24.954421240836382,25.404977691359818,25.651958605274558,26.101386302150786,26.583050965331495,27.011464227922261,27.787396458908916,28.133101847022772,29.147889070212841,29.653066303580999,30.873505275696516,31.584131961688399,32.845174472779036,34.054683825001121
0.73106751745246401,23.366017780266702,23.198173781856894,23.454566330648959,23.429577630013227,23.592440413311124,23.78074699640274,23.931905744597316,24.335943986661732,24.327875056304038,24.748931716196239,24.927794887684286,25.381346854381263,25.623238386586308,26.071340787224472,26.551591043360531,26.978469995781779,27.791467227041721,28.09661072678864,29.109053244814277,29.612006049603224,30.829582126811147,31.537503499537706,32.795051816850901,34.000746706500649
0.73109037308842029,23.342077724635601,23.174239723011851,23.430666664615273,23.405673104338348,23.56843701004982,23.756728392094374,23.907913825474679,24.311915850266814,24.303654654882848,24.723832204006612,24.901837012730539,25.354335570707917,25.595240281894803,26.042052885517478,26.520919122733176,26.946305713616312,27.757507944479585,28.061028186231852,29.071190921589732,29.571977291256189,30.786762224510312,31.492039036005735,32.699239065870643,33.948163878172636
0.73111269746703333,23.318744442425668,23.150899006985128,23.407369444146752,23.382366577163339,23.54503131378442,23.733317371457815,23.884524451568723,24.288494084961712,24.280044875107706,24.699363275431097,24.87653695512563,25.328004396520555,25.567948121577501,26.01350106485188,26.491022863425314,26.914948198013008,27.72439999692142,28.026338974013925,29.03428253158927,29.532952830195427,30.745012091472745,31.447718968614936,32.651574930176139,33.895781431347132
0.73113450293687066,23.295997600071132,23.1281509231776,23.384657237678766,23.359648604877293,23.522218495607376,23.710497718304396,23.861725552007556,24.265665813349187,24.257032468914986,24.675511167384684,24.851871428079903,25.302337599918246,25.537122640758753,25.985667200759053,26.461878140456975,26.884381695650518,27.692123746499419,27.992521116510034,28.998298885300756,29.494905441999435,30.704305972903967,31.404505532234907,32.605103811249137,33.845780748873949
0.73115580155946902,23.273823820054531,23.105976994149387,23.362516124732792,23.337502975016832,23.499979303218424,23.688256589695811,23.839501300826669,24.243410677649081,24.234599681571126,24.652262132614851,24.827829028479755,25.277315344661474,25.511176493018866,25.958533951081336,26.433461452834308,26.854583641514182,27.660656712949276,27.959549115970731,28.963216610252857,29.457810092717409,30.664618495851755,31.362373283132911,32.559789652004838,33.797033308073878
0.73117660511600679,23.252204138785601,23.084356182254851,23.340929863974452,23.315912292338908,23.478298882953823,23.66657349281013,23.817837774753571,24.221719469875097,24.212733215652406,24.629595526494086,24.804390271194279,25.2529212012887,25.485884299501777,25.932082777842879,26.405761593021452,26.825527655892074,27.629977856762707,27.927407985553145,28.929013568907976,29.422433154657483,30.625922681763768,31.321290766820312,32.515607198700309,33.74949749186635
0.73119692511381973,23.231126517988741,23.145660731941462,23.319887337274849,23.294862818904221,23.457161349244416,23.645434511825442,23.796717941761017,24.2005724189803,24.191414268687367,24.607500783167779,24.781541476026177,25.229142286814749,25.461225619539618,25.906293745152652,26.378757706843317,26.797202507033944,27.600066689774394,27.896067265421152,28.895664094015956,29.387207813560963,30.588196590542793,31.281234793365002,32.472525615245104,33.703150492161512
0.73121677279276664,23.210581704974174,23.125007886439562,23.299369506537914,23.274342257529497,23.436555328778923,23.624829886481166,23.776128811761737,24.179961032234132,24.174203122965991,24.585961903445423,24.759265931323171,25.205956529825926,25.437183994799852,25.881154212169349,26.352430895902216,26.769586471840739,27.570906078442931,27.865512333810329,28.863150719553232,29.352859932929277,30.55140863545239,31.242180358618498,32.430518589913845,33.657953321933746
0.73123615913144691,23.190551114268601,23.104875502176583,23.279366591013968,23.254336720332503,23.416464931331575,23.604742771945894,23.756057467311621,24.159863733686507,24.153954298235476,24.564962801523507,24.737547410652041,25.183354754000902,25.413746857084334,25.856645084917545,26.326763095334172,26.742664976976812,27.542473037727177,27.835721585899591,28.831450924277306,29.319368243217468,30.515539813786745,31.204097103327513,32.389553589746356,33.613882560282946
0.73125509485327256,23.171016933396459,23.085241350345314,23.259864201769233,23.234830988571048,23.396878398954868,23.58515945635736,23.736489785835147,24.140274891629815,24.134224243462086,24.544491595588624,24.716375602409244,25.161320511251688,25.390898543410003,25.832746625877917,26.301737051457167,26.717735127545893,27.514753757044673,27.80667963065207,28.800542360171676,29.28671108558774,30.480562377721071,31.16696585714817,32.349608996883035,33.570908881723881
0.73127359043240037,23.151973604224622,23.066100556403399,23.240848924964666,23.215815780684352,23.37778346426785,23.566069396212697,23.71741196885705,24.121178009547293,24.114988749846816,24.524532957002521,24.695735369808972,25.139833755791187,25.368620517663658,25.809448333457112,26.277337239123881,26.692095540463924,27.487720564007759,27.778358284384012,28.770403051748872,29.254869198426604,30.446460023522377,31.130755947902799,32.310655813664198,33.529004050418735
0.73129165609952529,23.133407523855567,23.047437627799809,23.22230869345367,23.197272032499313,23.359163675457239,23.547459846362472,23.6988106360659,24.102559140883386,24.096236717887223,24.505075217224658,24.675608444958925,25.118888352066278,25.346899057738483,25.786731285974383,26.253548244945705,26.667096592485905,27.46136472094804,27.750742511823773,28.741013508290052,29.223820630460978,30.413204407319427,31.095447206869721,32.270695710554719,33.48813902772963
0.73130930184753973,23.115305944345891,23.029240272007883,23.20423121843487,23.179195958189666,23.341009313240647,23.529310559853911,23.680676535703242,24.08440553303808,24.077954229898751,24.486104533076286,24.655986497178674,25.098465180024505,25.325721210800111,25.764580819755793,26.230352584272623,26.642720671370625,27.435666837729514,27.723818976432085,28.712356716394424,29.19354690797627,30.380776269361377,31.06101842969656,32.233629902824759,33.448285521939397
0.73132653743706055,23.097654769197106,23.01149735879153,23.186607077717781,23.161568751558661,23.323310093954206,23.511619833298028,23.662996052764356,24.066709012724459,24.060128902085125,24.467607925646007,24.63685613963753,25.074102004058659,25.305072441697121,25.822033180855215,26.207734170369804,26.618951592594385,27.41060717497021,27.697563007473946,28.684415889903903,29.164022104814649,30.349153868854046,31.027443466708064,32.19748224131763,33.409424215555191
0.7313433724018289,23.080443958751857,22.994196934625506,23.169420327991247,23.144380032084882,23.306051579304039,23.494369768537581,23.645757843740284,24.049453001469374,24.042746797204018,24.449573419056833,24.618203239515424,25.05469358805567,25.284937424585223,25.800943423993886,26.185681831091642,26.595777034759521,27.386172227561474,27.671959862112999,28.657166739925742,29.13523280993104,30.318315055221319,30.99469848908484,32.162229189649224,33.371523110195994
0.73135981605398293,23.063664013519883,22.977326151914895,23.152661129832268,23.127620989456773,23.289222818799317,23.477552672848105,23.628950715065002,24.032630147412419,24.025802315212786,24.431988319382071,24.600014376454055,25.035767468623817,25.265304963104427,25.780383115634322,26.164176490157843,26.573175891302526,27.362345053814352,27.64699549227953,28.630596129223704,29.107157057151198,30.288239693269134,30.962770022451878,32.127850560471416,33.334562834352255
0.73137587748920918,23.047296564094722,22.960873016156256,23.136319229379296,23.11127922218293,23.272811755537987,23.461151965893805,23.612562471069396,24.016226833686233,24.009280734695494,24.414844804443419,24.582277135923505,25.017313885502517,25.24616259150207,25.760329608805478,26.143207198940217,26.551137082278728,27.3391083329916,27.622651221230626,28.59578213840723,29.079779317602515,30.25891238078475,30.93162889778614,32.094321316108108,33.298510888591409
0.73139156559177365,23.031343773007393,22.944832475855947,23.120383106172085,23.095344180241227,23.25681165792048,23.445162359625101,23.596579369157553,24.000231292098761,23.993168465793133,24.398124270141125,24.564983347430825,24.999319766648114,25.227497077547014,25.740777244791389,26.122759263031185,26.529647078365088,27.316449300386012,27.59891090542078,28.570523021742702,29.053078524768353,30.230305789038539,30.901262978091836,32.061620080843568,33.263353910297155
0.73140688903943607,23.015782007016242,22.929187772795558,23.104844130575657,23.07980422116816,23.241206741891801,23.429570354521275,23.58099565282464,23.989800231531262,23.97745805606246,24.381822401657701,24.548120520077646,24.981771499849856,25.209294131956995,25.721709940582514,26.102820260450244,26.508690384216607,27.29435246065259,27.575758192688227,28.545891588553786,29.027040990069509,30.202409209683537,30.871640196070075,32.029727447777987,33.229065380990505
0.73142185630824996,23.000607314519584,22.913930962793529,23.089688692241907,23.064650908112526,23.225991485640407,23.414369042031467,23.565801056101918,23.974588899873197,23.962142036296427,24.365925388410687,24.531673426739872,24.964661277830601,25.191541840322316,25.703115730546415,26.0833740523085,26.488250989466906,27.272800748236477,27.553178019821644,28.521868553012609,29.001642886549234,30.175203105434775,30.84275353141129,31.998623199760914,33.195618519559503
0.73143647567725134,22.985807958059013,22.89905309677124,23.074912130832672,23.04987334087491,23.211150630377233,23.399541806429625,23.550982026383281,23.959755624644458,23.947202282957733,24.35042445268482,24.515637420117855,24.947973469272256,25.174232547171414,25.684981942176819,26.064409226179123,26.468318620696664,27.251781160011888,27.531159065663815,28.498438939452171,28.976875985041261,30.148667201399803,30.814580872654915,31.96828730404377,33.163000585511327
0.73145075523303749,22.971379321068525,22.884543021209538,23.060501142404974,23.035461124964058,23.196681309491396,23.385084082372487,23.536530380137265,23.94529168959707,23.932634600438178,24.335307786241174,24.499998405575752,24.931699554435909,25.157348742708564,25.667297753505409,26.046789946034551,26.448879688046873,27.231282065622509,27.509683037176728,28.475589413195848,28.952718330547214,30.122785717248917,30.787100296467543,31.938694724813104,33.131184179335833
0.73146470287424104,22.95730140991509,22.870393224991858,23.046441107057035,23.021406583487988,23.182567843236029,23.370986790396273,23.522438802756369,23.931186810135841,23.918428977951407,24.320564298890531,24.48474613763392,24.915829447098076,25.140884446911514,25.650051143951714,26.028761071152985,26.429920991882682,27.211291582323611,27.48873688839376,28.453302284702659,28.929159944877028,30.097544765099883,30.760297132655978,31.90983298048377,33.100151445716619
0.73147832631589815,22.943576595745981,22.856589904986322,23.032732563093305,23.00769926328212,23.168803024105728,23.357235938310623,23.508695378899574,23.917431578040123,23.904576393775642,24.306186156347394,24.469872688874602,24.900351733900607,25.124829532578588,25.633229127153754,26.011179098859429,26.411434337496758,27.191794984973967,27.468309815973043,28.431565158069134,28.906179266050458,30.072923285886645,30.734154434874654,31.881678307428956,33.069883558899164
0.73149163309371634,22.930188888683915,22.84313140809536,23.019363256171346,22.994331683963537,23.155380063690245,23.343826930038631,23.495293326675892,23.904018604196608,23.891066347248852,24.292164763435721,24.455365754663944,24.885255947709084,25.109169160947204,25.616823728196323,25.994029514491558,26.393404563888907,27.172776802442968,27.448384953662753,28.410365039482713,28.88376472145319,30.048906711861491,30.714016018435359,31.854218391701579,33.04035485163331
0.731504630568243,22.917131588794291,22.830003630369902,23.006323437206447,22.98129372484982,23.142286800779402,23.330751175992191,23.482222388498485,23.890935691073537,23.877889499999583,24.27848865557462,24.4412174327299,24.870532899163663,25.093894949182868,25.600824459455907,25.977305701002479,26.375821240246296,27.154227781109512,27.428951133042574,28.389687784016132,28.861902959644794,30.025482716038823,30.689143484458327,31.827425807714462,33.011551091447473
0.73151732592893648,22.904397050850093,22.817196619696915,22.993605840019882,22.968575566075742,23.129518332891166,23.317997019737959,23.46947231516242,23.878176955506206,23.865040766075253,24.265151741914451,24.427419439889491,24.856173122301698,25.079000009223819,25.58521671500057,25.960992340929806,26.358667836524546,27.136133646592498,27.409995559602976,28.369515577331185,28.840580834075809,30.002629738301039,30.664882192388177,31.801298499107361,32.98345591314137
0.73152972619814327,22.891978686675429,22.804707428440452,22.98119946103543,22.956173200160265,23.117063176818192,23.305557421408594,23.457037162967026,23.865733339451253,23.852506979368627,24.259757587686181,24.415060307830572,24.842166197486222,25.064469275064766,25.569995302706957,25.945080645382404,26.341937958262861,27.118486002087593,27.391504274681211,28.349839689210057,28.81977634690702,29.980338837951422,30.641215929761529,31.775807896628976,32.95604488812387
0.73154183823498198,22.8798619043082,22.792525678873062,22.969099218957126,22.944075981155038,23.104915663599968,23.293425840325654,23.444910037331283,23.853597458451986,23.840281820856035,24.24709565192461,24.4019440934062,24.828506990335882,25.050297118723392,25.555149094201624,25.929559315554798,26.325618844479322,27.101272346451879,27.373470554128289,28.330648027360439,28.799488114193082,29.958596481010318,30.618134684860706,31.750938789919019,32.929314320906997
0.73155366873913763,22.868043713271618,22.780641688965261,22.957296629436314,22.932275169529021,23.093065662309527,23.281592110171914,23.43308190535754,23.84176111035049,23.828360443934798,24.234744834713638,24.389148514717817,24.815182319842279,25.036474972032011,25.540664562955499,25.914421636611223,26.309700180776417,27.084480284713209,27.355878029018641,28.311927031725645,28.779691191390157,29.937385683879256,30.595611117780209,31.726680725812912,32.903226394206285
0.73156522425456749,22.856518034823239,22.769048909656703,22.945785413496196,22.920764664188027,23.081508764997125,23.270051038824022,23.421542812138796,23.830214564688504,23.816730917431414,24.222699292935431,24.37666779011488,24.802185169421136,25.022992417216301,25.526538595557213,25.899656051769853,26.294173186644912,27.06810203101486,27.342627612873912,28.293665006756783,28.760383695363998,29.916692489758134,30.573642026633024,31.703013753518462,32.877783896401525
0.73157651117312095,22.845274145714939,22.757744316011667,22.934553501196206,22.909535826183856,23.070235159248114,23.258794763125479,23.410289064049721,23.818954611197114,23.805388232693076,24.210949280299246,24.364494721405208,24.789505368098617,25.009841785766184,25.512758656404912,25.88524951133877,26.279025086201727,27.052122494205832,27.32588454335928,28.275848463177681,28.741546560078859,29.896505929529667,30.552209373563528,31.679925337433815,32.852956609800458
0.73158753573807478,22.83430990204215,22.746715441346169,22.923601684160531,22.898583922535181,23.059236918576062,23.247812164016068,23.399311948567629,23.807970806956291,23.794324009679258,24.19948560371995,24.352619977667928,24.777137437835336,24.99701027944684,25.499315183609724,25.87119796872139,26.264248755760491,27.036535726860166,27.309549808502197,28.258468300104141,28.723172012716532,29.876813756301999,30.531302660703659,31.657400328665972,32.828737707808614
0.73159830404758674,22.823606641031802,22.73595496173948,22.912914822809398,22.88790069334209,23.048510479740798,23.23710242472589,23.388603122904897,23.797255186364055,23.78353208117187,24.188305052928627,24.341037170961499,24.765072672627866,24.98449657484889,25.486204264685512,25.85748987365514,26.249836863018572,27.021329893730581,27.293617602437735,28.241517061367631,28.705244602635503,29.857600748538971,30.510902902111411,31.635424146428704,32.805108657106757
0.7316088220580691,22.813169968314469,22.725457891821861,22.902489708736539,22.877480090595782,23.038044147193432,23.226654350757599,23.378157702274621,23.786804708652198,23.773002216592431,24.177397457882762,24.329736507497728,24.753304411657155,24.972286303527653,25.47340867947787,25.844120621681213,26.235774296335876,27.006496512331069,27.278070209547877,28.2249775249511,28.687754951417446,29.838857270777225,30.491002010181546,31.613984856754541,32.782058516517282
0.73161909558748262,22.802987512201071,22.715217246674001,22.892318312078714,22.867311866022646,23.027835004031658,23.216460731811821,23.367967491969466,23.776608616113663,23.762734754011035,24.166758457198739,24.31871435418725,24.741824554279447,24.960377993993461,25.460930047556758,25.831073538400233,26.222056522965431,26.992022275924683,27.26290497649461,28.208837948739529,28.670691968873143,29.820570427924395,30.471584176644683,31.593065770342946,32.759565411135554
0.73162913031855548,22.793054949492216,22.705229006707668,22.882396740838885,22.857391089200974,23.017876309342682,23.206518145278096,23.358028693124652,23.76666415669024,23.752714940346777,24.156379348598421,24.307959395460784,24.730624635703862,24.948758059181273,25.448756731115282,25.818346125073731,26.20867286901921,26.977903721854091,27.248112261295319,28.193094002082944,28.654045347124338,29.802728859707713,30.45264602266252,31.572653209790587,32.737623127177358
0.73163893180192596,22.783364592120051,22.695482424460351,22.872719302773476,22.84771557431668,23.00816170219332,23.196820497512817,23.348330471664667,23.756961704231799,23.742941402830184,24.146253374405205,24.297469081357121,24.719696779735386,24.937422758899629,25.438183949328959,25.8059321064502,26.195615832693875,26.964128314517438,27.233675128780305,28.177733743563294,28.637804249301553,29.78532125800848,30.434160040691495,31.552739342674613,32.716209899634123
0.73164850545921345,22.773911072872579,22.685973898507655,22.863278019241989,22.838274867273867,22.998680826276541,23.187356184236705,23.338869206607342,23.74749709572643,23.73340904340148,24.136375674977899,24.287235307507217,24.70903664175421,24.926367590203881,25.426593478769064,25.793817761354148,26.182877807877958,26.950687960721552,27.219594161957502,28.162748584523797,28.621957657858729,29.76833638548851,30.416126511991024,31.533309040591121,32.695318257436156
0.73165785658601667,22.76468787714839,22.676697450689971,22.854062853381038,22.829065816476941,22.989434504881501,23.178123591467738,23.329638819210231,23.738263851031661,23.724105386063457,24.126739137805998,24.27725054230541,24.698636154644191,24.915574387647212,25.415280744433403,25.782000763341784,26.170447560958564,26.937576053664088,27.205852928571403,28.148126704618335,28.606497995555401,29.751762760803103,30.398529702797532,31.51434969343245,32.674932969734073
0.73166699035484339,22.755690439604223,22.667647370137274,22.845074314624071,22.820078652352095,22.980409766547382,23.16911752987653,23.320633986033499,23.729256146587431,23.715032033622265,24.117335747927427,24.267506617121398,24.688491391018033,24.905049033463001,25.404245989397168,25.770469977520406,26.158321442082524,26.92478244099766,27.19244369212538,28.133861094713211,28.591409405693412,29.735593967139721,30.381363790482283,31.495852757245302,32.655041147023439
0.73167591181797142,22.746910230256617,22.658816591836512,22.836306042037904,22.811311919242144,22.97160719987005,23.16033083293587,23.311847999691963,23.720467951148748,23.706178323365748,24.108162708580494,24.258002812974155,24.678590055555105,24.894780066795647,25.393480797298253,25.759219259954989,26.146489643491805,26.912299564108253,27.179364045150578,28.119939807802439,28.576692325994372,29.726470854133368,30.364609155803919,31.477797508239746,32.635637439787388
0.73168462591024319,22.738342341966927,22.650200549513102,22.827748656272888,22.802757767960429,22.963018243201077,23.15175820980221,23.303277916274965,23.711893597617745,23.6975392177701,24.099214442074299,24.248730664141476,24.668930657207966,24.884760845452547,25.382972348481417,25.748243736103177,26.134945700876415,26.900120928883553,27.166599962860346,28.106359509751201,28.562327830120921,29.711081435903907,30.348262691870332,31.460183508694172,32.616697618737817
0.73169313745179532,22.729983545839787,22.641793199814856,22.819399992935359,22.794413535855711,22.954637373797596,23.143393431790173,23.294914601370692,23.703528186306357,23.689112952910364,24.090481197461486,24.239683874882758,24.659506852738559,24.874983065761626,25.372723245061934,25.737534533254802,26.123683523386717,26.888235023245215,27.154147510416806,28.093107681721449,28.548312805593014,29.696062369272113,30.332313656806946,31.442994439974427,32.598216086626053
0.73170145115072505,22.721830787137151,22.633590173907578,22.811253233812749,22.786268347874284,22.946461211889982,23.135232388973236,23.286754798144102,23.695365723222494,23.680890344083309,24.081962059251964,24.230855283327401,24.650311448611319,24.865445731207728,25.362722715362906,25.727082879282534,26.112691376358271,26.876639190129936,27.141994250938296,28.080172942951322,28.534639287739992,29.681407805532217,30.31674699857831,31.426221862435341,32.580181710422039
0.73170957160569461,22.713873772881925,22.62558794207871,22.803304351866245,22.778323412872851,22.938482785597444,23.127271299250424,23.278794595971704,23.687402673996985,23.672867632471025,24.073647873476148,24.22224039118737,24.641340534202754,24.856136969290674,25.352961235679686,25.716888106428087,26.101968721486628,26.865324107930064,27.130135742016137,28.067554287612438,28.52129583992064,29.667108191177249,30.301560543477535,31.409854397177696,32.562582653015852
0.7317175033084744,22.706108384765685,22.617780997417867,22.795548137277365,22.770570172928274,22.93069817405194,23.119502181187272,23.271025722846389,23.679633028805256,23.66503844410181,24.068692298606038,24.213834885507822,24.632585613057017,24.847053445875645,25.343440023250878,25.706936442293227,26.091501303017139,26.85428262129426,27.11856612097472,28.05524218827486,28.508273156359792,29.653150891885161,30.286739559844136,31.393879624083638,32.545410441234708
0.73172525064642824,22.698531870730221,22.610157454386353,22.787980365566909,22.76300588902086,22.92310381308198,23.111919292248785,23.2634451771155,23.672050501219928,23.65740074403584,24.060772209428251,24.205634373240173,24.624043031595647,24.838191985152662,25.334147242829204,25.697227548807859,26.08128978125751,26.84350610524416,27.107274802401662,28.043224377557635,28.495565200224519,29.63953385874629,30.272278115153313,31.378292143344879,32.52864957973361
0.7317328179049396,22.691140138544142,22.602722618728876,22.780596368946135,22.755622557364404,22.915692224167287,23.104522574692965,23.256049347110093,23.66465163603425,23.649947388097644,24.053040833212435,24.197633430361748,24.615705003030598,24.829543442465365,25.325078345835209,25.687753335572779,26.071327359415591,26.832993080839515,27.096257426775992,28.031499315053225,28.483166065067053,29.62624117732048,30.258164178580046,31.363081824034452,32.512294748798013
0.73174020926978245,22.683924758806825,22.595464792102575,22.773388601839542,22.748419460840523,22.908457516692579,23.097304163500667,23.248830978758633,23.657435943372548,23.642674053087831,24.045499886386096,24.189823103137314,24.607571638189256,24.821107788011432,25.316229578107595,25.678508950397372,26.061599924229085,26.822733443230391,27.085505577735603,28.020056558772922,28.471064202487469,29.613272437825799,30.244391543790698,31.348234979435802,32.496333377435803
0.73174742882943666,22.676884825341403,22.58838233537972,22.766358004882932,22.741390595212579,22.901398825459182,23.090263523161411,23.241789298132062,23.650390104390681,23.635578305460513,24.038139428012073,24.182202762924135,24.599632816389203,24.81287357211113,25.307595829479396,25.669486194849014,26.052112388424575,26.812719264067709,27.075011203065515,28.008889321237803,28.459255376830697,29.600615682080388,30.230948653072119,31.333745637908578,32.480753608047962
0.73175448057734882,22.670017761178315,22.581472612917423,22.759494890458882,22.73453055601567,22.894512638449669,23.083388227038085,23.234915890730917,23.643519558943808,23.628652680665255,24.030958703719079,24.174768576398492,24.591886630281806,24.804835977032781,25.299168397672474,25.660682910121977,26.042850466445088,26.803457698784769,27.064771777950227,27.997991723939776,28.447731114923954,29.58826332911849,30.217830970883369,31.319607367739081,32.465551687404513
0.7317613684141423,22.663309183903039,22.574728089384735,22.752797501161695,22.727835362777114,22.887789559550583,23.076681944541633,23.228210285305977,23.636810088530183,23.621895731426775,24.023949037306011,24.167509663850069,24.584326935000718,24.796993307769299,25.290945244021714,25.65209058765322,26.033813056536019,26.793917109258473,27.054777717217803,27.98735592328012,28.436483291909099,29.576209442690015,30.205029917880893,31.305805180221796,32.450714075937867
0.73176809614977356,22.656768976710737,22.568147204816341,22.746262696571648,22.721304218284786,22.881230797618628,23.070138732902706,23.221666702069342,23.630264991894364,23.615302177146077,24.01711084600538,24.160428228788078,24.576951385475695,24.789339913055301,25.282920379191637,25.643707802519202,26.024995791725814,26.784606970846653,27.045026758685708,27.976977109909058,28.425505809485912,29.564443465322256,30.192533535882831,31.292336482554674,32.436236172914505
0.73177466750564091,22.65038513764739,22.5617241775617,22.739885270595551,22.714927678927779,22.874828980304301,23.063748581334949,23.215278486721218,23.623878438957036,23.608865765854716,24.010435877367854,24.153518076986074,24.56975126080215,24.781871223822236,25.275090696290135,25.635523873381317,26.016386567614973,26.775520076043904,27.035506908781826,27.966847034171224,28.414791671559215,29.552960382774472,30.180341005325317,31.27919146977365,32.42210191115737
0.73178108611664183,22.644152204506099,22.555455585941672,22.733660056255758,22.708705689758062,22.868581695482135,23.0575155839324,23.209045317023993,23.617644790560007,23.602584484033287,24.003921620547771,24.146774327382445,24.562724601477385,24.774582871235907,25.267444368451834,25.627537816762924,26.007986901327968,26.766651721671224,27.026219015009701,27.956961687654257,28.404335124418139,29.541754316538572,30.168436529114842,31.266360390931368,32.408306036144495
0.7317873555331843,22.638072118163109,22.549338851124048,22.727585800923407,22.702634004876018,22.862484284676611,23.051433266140521,23.2029630811885,23.611563005484641,23.596456707455218,23.997566919773817,24.140192958526313,24.555869617499411,24.767470397986472,25.259985530748963,25.619743142277002,25.999790161848068,26.757999303750694,27.017153961583972,27.94731318578124,28.394130790606141,29.530814483761787,30.156820567324758,31.25383903644979,32.394842348992825
0.73179347922315052,22.63213499262929,22.543369038030505,22.721656950190663,22.696706923656166,22.856534129939973,23.045496541075408,23.197027659974992,23.605626164935529,23.590473592281342,23.991360895335674,24.133769089356065,24.549177135340869,24.76052847597748,25.252704789862037,25.612139188684523,25.991785692982376,26.749551486223936,27.008304969407618,27.937894266098738,28.384172281250358,29.52013935521245,30.145483152940869,31.241615634411573,32.382993973791599
0.73179946057381495,22.626342946663499,22.537541116587818,22.715870167128742,22.690924440510571,22.850726603530347,23.039702140726149,23.191232224926353,23.599831339903176,23.584639366716146,23.985308137722313,24.127498408779502,24.542645681649446,24.753753188997507,25.245601207949221,25.604713842272758,25.983976998366416,26.74130647815764,26.999669411219656,27.928705563768744,28.374451426789165,29.509720373898745,30.134420052170753,31.22968752682209,32.370167432352901
0.73180530289371837,22.620690355077386,22.531855326145887,22.710223913192749,22.685278472490609,22.845060047693551,23.034047810360789,23.185578408651054,23.594180326908827,23.578939561732113,23.979398719035089,24.121379964984953,24.536272208206356,24.74714027158916,25.238665049895644,25.597468945197761,25.976355605758727,26.7332609500736,26.991239647381008,27.919733544811606,28.364965105429292,29.499552331864834,30.123617308214307,31.218041729182005,32.357655150815845
0.73181100941449728,22.615172830410302,22.526304422877729,22.704710619524121,22.679771307855844,22.839527922682464,23.02853116299957,23.180060076527297,23.588658621534705,23.573379285633564,23.973630825988948,24.115409379824996,24.530052079819143,24.740684397518635,25.231896307319403,25.590395835228264,25.968916676938534,26.72540788911283,26.983013678342104,27.91097722388804,28.355702565982938,29.489621249958873,30.113077176734805,31.206675549969077,32.345434729009867
0.73181658329267218,22.609789976850152,22.520886422134936,22.699331953190267,22.674394192174077,22.834129881113768,23.023143180646002,23.174673335626721,23.575545041821897,23.567952716723084,23.968003726564348,24.109579890966415,24.523978032171726,24.734388106502593,25.225289277732372,25.583493961021304,25.961654949001968,26.71774198114872,26.974986452609301,27.902431463822722,28.346663178876042,29.479933133348823,30.102783983573318,31.195582307875156,32.333508150652051
0.73182202761139326,22.60453474894166,22.515598637983203,22.69408090505749,22.669146007858217,22.828859011642635,23.017886378802359,23.169416652061045,23.570269993506372,23.562656791880727,23.962510509416461,24.103891012258828,24.518052488565445,24.728238862007856,25.218843517825007,25.576758063398302,25.954568454995751,26.710259986110032,26.967148260213435,27.894090857356787,28.33784100972116,29.470475761219859,30.092740738764405,31.18475379422307,32.321870876476169
0.73182734538214589,22.599403226748109,22.510439884848893,22.688955404795706,22.664022596552968,22.823717842809856,23.01275519002229,23.164285557344556,23.565119126811624,23.557485900819302,23.957146956585348,24.098339252173901,24.512268994003534,24.722236536443233,25.21254934091121,25.570181995630264,25.947651672177017,26.702955190092325,26.959498847834766,27.885945035144687,28.329227264970541,29.461245572194457,30.08293678611517,31.174183702096343,32.310505259782076
0.73183253954641614,22.594394466839731,22.505399852059782,22.683953182771802,22.659024318680167,22.818695664405823,23.007747439667583,23.159278084523976,23.560091448016465,23.552439457736909,23.951914275065064,24.092918942682445,24.506621710956097,24.713689026422799,25.206405569799244,25.563764666207135,25.940898155793548,26.695827580057085,26.952029131352901,27.877998387441039,28.32082219235599,29.452234724536538,30.073366470634937,31.16386522911489,32.299414688721299
0.7318376129773182,22.589506302960217,22.500482755713165,22.679070964455605,22.654142589308321,22.813796272501349,23.002861320972443,23.154389071278274,23.555185682140291,23.547516316175461,23.946804418228567,24.087631924077868,24.501112104393542,24.707977457903326,25.200409376062453,25.557498668320477,25.934308055788279,26.688871991820633,26.944741108454764,27.870241248980165,28.312616087496281,29.44343707151711,30.064024958759546,31.153791917487979,32.288590177893639
0.73184256848118345,22.58473627269268,22.495684052817523,22.674305688589811,22.64937936142087,22.80901294015348,22.998089577071369,23.149617881514132,23.550396074540913,23.542708457447588,23.941819445230067,24.082467119209468,24.495732461102307,24.702399206347764,25.194557018578053,25.551382652483881,25.927873947657645,26.682077692821622,26.937626550905406,27.862667564302683,28.304605979472399,29.434851536527276,30.054907636716962,31.143960364162922,32.278020767495036
0.7318474087991127,22.580080540850759,22.490998302586377,22.669652801007032,22.644728809595108,22.804344388656318,22.993431866168976,23.144961759448051,23.545721521601081,23.538016415201128,23.936953313648701,24.077426358126104,24.49047991912812,24.696956786327064,25.188844252377748,25.545416031964123,25.921595030464232,26.675448865629733,26.930681685917079,27.855276707559824,28.296788183972239,29.426470512524247,30.046004999428988,31.134362714365125,32.267705138772726
0.7318521366084928,22.575534463860095,22.48642566986382,22.665111503563821,22.640190334059298,22.799787454307079,22.988886318169534,23.14041515160352,23.541158789768815,23.533437364734709,23.932201916351914,24.072509229183197,24.48535758536309,24.6916449284181,25.18326747789979,25.539587870240211,25.915466388687491,26.668976411223412,26.923904502764344,27.848061241209507,28.289156632497907,29.41828708909452,30.037315664812922,31.124995764344931,32.257633369415998
0.73185675452447696,22.571097310632467,22.481961760669947,22.660679049789906,22.635761230252683,22.795338756404817,22.98444939404726,23.135978369042277,23.536704652011395,23.528964340686798,23.927564770914614,24.067705034278333,24.480353922583163,24.68645843397826,25.17782306112349,25.533902279101312,25.909482402727008,26.662661879323423,26.917285152710974,27.84101733006537,28.281705418601632,29.410300867632031,30.028833139687777,31.115848019719124,32.247802350670099
0.73186126510143179,22.56676531676203,22.477605352178216,22.656353547237813,22.63143577799201,22.790995902381837,22.980120315216482,23.131647211499512,23.532359079457819,23.524601507931948,23.923039146699011,24.063018888235092,24.475469385273755,24.681395765393972,25.172509930096567,25.528349401429296,25.903641539625823,26.65649198461324,26.910825972445309,27.834140378981829,28.274432396516204,29.402503836899996,30.02055243588984,31.106919361278415,32.238201558589935
0.73186567083435017,22.562537353485823,22.473350057378411,22.652130671776831,22.627214966341853,22.786759648472071,22.975891822017729,23.127419866621494,23.528115758672357,23.520341537892818,23.918620930984616,24.058444490656257,24.470700257457793,24.676452479325235,25.167322793975472,25.522928603924811,25.897940781898797,26.65047147590667,26.904519281350076,27.827429400756955,28.267334140837193,29.394894259050488,30.01246932707727,31.09820375405252,32.228834906592965
0.73186997416023125,22.558411068283021,22.469198600389063,22.64800504501909,22.623095566406846,22.782620639540255,22.971764299087226,23.123292810283601,23.523972946219146,23.516184301115572,23.914307178929448,24.053976769559085,24.466049226932228,24.671628687530756,25.16225818824023,25.517639022320509,25.89237314928323,26.644598155282438,26.898365168832242,27.820876695215702,28.268414774909616,29.387460514903069,30.004577716812491,31.089693214744329,32.219687048345804
0.73187417745942829,22.554381687194109,22.465144486166537,22.643981277011335,22.619072139263153,22.778581889346242,22.967735938727856,23.200128147378564,23.519929458387196,23.51212642621249,23.910096776671708,24.049618553370237,24.461507203988731,24.666920596733689,25.157315269112587,25.512476217001677,25.886939062736928,26.638860113918781,26.892356744036078,27.81447990424931,28.261651458218694,29.380208011716604,29.996875280514359,31.081389328464866,32.210759093984962
0.73187828305696567,22.550451961345971,22.46118809748441,22.640052462927997,22.615143856965005,22.774639056064188,22.963805417530239,23.196224560029805,23.515982113778591,23.50816732365638,23.90598754491657,24.045360904186964,24.457071151584387,24.662323134951293,25.152493238449097,25.507432070560753,25.881634780205786,26.633259372785687,26.886489343829453,27.808235684409738,28.255048429593444,29.373125901445746,29.989353226497769,31.073280248790979,32.20204078964889
0.73188229322382481,22.546608832664788,22.45732503477484,22.636217392981052,22.611310697160661,22.770789317786694,22.959963732399046,23.192414884455502,23.51212917547673,23.504302244633436,23.901975993067026,24.041205707937479,24.452742787078023,24.65783573128283,25.147780057042837,25.502511492930353,25.876457314938307,26.627792351879179,26.880760240368545,27.802139144390821,28.248604170978069,29.366215037181973,29.982010753825307,31.065362112596631,32.193531479686499
0.73188621017820044,22.542862130329013,22.453555443324149,22.632472317665815,22.607569367624819,22.767032244242728,22.956216847524047,23.188697211444378,23.508367570117116,23.500530200079083,23.898059451021254,24.03714988194406,24.448518501594663,24.653454417362809,25.143182496540248,25.497706246562302,25.871401315554976,26.622455862350762,26.875169226899743,27.796187363564968,28.242309994995594,29.359464248642325,29.974842512980103,31.057631155475974,32.185222009196877
0.7318900360867272,22.539203026331961,22.449872863478959,22.628817738965154,22.603914763778448,22.763366406783462,22.952557875774801,23.185066362842917,23.504696601070464,23.496847593225539,23.894235040992498,24.033190088346601,24.444390966556966,24.64917897246778,25.138693566434085,25.493015129119158,25.866469019092619,26.617243734188378,26.869707961566746,27.790377527475357,28.236166255548596,29.352876933291554,29.967847319319844,31.050083549693227,32.177110550925136
0.7318937730656786,22.535633626393974,22.446279511786997,22.625251180492342,22.600350559689105,22.759784300811589,22.948988970369101,23.181520713493228,23.501110469922423,23.493251901119947,23.890502587892115,24.029324668459594,24.440362324938178,24.645003470592201,25.134310450404882,25.488439049571753,25.861648660153151,26.612157925032079,26.86438094265759,27.78470522724092,28.23017187230289,29.346442386507988,29.961015520617366,31.042716804891825,32.169190106913447
0.73189742318213735,22.532144052907825,22.442772361449897,22.6217644168064,22.596866679377854,22.821367845870554,22.945500918664038,23.178060686215758,23.497611911036074,23.489741688594222,23.886858444660902,24.025551945902407,24.43643132597208,24.640927854925394,25.130031432025135,25.483966731466353,25.856948154978454,26.607193175703287,26.859175737015903,27.779170325025916,28.224317030981183,29.340164866298437,29.954346193000674,31.035527594387531,32.161458928138018
0.73190098845513896,22.528739831410348,22.439345425926149,22.618364105001092,22.593467376194894,22.817931543104351,22.942096745595336,23.174681358039379,23.494195831939578,23.486314967274666,23.883301503024995,24.021868102252483,24.432591506280005,24.636948089115322,25.125853799283504,25.479604514315724,25.852354874834418,26.602344423532486,26.854096408933401,27.773764111101627,28.218598214909434,29.334029946476221,29.947831874713302,31.028502823784947,32.153912728652358
0.731904470856788,22.525416156277061,22.436001062393188,22.615044800564647,22.590150093659759,22.814578989520669,22.938775466755033,23.171382102183998,23.490860431455076,23.482971104793251,23.879828590899706,24.018270878121257,24.428847379051149,24.633064509369433,25.121775972656906,25.4753427952528,25.847872667945921,26.597609761171043,26.849136530421674,27.76848528906703,28.213018564507365,29.328044440597296,29.941475160419941,31.021647913381457,32.146541776135564
0.73190787231334975,22.522172628901899,22.432737009599805,22.611803752370179,22.584347442723811,22.811308117583394,22.935530162416399,23.168163878843188,23.487605304457247,23.479703651741147,23.876439289189875,24.014758803881705,24.425186292268336,24.629269477911294,25.117796143516898,25.4711824497208,25.843494732864201,26.592989475466311,26.844296713359654,27.763330368325114,28.207569107413292,29.322201183065772,29.935267953202128,31.014956640079618,32.139347327873111
0.73191119470631505,22.519004479981959,22.42955179233104,22.6086386134848,22.581199547275901,22.808112020604312,22.932364176958799,23.165019571781158,23.484426312148571,23.485938719473779,23.873129370622337,24.0113315731287,24.421614656224847,24.625567654147744,25.113906228914857,25.467123256996274,25.839223043993115,26.588478060439229,26.839568771421909,27.758300229907036,28.202250858768821,29.316495338454843,29.929208852350712,31.008418068289757,32.132322888821363
0.73191443987344151,22.51591226272285,22.426437704823911,22.605547517538071,22.578128175809979,22.80499208625406,22.92927254550159,23.161949464119971,23.48132420424372,23.482819913886487,23.86989494599402,24.007985848002136,24.418128747493029,24.62195354886353,25.110112977214158,25.46315610781312,25.835050536319613,26.584072824567556,26.834952321834862,27.753388369455934,28.19705936126411,29.310924749821424,29.923291413113475,31.00204031355679,32.125462207943201
0.73191760960976959,22.512891571968794,22.423400171101093,22.602531994692981,22.575128211639822,22.80194662231952,22.926254415884614,23.158952202647924,23.478292898274958,23.479775981046259,23.866741460748017,24.004718206822872,24.414724256843328,24.618423635140061,25.106408321298659,25.459284932352602,25.830976629629731,26.579773030243814,26.830446564592421,27.748592162504792,28.191984433680773,29.305483376607299,29.917514786124229,30.995808670297265,32.118768291547894
0.731920705668616,22.509943242184818,22.420433686114848,22.599586375057697,22.57219987269491,22.798973488621414,22.923307118006051,23.156028740108013,23.475334570743144,23.476803805679083,23.86366075091064,24.001527146436274,24.411399940960109,24.61497906409204,25.102793057449162,25.455506439320743,25.826999823562801,26.575574756599963,26.826046975329518,27.743909597396851,28.187033236026764,29.300175055861473,29.911874579265714,30.989725187420845,32.112226160243154
0.73192372976254316,22.507065806537867,22.417538900859654,22.596712596714497,22.569338543340564,22.796069795265794,22.920428043231368,23.15317056234926,23.472448009997606,23.473901046440005,23.860654285177588,23.998414007946849,24.408154601231217,24.611613425426185,25.09925836417824,25.451816434971988,25.823116506449878,26.571474874392152,26.821752686053514,27.73933776281774,28.182200457900763,29.294990245252848,29.906367747113109,30.983785327523947,32.105843571946025
0.73192668356430646,22.504256590269506,22.414709857665002,22.593905681744218,22.566547877155244,22.793236524797976,22.917619334533811,23.150382657535374,23.469628047198057,23.47106868494302,23.857716497965157,23.995372249744833,24.40498630143702,24.608329774811864,25.095811942592263,25.448213199153543,25.81932648550719,26.567471301183105,26.817558909766376,27.734874606132507,28.177481217309833,29.28992604650557,29.900992257520556,30.977987565100193,32.099610857665539
0.73192956870777992,22.501512099988759,22.411948574706912,22.59116221498698,22.563821632415056,22.790467540733516,22.914877596311271,23.147661659866571,23.466875428333879,23.468302104622126,23.854850909672678,23.992404343560338,24.401891075074673,24.605123250745237,25.092444313690066,25.444696061313152,25.815625609830022,26.563563539646566,26.81346342060715,27.730515640228987,28.172874353826046,29.284983862191439,29.895742176100612,30.972325665876269,32.093526983633637
0.73193238678885963,22.498833790421486,22.409254320897162,22.588485945016146,22.561160611920059,22.787766864523292,22.912199789658189,23.145001905038953,23.464187853969634,23.465601053088903,23.852051310241222,23.98950432240963,24.398872828111053,24.601990704424679,25.089158220216632,25.441261132247746,25.812011531554163,26.559746215119958,26.809464906342328,27.726261220872402,28.168374232947826,29.280156377702951,29.890614526346326,30.966797551140189,32.087582979351282
0.7319351393663468,22.496218685992062,22.406622407957911,22.585873920470476,22.558561789803207,22.785128853283823,22.909584096632898,23.142408048734069,23.461564922705293,23.462964560836554,23.849319473840296,23.986674742773175,24.395921610295773,24.598933369852602,25.085948307998478,25.437907031737268,25.808483657427132,26.556023409590125,26.805563516914845,27.722108514979482,28.163981527090073,29.275447644293308,29.885610720142722,30.961399102583528,32.081780903041363
0.73193782796280948,22.493664224632084,22.404052814468741,22.58332284912467,22.556024130433798,22.782552288845181,22.907032139599323,23.139873730018735,23.459002337418497,23.460390638560057,23.846652049571276,23.983911365270615,24.393043764866889,24.595949006266892,25.082814374938607,25.434635062702,25.805038762278855,26.552384723909199,26.801751051098108,27.718050852417946,28.159692293033004,29.270844152197242,29.88072519749403,30.956129057332873,32.076114797964692
0.73194045406542529,22.491171169094741,22.401546889916062,22.580832122825086,22.553547167219222,22.780038074590266,22.904540075920522,23.137398119084537,23.456503313966095,23.457876497879624,23.84404731541872,23.981214390136302,24.390231582336128,24.593033896759152,25.0797557849437,25.431439881213009,25.801675414666533,26.548833102919161,26.798028401099145,27.714088628068566,28.155504770576954,29.266350986436009,29.875952957198024,30.950982309877872,32.070583643391728
0.73194301912680371,22.488736459985375,22.399097850546241,22.578399861231446,22.551129404455423,22.777583121322095,22.902106975205243,23.134982088580728,23.454057012684643,23.455422637984157,23.841503067873418,23.978580034337938,24.387486848980188,24.590190091170371,25.076769096776843,25.428316705860198,25.798391058109701,26.545363342389464,26.794394912198186,27.710223527625203,28.151415575295687,29.261965351179242,29.871293084695935,30.945957865566015,32.065182702615857
0.73194552456578976,22.486360765993595,22.396702589467168,22.576025162823498,22.548767065629363,22.775186468847096,22.899733037687838,23.132623623125255,23.451672908850014,23.453025405295193,23.839018436148763,23.97600806877017,24.384805983863771,24.587411534972489,25.073850790038705,25.425269288010895,25.795185697264969,26.541979596950114,26.790847075171769,27.706444911658764,28.147420117631555,29.257681302726269,29.866744875907898,30.941050430759788,32.059909818693995
0.73194797176824899,22.484036999754608,22.394367071799934,22.573705511167645,22.54646444413811,22.77284480817616,22.89741123560816,23.130319480784237,23.449345581233501,23.450687031261623,23.836594427935779,23.973495920188725,24.382190240547061,24.584698332473636,25.071003736928105,25.422293016687036,25.790605489164591,26.538671406917274,26.787382921203971,27.702760115265846,28.14352441765368,29.253499813377857,29.862303141504526,30.936261232942343,32.05475877597928
0.73195036208783337,22.481772628612816,22.39208725374192,22.571441993117332,22.544210694730282,22.770559349097311,22.895145803689957,23.128072274848819,23.447070711292326,23.448401064611971,23.834226760081947,23.97104281000793,24.379634398967028,24.582048592157662,25.06822148617357,25.419387744739652,25.787551368586719,26.535442917607725,26.783999253064394,27.699158940464258,28.139714295044541,29.249413574114442,29.857963297516108,30.931580847129226,32.049731312319636
0.73195269684673103,22.479562042281032,22.389862287789583,22.569230095483363,22.542012083344162,22.768327193334699,22.89293334633112,23.125876226462424,23.444851549342275,23.446170149371028,23.83191395457834,23.968649363145232,24.377138780429959,24.579463324509561,25.065506456419826,25.416550051420927,25.784567938186228,26.532291395589709,26.780698490329087,27.695642670616508,28.135997235774994,29.245426001027226,29.853729940950871,30.927013179287314,32.044816982001066
0.73195497733639658,22.477399879135191,22.387686128728092,22.567074153572321,22.539865037426353,22.766147975809872,22.890774748288095,23.123732220381498,23.44268430583179,23.443993085995317,23.829656083136797,23.966312213800848,24.374702194705606,24.576935695484281,25.062856152653694,25.413781358860433,25.781653131358325,26.529213222675025,26.777474488131702,27.692209299653769,28.132366372272372,29.241533221676946,29.849593535065651,30.922554437071085,32.040023472160101
0.73195720481826654,22.475293159484863,22.385565001517534,22.564965447410941,22.53776846639812,22.764020495116711,22.888665861450136,23.121640814468265,23.440567680634558,23.441867093555629,23.827453880570829,23.96402788348496,24.372324240393937,24.574473607353866,25.060265462845564,25.411074826493859,25.778807487338781,26.526207763701677,26.774323198013008,27.688858427107334,28.128825068473816,29.237730560824275,29.845554200932384,30.91819822974503,32.035342516377568
0.73195938052445619,22.473231648094952,22.383490563370287,22.562906171195209,22.535723892040551,22.761942238546908,22.886606020852923,23.119593797251582,23.438500918447971,23.439789421856403,23.825301859527826,23.961799810640514,24.370000424794853,24.572063405066729,25.057738572359085,25.408434084616601,25.776029939763248,26.523271515034139,26.771247316151857,27.685585394501686,28.125362565740943,29.234017845243216,29.841612922027707,30.913946526125073,32.0307706464082
0.73196150565844154,22.471219379454851,22.381468374282122,22.560897530056536,22.533724471926689,22.759916016831994,22.884595834650099,23.117599998600781,23.436483520083129,23.437762023881078,23.823198416270316,23.959621975198388,24.367733440361917,24.569712241180241,25.05526920594275,25.405854629352689,25.773316488601267,26.520406214520335,26.768245356157422,27.682389728724957,28.121982622891665,29.230392126366496,29.837762404233217,30.909791819751263,32.026305813342333
0.73196358139572504,22.469254405237734,22.379490540362895,22.55893471930176,22.531774393282831,22.757935185916722,22.882632532157004,23.115649839863181,23.434512397274375,23.435782378539443,23.821147167123854,23.957499846816063,24.365518257021904,24.567415857687593,25.05285876058042,25.403336149640381,25.770669719204307,26.517610704526305,26.765314307995141,27.679269500076771,28.118681261315942,29.226851291954517,29.834002519026399,30.905735272914171,32.021945737302303
0.73196560888448559,22.467336338944733,22.377560408785939,22.557018704712391,22.529868050478399,22.755998455919325,22.880715965293348,23.113745756447315,23.432590714655817,23.433848763816059,23.819144489243627,23.955422931350768,24.363355700857937,24.565173629671335,25.050505296327174,25.400879125110805,25.768081494607031,26.514875635504723,26.762450077570975,27.67622341029346,28.115461321547627,29.22339615598321,29.830329770222306,30.901775911450386,32.017690410837531
0.73196758924621397,22.465462679974735,22.375675812363625,22.555147296749055,22.528006816282868,22.754110550507903,22.878843897953629,23.111886946484447,23.430710204876959,23.431963488459587,23.817185437306762,23.953397551551461,24.361243949271739,24.562986162491143,25.048207534477115,25.398475676774979,25.765555893070996,26.512207363732159,26.759655254893005,27.673246122896671,28.112312303856015,29.220019685104489,29.826745636761189,30.897910648956895,32.01353345066309
0.73196952357633271,22.463633090257645,22.373836491256952,22.553321279585361,22.526192757301033,22.75226620119065,22.877017568796873,23.110072528943419,23.428876202553511,23.430120183154941,23.81527716293931,23.951416251249611,24.359182378277183,24.560847439803183,25.045963570475578,25.396131190471351,25.763089554384351,26.509602954611182,26.756922846660018,27.670339511707425,28.109239645302296,29.216723456978798,29.823243686929345,30.894133569672704,32.009473420679569
0.73197141294480261,22.461849723011255,22.372039129957557,22.551536194048822,22.524417069740593,22.750464957207441,22.875231857411563,23.108301194384694,23.42708533629775,23.428316422738135,23.813410917297006,23.949484715238214,24.357167731039226,24.5587606607005,25.043771467171609,25.393842206336558,25.760682219639421,26.50705860927701,26.754259784705937,27.66750186868012,28.106239764019847,29.213503310456872,29.819826688617468,30.890446923673153,32.005510274320841
0.7319732583967139,22.460106551647186,22.370285336859524,22.54979422967881,22.522686175070703,22.748708282597363,22.873489461839199,23.106570309959352,23.425335504114628,23.426561954431236,23.811588091775775,23.947597799822688,24.355203998275101,24.556724275462329,25.041631083935499,25.391605536453426,25.758331695571542,26.504573690705001,26.751655315980315,27.664731210097671,28.103310728445649,29.210359619930387,29.816487643867731,30.886843798682094,32.00163958594203
0.73197506095286502,22.458402832038701,22.368570667691529,22.54809351824224,22.520992591045797,22.746989196166396,22.871788050979376,23.104882365092635,23.423628366552293,23.424843553453684,23.809809784404933,23.945754724554718,24.353284237906337,24.554733180440962,25.039543362334371,25.389423280023038,25.756034789606929,26.502147242426872,26.749113529920578,27.662026008591056,28.100449442863464,29.207289738580585,29.813226968050003,30.883327070623636,31.997858496382833
0.73197682161032684,22.456740285269916,22.366899430751801,22.546432399190962,22.519339880906045,22.745313678868115,22.870125603862107,23.103230605833232,23.421961622312665,23.423168454319239,23.808072287589312,23.943956246599555,24.351407680660486,24.552787888795137,25.037503326311707,25.387290448881686,25.753792939707637,26.49977903906256,26.746631508693099,27.659383120015264,28.097655272111297,29.204292727634311,29.810043476521969,30.879894863814116,31.994171869009733
0.731978541342994,22.455119687132537,22.365264931693673,22.544811226427555,22.517728184349835,22.743676215410233,22.868501536548138,23.101618458516896,23.420330778695643,23.421532158739865,23.806378126144409,23.942200509831309,24.349578402005136,24.550892003811896,25.03550866805017,25.385209204629064,25.75160323176533,26.497464476153255,26.74420621432364,27.656803663820028,28.09492695890367,29.201367262750864,29.806934807449579,30.876541873440146,31.990564586594701
0.73198022110212424,22.453530839644372,22.363668819889426,22.543225984089077,22.516153504140675,22.742076445370913,22.866917848587036,23.100046925246716,23.41874129883945,23.419934784062207,23.804719975218177,23.940484248101711,24.347790030762553,24.549037226475775,25.033563901670277,25.383175873197615,25.749462228268385,26.495205335319042,26.741839869879186,27.654283745214343,28.092261500656605,29.198509778827429,29.803900500759482,30.873266309499741,31.987042378634214
0.73198186181686409,22.45198274217546,22.362112300470471,22.541678620502353,22.514615410938859,22.740514678880572,22.865368673577905,23.09851027932018,23.417188127525151,23.418371835723519,23.803103826008737,23.938809080049396,24.346044391393661,24.547228151932359,25.031663091853261,25.381191280670464,25.747374050319195,26.493000192567706,26.739527819678187,27.651822984218597,28.089661842212081,29.195717617869377,29.800935788080096,30.870069164782763,31.983607154339552
0.73198346439476292,22.450471873395145,22.360589257441461,22.540168286301196,22.51311385538429,22.738990223966539,22.863861626945436,23.097010726109147,23.415671990253031,23.416848945431411,23.801522569730878,23.937173896469176,24.344340248033404,24.545460514724255,25.029806074686348,25.379251854494214,25.745337115600705,26.490845607593656,26.737269692122936,27.649420784786344,28.087119584903121,29.192989645525813,29.798038464039564,30.859840618446469,31.980250213295221
0.73198502972227519,22.448994025588036,22.359103513881564,22.538694683462381,22.511646958068013,22.737501789815724,22.862384077161551,23.095544544048607,23.414191069081426,23.415360066108406,23.799979701638222,23.93557520955801,24.342675992287695,24.543734570033848,25.027994778007269,25.377359052188694,25.743346844799817,26.488741691224277,26.735066446475685,27.647074857726693,28.084638895466924,29.19032951630652,29.79521132260561,30.856788132339716,31.976973734796047
0.7319865586652502,22.44755267444998,22.357652707025409,22.537254398688674,22.510214477777481,22.736049329861999,22.860942931845784,23.094115009531379,23.412745425477624,23.413906614296138,23.798475123941898,23.93401525169611,24.341047207824886,24.542049084790051,25.026226399466395,25.375510691665113,25.741400574333966,26.486688069999218,26.73291392903775,27.644783200696111,28.082214718684554,29.187729997560382,29.792451478540897,30.853810783475637,31.973772009834647
0.73198805206941175,22.446144143119454,22.35623525083065,22.535845823585987,22.508815102279186,22.734627514146268,22.859537294134498,23.092716356739402,23.41133258678019,23.412487985566258,23.797003673389554,23.932493004947901,24.339460966177285,24.540404830127954,25.024497518315911,25.373704136349261,25.7395029515028,26.484679872170091,26.73081102501601,27.642545187845826,28.07984802685678,29.185190225020051,29.78975753672421,30.850903369486332,31.970644501969218
0.73198951076082552,22.444768303073943,22.354851927608252,22.534473029896617,22.507449441589415,22.733240776695311,22.858162524178624,23.091352949850261,23.409953230060637,23.411102340556681,23.79556635953486,23.931005394086242,24.337911138311028,24.538796999491751,25.022810759022832,25.371940717101097,25.737645896151662,26.482720319181681,26.728758744895458,27.640359515324235,28.077538529410958,29.182711012661457,29.787120824679732,30.848061611875892,31.967592652887106
0.73199093554635597,22.44342805352062,22.353500042110682,22.533130971714854,22.506115118972957,22.731888485141098,22.856818731874228,23.090019846335053,23.408605702221394,23.409749365411699,23.794163838028908,23.929553740657866,24.336396371945739,24.537226607091725,25.021161924116313,25.370219454169273,25.735835679806769,26.480808010324836,26.726753911934793,27.638227393850684,28.075281849130988,29.180289480835199,29.784552028402686,30.845286935567856,31.964606931433082
0.73199232721411289,22.442115349695086,22.352181309834123,22.531821612268686,22.504812333732843,22.730563524179161,22.855509686283767,23.088719326071441,23.407290717586875,23.408426850102842,23.792794753797352,23.928132054395974,24.334918850101531,24.535694480873644,25.019552709534764,25.368537814356387,25.734067302197218,26.478938719257712,26.724795641377568,27.636144602671266,28.073077149689198,29.177925625815988,29.782040907070041,30.842581642791629,31.961698746308684
0.73199368653388719,22.440834714099765,22.350896417163312,22.530542006716132,22.503539623692632,22.729272714816034,22.854230179451406,23.087448891252279,23.406008366495371,23.407136977650225,23.791456650011241,23.92674732580781,24.33347431384027,24.534196727909148,25.01798211876303,25.366896490566432,25.732340455055237,26.477115589194,26.722883039154112,27.634106731042266,28.070926880463958,29.175618395209312,29.779587818309665,30.839932622388005,31.958855256438255
0.73199501425757663,22.439585138112307,22.349634429439902,22.52929238602519,22.502298478968441,22.728012729436159,22.85298053175211,23.0862075695768,23.404753412120044,23.405875673517585,23.790150581859052,23.925393279641867,24.332064035348594,24.532736469991505,25.016449999064207,25.365292465314269,25.730654049664736,26.475332985632122,26.721017015166581,27.632119631394744,28.068822761997581,29.17336536757648,29.777191767469049,30.83734866976738,31.956077678129077
0.73199631111960206,22.438364466652274,22.348405133001506,22.528071455657482,22.501085923984647,22.72677986510098,22.851759352721274,23.084994969889522,23.403528690338135,23.404644437134266,23.788873905315995,23.924072766676545,24.330686415545642,24.531309540383518,25.014948017895222,25.363727886229753,25.729006531648338,26.473593780770898,26.719192980788648,27.630177453160286,28.066771162673831,29.17115998826921,29.774853155016899,30.834825921803713,31.953367391601205
0.73199757783731312,22.437172039411962,22.347206378355622,22.526880839839578,22.499901545234025,22.725577344186604,22.85056771337986,23.08381225168705,23.402332521043718,23.403444034047425,23.787629255093634,23.92278332170099,24.329343498684466,24.529913621023297,25.013484250754118,25.362200579605997,25.727399088442326,26.471893892623484,26.717414242215455,27.628283370286226,28.064766593277454,29.169012349098921,29.772568963468075,30.832362147048116,31.950718950480223
0.73199881511138543,22.43600694835186,22.346035710535944,22.525718677788973,22.498743639327586,22.724404249340296,22.849403938278556,23.082655668258667,23.401164155453444,23.402270291000605,23.786412686109543,23.921520833857358,24.328029826283455,24.528554000891745,25.012056833133101,25.360704212449491,25.725828906521201,26.47023357078433,26.715674323961139,27.626432759687304,28.062808521091938,29.166911937296391,29.77033969014883,30.829953884705901,31.948133746162057
0.73200002362620842,22.434869536198676,22.344889890402555,22.5245804451406,22.49761267658323,22.723256363533437,22.848269155249,23.081529000774026,23.400024393573403,23.401123516261578,23.785225514322519,23.920291056856513,24.326745865866542,24.527224435470998,25.010660282336175,25.359246486797929,25.724293567240238,26.468612655065954,26.713975499384105,27.624624434858561,28.060899322852492,29.164860773831606,29.768162289634347,30.827607788145542,31.945605194196105
0.73200120405026303,22.433760970830917,22.343771195039153,22.523471114225686,22.496509267948568,22.72213535476476,22.847158655524254,23.080426798202097,23.398910989053547,23.400005108676851,23.784064120613039,23.919089103117585,24.325495169498026,24.525925987400115,25.009296303614974,25.357821138575673,25.722794800065458,26.467029847204685,26.712317510508001,27.622860480099916,28.059029867872596,29.162856398150325,29.766035240143538,30.825312042608857,31.943138370290399
0.7320023570364923,22.43267569784075,22.342679686844349,22.522387369535863,22.495432013645768,22.721042186021805,22.846073457971215,23.079349858686328,23.397821162827313,23.398910408839583,23.782932377420366,23.917915541678667,24.324272406287491,24.524657907895744,25.007965242490172,25.356430040672421,25.721333117224276,26.465484603308141,26.710696611553431,27.621135851368308,28.057208407670259,29.160900760442019,29.763956725597382,30.823069298639894,31.940730603411794
0.73200348322266218,22.431614923290908,22.341614025644958,22.521329320967197,22.494380853138864,22.719973563216627,22.845014543272555,23.078299658372998,23.396760385483503,23.397843425162137,23.781824060715735,23.91676941793412,24.323077257722616,24.523419416509569,25.006667350418866,25.355073870159686,25.719904373399913,26.463975852355361,26.709114914759994,27.6194515991956,28.055427219718695,29.158988261595368,29.761927491053939,30.820882854983211,31.938376484438777
0.73200458323171436,22.43058090377599,22.340573543682694,22.5202951207757,22.493352389894426,22.718930782750249,22.843981135636568,23.077273420058191,23.395721848122776,23.396801791153848,23.780743253417313,23.9156504701823,24.321910581551492,24.522209946997464,25.005396153777838,25.353746094740927,25.71850970108062,26.462500269524753,26.707571023143828,27.617807891219854,28.053689166903496,29.157124513760209,29.759944889694452,30.818743729963899,31.936079580336809
0.73200565767211079,22.429569617845118,22.339555972255766,22.519286024384201,22.492348677478731,22.717911316081882,22.842972616665065,23.076268662698567,23.394708000123501,23.395783018320799,23.779688171111047,23.914557031355798,24.320772124454379,24.52103035338223,25.00415603723377,25.352449518628418,25.717145922593772,26.461060139350593,26.70606188941747,27.616201687604189,28.051990516483784,29.155302165076137,29.758011057972908,30.816654974594712,31.933836130425334
0.7320067071381704,22.428583364002407,22.338564901612699,22.518300470896065,22.491371612995863,22.716917026787996,22.841985686682165,23.07528994884342,23.393720294348896,23.394788001663983,23.778657495975494,23.913489449769258,24.319657140411437,24.519876818172634,25.002943786792457,25.35118508990854,25.715816152282059,26.459654930979013,26.704587302170694,27.61463382653892,28.050333807244897,29.153522897511721,29.756120957434177,30.814616626128554,31.931645585224032
0.73200773221039772,22.42761944886297,22.337594693526626,22.517339123412967,22.490411652252078,22.715946057811379,22.841023022308946,23.07433333620429,23.392752734944224,23.393816699273884,23.777649758383632,23.912446724250913,24.318572134710848,24.518750130198896,25.001761172898114,25.349949426017702,25.714514743536711,26.458280169405043,26.703149330802262,27.613100858405232,28.048712700605392,29.151786103844643,29.754274472594261,30.812623860314488,31.92950432933867
0.73200873345580408,22.426677589304745,22.336646012961864,22.516397674567997,22.489475999027491,22.71499568875879,22.84008271060884,23.07340110372752,23.391808772459626,23.39286839030683,23.776667908765376,23.91142828669399,24.317511518485844,24.517649988643825,25.000607500784099,25.348741559311748,25.713245148770511,26.456941393204033,26.701745802536607,27.611607482656837,28.047130554914474,29.150088099762797,29.752473620697856,30.810680905357003,31.927412724122405
0.7320097114282208,22.425759492442012,22.335722174495459,22.51547909155488,22.488563753664494,22.714069481939077,22.839164165779948,23.072488070465624,23.390887517482042,23.391942770220339,23.775707883760333,23.910433542914689,24.316473533399403,24.516575193963945,24.999478773213923,25.347563492134213,25.712007246911526,26.455631636083126,26.700370564125478,27.610144946724176,28.04558652639389,29.148429913446307,29.75071675889194,30.808782197535038,31.925375776365399
0.73201066666860659,22.424861704930663,22.334818592295051,22.514582722447813,22.487671545706689,22.713164179585874,22.838266503997147,23.071600034832954,23.389988075010478,23.391037440858781,23.774770213291049,23.909463980235159,24.31546298507601,24.515527556650341,24.998377582058311,25.346413605846465,25.710794886574149,26.454353583976626,26.699030388146639,27.608718946576118,28.0440758690238,29.14681332372129,29.748996248468757,30.806926166638732,31.923378668725491
0.73201159970534535,22.423985134810209,22.333935922943056,22.51370725594461,22.486802735365927,22.712281076237559,22.837391428649426,23.070728798396885,23.389110499061644,23.390153932385147,23.773854203522205,23.908514383248985,24.31447512935847,24.514501506462693,24.997301181778312,25.34529008064419,25.709612925536931,26.453101974911988,26.697724372148514,27.607322875410318,28.042602825909853,29.14523153193295,29.747314279899001,30.805113980546594,31.921431852504611
0.73201251105453979,22.42312846146524,22.333077044226229,22.512851906940341,22.485951429232955,22.711417052894831,22.836536519229412,23.069877894595265,23.388249454088509,23.389291701838374,23.772960128262639,23.907588491216302,24.313508973456919,24.513501811772585,24.996251546777785,25.34419216774404,25.708459020592272,26.451882043853402,26.69644355494529,27.605962393805385,28.041164455935359,29.143688254058361,29.745676649734378,30.803346198052168,31.919532928615808
0.73201340122029612,22.422293726354837,22.332235495559871,22.512015982531011,22.485120269469917,22.71057437453419,22.835699092596769,23.069047704339027,23.387411228381097,23.388447947800159,23.772086529061198,23.906683718785644,24.312565894797444,24.512524241581559,24.995224873535335,25.343119158409536,25.707330979406834,26.450691709294915,26.695196636021137,27.604635762050748,28.039759550243616,29.142179848626256,29.744072323665023,30.801618373021483,31.91767237521708
0.7320142706950028,22.421475669369102,22.331412053667009,22.511201717890799,22.484310002066195,22.709750035777688,22.834883898496628,23.068239090032876,23.386593570932746,23.387625098228455,23.771234455518425,23.905800166539848,24.311645635403693,24.51156838145107,24.994221581146121,25.342071879655123,25.706231052055955,26.449525580741465,26.693976579234004,27.603337274864316,28.038386316969991,29.14070587977767,29.742508217692375,30.79992968775332,31.915860673412681
0.73201511995960367,22.420679429545999,22.330608662217855,22.510404170490801,22.483518362045288,22.708946122787893,22.834087311290205,23.067447120323777,23.3857945157215,23.386822544969618,23.770400940440595,23.904937837272882,24.310745548456907,24.510637244209647,24.993243298493326,25.341048778034747,25.705154010094702,26.448389956727624,26.692785941064358,27.602069914340973,28.037045113742352,29.139267912134528,29.740980705246329,30.798283142969012,31.914086736738682
0.73201594948386328,22.419900614768267,22.329827287234366,22.509626421146095,22.482743857428432,22.708162231370807,22.833309670910239,23.066673628054559,23.385012350976467,23.386036968789995,23.769586943089962,23.904094762168825,24.309866526164114,24.509728060103953,24.992288197390735,25.340050533413887,25.70410287566483,26.447277484461665,26.691623052582145,27.60083126462996,28.035736128687859,29.137864071875811,29.739489734172821,30.796673145145178,31.912357842549682
0.73201675972662672,22.419140052981675,22.329060147516429,22.508865876123309,22.481989692896605,22.707394242286682,22.832548988983035,23.06592117715627,23.384249432943761,23.38527028542012,23.76879320666194,23.903272666037083,24.30901172850281,24.508838628418744,24.991354066878557,25.339075790718198,25.703078391961753,26.446194109506905,26.690485708415508,27.599623141810298,28.034459190443158,29.136491507291794,29.738034404814243,30.795098761096597,31.910668147727847
0.73201755113607403,22.41839656047523,22.328314086422324,22.508122309111059,22.481251418590546,22.706645217724144,22.83180623408407,23.065183556638658,23.383503815159202,23.384523087181151,23.768017013557255,23.902467823587358,24.308171788230538,24.507970217615366,24.990441883914173,25.338122554123402,25.702075862325728,26.445135852321982,26.689377089031041,27.59844271466136,28.033209122717381,29.135153491050005,29.736608810722828,30.793566523119807,31.909019116312265
0.73201832414996759,22.417673045769334,22.327584130689502,22.507398748770356,22.480530194938183,22.705915039405227,22.831083442084491,23.064463495276868,23.382776436395943,23.383792880922556,23.76726034656167,23.901682978495955,24.30735463090241,24.507121561095119,24.989551566541195,25.337194652296603,25.701096003875136,26.444100609049201,26.688292755745351,27.597288951277733,28.031986987218261,29.133843554183841,29.735218659043312,30.79206552170217,31.907405016943812
0.73201907919589426,22.416962706483901,22.326870337128639,22.506691181100905,22.479825096204877,22.705199000425637,22.830373778939247,23.063759558834136,23.382066286168993,23.383077804930508,23.766518541611731,23.900915089994669,24.306556378491223,24.506293280050159,24.988682609982789,25.336282731965184,25.700139848515391,26.443091079592705,26.687234913930297,27.596160728484392,28.030798748135567,29.132566098123789,29.733861971646547,30.790602173656225,31.905835838988423
0.7320198166915024,22.4162706900388,22.326172046363354,22.505999225191772,22.479137538932264,22.704500803723931,22.829681899398565,23.06307496316731,23.38137174397707,23.382379367016256,23.765795006416738,23.900167577899992,24.305776000954211,24.505485886707902,24.987833322025836,25.335397640243173,25.6992082381621,26.442104265093803,26.686203667894006,27.595062451437116,28.029636273160577,29.131317744031549,29.732535347342491,30.789170520380139,31.904295371845365
0.73202053704473224,22.415595090948045,22.325492957606912,22.505323213525116,22.478467768989503,22.703819548711181,22.829008754342794,23.062401666305959,23.380694440566003,23.381699476391077,23.765091123990715,23.899437112733722,24.305014225654304,24.50469365529716,24.98700482212007,25.334529305808246,25.698295605368912,26.441140781156719,26.685192397795618,27.59398689866066,28.028498336672783,29.130097230896354,29.731240352615714,30.787772627547383,31.902793681249022
0.73202124065404206,22.414934786036611,22.324828925542533,22.504663382656872,22.477810565382242,22.703153637237847,22.828348841518164,23.061748837120831,23.380032428540289,23.381033099256456,23.764400717802346,23.898723422549665,24.304268965497613,24.503922760486603,24.986193281598389,25.333682988770306,25.697405396960676,26.440199388191104,26.684207636862993,27.592937938868999,28.027389653027058,29.128907168284059,29.729978758841753,30.786409940570593,31.901327474042773
0.73202192790862797,22.414291108027101,22.324179448187351,22.504019972868264,22.477171932347119,22.702502795495093,22.827705441974103,23.061106851324439,23.379387544468045,23.380384407006204,23.763728943653405,23.898025357164443,24.303542390465736,24.503168250434101,24.985403468832374,25.332856604829431,25.696536185219884,26.439280970953405,26.683245548978448,27.591914389282465,28.026303241029382,29.127743318676949,29.728743333369493,30.785075565800071,31.89989653415978
0.73202259918863999,22.413659481331706,22.323546716943383,22.503391476348042,22.47654493059963,22.70186975505203,22.827074564993382,23.060483006760478,23.378756084479392,23.379749349318445,23.763071157969534,23.897343390621245,24.302833450958133,24.502434002235532,24.984629325568676,25.332048281095922,25.695685563609004,26.438381518237293,26.682303879410028,27.590913029387593,28.025246381759644,29.126608600839972,29.72753556445241,30.783775303512812,31.898498771712184
0.73202325486539188,22.413046019151807,22.322928752750158,22.502777099609375,22.47593495156616,22.701249429956079,22.826460708864033,23.059871967881918,23.378137740306556,23.379130093380809,23.762427285313606,23.896677860990167,24.302138491533697,24.501714609563351,24.98387492634356,25.331260055303574,25.694856684654951,26.437504702247679,26.681385026313365,27.589935429394245,28.024214586243033,29.125500036403537,29.72635935805738,30.782503806054592,31.89713104814291
0.7320238953015662,22.41244518943131,22.322324570268393,22.502177494578063,22.475338432006538,22.700643719173968,22.825861000455916,23.059277327731252,23.377535613253713,23.378526517190039,23.76179912686348,23.896028463728726,24.301462125964463,24.501012467779219,24.983137779869139,25.330490253865719,25.694046036340296,26.436648773029447,26.680489926598966,27.588980043306947,28.023202927783132,29.124418523162603,29.725206449627876,30.781262569129467,31.895796647295356
0.73202452085141578,22.411859082989395,22.321733265183866,22.501590634696186,22.474755878560245,22.700052103959024,22.825275029055774,23.058695427142084,23.376947547309101,23.377934568561614,23.761187917552888,23.895394332706928,24.305434683337808,24.500327369198203,24.982418335042894,25.329738238826394,25.693256340920925,26.435814182274044,26.679613692685962,27.588047595694661,28.022217538207769,29.1233597304672,29.724086349830031,30.780049623921514,31.894496146589518
0.73202513186095897,22.411286102607846,22.321156506426632,22.501018719747663,22.474187747575343,22.699474786408246,22.824700304307044,23.058127243071795,23.376373811624944,23.377356405369937,23.760589607059956,23.894774617627263,24.30478979088366,24.499658167362213,24.981714957393706,25.329003589227796,25.692484479397535,26.434995765797794,26.6345299994573,27.587136931717396,28.021253570914268,29.122326273471117,29.722986100241542,30.77886625379324,31.893220921978354
0.73202572866817106,22.410726279951632,22.320594288408756,22.500460362993181,22.473631303757429,22.698910791426897,22.82414213847369,23.05757235083729,23.375812809914351,23.376792287454009,23.760005209594965,23.894169436767697,24.304159848950803,24.499002462252975,24.981027267873287,25.328284781426191,25.691728104837239,26.434198301285505,26.633694573305547,27.586247762665153,28.020312249660492,29.121315073221922,29.72191447019577,30.777710560709238,31.891977068036795
0.73202631160317178,22.410180148668587,22.320043357089162,22.49991462007165,22.473089610226452,22.698359685949981,22.823597196489573,23.057028871960938,23.375265408307314,23.376241384074092,23.759434222243726,23.893577832728624,24.303543328307569,24.498364428058267,24.980357663705945,25.327584587968886,25.690992163494229,26.433420420624316,26.632877436466515,27.585380589589477,28.019395966082811,29.120331484824419,29.720865657553077,30.776579374447465,31.890765091404319
0.7320268809884074,22.409644868224859,22.319509048946202,22.499382210895419,22.472558383829892,22.697822576388717,22.823064805008471,23.056498942896724,23.374730084091425,23.375703676603734,23.758876596577466,23.893000021576881,24.302941256202757,24.497741876170039,24.979702653363347,25.326900308020413,25.690272915177047,26.43266106210649,26.632081149145961,27.584530705586076,28.018497558310628,29.119367390871048,29.71984507702291,30.775477986782789,31.889577405527234
0.73202743713882912,22.409127344377339,22.318983806297183,22.498862270265818,22.472040824592113,22.697295064106584,22.822543195448816,23.055982502177358,23.374207242392004,23.375178367830813,23.758332848548889,23.892435546964407,24.302353383973241,24.497133539058268,24.979062248952687,25.326232220977545,25.68956708535552,26.431915726512671,26.631302343681455,27.583702322095633,28.01762262545526,29.118426969274879,29.718847995623946,30.774399492889643,31.888420205563307
0.73202798036206751,22.408615386113524,22.318470750004053,22.498350400477648,22.471532966010273,22.69678367394954,22.822032868862152,23.055476414971054,23.373696258291602,23.374665601179004,23.757799630984664,23.891885697841644,24.301780359819531,24.496535539627075,24.978437512181699,25.325579633936286,25.688881568610668,26.431188702583313,26.630542845465243,27.582892961800098,28.016764270141721,29.117508836090565,29.717870183289051,30.773347649723291,31.887289088219404
0.73202851095860255,22.408118478022516,22.317969379946589,22.497854376211762,22.471041781827807,22.696280097588897,22.821536740288138,23.054982470348477,23.37320015206933,23.374163861386478,23.757279302924871,23.891348744742572,24.301219684071839,24.49595405254513,24.977826728485525,25.324943005107343,25.688210343942046,26.430480812676251,26.629800654947758,27.582101412117481,28.015928464010358,29.116613689810038,29.716919912025332,30.772321823984385,31.886186277493834
0.73202902922192992,22.407633292488754,22.317481465637684,22.497368333861232,22.470558666624129,22.695792529731989,22.821052828803658,23.054502143524587,23.372710815630853,23.373675490729511,23.756773157045245,23.890822395682335,24.300671247765422,24.495388395152986,24.977232271805406,25.324319493025541,25.687555947341025,26.429787549190223,26.629073802381754,27.581330921500921,28.015112260356545,29.115735672414303,29.715989172458649,30.771313780918717,31.88510643132031
0.73202953543872318,22.407158887945116,22.317003724165261,22.496895334683359,22.470086672343314,22.695313014090061,22.820577005855739,23.054030673578382,23.372236041352153,23.373196681961417,23.756276182830334,23.890309555456042,24.300138474442065,24.4948326703161,24.976649993099272,25.323710811324418,25.68691511452198,26.429111749865115,26.628368637524545,27.580577017739415,28.014316990971565,29.114880692213774,29.715079456567764,30.770334668457508,31.884052852168679
0.73203002988899246,22.406696979887784,22.316537462174892,22.496433228254318,22.469626751728356,22.694845641963184,22.820117585361004,23.053571157157421,23.371771991252899,23.372729323804379,23.755794940516353,23.889807726256549,24.299617021344602,24.494292279705405,24.97608077339828,25.323118603788316,25.68629081081599,26.428450526669621,26.62767500244081,27.579840729013085,28.013536211103201,29.114045415073633,29.714190892875195,30.769378388300538,31.883024029433727
0.73203051284623921,22.406243815086782,22.316082728095353,22.495981198735535,22.46917718090117,22.694389364682138,22.819662809371948,23.05312417075038,23.371318730525672,23.372274778783321,23.755320926196873,23.889319182373583,24.299105955287814,24.49376371409744,24.97552571259439,25.322536231949925,25.6856803400442,26.427807194180787,26.627000822685659,27.579120738431811,28.012775551527739,29.113226333633065,29.713324479758739,30.768441749736667,31.882016260176897
0.73203098457760796,22.405802443623543,22.315637241117656,22.495538943447173,22.46873902156949,22.69394363462925,22.819220810197294,23.052683922462165,23.370876408182085,23.371829673647881,23.75486080814153,23.888840340077877,24.298607146367431,24.493245292454958,24.974982544779778,25.321970925666392,25.685083744116127,26.427175480872393,26.626340507529676,27.578418219462037,28.012032531201839,29.1124321911484,29.712479379028082,30.767529089003801,31.881036289036274
0.7320314453440333,22.405372285284102,22.315203633159399,22.495108834467828,22.4683106103912,22.693510011769831,22.81879083160311,23.05225561466068,23.370441551320255,23.371396456845105,23.754409749992192,23.888375022448599,24.298122016713023,24.492741307243705,24.974452510476112,25.321416365914047,25.684502449817955,26.426559288986027,26.625695308670402,27.577731311321259,28.011306777596474,29.111653594300151,29.711650677025318,30.766637096181512,31.880076786503196
0.73203189540038482,22.404948472045362,22.314779136329889,22.494686520658433,22.467892383225262,22.693083345890045,22.818369538523257,23.051837875507772,23.370020896196365,23.370968882925808,23.753968593664467,23.887916867621243,24.29764408338815,24.492249889299273,24.973935882560909,25.320876659825444,25.683934506028891,26.425957331433892,26.625068226829171,27.577062522992492,28.010599158704281,29.110892783850431,29.710843006148934,30.765764532610774,31.87914002686739
0.73203233499560805,22.404536074958742,22.314363749697804,22.494275013916194,22.467483133077621,22.692668018862605,22.817957581952214,23.051429676823318,23.369607971049845,23.37055295240134,23.753539227880538,23.887472381815314,24.297181331552565,24.491768379695714,24.973430527374148,25.320348704233766,25.683378011919558,26.425373387522995,26.624452393501997,27.576406676322222,28.009908424690366,29.110149919986725,29.710056016221642,30.764912933111191,31.878227740526199
0.7320327643728618,22.40413420367986,22.313960213214159,22.493874146603048,22.467082427814603,22.692264293320477,22.817556072026491,23.051030433736742,23.369203697890043,23.370148634538054,23.753118526190519,23.887037327513099,24.296727224253118,24.491299645975232,24.972936366684735,25.319831041619182,25.682836685329676,26.424799662083387,26.623852455988526,27.575768131762743,28.009232055395842,29.109425038099289,29.709285462275147,30.764083357527852,31.877332953736186
0.73203318376965298,22.403742201626301,22.313565265387297,22.493481874465942,22.466693248599768,22.691867576912045,22.817163184285164,23.050641415640712,23.368810615502298,23.369753216393292,23.752710590139031,23.886612533591688,24.296284778043628,24.490839992649853,24.972454900853336,25.319329821504653,25.682306952774525,26.424240438267589,26.6232641749084,27.575143491849303,28.008571488782763,29.108715489506721,29.708532452583313,30.763270145282149,31.876458054408431
0.73203359341796792,22.403358185663819,22.313179668039083,22.493098607286811,22.466311582364142,22.691481138579547,22.816779565066099,23.050259914249182,23.368426059372723,23.36936666816473,23.752308144234121,23.88619626685977,24.295853327959776,24.490391630679369,24.971984022296965,25.318836349062622,25.681789771653712,26.423692302778363,26.622694717720151,27.574534457176924,28.007924616336823,29.108023935928941,29.707796132192016,30.762477677315474,31.875606078654528
0.73203399354440046,22.402982815168798,22.31280286423862,22.492724461480975,22.465939684771001,22.691102480515838,22.816405333578587,23.049887891858816,23.368049655109644,23.368989869020879,23.751917356625199,23.885791590437293,24.295431607402861,24.489951880648732,24.971525073982775,25.318357423879206,25.681285746395588,26.423158337362111,26.622135034762323,27.573938686400652,28.007296539843082,29.107349062338471,29.707080375403166,30.761703487485647,31.874776165932417
0.73203438437027779,22.402619007974863,22.312433996237814,22.492358372546732,22.465575986541808,22.69073436781764,22.816040938720107,23.049524800851941,23.367682871408761,23.368620606139302,23.751536343246698,23.885396363213658,24.295018440112472,24.489524498581886,24.97107526473701,25.317888054065406,25.680790877901018,26.422636277042329,26.621588078327477,27.573356438428164,28.00667984969914,29.106686633080244,29.706379169598222,30.760946834459901,31.87396002560854
0.73203476611178231,22.402259392663836,22.312074917368591,22.492002785205841,22.465221863240004,22.690374072641134,22.815683031454682,23.049170299433172,23.367324482649565,23.36826061271131,23.751162428408861,23.885010179132223,24.294616288505495,24.489107231609523,24.970636613667011,25.317430501803756,25.680308145470917,26.422125369310379,26.621055514551699,27.572788687422872,28.006078287959099,29.106042422354221,29.705692267045379,30.760208260267973,31.873165989294648
0.73203513898007155,22.401911938562989,22.311723875813186,22.491652651689947,22.464875469915569,22.690020633861423,22.815334710292518,23.048824065364897,23.36697600223124,23.367908700369298,23.750796314328909,23.884629812091589,24.2942209020257,24.488699201494455,24.970208619721234,25.31698090583086,25.679836784489453,26.421629629097879,26.620532754808664,27.572233812883496,28.005492983385921,29.10541420057416,29.705026417970657,30.759485615417361,31.872390266507864
0.73203550318139499,22.401571833528578,22.311380160972476,22.491313410922885,22.464535849168897,22.689676662907004,22.814992974512279,23.048486049287021,23.366635506041348,23.367566491477191,23.7504399465397,23.884262500330806,24.293838758021593,24.488300289958715,24.969789722003043,25.31654542312026,25.679376805201173,26.421143195591867,26.620024921372533,27.571691729128361,28.004920462146401,29.104801358655095,29.704371690750122,30.758782811462879,31.871632430702448
0.7320358589172079,22.401237484067678,22.311043787747622,22.49097840115428,22.464203764684498,22.68934119399637,22.814661350101233,23.048156040720642,23.366300265304744,23.367229865863919,23.750093447975814,23.883903074078262,24.293460277840495,24.487911175005138,24.969382093288004,25.316117106936872,25.678927531465888,26.420666886493564,26.619526381604373,27.571163732558489,28.004358483478427,29.104197341948748,29.703732658177614,30.758093018084764,31.870896754786372
0.73203620638428279,22.400914980098605,22.31071746442467,22.490656867623329,22.463880948722363,22.689013183116913,22.814335534349084,23.047831683419645,23.365973788313568,23.366902373731136,23.74975298345089,23.883549659512937,24.293094757013023,24.487530961632729,24.968981045298278,25.315699544735253,25.678488864563406,26.420203760266304,26.619041451252997,27.570644684135914,28.003814434632659,29.103610005229712,29.703109843656421,30.757423166185617,31.870172092691064
0.7320365457748188,22.400593801401556,22.310397206805646,22.490336836315691,22.463565987534821,22.688693722710013,22.814020993188024,23.047517139464617,23.365654312074184,23.366583099588752,23.749422064051032,23.883206490427256,24.292738775722682,24.48716121353209,24.9685920458287,25.315292372368276,25.67806054931134,26.419750712811947,26.618567856028676,27.570140039548278,28.003278547897935,29.103037409484386,29.702501676976681,30.756763098761439,31.869464568793774
0.7320368772765472,22.400292901322246,22.310086706653237,22.490027805790305,22.4632573928684,22.688382410444319,22.813708962872624,23.047209639102221,23.365343826822937,23.366269665770233,23.749096020124853,23.882870700210333,24.292388095520437,24.486798796802759,24.968211285769939,25.314895115792751,25.677642111666501,26.419308568350971,26.618103303946555,27.56964729167521,28.00275637768209,29.10247859172523,29.701907753944397,30.756123654544353,31.86877622269094
0.73203720107283565,22.399980465881526,22.309783241711557,22.489723916165531,22.462957088835537,22.688076579011977,22.813405302353203,23.046909481287003,23.36504040658474,23.365964254364371,23.74878088850528,23.882544058375061,24.292046397924423,24.486442326568067,24.9678402710706,25.314507434144616,25.677233594469726,26.418876851908863,26.617651793174446,27.569167356938124,28.002247035503387,29.10193177498877,29.701327072456479,30.755496185272932,31.868103051558137
0.73203751734278999,22.399686350487173,22.309482665732503,22.489430309273303,22.46266370639205,22.687777874991298,22.813109841197729,23.046615322120488,23.364742924459279,23.36566758621484,23.748471582308412,23.882222818210721,24.291713535785675,24.48609697073698,24.967477401718497,25.314125967212021,25.676834497600794,26.418455103412271,26.617208668030798,27.568695859983563,28.001750346273184,29.101396337151527,29.70076122879982,30.754885654896498,31.867444837465882
0.73203782626135239,22.399396303109825,22.309190834872425,22.489140505902469,22.462376410141587,22.687485476955771,22.812820380553603,23.04633092880249,23.36445174831897,23.365375492721796,23.748170023784041,23.881909929215908,24.29138611536473,24.485759265720844,24.967121202498674,25.313758181408048,25.676443014293909,26.418040824122727,26.616779366508126,27.568233516067266,28.001265309751034,29.100875457748771,29.70020735822618,30.754287321120501,31.866805182769895
0.73203812799939905,22.399115329608321,22.30890882294625,22.488856758922338,22.462095747701824,22.687201756052673,22.812539996579289,23.046048298478127,23.364171178080142,23.365089363418519,23.747874979861081,23.881604814901948,24.291067252866924,24.485428866930306,24.966773590072989,25.313393344171345,25.676061526872218,26.417638319544494,26.616357181221247,27.567785484716296,28.000787938013673,29.100365383550525,29.699664173647761,30.753705380484462,31.866176687180996
0.73203842272383413,22.398838296532631,22.308630141429603,22.488581529818475,22.461822979152203,22.68692288082093,22.812263585627079,23.045774434693158,23.363894433714449,23.364812697283924,23.747586791403592,23.881308455951512,24.290756044909358,24.485106837004423,24.966435112059116,25.313039422035217,25.675690720789135,26.417244825512171,26.615944776684046,27.567348632961512,28.000324988737702,29.099867252632976,29.69913486763835,30.753132183104753,31.865564191713929
0.73203871059768233,22.398569207638502,22.308358521200716,22.488313842564821,22.461553022265434,22.686652651056647,22.811994636431336,23.045506708323956,23.363624976947904,23.364540878683329,23.747305727563798,23.881018134765327,24.290453515015543,24.484793125651777,24.966105433180928,25.312694235704839,25.675329405814409,26.416861661709845,26.615541813895106,27.56692043505609,27.999872233718634,29.099383132532239,29.698619103059173,30.752575514838099,31.864964535459876
0.73203899178017895,22.398305871523917,22.308094011619687,22.488051095977426,22.461292241699994,22.686384961940348,22.811733186244965,23.045246525667608,23.363360163755715,23.36427665501833,23.747030706144869,23.880730265751481,24.290156184695661,24.484484069980681,24.965782323852181,25.312357463873923,25.674973294138908,26.416487991809845,26.615150520578027,27.566501388326287,27.999429814517498,29.098908863961697,29.698114801198244,30.752031167969108,31.864378865808249
0.73203926642685802,22.39804910402745,22.307835889048874,22.48779293242842,22.461037215776742,22.686125720851123,22.811476495116949,23.04499161336571,23.363102610222995,23.364018653519452,23.74676217418164,23.880452425219119,24.289866700768471,24.484184972941875,24.965468323789537,25.312026936560869,25.674625781364739,26.416120611131191,26.614767817780375,27.566092561930418,27.998998744413257,29.098445789888501,29.697623359039426,30.751499535515904,31.863808074966073
0.73203953468963834,22.397800764068961,22.307582950219512,22.487542822957039,22.46078843344003,22.685872844420373,22.811224326491356,23.04474322590977,23.362851458601654,23.363763957284391,23.746500158682466,23.88018246460706,24.28958448395133,24.483890824951231,24.965158983133733,25.311707410030067,25.674287857487798,26.41576162725687,26.614392227493227,27.56569311209023,27.998576730489731,29.097991792485118,29.697143347933888,30.75098130851984,31.863251181319356
0.73203979671690755,22.397553382441401,22.307336857542396,22.487298812717199,22.460544101893902,22.685626273974776,22.810980327427387,23.044499272480607,23.362603828310966,23.363518440164626,23.746244137175381,23.879915948025882,24.289307944476604,24.48360497597605,24.96485722437501,25.311392832547426,25.673956366255879,26.415414350107312,26.614026149734855,27.56530424952507,27.998163662850857,29.097550241276622,29.696672696620226,30.750474765896797,31.862705746665597
0.73204005265360417,22.397313957102597,22.307094918563962,22.48706010915339,22.46030624397099,22.685383315198123,22.810742035508156,23.044260540045798,23.362364991568029,23.363276306539774,23.745993807911873,23.879656361415982,24.2890380108729,24.483326045796275,24.964563501998782,25.311085148714483,25.673634106293321,26.415072146803141,26.613666710443795,27.56492374278605,27.997760904952884,29.097119858488441,29.696212550625205,30.749978916719556,31.86217532120645
0.7320403026412976,22.397078950889409,22.30686051491648,22.486825871281326,22.460072700865567,22.685149135068059,22.810506749898195,23.044030376709998,23.362131840549409,23.363042034208775,23.745749900117517,23.879404264502227,24.288774273358285,24.483051135204732,24.964277021586895,25.310787150636315,25.673318367451429,26.414737105369568,26.613318209536374,27.564552277326584,27.997367253527045,29.096697909757495,29.695766093209386,30.749497670680285,31.861654905602336
0.73204054681826691,22.396851644851267,22.306631432846189,22.486598383635283,22.459848878905177,22.684917420148849,22.81027773860842,23.04380423668772,23.361901729367673,23.362808964215219,23.745511818677187,23.879156780429184,24.288516172207892,24.482783795334399,24.963998060673475,25.310492145828903,25.673011496663094,26.414414087310433,26.612978505901992,27.564186997711658,27.996982511132956,29.096283806487918,29.69532860070467,30.749025264754891,31.861147649586201
0.73204078531957661,22.396631810814142,22.306406408548355,22.486372881568968,22.459626439958811,22.68469428177923,22.810055774636567,23.04358100425452,23.361677076667547,23.362584973685443,23.745278417132795,23.878914818167686,24.288264323957264,24.482524280436337,24.963722633197904,25.310207185335457,25.672710946761072,26.414094558916986,26.612644190900028,27.563833136111498,27.996609628200531,29.095882024616003,29.694900592789054,30.748561324551702,31.86065418086946
0.73204101827715207,22.396411557681859,22.306186535395682,22.486155941151083,22.459409053437412,22.684473779052496,22.809837869368494,23.043364500626922,23.361458701081574,23.3623659145087,23.74505028501153,23.878679701127112,24.288019597530365,24.482268901541829,24.963455273769796,25.309926562942564,25.672416229732335,26.413782241754234,26.612318759784102,27.563486658036709,27.996242690831423,29.095487363636494,29.694481857120991,30.748112827539444,31.860165774822235
0.73204124581985197,22.396198539994657,22.305972690694034,22.485945427790284,22.459198887459934,22.684261400252581,22.809625380672514,23.043154234066606,23.36124608758837,23.362151360139251,23.744827789254487,23.878449169918895,24.2877805121243,24.482020915485919,24.963194509036839,25.309654374606907,25.672128251753747,26.413479551672935,26.612002958543599,27.563149778172374,27.995883194729686,29.095103753730655,29.694075390696526,30.747671123594046,31.859693869948387
0.73204146807354009,22.395990687422454,22.305763059295714,22.485738167539239,22.458992711268365,22.68404926173389,22.809418410994112,23.042948240414262,23.361038059927523,23.361941971816123,23.74461092799902,23.878226959146559,24.287545860745013,24.481779010035098,24.962939011864364,25.309386847540736,25.671847219578922,26.413184510543942,26.611691487953067,27.562818318605423,27.99553488381207,29.094728058204055,29.693676991388202,30.747243415564299,31.859231827780604
0.73204168516115431,22.395786376670003,22.305559384636581,22.485532213933766,22.458790671080351,22.683845965191722,22.809214605949819,23.042746564373374,23.360836874693632,23.361738494597375,23.744401429779828,23.878005742095411,24.287315749563277,24.481540285050869,24.962690344080329,25.309127647429705,25.671574445441365,26.412895057350397,26.61138841509819,27.562496216967702,27.995193790644407,29.094361601397395,29.693287063390017,30.746822142973542,31.858782665804029
0.73204189720277502,22.395588027313352,22.305358660407364,22.48533583432436,22.458592362701893,22.683644855394959,22.809016465209424,23.042549925856292,23.36063586641103,23.361537490040064,23.744193034246564,23.877790711820126,24.287091770209372,24.481307677924633,24.962447389960289,25.308871005661786,25.67130833119154,26.412612507119775,26.611092813313007,27.562180768698454,27.994860537350178,29.094005223363638,29.692906746640801,30.746411237865686,31.858339991420507
0.73204210431569161,22.395394832827151,22.305164027959108,22.485141723416746,22.458401810377836,22.683448840864003,22.808823676779866,23.042358314618468,23.360441004857421,23.361342216841877,23.743989453651011,23.87758185621351,24.28687640465796,24.481083157472312,24.962209069170058,25.308623421005905,25.671046053990722,26.412334143184125,26.610804633237422,27.561873700469732,27.99453441798687,29.093656741082668,29.692538045346737,30.746012277901173,31.857910851016641
0.73204230661446701,22.39520548004657,22.304973447695374,22.484953603707254,22.458213617093861,22.683258664794266,22.808636553585529,23.042169747874141,23.360251213423908,23.361152558587492,23.743794922716916,23.877376910299063,24.286661770194769,24.480860421434045,24.96197731886059,25.308381334878504,25.670789808034897,26.412065926007926,26.610523368231952,27.561574583873153,27.994216084480286,29.093314429745078,29.692173544317484,30.745622588321567,31.857489734888077
0.73204250421100148,22.395021031610668,22.304790267720819,22.484767279587686,22.458030568435788,22.683072633109987,22.808450187556446,23.041988642886281,23.360065158456564,23.360966434702277,23.74359967187047,23.877177598886192,24.286453145556152,24.480645190924406,24.961750362068415,25.308143557980657,25.670542153529823,26.41180364228785,26.610245142132044,27.561278721317649,27.99390553496778,29.092979852110147,29.691818987950683,30.745238536968827,31.857077315449715
0.73204269721459381,22.394841369241476,22.304608601145446,22.484588727355003,22.457850122824311,22.682892289943993,22.808269310742617,23.041807939298451,23.359885280020535,23.360784191638231,23.743411416187882,23.876980225555599,24.286248933523893,24.480433100834489,24.961529502645135,25.307913764379919,25.670297874137759,26.411544112488627,26.60997564252466,27.560992151498795,27.993601141497493,29.092657312750816,29.691474260762334,30.744866773486137,31.856680028140545
0.73204288573200271,22.394665226340294,22.304429894313216,22.484411844983697,22.457675473764539,22.682713393121958,22.808093477971852,23.041632456704974,23.359709548763931,23.360605299472809,23.74322603829205,23.876790201291442,24.286050582304597,24.480227671563625,24.961312251165509,25.307686464861035,25.670059750787914,26.411292659118772,26.609711330384016,27.560710772871971,27.993305487558246,29.092338662594557,29.691137319430709,30.744502114132047,31.856288062408566
0.73204306986750523,22.39449240360409,22.304256392642856,22.48423938639462,22.457505402155221,22.682540497742593,22.807920928113163,23.041460919193923,23.359537131153047,23.360432428307831,23.743046035990119,23.876603365875781,24.285856144502759,24.48002683185041,24.961100861430168,25.3074651947245,25.669827844016254,26.411047927103937,26.609455999918282,27.560437683016062,27.993016047403216,29.09202635474503,29.690805990248919,30.7441461738199,31.855904057621956
0.73204324972295454,22.394324301742017,22.304086735472083,22.484071885235608,22.457336752675474,22.682370187714696,22.807752589695156,23.041295050643384,23.359369480982423,23.360263254493475,23.74287049472332,23.87642119359225,24.285668388940394,24.47983040381223,24.960895403288305,25.307249574922025,25.669599734246731,26.410807739011943,26.609204556792974,27.560171218588948,27.992732224985957,29.091722818091512,29.69048392213881,30.74379688128829,31.855529200285673
0.7320434253978364,22.394159281626344,22.303921019658446,22.483907366171479,22.457174338400364,22.682204343378544,22.80759104155004,23.041131849400699,23.359202617779374,23.360098890960217,23.742699204944074,23.876244059763849,24.285483634099364,24.479637881740928,24.960693183355033,25.30703869368881,25.669379883445799,26.41057451441884,26.608959746547043,27.559908153489232,27.992456478998065,29.0914271119982,29.690169248729944,30.743458490818739,31.855165148153901
0.73204359698932409,22.39400003105402,22.303759696893394,22.483746732585132,22.457014165818691,22.682042085565627,22.807428347878158,23.040971724316478,23.359041953459382,23.359936201944947,23.742532034404576,23.876071062870324,24.285301651805639,24.479450256563723,24.960494784638286,25.306833483278751,25.66916233394295,26.41034768987447,26.608717269264162,27.559653347358108,27.992188503965735,29.091136382892728,29.689862171187997,30.743126448243856,31.854809964075685
0.73204376459233211,22.393843933939934,22.303603292442858,22.483590438961983,22.456858824938536,22.681885099969804,22.80727272387594,23.040818656794727,23.358883790671825,23.35977749619633,23.742369236424565,23.875901510939002,24.285125751979649,24.479269414208829,24.960302617400885,25.3066336363554,25.668952756561339,26.410121464170516,26.608486148528755,27.559404481202364,27.991924913600087,29.090854043141007,29.689563011750579,30.742802396416664,31.854459218680859
0.73204392829956899,22.393690572120249,22.303448280319571,22.483438459224999,22.456706490367651,22.681729826144874,22.807121221907437,23.040664489381015,23.35873279441148,23.359623177908361,23.742209359072149,23.875735362991691,24.284951956011355,24.47908869292587,24.960115771740675,25.30643661879003,25.668745988048613,26.409903618507087,26.608259357511997,27.559162348508835,27.991667646914721,29.090580027550459,29.68926946260035,30.742486674338579,31.854121936485171
0.73204408820158806,22.393541683442891,22.303297670558095,22.483288836665452,22.456559209153056,22.681579703465104,22.806969673372805,23.040518334135413,23.358580796048045,23.359472936019301,23.742054149508476,23.875574939884245,24.284782271832228,24.478914834558964,24.959933284670115,25.306244334205985,25.668543435633183,26.409691176377237,26.60803322121501,27.558922663331032,27.991413973271847,29.090308820828795,29.688981929793954,30.742177432402968,31.853790033608675
0.73204424438683802,22.393395398743451,22.303150731138885,22.48314290586859,22.456413227133453,22.681432483717799,22.806823264807463,23.040371682494879,23.358435339294374,23.359327002428472,23.741899227723479,23.875415587797761,24.284619387239218,24.478742112405598,24.959752497263253,25.306057564914227,25.66834570094943,26.40948226954788,26.607816697098315,27.558693379163742,27.991170931607485,29.090046523138881,29.688702397048473,30.741875169798732,31.853462843224406
0.73204439694171164,22.393253987655044,22.303007025271654,22.482999935746193,22.456272323615849,22.681290443986654,22.8066824991256,23.040232702158391,23.358292223885655,23.359182133339345,23.741751884110272,23.875261466018856,24.284458154812455,24.478576600551605,24.959578997455537,25.305874236859381,25.668154356069863,26.409278617240489,26.607601737603545,27.558463139459491,27.990930367261171,29.089789006859064,29.688428308814764,30.741578629240394,31.853148268535733
0.73204454595059343,22.393113517202437,22.302866473793983,22.482860269024968,22.456133495084941,22.681148774921894,22.806544711813331,23.040091605857015,23.358152608387172,23.359041396528482,23.741605973802507,23.875112330541015,24.284300406463444,24.47841384075582,24.959408050402999,25.305696174502373,25.667965958826244,26.409080157987773,26.607394656166434,27.558243965730071,27.990696556866169,29.089536622166634,29.688161233440042,30.74129275046289,31.852836152538657
0.73204469149590667,22.392975908704102,22.302731527946889,22.482725072652102,22.455997850745916,22.681009902618825,22.806406878866255,23.039956151507795,23.358016024343669,23.358905798755586,23.741462831385434,23.874963867478073,24.284147517755628,24.478254768997431,24.959239508025348,25.305521952919662,25.667781767435372,26.408886612392962,26.607193736359477,27.558026285842061,27.990466549992561,29.089296964928508,29.687900202348828,30.741011496633291,31.852534934878349
0.73204483365815864,22.392844744026661,22.302595961838961,22.48259159270674,22.455867004580796,22.680879093706608,22.80627469252795,23.039826606400311,23.357884029857814,23.358771692961454,23.741326929070055,23.874820698052645,24.28399823140353,24.478098917752504,24.959078149870038,25.305351284332573,25.667604515329003,26.408697224222124,26.606994777917862,27.557814951986074,27.990242404863238,29.089052561670542,29.687648193910718,30.740735853090882,31.852239297702909
0.73204497251598533,22.392716350965202,22.302466903813183,22.482464410364628,22.455738210119307,22.68074544891715,22.806143501773477,23.039695675484836,23.357752867974341,23.358641361817718,23.741189046762884,23.874679119326174,24.283851060084999,24.477947388775647,24.958918072283268,25.305184039287269,25.667427333071828,26.408512535504997,26.60679878666997,27.55760970339179,27.990026308223605,29.08881657756865,29.68739865347743,30.740467833355069,31.851950602605939
0.73204510814619506,22.392586261965334,22.302338517270982,22.48233588039875,22.455610836856067,22.680618754588068,22.806016085669398,23.03957196790725,23.357625121250749,23.358512076549232,23.741057075560093,23.874541054479778,24.283708673901856,24.477800656110048,24.958762773312628,25.305022809654474,25.667259257286787,26.40833137743175,26.606609948910773,27.557408090680838,27.989812145009637,29.088589685037732,29.687154896557331,30.740205984562635,31.851670382544398
0.7320452406238106,22.392463490366936,22.302212882786989,22.482213721610606,22.455488109961152,22.680493308231235,22.805894523859024,23.039449111558497,23.357502333819866,23.358388222754002,23.740926484577358,23.874409772455692,24.283571220934391,24.47765545360744,24.958610508590937,25.304864003323019,25.667091285809875,26.408154003322124,26.606423917226493,27.557210024446249,27.989605449140072,29.088364256545901,29.686917755752802,30.739950267598033,31.851392878219485
0.7320453700221109,22.392341984435916,22.302092579193413,22.482091030105948,22.455369712784886,22.680372861213982,22.80577186960727,23.039329043589532,23.357379797846079,23.358266443945467,23.74080153927207,23.874277224764228,24.283433808945119,24.47751547396183,24.95846142154187,25.304707658477128,25.666927403770387,26.407981293275952,26.606244646944106,27.557017164304852,27.989400051534176,29.088146191090345,29.686686649918556,30.739698795601726,31.851124402135611
0.73204549641267191,22.392223331145942,22.301972810178995,22.481973495334387,22.455251850187778,22.680251638405025,22.805654705502093,23.039210427552462,23.357262005098164,23.358146645128727,23.74067834764719,23.874150017276406,24.283300617709756,24.477375675924122,24.958317288197577,25.304556570015848,25.666768366470933,26.407812153920531,26.606068043038249,27.556832166388631,27.989201528951526,29.087935606017709,29.686460951343179,30.739454934373498,31.850864239037037
0.73204561986540539,22.392110751010478,22.301857044920325,22.481857005506754,22.455137399956584,22.680136648006737,22.805539814755321,23.039096632041037,23.357147043570876,23.358031230047345,23.740556410513818,23.874027223326266,24.283168661408126,24.477239514701068,24.958174168132246,25.304407843388617,25.666612572968006,26.407648822292686,26.605896856635809,27.556646894663572,27.989008095115423,29.087726596742868,29.686237823218107,30.739218138158321,31.850608529523015
0.7320457404485986,22.391995644196868,22.30174442473799,22.481745287775993,22.455025902949274,22.680023002438247,22.805427338927984,23.03898433316499,23.357034349814057,23.357917862944305,23.740438616834581,23.873902359046042,24.283042123541236,24.477109377272427,24.958036305382848,25.30426350235939,25.666459931060672,26.40748742595315,26.605727629736066,27.556467585265636,27.988817559555173,29.087522691115737,29.686021814122796,30.738983288407326,31.850354049354792
0.73204585822895096,22.391884630545974,22.30163205973804,22.481636024080217,22.4549151789397,22.679912221617997,22.805316585116088,23.038877356797457,23.356923784129322,23.357805349864066,23.740324984304607,23.873783804476261,24.282919707708061,24.476979755796492,24.957901393994689,25.304123203270137,25.666313381865621,26.407330968417227,26.605562357231975,27.556292992085218,27.988633710891008,29.087323423475027,29.685811068862677,30.738755794242024,31.850112134590745
0.73204597327161203,22.391780423000455,22.301524135284126,22.48152787797153,22.454808702692389,22.679801888763905,22.805210287682712,23.038767658174038,23.35681770183146,23.357698721811175,23.740211924538016,23.873668759129941,24.282796499319375,24.476854618638754,24.957769635133445,25.303985113278031,25.666166873648763,26.407177320681512,26.605401864275336,27.556122366338968,27.988452535122633,29.08712917752564,29.685606688261032,30.738532586023211,31.849873328581452
0.73204608564021667,22.391673097386956,22.30141803715378,22.481423119083047,22.454704797826707,22.679696719162166,22.805104180239141,23.038665505126119,23.356711335480213,23.357594722881913,23.740101791918278,23.873553643934429,24.282678901217878,24.47673271689564,24.957640048116446,25.303850665688515,25.666025316342711,26.407028599642217,26.605246097780764,27.555956112220883,27.988275645300746,29.086940813809633,29.685404684394598,30.738316820934415,31.849637407809496
0.73204619539692095,22.391571164131165,22.301315720193088,22.481319503858685,22.45460263453424,22.679592898115516,22.805002533830702,23.038562325760722,23.356606187298894,23.357490072026849,23.739997195079923,23.873443408869207,24.282565215602517,24.476612319238484,24.957516276277602,25.303719387389719,25.665887835435569,26.40688232332468,26.605093697085977,27.555792534723878,27.988102657720447,29.086755495518446,29.68520968593657,30.738103168085217,31.849410809576511
0.73204630260243586,22.391469762660563,22.301213717088103,22.48122135642916,22.454503498971462,22.679493396542966,22.804902190342546,23.03846440743655,23.35650672763586,23.357387636788189,23.73989019729197,23.8733347998932,24.282449039630592,24.476495010778308,24.9573920276016,25.303590361960232,25.665751036256552,26.406738195568323,26.604943344369531,27.555634183809161,27.987934390082955,29.086574362590909,29.685015117749572,30.737898318096995,31.849185822531581
0.7320464073160613,22.391371716745198,22.301118188537657,22.481124078854918,22.454405408352613,22.67939365003258,22.804804811254144,23.038366528227925,23.356408887542784,23.357289544306695,23.739788235165179,23.873228178359568,24.28233945928514,24.476380715146661,24.957271384075284,25.303468433208764,25.6656184932217,26.406599447131157,26.604797708801925,27.555475680157542,27.987768780440092,29.08639850653708,29.684828855097294,30.737696239724755,31.848971260711551
0.73204650959571893,22.391276155598462,22.301020992919803,22.481027937494218,22.454310420900583,22.679297229275107,22.804708905518055,23.038272399455309,23.356312802061439,23.357192476280034,23.739687935449183,23.873125748708844,24.282231953926384,24.476268996484578,24.957155068404973,25.303343937732279,25.665489837527275,26.406461874954402,26.604655721224844,27.555324604734778,27.987609969452024,29.086226662620902,29.684644503518939,30.737497448921204,31.848757309839129
0.73204660949798406,22.3911834647879,22.300927422940731,22.480934987775981,22.454218006692827,22.679202932864428,22.804616820067167,23.038179499097168,23.356218843720853,23.357098758220673,23.739590543322265,23.873025770299137,24.282128450460732,24.476159045472741,24.957040346227586,25.303223353810608,25.665365965105593,26.40632913261652,26.604517988860607,27.55517466366291,27.987453216686845,29.086059207096696,29.684465654194355,30.737303098663688,31.848548712208867
0.7320467070781167,22.39109218865633,22.300833457149565,22.480842622928321,22.454128824174404,22.679110490716994,22.804524010978639,23.038087353110313,23.356128620915115,23.357008335180581,23.739494976587594,23.87292736582458,24.282023860141635,24.476052393205464,24.956928284838796,25.303106132894754,25.66524129640311,26.406200466677547,26.60437785089016,27.555033391341567,27.987298883497715,29.085893353447318,29.684292554855347,30.737115699797869,31.848349384963512
0.73204680239009279,22.391004104167223,22.300744731910527,22.48075561504811,22.454038456082344,22.679023616947234,22.804435677826405,23.037999361753464,23.356038832105696,23.356917423196137,23.739402398467064,23.87283053342253,24.281923213042319,24.475949333049357,24.956818588078022,25.302991582080722,25.665122038684785,26.406073794700205,26.604245875962079,27.554891442880034,27.987152164801955,29.085733799263835,29.684119774028659,30.736929662525654,31.848150743171573
0.73204689548663338,22.390915566124022,22.300656421110034,22.480667999945581,22.453952298499644,22.678935293108225,22.804348693229258,23.037913313135505,23.355952564626932,23.356829144060612,23.739312688820064,23.872735411860049,24.281826227903366,24.475846678949893,24.956712017767131,25.302878889255226,25.665002743713558,26.405948622152209,26.604115977883339,27.554751580581069,27.987004606053233,29.085574600845575,29.6839544121176,30.736749207600951,31.847956452518702
0.73204698641923416,22.39083129260689,22.300570660270751,22.480581173673272,22.453867151401937,22.67884732875973,22.804264074191451,23.037829861044884,23.355865590274334,23.35674408916384,23.739224001765251,23.87264440394938,24.28173154219985,24.47574676759541,24.956606523133814,25.302774025127292,25.664891443215311,26.40582733694464,26.603989793919027,27.554616449400783,27.986859941855073,29.085423307493329,29.683790750801563,30.736575227230787,31.847769698128104
0.73204707523819379,22.390748145990074,22.300488735549152,22.480499039404094,22.453786784783006,22.678764011710882,22.804181345738471,23.037747383117676,23.355782935395837,23.356661775149405,23.739136478863657,23.872552229091525,24.281635635532439,24.47565009444952,24.956507335416973,25.302663410082459,25.664776900783181,26.40570923499763,26.603862809017301,27.55448448844254,27.986719908192754,29.08527178876102,29.683632044121623,30.736405054107308,31.847581408917904
0.73204716199264197,22.390668049454689,22.300405891612172,22.480418519116938,22.453705091029406,22.678685118444264,22.804100301116705,23.037666241638362,23.355701426044106,23.356579860672355,23.739054610021412,23.872466141358018,24.28154472541064,24.475556110031903,24.956405654549599,25.302560756914318,25.664669202640653,26.405594429001212,26.603745209984481,27.554356191307306,27.986585320904851,29.085125403478742,29.683478936553001,30.736239852383733,31.847402909770608
0.73204724673056609,22.390589325688779,22.3003267981112,22.480339702218771,22.45362594537437,22.678603098727763,22.80401998013258,23.037587960250676,23.35562190040946,23.356501207686961,23.738968568854034,23.872379945591092,24.281454605981708,24.475462602451444,24.956309715285897,25.302458579652011,25.664561352692544,26.405480670742691,26.603625883348286,27.554230041801929,27.986451329663396,29.084985075518489,29.683325922116637,30.736071726307273,31.84722738340497
0.73204732949883844,22.390510275959969,22.300247810781002,22.480261310003698,22.453548672609031,22.678525416180491,22.803943047299981,23.03751159645617,23.355544163845479,23.356419981457293,23.738886880688369,23.872296923771501,24.281368721276522,24.475372054614127,24.956214239820838,25.302361543290317,25.664457245729864,26.405370174907148,26.603511207737029,27.554108643904328,27.986321546137333,29.084846295416355,29.683178650215268,30.735915295779705,31.847055906429887
0.73204741034324161,22.39043587166816,22.300173543393612,22.48018753901124,22.453474590554833,22.678449238650501,22.803868079558015,23.037436000071466,23.355469477362931,23.356345879845321,23.738810527138412,23.872216173447669,24.281283173710108,24.475285106338561,24.95612105820328,25.302263095974922,25.664353872649372,26.405262195505202,26.603397121652961,27.553987748920918,27.986194644123316,29.08470568805933,29.683031087741256,30.735757185146213,31.846886375918984
0.73204748930849417,22.390361066907644,22.300098393112421,22.48011271096766,22.453401275910437,22.678374971263111,22.80379477981478,23.037365105003119,23.355395907536149,23.356271531432867,23.738732704892755,23.872133977711201,24.281200167723,24.475198422558606,24.956031167879701,25.302168918773532,25.664255327545106,26.405158445239067,26.60328723769635,27.553870650008321,27.986071093007922,29.084573870524764,29.682891959324479,30.735607989132404,31.846722749993205
0.73204756643827518,22.390290203504264,22.300025444477797,22.480042615905404,22.453329752199352,22.678302318789065,22.803722121752799,23.03729098290205,23.355322383344173,23.356197523884475,23.738656513392925,23.872057025320828,24.281118386425078,24.47511519305408,24.955941563472152,25.302076577208936,25.664158651605248,26.405056145042181,26.603178665973246,27.55375555716455,27.985950069501996,29.084445558488369,29.68275367282331,30.735453922301531,31.846562191843987
0.73204764177524828,22.390218590386212,22.299954981543124,22.479969345964491,22.453260845504701,22.678230221383274,22.803651564754546,23.037221662700176,23.355253444053233,23.356126833707094,23.738584781065583,23.871981866657734,24.281039019115269,24.475030878558755,24.955856780521572,25.301985445432365,25.664064268581569,26.404955411329865,26.603075829334557,27.55364378169179,27.985829858109355,29.084317207336426,29.68261781334877,30.735308343544602,31.846409372985363
0.73204771536108582,22.390150209888816,22.299886517226696,22.479903146624565,22.453192374669015,22.678161992691457,22.803584739565849,23.037153676152229,23.355183038860559,23.356058538891375,23.738513367250562,23.871906827203929,24.280962870456278,24.474951710551977,24.955771162174642,25.301897920668125,25.663971520960331,26.40485564339906,26.602972811087966,27.553534030914307,27.98571434058249,29.084193773567677,29.682487174868584,30.735166879370809,31.84625256061554
0.732047787236491,22.390082769095898,22.299818804487586,22.479834522120655,22.453124780207872,22.678094533272088,22.803517969325185,23.03708781208843,23.355115829966962,23.355990346521139,23.738440945744514,23.871833047829568,24.280888115055859,24.474872384220362,24.955689330585301,25.301811717450619,25.663879243656993,26.404760152101517,26.602873394265771,27.553425293415785,27.985601641237736,29.084074575453997,29.682356851175427,30.735027262941003,31.846104074269533
0.73204785744122136,22.390019366517663,22.299751030281186,22.479769085533917,22.453060586005449,22.678027057088912,22.803450083360076,23.037022924982011,23.355050246231258,23.355926338583231,23.738373014144599,23.871763572096825,24.280813120305538,24.474796610884368,24.955608396790922,25.301729613915086,25.663789764046669,26.404667450115085,26.602773878723383,27.553324691951275,27.985491778701544,29.083953725174069,29.682230543345213,30.734892515465617,31.845959415659308
0.73204792601411006,22.389953911304474,22.299687339924276,22.479704766534269,22.452995396219194,22.677962576039135,22.803386135958135,23.036959232762456,23.354985200800002,23.355859451927245,23.738305949606001,23.871695380657911,24.280739959329367,24.474722616374493,24.955531030893326,25.301645243540406,25.663705991581082,26.4045738466084,26.602678276598454,27.553220944479108,27.98538557626307,29.083838634192944,29.68211124651134,30.734760377556086,31.845818055793643
0.73204799299308776,22.389890572987497,22.299624693579972,22.479642152786255,22.45293683744967,22.67789997253567,22.803323852829635,23.036895480006933,23.354922821745276,23.355795388109982,23.738241211511195,23.871626124717295,24.280670149251819,24.474649579264224,24.955452953465283,25.301564954221249,25.66362128034234,26.40448750089854,26.602584268897772,27.553121661767364,27.985277904197574,29.083725167438388,29.681990211829543,30.734632156789303,31.845677237957716
0.73204805841520326,22.389829538762569,22.299564469605684,22.479580792598426,22.452872988767922,22.67783818859607,22.803264514543116,23.036835381761193,23.354862394742668,23.355736361816525,23.738176898099482,23.87155956402421,24.280600122176111,24.474576787091792,24.955380483530462,25.301487024873495,25.663538522087038,26.404399594292045,26.602493558079004,27.553023675456643,27.985176920890808,29.08361897431314,29.681872949004173,30.734503358602524,31.845542127266526
0.73204812231664451,22.389771157875657,22.299503308720887,22.479521257802844,22.4528135266155,22.677777944132686,22.803204586729407,23.036776897497475,23.354801598936319,23.355675133876503,23.738115517422557,23.871494549326599,24.280532700940967,24.474507791921496,24.955303884111345,25.301410424523056,25.663458070717752,26.404315126128495,26.602405145764351,27.552929697558284,27.98507578484714,29.083507779985666,29.681759553030133,30.734381718561053,31.845408219844103
0.73204818473275801,22.389711330644786,22.299444448202848,22.479464218951762,22.452755437232554,22.677719041705132,22.803145417012274,23.036718213930726,23.354743140749633,23.355616182088852,23.738054054789245,23.871433318592608,24.280468616634607,24.474440277554095,24.955233267508447,25.301335346885026,25.663377649150789,26.404230240732431,26.602316651493311,27.552837053313851,27.984976144507527,29.083403674885631,29.681645564734936,30.734260369092226,31.845279131084681
0.7320482456980687,22.389656378887594,22.299387075006962,22.479406864382327,22.452700127847493,22.677661610767245,22.803088590502739,23.036662621423602,23.354687193408608,23.355559600517154,23.737994159571826,23.87137158960104,24.280402509495616,24.474371919408441,24.955163523554802,25.301262036897242,25.663301701657474,26.404149975627661,26.602231692522764,27.552746513858438,27.98488268442452,29.083298202604055,29.681537244468927,30.734142741188407,31.845151310786605
0.73204830524629927,22.38960109744221,22.299332305788994,22.479350770823658,22.45264486875385,22.67760538123548,22.80303509067744,23.03660687059164,23.354632182978094,23.355503345839679,23.737936392426491,23.871310958638787,24.280339879915118,24.474307345226407,24.955096145160496,25.301189550198615,25.663226438686252,26.404069083742797,26.602149710059166,27.552658334374428,27.984787881374359,29.083198461681604,29.681429961696267,30.734027476981282,31.845031609758735
0.73204836341038837,22.38954767677933,22.299276539124548,22.479295872151852,22.452590480446815,22.677550416439772,22.802978715859354,23.036552686244249,23.354576429352164,23.355447201058269,23.737879619933665,23.871251426637173,24.280279135331511,24.47424312774092,24.955027620308101,25.301122664473951,25.663154234178364,26.403993419371545,26.602067216299474,27.552570240572095,27.984695395454764,29.083098711445928,29.681325986981392,30.733916781842709,31.844908529892564
0.73204842022250893,22.389493005350232,22.299222649075091,22.4792450517416,22.452537048608065,22.677497198805213,22.802925007417798,23.036499827168882,23.354524147696793,23.355394042097032,23.737823968753219,23.87119357381016,24.280219631269574,24.474182024598122,24.954961601644754,25.301053523086011,25.663080506026745,26.403916204348207,26.601986961439252,27.552486911416054,27.984606554731727,29.083004139363766,29.68122548982501,30.73380533233285,31.844789944589138
0.73204847571408616,22.389442143961787,22.29917301889509,22.479191875085235,22.452485596761107,22.677445678971708,22.802873900160193,23.036448813974857,23.35447331238538,23.355341685935855,23.737769569270313,23.871137983165681,24.280162448994815,24.474123765714467,24.954899554140866,25.300986477173865,25.66301245521754,26.403842191211879,26.601911236532032,27.552403220906854,27.984520187601447,29.082911865785718,29.681126452982426,30.733697088435292,31.844673985615373
0.73204852991581504,22.389389315620065,22.299120630137622,22.479140474461019,22.452434810809791,22.677394615486264,22.802821327932179,23.036399896256626,23.354421245865524,23.355291026644409,23.737717314623296,23.871083618141711,24.280104639008641,24.474061685614288,24.954837177880108,25.300922135822475,25.66294208727777,26.403771286830306,26.601836402900517,27.552325213328004,27.984435731545091,29.082820182666183,29.681026885285974,30.733593489974737,31.844563715159893
0.7320485828576766,22.389341576956213,22.299070539884269,22.479093146510422,22.452388080768287,22.677343852818012,22.802773915231228,23.036349227651954,23.354373025707901,23.355240345932543,23.737665709108114,23.871030987240374,24.280049947090447,24.47400488704443,24.954778229817748,25.300859772600234,25.662875951267779,26.403700852766633,26.601763029582798,27.552246009930968,27.984352681785822,29.082731250673532,29.680933719500899,30.73349148966372,31.844454070553184
0.7320486345689553,22.389292902313173,22.299021313898265,22.47904316149652,22.452337920665741,22.677295226603746,22.802726782858372,23.036304659210145,23.354321338236332,23.355193440802395,23.737614925950766,23.870977463200688,24.279994560405612,24.473947986960411,24.954716765321791,25.300798450596631,25.662810456939042,26.403630674816668,26.601690461859107,27.55216827429831,27.984272168949246,29.082641962915659,29.680839464068413,30.733392933383584,31.844344276934862
0.73204868507825493,22.389244733378291,22.298974184319377,22.478995341807604,22.452291452325881,22.677248883061111,22.8026770837605,23.036253497004509,23.354275196790695,23.355144802480936,23.737565163522959,23.870926856994629,24.27994046267122,24.473891612142324,24.954662566073239,25.300736848264933,25.662747859023511,26.403563698753715,26.601619941182435,27.552092280238867,27.984190611168742,29.082557484507561,29.680749334394932,30.733293117955327,31.844238543882966
0.73204873441351437,22.389199621975422,22.298928695730865,22.478951781056821,22.452244970947504,22.677201102487743,22.80263196118176,23.036208515055478,23.354228580370545,23.355099827051163,23.737517490983009,23.87087573017925,24.279888408258557,24.473838959820569,24.954602999612689,25.300676685757935,25.662685959599912,26.403498169966042,26.601550558581948,27.552020052447915,27.98411376029253,29.082474686205387,29.680662518367171,30.733198272064328,31.844136202707887
0.732048782602023,22.389156619086862,22.298882493749261,22.478907076641917,22.452201783657074,22.677155837416649,22.802586385980248,23.036164256744087,23.35418373066932,23.355053697712719,23.737470267340541,23.870827300474048,24.279839509166777,24.4737868309021,24.954547837376595,25.300619192421436,25.662626141682267,26.403434386476874,26.60148440208286,27.551947314292192,27.984037268906832,29.082393832504749,29.68057487718761,30.733106238767505,31.844036942347884
0.73204882967043594,22.389109901152551,22.29883814509958,22.478861388750374,22.452157002873719,22.677112622186542,22.802542531862855,23.036120839416981,23.354140929877758,23.35500840190798,23.737424905411899,23.870779497548938,24.279788720421493,24.473734467290342,24.954494179226458,25.300564084202051,25.66256673168391,26.403371253050864,26.601418434642255,27.551878746598959,27.983965339139104,29.082314804196358,29.680492563173175,30.733013115823269,31.843939237296581
0.73204887564478882,22.389067237265408,22.298794563859701,22.478818357922137,22.452114663086832,22.677068597637117,22.802500702440739,23.036077871918678,23.354097167961299,23.354964511469007,23.737379756756127,23.87073514983058,24.279740133322775,24.473684082739055,24.954440468922257,25.300507532432675,25.662507954053581,26.403310990892351,26.601353402249515,27.551811404526234,27.983891641721129,29.082235192880034,29.680408859625459,30.732925014570355,31.843844551593065
0.73204892055051185,22.389024659991264,22.298752964474261,22.478776061907411,22.452074500732124,22.677026065066457,22.802458435297012,23.036036343313754,23.354055880568922,23.354923551902175,23.737336296588182,23.870687637478113,24.279691132716835,24.473635204136372,24.954390884377062,25.300453278236091,25.662451472133398,26.403252091258764,26.60129158012569,27.551744787022471,27.983821032568812,29.082161007449031,29.680328778922558,30.732838969677687,31.843751415610313
0.73204896441244449,22.388983742333949,22.298711813054979,22.478737317956984,22.4520323574543,22.676984970457852,22.802416685968637,23.035997584462166,23.354012145660818,23.354881038889289,23.73729404527694,23.870644184760749,24.279646190814674,24.473587779328227,24.954339667223394,25.300401079468429,25.662395891733468,26.403191714547575,26.601232301443815,27.551678735762835,27.983751483261585,29.082088494673371,29.680247593671083,30.732753876596689,31.843661360442638
0.73204900725484845,22.388942786492407,22.298671648837626,22.47869586199522,22.451993043534458,22.676944480277598,22.802376142702997,23.035955649800599,23.353973547928035,23.354841507971287,23.737251862883568,23.870599717833102,24.279602601192892,24.473540970124304,24.954290203750134,25.300349595956504,25.662341968156397,26.403135010972619,26.601169835776091,27.551614671945572,27.983685305342078,29.082013888284564,29.680171817541122,30.732671724632382,31.843571435660124
0.73204904910142188,22.388905237428844,22.298632025718689,22.47865751478821,22.45195391587913,22.67690432164818,22.802339293062687,23.035916203632951,23.353935621678829,23.354803124442697,23.737210713326931,23.870558961294591,24.279558128677309,24.473495029844344,24.954242031089962,25.300299081020057,25.662289232946932,26.40307851601392,26.601111879572272,27.55155367963016,27.983619561418891,29.081944271922112,29.680098880082369,30.732590824365616,31.843483708798885
0.73204908997531182,22.388866130262613,22.298593682236969,22.478617587126791,22.451916267164052,22.676867535337806,22.802300004288554,23.035879083909094,23.353895083069801,23.354763147421181,23.737172329798341,23.870517081581056,24.279513463377953,24.47345170378685,24.954195087775588,25.300252368673682,25.662238371558487,26.403024515137076,26.601054927334189,27.551490915939212,27.983555821701884,29.081874772906303,29.680023394525051,30.732511570677161,31.843399139121175
0.7320491298991274,22.388827884569764,22.298557449132204,22.478580822236836,22.451881136745214,22.676828449591994,22.802262723445892,23.03584258724004,23.353858434595168,23.354726182296872,23.73713271599263,23.870476805604994,24.279473979026079,24.473407077603042,24.954149415716529,25.300203456543386,25.662187167443335,26.402972027659416,26.600999159738421,27.55143472738564,27.983493309468031,29.081807343289256,29.679952820762992,30.732434250414371,31.843317395076156
0.73204916889495208,22.388794872909784,22.298520206473768,22.478544540703297,22.451844749972224,22.676792417652905,22.802227682434022,23.035806812345982,23.353821763768792,23.354691152460873,23.73709249868989,23.870437135919929,24.279432102106512,24.473363652825356,24.95410477463156,25.300156560726464,25.662137952633202,26.402920607477427,26.600945387035608,27.551374312490225,27.983430001884699,29.081742791458964,29.679882422089577,30.732358312234282,31.843234904110432
0.73204920698435627,22.388757488690317,22.298483334481716,22.478508940897882,22.451806993223727,22.676756110042334,22.802191024646163,23.035770774818957,23.353785656392574,23.354653249494731,23.737055796198547,23.87039724830538,24.279391098767519,24.473323294892907,24.954061526805162,25.300112214870751,25.662090097554028,26.402868004515767,26.600892042741179,27.551316894590855,27.98337228409946,29.081678219139576,29.679815890267491,30.732284473255277,31.843156138435006
0.73204924418840889,22.388721656985581,22.298448166809976,22.47847434412688,22.451772360131145,22.676722860895097,22.802155921235681,23.035737461410463,23.3537518074736,23.35461859870702,23.737019451335073,23.870361188426614,24.279352096840739,24.473282712511718,24.95402040053159,25.300066309981048,25.662042340263724,26.402820575982332,26.600840976461768,27.551262084394693,27.983313467353582,29.081616546958685,29.679747823625803,30.732213038951159,31.843080136924982
0.73204928052768881,22.388687429018319,22.298414151184261,22.47844101767987,22.45173912961036,22.676686946302652,22.802122064866126,23.035702840425074,23.353718590922654,23.354583551175892,23.736983642913401,23.870324487797916,24.279314439743757,24.473241154104471,24.953977637924254,25.300022576004267,25.661996081471443,26.402771291323006,26.600789681077003,27.551209213212132,27.983257604762912,29.081555891782045,29.679683312773705,30.732144095003605,31.84300540946424
0.73204931602229706,22.388656041584909,22.298381761647761,22.478407328948379,22.451706700958312,22.676654109731317,22.802088996395469,23.035669849254191,23.353686287999153,23.354551299475133,23.736950043588877,23.870288661681116,24.279277985915542,24.473204641602933,24.953936349600554,25.299980947747827,25.661952246911824,26.402722253464162,26.600738661363721,27.551157593727112,27.983201390132308,29.081496460363269,29.67961910367012,30.732073208317161,31.842930745333433
0.73204935069186716,22.388622466474771,22.298348716460168,22.478375823237002,22.451676029711962,22.676620463840663,22.802056472748518,23.035638003610075,23.353651037439704,23.354518234729767,23.736917581409216,23.870253788307309,24.279240072704852,24.473165265284479,24.953896834515035,25.299938863143325,25.661908105947077,26.402677138336003,26.600693101994693,27.551106197759509,27.983144801110029,29.081436406821012,29.679557580500841,30.732008747756481,31.842858713120222
0.73204938455557644,22.388590884394944,22.298317058011889,22.478344587609172,22.451641852967441,22.676589424721897,22.802025435492396,23.03560595959425,23.353619419969618,23.354486869648099,23.736882675439119,23.870219700038433,24.279203983955085,24.473130384460092,24.953857925720513,25.299898138269782,25.661867260932922,26.402632224373519,26.600643583573401,27.551053512841463,27.983091818168759,29.081379627808928,29.679497595876455,30.731941280886531,31.842788189649582
0.73204941763215614,22.38855910487473,22.298286207951605,22.478313342668116,22.451612029224634,22.676557627506554,22.801997504197061,23.035577164962888,23.353588775731623,23.35445599630475,23.736850369721651,23.870185574516654,24.279170311056077,24.473092470318079,24.953818532638252,25.299857864156365,25.661824381910264,26.40258798841387,26.600598353892565,27.551006600260735,27.983039418235421,29.081325329840183,29.679440543055534,30.731879770755768,31.842717513442039
0.73204944993990251,22.388530259020627,22.298255451023579,22.478282912634313,22.451581606641412,22.676527738571167,22.801964374259114,23.035545168444514,23.353558625094593,23.354424201883376,23.736819379962981,23.870155715383589,24.279135699383914,24.473056788556278,24.953784484416246,25.299819870851934,25.661784160882235,26.402545765042305,26.600552861578763,27.550958637148142,27.982991041615605,29.081269940361381,29.679380536079407,30.731815733015537,31.842653308063745
0.73204948149668636,22.388499753549695,22.298224912025034,22.478252259083092,22.451553532853723,22.676498389802873,22.801933890208602,23.035517162643373,23.353531578555703,23.354395750910044,23.736789685674012,23.870120746083558,24.279101550579071,24.473023566417396,24.953745880164206,25.299782087095082,25.66174450609833,26.402503777295351,26.600509147159755,27.550908159464598,27.982939666137099,29.081214657053351,29.679323170334101,30.731756448745728,31.842586735263467
0.73204951231996296,22.388471479527652,22.298196665942669,22.478223773650825,22.451524785719812,22.676468566060066,22.801905658096075,23.03548776730895,23.353499833494425,23.354365745559335,23.736759647727013,23.87008957285434,24.279069354757667,24.472989498637617,24.953710646368563,25.299744407646358,25.661702836863697,26.402461913414299,26.600464818067849,27.55086512491107,27.9828917440027,29.08116346411407,29.679267575964332,30.731697019189596,31.842520566657186
0.73204954242678211,22.388445127755404,22.298170051537454,22.47819665260613,22.451496524736285,22.676440147683024,22.801878691650927,23.035460188053548,23.353472397662699,23.354338407516479,23.736728769727051,23.870060459710658,24.27903788536787,24.472955407574773,24.953677576035261,25.299709048122168,25.66166531201452,26.402422475628555,26.600424325093627,27.550819138064981,27.982845207676291,29.081112684682012,29.679215053096414,30.73163814842701,31.842461822554469
0.73204957183379704,22.388416020199656,22.298141122795641,22.478168862871826,22.451468842104077,22.676412827335298,22.801850308664143,23.035433173179626,23.353445776738226,23.354312010109425,23.736701264977455,23.87003100477159,24.279006048105657,24.472923842258751,24.953642701730132,25.299672569148242,25.661630093120039,26.40238403622061,26.600383614189923,27.550777377560735,27.982800293713808,29.081062961369753,29.679162321612239,30.7315803039819,31.842399947345257
0.73204960055727408,22.388389172032475,22.298113220371306,22.478145803324878,22.451441618613899,22.676386038772762,22.801824625581503,23.035405936650932,23.353417431935668,23.354282416403294,23.736672894097865,23.870000621303916,24.278975835070014,24.47289277240634,24.953610605560243,25.299639202654362,25.66159463301301,26.402346275746822,26.600343776866794,27.55073232203722,27.982754176482558,29.081015007570386,29.679109968245029,30.731525376439095,31.842338789254427
0.73204962861310152,22.388362963683903,22.298088707961142,22.478115782141685,22.45141558162868,22.67635936383158,22.801798289641738,23.035380908288062,23.353391186334193,23.354255735874176,23.736645692959428,23.869973882101476,24.278948354534805,24.472862865775824,24.953578646294773,25.299605118110776,25.661561312153935,26.402307541109622,26.600304232910275,27.55068988353014,27.982709174975753,29.080968597903848,29.679061071947217,30.731471203267574,31.842282470315695
0.73204965601679806,22.38833686709404,22.298062459565699,22.478091238997877,22.451391155831516,22.676335378549993,22.80177163798362,23.035354255698621,23.353366144001484,23.354230147786438,23.736619276925921,23.869945600628853,24.278921375982463,24.472832066938281,24.953545554541051,25.299573856405914,25.661525092087686,26.402269953861833,26.600263986736536,27.550650527700782,27.982666669413447,29.080921802669764,29.679013397544622,30.731419296935201,31.842224813997746
0.732049682783522,22.388311884365976,22.298036278225482,22.478065248578787,22.451367442496121,22.676309559494257,22.801748077385128,23.035329348407686,23.353339869529009,23.354205086827278,23.736592229455709,23.869917027652264,24.278891091234982,24.472801848314703,24.953515669330955,25.299540775828063,25.661491143517196,26.402237330563366,26.600227114744484,27.550611739978194,27.982625775039196,29.080875966697931,29.678962299600244,30.731368474662304,31.842168070375919
0.73204970892807919,22.388287487439811,22.29801351390779,22.478040791116655,22.451342076994479,22.676284145563841,22.801723016425967,23.03530528396368,23.353317364118993,23.354182771407068,23.736566497944295,23.86989117693156,24.278862503357232,24.472775499336421,24.953485801815987,25.299508747644722,25.661457194946706,26.402200053445995,26.600191703997552,27.550572343170643,27.982585091143847,29.08083244971931,29.678918367251754,30.731316179037094,31.842114232480526
0.73204973446493116,22.388263925909996,22.297988597303629,22.478016285225749,22.45131650287658,22.676259808242321,22.801698211580515,23.035284232348204,23.353292366489768,23.354157453402877,23.736541494727135,23.869865443557501,24.278836100362241,24.472746195271611,24.953457904979587,25.299479762092233,25.661424024030566,26.402165712788701,26.600155701860785,27.550535164773464,27.982543727383018,29.080789435654879,29.678869957104325,30.731267858296633,31.842062508687377
0.73204975940820338,22.38824134785682,22.297964505851269,22.47799313813448,22.45129500515759,22.676235218532383,22.801675867289305,23.035260632634163,23.353268099948764,23.35413445904851,23.736517423763871,23.869840970262885,24.278810254298151,24.472720264457166,24.953427322208881,25.299448479898274,25.661393576301634,26.402131895534694,26.600120925344527,27.550500273704529,27.982504840940237,29.080745929852128,29.678827736526728,30.731221092864871,31.842010295018554
0.73204978377169327,22.388218371197581,22.297943770885468,22.477971786633134,22.451271750964224,22.676212792284787,22.801652520895004,23.035235580988228,23.353245878592134,23.354109750129282,23.736495370976627,23.869815876707435,24.27878181822598,24.472693474031985,24.953401253558695,25.299420448951423,25.661362265236676,26.402101734653115,26.600087311118841,27.550460249185562,27.982466796413064,29.080707173794508,29.678783928975463,30.731171296909451,31.841958429664373
0.73204980756887716,22.388194347731769,22.297918900847435,22.477948926389217,22.451251480728388,22.676191258244216,22.801629855297506,23.035214775241911,23.35322343185544,23.354088301770389,23.736471017822623,23.869792610406876,24.278759394772351,24.472669146955013,24.9533716076985,25.299390904605389,25.661333698779345,26.402070829644799,26.600053617730737,27.550425367429852,27.982428314164281,29.080665707588196,29.678741972893476,30.731126498430967,31.84190933778882
0.73205180756887722,22.386330707930028,22.296040004119277,22.476082964800298,22.449394047260284,22.674307271838188,22.799764238297939,23.03336114436388,23.351350953802466,23.352207563817501,23.734519485384226,23.867770846933126,24.276652438566089,24.470484607852995,24.951080068014562,25.296995170414448,25.658812536858022,26.399404615163803,26.597265970893204,27.547456571832299,27.979287194088101,29.077295184135437,29.675162002444267,30.727261735126376,31.837759185582399
0.73205183136606111,22.386305874213576,22.296017036773264,22.476059747859836,22.449371729046106,22.674283883534372,22.799742839299142,23.033338134177029,23.351330146193504,23.352182630449533,23.734496803954244,23.867746350355446,24.276630361564457,24.470456974580884,24.951052960939705,25.296968180686235,25.658783568069339,26.399373749271035,26.597232811152935,27.547421472147107,27.979251021519303,29.077255599200726,29.67511978559196,30.727217886596918,31.837709996849298
0.732051855729551,22.386284292675555,22.295995267108083,22.476038021966815,22.449350102804601,22.67426276113838,22.799719710834324,23.033316854387522,23.351306168362498,23.352161058224738,23.73447232786566,23.867722722701728,24.276602256111801,24.470430398359895,24.951023609377444,25.296938357874751,25.658751040697098,26.399341437965631,26.597198504023254,27.547384528443217,27.979212475940585,29.077212976291776,29.675073802471161,30.727170625701547,31.837657896801829
0.73205188067282323,22.386260331608355,22.295970492064953,22.476014491170645,22.449327571317554,22.674238487146795,22.799696552567184,23.033292966894805,23.35128281172365,23.352139741182327,23.734449326060712,23.86769699677825,24.276574852876365,24.470403662882745,24.950995988212526,25.296908054500818,25.658720592036843,26.399308236315846,26.597164578735828,27.547347612679005,27.979172946885228,29.077171651646495,29.675031151622534,30.72712161950767,31.837604904547334
0.7320519062096752,22.386238690465689,22.295946762897074,22.475990992970765,22.44930537417531,22.674213360995054,22.799671849235892,23.033271661028266,23.351259751245379,23.352114491164684,23.734422814100981,23.867675727233291,24.276548502035439,24.470375741831958,24.950965299271047,25.296880637295544,25.658688336610794,26.399273409508169,26.597129278816283,27.547308631241322,27.979134287685156,29.077129604294896,29.674983253702521,30.727071078494191,31.837552405893803
0.73205193235423238,22.386211888864636,22.295922389253974,22.475965157151222,22.449278857558966,22.674191498197615,22.799648453481495,23.033244885504246,23.35123567096889,23.352088893763721,23.734398028813303,23.867645808495581,24.276520675048232,24.470347822643816,24.950937050394714,25.296846534125507,25.658655961044133,26.399241774342954,26.597090061753988,27.547271074727178,27.979090519249439,29.077086396515369,29.674936017021537,30.727021817117929,31.83749970048666
0.73205195912095633,22.386185320094228,22.295897239819169,22.475940808653831,22.449255337938666,22.674164542928338,22.799623316153884,23.033221622928977,23.351209221407771,23.352064248174429,23.734371507540345,23.86761839967221,24.276494190096855,24.470318107865751,24.95090530347079,25.296813930384815,25.658623177558184,26.399204206652939,26.597054647281766,27.547233443707228,27.979050848633051,29.077041713520885,29.674890680238605,30.726970333606005,31.837445922195911
0.73205198652465286,22.386159984394908,22.295871868729591,22.475915742106736,22.449228816665709,22.674138230271637,22.799597923643887,23.033195262774825,23.351183659397066,23.352039400488138,23.734344409778714,23.867591329850256,24.276464281603694,24.470288332551718,24.950874433852732,25.296781213954091,25.658586546778679,26.399166991002858,26.597014976665378,27.54719034768641,27.979005990549922,29.076994637027383,29.674840172752738,30.726919112727046,31.837386757135391
0.7320520145804803,22.386136426590383,22.295846042223275,22.475890633650124,22.449203526601195,22.674112234264612,22.799571734853089,23.033168819732964,23.351157069206238,23.352011507377028,23.734319219365716,23.867560678161681,24.276435302570462,24.470258478075266,24.950842224061489,25.296747026965022,25.65855282638222,26.399130091071129,26.59697659406811,27.547148678451777,27.978961577638984,29.076947208493948,29.674789573997259,30.726865351200104,31.83732976205647
0.73205204330395734,22.386107842437923,22.295818421989679,22.475861899554729,22.449176235124469,22.67408655397594,22.799544531852007,23.03314358368516,23.35113247577101,23.351985503919423,23.734290919266641,23.867532324977219,24.276404137723148,24.470227948389947,24.950809865258634,25.296713947318494,25.658514894545078,26.399091828614473,26.596936473622918,27.547105340287089,27.978919019922614,29.076900778338313,29.674739513546228,30.726809283718467,31.83726710267365
0.73205207271097228,22.386082207784057,22.295791612938046,22.475834733806551,22.449149319902062,22.674058070406318,22.799516935832798,23.033116012811661,23.35110488627106,23.351959583349526,23.734261026605964,23.867502838373184,24.276374410837889,24.470193677581847,24.950776007026434,25.296678997576237,25.658479571342468,26.399052812717855,26.596895044669509,27.54706241749227,27.978870466351509,29.076849851757288,29.674686731770635,30.726752502843738,31.837205626070499
0.73205210281779143,22.386052928864956,22.295761795714498,22.475807832553983,22.449120108038187,22.674029947258532,22.799490517936647,23.033087085932493,23.351075754500926,23.351928471587598,23.734231335110962,23.867473535239697,24.276342809200287,24.470163375139236,24.950739892199636,25.296641835942864,25.658440702594817,26.399012320674956,26.596852246671915,27.547020841389894,27.978824324905872,29.076797073706985,29.674630550667644,30.72669236548245,31.837147388607264
0.73205213364106803,22.386024075560272,22.295732798054814,22.475778051652014,22.449092429131269,22.674000114202499,22.799460557289422,23.033058299683034,23.35104654263705,23.351899175904691,23.734200408682227,23.867441463284194,24.27631049323827,24.470127427950501,24.950705217197537,25.296606695279479,25.658400701358914,26.398972695693374,26.596809376962483,27.546973118558526,27.978774873539805,29.076748631894588,29.674577739089727,30.726633284240961,31.837082231417298
0.73205216519785188,22.385992830619216,22.295703394338489,22.475749680772424,22.449061347171664,22.673971018753946,22.799430279992521,23.033029266633093,23.351016972213984,23.351869057863951,23.734171495772898,23.867408867925406,24.276276551187038,24.470093040727079,24.950671091675758,25.296568782068789,25.658362093381584,26.398930344730616,26.5967659316957,27.546924438327551,27.978724775835872,29.076693693175912,29.674521608278155,30.726572601124644,31.837016366422176
0.73205219750559825,22.385964452289045,22.295673898421228,22.475719072856009,22.449032834731042,22.673940671607852,22.799400264397264,23.032999549992383,23.350985121913254,23.351839506998658,23.73414047062397,23.867378300055861,24.276242783293128,24.470057480037212,24.950632119551301,25.296527566388249,25.65832172613591,26.398885604925454,26.596720736473799,27.546876119449735,27.978675162419677,29.076637642458081,29.674464289098978,30.72650926373899,31.836950903758407
0.73205223058217794,22.385934123769403,22.295642360113561,22.475689145736396,22.449002693407238,22.673909321427345,22.799371958710253,23.032969893887639,23.350956470705569,23.351810644380748,23.734106626361609,23.867344163358212,24.276207691058517,24.470021020621061,24.950596524402499,25.296488156542182,25.658280140720308,26.398841755464673,26.596676204353571,27.546829367056489,27.978624433279037,29.076583152636886,29.674402937293053,30.726445373147726,31.83688085898757
0.73205226444588722,22.385901667177677,22.295610380358994,22.475656237453222,22.448971473611891,22.673878721892834,22.799338290467858,23.032938679680228,23.350923240184784,23.351776000112295,23.734075211919844,23.867309424094856,24.276173868216574,24.469985623843968,24.950557732023299,25.296448179520667,25.658237874507904,26.398796529509127,26.59662723634392,27.546778371557593,27.978569507598877,29.076527798548341,29.674342706799507,30.726381378248334,31.836811538785696
0.73205229911545733,22.38586890604347,22.295578238554299,22.475624597631395,22.44893884472549,22.673844585195184,22.799306377768517,23.032906408421695,23.350890471599996,23.351746315136552,23.734039789065719,23.867275930941105,24.276136192493141,24.469948228448629,24.950516917742789,25.296406894922256,25.658193430863321,26.398749441839755,26.596579447388649,27.546725833788514,27.978513352572918,29.076468197628856,29.674280941486359,30.726315448060632,31.836740395054221
0.73205233461006558,22.385835370048881,22.295544371008873,22.475593251176178,22.448906572535634,22.673812064342201,22.799272311851382,23.03287230245769,23.350856729783118,23.351711052469909,23.73400545027107,23.867238845676184,24.276098292320967,24.469910310581326,24.950474940240383,25.29636530764401,25.658147954382002,26.398703146725893,26.596531176008284,27.546673493459821,27.978460818529129,29.076407501474023,29.674217520281672,30.726245492696762,31.836665909737349
0.7320523709493455,22.385803019627929,22.295510247349739,22.47555595356971,22.448872031643987,22.673777168616652,22.79923936817795,23.032839389517903,23.350823200307786,23.351675732061267,23.733970489352942,23.86720257718116,24.276060965843499,24.469869459979236,24.95043465308845,25.296321196481586,25.658101902343333,26.398655098862946,26.596478876657784,27.546619160100818,27.978402025997639,29.076348342001438,29.67415302619338,30.726175252348185,31.836587840691209
0.73205240815339812,22.385767512954772,22.29547540936619,22.475523108616471,22.448838437907398,22.673742341808975,22.799204493872821,23.032804245129228,23.350789052434266,23.351641688495874,23.73393480759114,23.867164233699441,24.276019801385701,24.469827893190086,24.950393215753138,25.296276150271297,25.658055301755667,26.39860762655735,26.59642817825079,27.546563763171434,27.978343047201633,29.076283428817987,29.674086621031165,30.726103473454714,31.836512757465243
0.7320524462428023,22.385732065886259,22.295439370907843,22.475489486940205,22.448803472332656,22.673707074485719,22.799170391634107,23.032768405973911,23.350754872895777,23.351604980416596,23.733896258287132,23.867126412689686,24.275980985723436,24.469786328263581,24.950350034981966,25.296231074258685,25.658007271587849,26.398555411025882,26.596374453045428,27.54650692269206,27.978284625336528,29.076220655813813,29.674020839855075,30.726030750200152,31.836433194577694
0.73205248523862698,22.385694914497435,22.295403101481497,22.475452285259962,22.448766963556409,22.673669614829123,22.799134258180857,23.03273335006088,23.35071643255651,23.351569721475244,23.733858739957213,23.867086170241237,24.275940743274987,24.469745696522295,24.950302227400243,25.296184943057597,25.657957916148007,26.398503844626248,26.596321908757091,27.546449391171336,27.97822343558073,29.076153747737408,29.673946773633361,30.725954666733742,31.836350720375776
0.73205252516244257,22.385657110251486,22.29536488186568,22.475413753651083,22.448729532770813,22.673632117919624,22.799094505608082,23.032695269212127,23.350678712129593,23.351531651802361,23.733819944784045,23.867046130821109,24.275898298248649,24.469700592570007,24.950257533229887,25.29613658413291,25.657908455468714,26.398449067957699,26.596265924163163,27.546391516923904,27.978163130581379,29.076086239889264,29.673877015709877,30.725879054516554,31.836269894614816
0.73205256603633251,22.385619471780956,22.295327206142247,22.475375403650105,22.448693331331015,22.673593978397548,22.799057619646192,23.032658442854881,23.350642307661474,23.351492449641228,23.733779949136078,23.867006270214915,24.275854491628706,24.469655604101717,24.95021182205528,25.296086554415524,25.657856707461178,26.398395985364914,26.596207523718476,27.546329170465469,27.978095892816782,29.076018380001187,29.673803551122546,30.725797591730952,31.836183922365308
0.73205260788290594,22.385580888018012,22.295287736691535,22.475334912538528,22.448651077225804,22.673554440960288,22.799017713405192,23.032620190642774,23.350602317601442,23.3514533219859,23.733741823583841,23.866962842643261,24.275809622369707,24.469610533677042,24.950162369757891,25.296037495136261,25.657805335707963,26.398339691571891,26.596149270422757,27.546267436817288,27.97803040035069,29.075946643948555,29.673728922381997,30.725717460736632,31.836097644641995
0.73205265072530989,22.385540318675339,22.295247187837958,22.475296417251229,22.448613517917693,22.673515468835831,22.798978126607835,23.032579774037004,23.350562350824475,23.351413945667446,23.733696481212974,23.866919628344476,24.275765127502382,24.469564040191472,24.9501131195575,25.29598696436733,25.657750012353063,26.398283740505576,26.596091620624065,27.546203177422285,27.97796480730176,29.075875019654632,29.673650855198503,30.725636130198836,31.836008628830314
0.73205269458724254,22.385499005205929,22.295207132585347,22.475255906581879,22.448572088032961,22.673471951857209,22.798937233164907,23.032539952546358,23.350520352832973,23.351372213102877,23.73365546669811,23.866875175386667,24.275720939971507,24.469515008851886,24.950064028613269,25.295934197492898,25.657695473171771,26.398225431330502,26.596028657630086,27.546140348538756,27.977895302698016,29.075802685692906,29.673574361950159,30.725550811737776,31.835917921736836
0.73205273949296557,22.385458577424288,22.295164720155299,22.475212376564741,22.448531090281904,22.673429088667035,22.798895017243922,23.03249726165086,23.350479299202561,23.351331360638142,23.733609526418149,23.866829726845026,24.275671551935375,24.469467450864613,24.950011708773673,25.295881722122431,25.65763835888356,26.398165330290794,26.595966723747551,27.546071011573076,27.977824993431568,29.075725313276052,29.673493938520551,30.725465415045619,31.835826613008976
0.73205278546731845,22.385416582226753,22.295120155438781,22.475170097313821,22.448487936519086,22.673386115580797,22.798851957544684,23.032455523498356,23.350436241365969,23.35128678008914,23.733565593138337,23.866784547455609,24.275625224225223,24.469417236745358,24.949958190321922,25.295825238339603,25.657580392435193,26.398104481399059,26.595903078094125,27.546004021540284,27.977753710001707,29.075648074969649,29.673408273607492,30.725374575704336,31.835729725658894
0.73205283253573139,22.385376113466918,22.295077256858349,22.475125998258591,22.448444877751172,22.673342475667596,22.798807675950229,23.032411798834801,23.350392887368798,23.35124216042459,23.733520118519664,23.866737138479948,24.275573624297976,24.469365862198174,24.949907147325575,25.29576784465462,25.65752044133842,26.398040903732181,26.595835731364787,27.545934351161122,27.977680707350373,29.075568310916424,29.673327663913369,30.725282803177834,31.83563083037734
0.73205288072424002,22.385326771996915,22.295030563138425,22.47508174739778,22.448400956578553,22.673298523761332,22.798762326128781,23.032366030849516,23.350348182953894,23.351196123287082,23.733472835272551,23.866687208414078,24.275524788536131,24.469313552603126,24.949850356206298,25.295709911733866,25.657461008056998,26.397975317202508,26.595771296881139,27.545862128958106,27.977603355422616,29.075486982241273,29.673242054879665,30.725190522149205,31.835531363263726
0.73205293005949945,22.385281094349921,22.29498459212482,22.475036401301622,22.448355046100914,22.673250577412546,22.798719194717705,23.032321977429092,23.35030125733465,23.351149681955576,23.73342502489686,23.86663721408695,24.275471751578152,24.469258736819029,24.949794915504754,25.295652196742594,25.657398643903434,26.397910843603313,26.595699715428054,27.545789862051606,27.977524500340223,29.075405495241284,29.673151293769479,30.725096276029944,31.835430420935154
0.73205298056879908,22.385234436020255,22.294937730766833,22.474987944588065,22.448307943530381,22.673204624094069,22.798669553361833,23.032274040393531,23.350253774784505,23.351102998480201,23.733376676216722,23.866586609743536,24.275418791919947,24.469204039312899,24.949735699221492,25.295591927133501,25.657335637137294,26.39784555695951,26.59563057962805,27.545714294537902,27.97744476608932,29.075318871065974,29.673060411587358,30.724996658042073,31.835324481129646
0.73205303228007779,22.385184651240706,22.294889134354889,22.474940786138177,22.448258544318378,22.673153974115849,22.798621858470142,23.032228062860668,23.350205406546593,23.351053974591196,23.733324956148863,23.866535944864154,24.275362963788211,24.469147209078074,24.949675554409623,25.295530123636127,25.657270800322294,26.39777719695121,26.595556972548366,27.545638831332326,27.977365279570222,29.075233370065689,29.672969732433558,30.72489894926548,31.835216753184795
0.73205308522193935,22.385136186145246,22.294840207323432,22.474891740828753,22.448210686445236,22.673106350004673,22.798574080690742,23.032177429646254,23.350155535154045,23.351006125099957,23.733272780664265,23.866481312550604,24.275307717733085,24.46908825263381,24.949615421704948,25.295465782284737,25.657203168608248,26.397704283706844,26.595484002493322,27.545560428872705,27.977280994877219,29.075143173336983,29.672874230891466,30.724797027185559,31.835107794031501
0.73205313942366823,22.385084411129355,22.294788859784603,22.474839707836509,22.448159123770893,22.673054702579975,22.79852232336998,23.032128659076989,23.35010539367795,23.350955979898572,23.733220430091023,23.866425769403577,24.275251204147935,24.469030299223959,24.949553412385285,25.295402139425278,25.657134437933564,26.397631773725152,26.595407540909946,27.545479867607355,27.977197073400021,29.07505083270371,29.672777490690351,30.724692141637206,31.834994753822684
0.73205319491524545,22.385032333433628,22.294736126437783,22.474788457155228,22.448108236305416,22.673000622540712,22.798470590263605,23.03207528218627,23.35005453787744,23.350901663303375,23.73316870816052,23.866371050477028,24.275192963890731,24.468970174901187,24.949490314349532,25.295334606431425,25.657065503299236,26.397557692602277,26.595330026000738,27.545397344976664,27.977110508829355,29.07495703920722,29.672677343711257,30.724584380164742,31.83487862162292
0.73205325172736602,22.384979473426938,22.29468272998929,22.47473490331322,22.448055585846305,22.672949791885912,22.798417559824884,23.032022496685386,23.349999409168959,23.35084908735007,23.733112035319209,23.866311920806766,24.275134637951851,24.468909147195518,24.94942447450012,25.295267347246408,25.656993255950511,26.39748228341341,26.595250210724771,27.545311262831092,27.977020621299744,29.07486292347312,29.672575248405337,30.724475346505642,31.834763372316957
0.73205330989145512,22.384925794787705,22.294628195464611,22.47468039393425,22.448001934215426,22.672892653383315,22.798362395726144,23.031969587318599,23.349945356138051,23.350794021040201,23.733053942210972,23.866254131309688,24.275071607902646,24.468844673596323,24.949357926845551,25.295196835882962,25.656920445151627,26.39740533567965,26.595171674154699,27.545225836336613,27.976928062736988,29.074765104800463,29.672472709789872,30.724362066015601,31.834641950204968
0.73205336943968569,22.384869879111648,22.294571332633495,22.474625236354768,22.447947534732521,22.67283639870584,22.798308056779206,23.031914659775794,23.349889748729765,23.350738329812884,23.732997625134885,23.866193108260632,24.275010087527335,24.468779465183616,24.94929035846144,25.295124338939786,25.656845362856984,26.397324567660689,26.595088311471045,27.545136695727706,27.976834483444691,29.074663165956736,29.672364853322506,30.724249426275492,31.834517769515514
0.73205343040499637,22.38481267541647,22.294515746645629,22.474568718113005,22.447889328934252,22.67278138268739,22.798250946216285,23.03185816667974,23.349832974374294,23.35068048350513,23.732936793006957,23.866133224219084,24.274944942444563,24.468713002279401,24.949220758862793,25.295051908120513,25.656767840497196,26.397244983352721,26.595004665665329,27.545046277344227,27.976740537211299,29.074560208246112,29.672259015962481,30.724128002300858,31.834391754120588
0.73205349282110987,22.38475438952446,22.294456666335464,22.474512880668044,22.447833831422031,22.672722815535963,22.798192851245403,23.031799083575606,23.349774925038218,23.350621977820992,23.732876203022897,23.866069393232465,24.274878909811378,24.468643883243203,24.949149657972157,25.29497651848942,25.656689439900219,26.397161606699228,26.594916699454188,27.544956181198359,27.976641600951552,29.074456740170717,29.672144051641226,30.724008014425635,31.834262469783425
0.73205355672255112,22.384695529937744,22.294397654943168,22.47445201035589,22.447772617451847,22.672660300508142,22.798133696429431,23.031741860322654,23.349715310148895,23.350560893304646,23.732812679372728,23.866005254909396,24.274812481366098,24.468574970029294,24.949074750766158,25.294901442714036,25.656610025092959,26.397077372297645,26.594827543012798,27.544860694557428,27.976540941745043,29.07434961758554,29.672029906883836,30.723887164145708,31.834129154682159
0.73205362214466663,22.384634074755013,22.294335179030895,22.474389974959195,22.447712195105851,22.67259880900383,22.798071613535285,23.031680343672633,23.349654041230679,23.350499638356268,23.732750094495714,23.865937620401382,24.274743055924773,24.46850448846817,24.949001878499985,25.294822964817286,25.656527464278042,26.39699088037014,26.59473442286253,27.544762955978513,27.976439600810409,29.074238192290068,29.671913124620914,30.723758826032281,31.833993915468454
0.73205368912364432,22.384573061950505,22.294273792766035,22.474326773546636,22.44764902535826,22.672536687925458,22.798009919002652,23.031618220731616,23.349590184167027,23.350436991080642,23.732684594579041,23.865870483219624,24.274672378785908,24.468430873937905,24.948922635987401,25.294742639176548,25.656442046165466,26.396901913918555,26.594642170704901,27.544663349166512,27.976333925500512,29.0741261318326,29.671793604269624,30.723630771040916,31.833853071555495
0.73205375769653303,22.384507020935416,22.294210568070412,22.474264096468687,22.447585584595799,22.672472123987973,22.797945905476809,23.031553807668388,23.349526177160442,23.350372615270317,23.732617157511413,23.865801668725908,24.274599524214864,24.468356862664223,24.948846188373864,25.294662048108876,25.656356717459857,26.396809266880155,26.594545471481979,27.544560668990016,27.976225096732378,29.074011918157339,29.671670276671648,30.72349713370204,31.833713352680206
0.73205382790126339,22.384442153386772,22.29414099175483,22.474198023788631,22.447521201334894,22.672405435703695,22.797880612313747,23.031489375047386,23.349461112171412,23.350306442007422,23.732550322078168,23.865731682628393,24.27452713996172,24.468281668610871,24.948764464817941,25.294576223008335,25.656267297454178,26.396714285947382,26.594450012780726,27.544456616044044,27.976117573678493,29.073892189189792,29.671546163037419,30.723361721262336,31.83356523886323
0.73205389977666857,22.384374820627272,22.29407393373549,22.474133922718465,22.447454969398677,22.672338327392936,22.797813881188631,23.031423445791006,23.349393867887557,23.350238614715636,23.732480272650719,23.865658098831773,24.274450933560729,24.468200545758009,24.948681334033608,25.294490122236311,25.656177327036858,26.396619457751513,26.594348924234509,27.544350825250149,27.97600294649601,29.073770271614194,29.671416901051998,30.723222482949495,31.833416098728776
0.73205397336250611,22.384307434782386,22.294004118070006,22.474063262343407,22.447387485764921,22.67226801160723,22.797745668329298,23.031355893239379,23.349324224516749,23.350168856792152,23.732407404109836,23.865583268925548,24.274374008178711,24.468119722791016,24.948598361574113,25.294404800981283,25.656084474176168,26.396523989737034,26.59424623567611,27.544240318238735,27.975886298343539,29.07364733889699,29.671284232288599,30.723080191761255,31.833264080807567
0.73205404869947921,22.384236212819815,22.293934324756265,22.473990620113909,22.447315682657063,22.67219715192914,22.79767360817641,23.031285950914025,23.349255767650902,23.350098790600896,23.73233475163579,23.865506326779723,24.274295400828123,24.468037283979356,24.948510780930519,25.294311783276498,25.655988754704595,26.396421221084893,26.594140715897083,27.544130101799965,27.975769201293588,29.073522830381989,29.671149356290698,30.722935914993286,31.833108153194189
0.73205412582926022,22.38416438549757,22.293861423619092,22.473921873606741,22.447246436960995,22.672124721109867,22.797601692378521,23.031213621608913,23.349183546379209,23.350024872459471,23.732258988544345,23.865429352968931,24.27421338390559,24.46795483212918,24.948423366993666,25.294221012853086,25.655893158167601,26.396319374442101,26.594032947905362,27.54401302151382,27.975648595020175,29.073391931131482,29.671011136844754,30.72278817743063,31.832948232069612
0.73205420479451278,22.384090488776565,22.293788481503725,22.473846518434584,22.447173479944468,22.672050506807864,22.797528122551739,23.031140328384936,23.349107082001865,23.349951105192304,23.73218170274049,23.865349985659122,24.274131101556122,24.467869170941412,24.948333726264536,25.294124758802354,25.655793348327279,26.396214231848717,26.593922518193722,27.543897602707148,27.975524768233299,29.073256945237517,29.670872187241912,30.722635202109814,31.832783212885261
0.73205428563891595,22.384015638381243,22.293710408732295,22.473770704120398,22.44709744118154,22.671975553035736,22.797452960163355,23.031066590920091,23.349032365716994,23.349876323714852,23.732102208770812,23.86526757106185,24.274045870639384,24.467779819853604,24.948241019621491,25.294028743170202,25.655692490749061,26.39610549621284,26.593810643069446,27.543777648359537,27.975396605208516,29.073122004047036,29.670725217089057,30.722478801384568,31.832617385312915
0.73205436840718829,22.383936318568885,22.293634763918817,22.473694028332829,22.447021765634418,22.671899616718292,22.797376451082528,23.030989381484687,23.348956506699324,23.349797531962395,23.732022439129651,23.865183631889522,24.273957557044923,24.467688843607903,24.948147509247065,25.293929040431976,25.655586604960263,26.395995572209358,26.593695615418255,27.54365374520421,27.975266400724649,29.072980841621757,29.670578440651298,30.722318006679416,31.832443200051785
0.73205445314511242,22.383858678862453,22.293554594740272,22.47361424099654,22.446942066773772,22.671816761605442,22.79729618690908,23.030910058878362,23.348874573595822,23.349718428216875,23.731939679943025,23.865099718794227,24.273868110962212,24.467597010545433,24.948047059588134,25.293827614746988,25.655479228124022,26.395882978104055,26.593578770756721,27.543527347967029,27.97513460740447,29.072837864980102,29.670426443219185,30.72215423732996,31.83226759172976
0.7320545398995606,22.383777428418398,22.293473947793245,22.473534067161381,22.44686094019562,22.671734895557165,22.797216062434018,23.030829789116979,23.348795427940786,23.349636515602469,23.73185452632606,23.865011427551508,24.273777125403285,24.467502934858203,24.947950944304466,25.293723793700337,25.655371117405593,26.395767920650542,26.593453759327531,27.543400147929788,27.974997464567423,29.072695078328252,29.670273659750819,30.721986515447497,31.832089090719819
0.73205462871852023,22.383693980053067,22.293389760889113,22.473452431149781,22.446778296492994,22.671651311218739,22.797132960520685,23.030748301185668,23.348711021244526,23.349552244879305,23.731769418343902,23.864922818727791,24.273684572428465,24.46740547567606,24.947847162373364,25.29361944552511,25.655259716324508,26.395648857578635,26.593334126286209,27.543267283588648,27.974860759451985,29.072542419657111,29.67011178471148,30.721816070377827,31.831905415281653
0.73205471965112101,22.383612821809947,22.293304264545441,22.473367291502655,22.446695379912853,22.671567987650633,22.797048343345523,23.030664639547467,23.348625591024756,23.349468309432268,23.731680461205542,23.864830625243485,24.273587578907609,24.467306788079441,24.947743794880807,25.293508727103472,25.655144463293254,26.395527904853225,26.593205942772329,27.543134268373251,27.974714001640677,29.07239137776196,29.669948883354664,30.721641894429922,31.831715581938624
0.7320548127476616,22.383523646742105,22.293215747922659,22.473280383273959,22.446607837453485,22.671480054035783,22.796962869353592,23.030579211190343,23.348539772443473,23.349379586987197,23.731589234434068,23.86473510414362,24.273489456623793,24.467204887419939,24.947636591270566,25.293398187495768,25.655027818866074,26.395404356531799,26.593075185082853,27.542994892224669,27.974568976089358,29.072233621031046,29.669783974066377,30.721460845321417,31.831522217020392
0.73205490805963769,22.383433477021754,22.29312616866082,22.473190363496542,22.44651922956109,22.67138859257102,22.796871734783053,23.030489397235215,23.348449226468801,23.349290054291487,23.731496611610055,23.864640881307423,24.27339012734592,24.467100051231682,24.947527010925114,25.293283120729029,25.654907551594079,26.39527674857527,26.592942154966295,27.542854832485318,27.974419318139553,29.072073550894856,29.669611673802137,30.721279561519623,31.831326572224498
0.73205500563977033,22.383344695903361,22.293036297895014,22.473099106922746,22.446431351825595,22.671298493631184,22.796781061217189,23.030399991199374,23.348359004594386,23.34919845033437,23.731400982476771,23.864540024660528,24.273288231343031,24.466993989422917,24.947414910420775,25.293165835551918,25.654783267527819,26.39514734223485,26.592808331362903,27.542711265385151,27.974266178905964,29.071908580139279,29.669438570737839,30.721089210361242,31.831122590228915
0.73205510554203546,22.383249251171947,22.292941210791469,22.473006447777152,22.446338196285069,22.671203041449189,22.79668893199414,23.030306012369692,23.348265346139669,23.349104550667107,23.731305941008031,23.864439958706498,24.27318134624511,24.466885734349489,24.947300390340388,25.293048280291259,25.654657818377018,26.395014847628772,26.592668802477419,27.542558714747429,27.97410879842937,29.071741338819265,29.669259659945965,30.720897398889065,31.830914244055748
0.73205520782169309,22.38315478246659,22.292845165356994,22.472911922261119,22.446243504062295,22.671107948757708,22.796594297513366,23.030211108736694,23.348170547746122,23.349009457975626,23.731204801239073,23.864337159320712,24.273074069060385,24.466773369349539,24.94718517549336,25.292924433946609,25.654529208317399,26.394879776984453,26.592525710351765,27.542409911751747,27.973948046565056,29.071568336337805,29.669077876955271,30.720698891207576,31.830703899264336
0.73205531253531853,22.38305542152375,22.292746549472213,22.47281326726079,22.446145463734865,22.67100815102458,22.796495295129716,23.030113921500742,23.348071284592152,23.348909988068044,23.731102150864899,23.864231296814978,24.27296317089349,24.466658918187022,24.947063707746565,25.292799819260836,25.654397890903056,26.39473990816623,26.592379462905228,27.54225480556488,27.973783606663346,29.071392653509974,29.668889751657844,30.720496241003275,31.83048683591187
0.73205541974083344,22.382956023328006,22.292646885849535,22.472714534029365,22.446045101620257,22.670906543731689,22.796395211480558,23.030014278367162,23.347970988601446,23.348808014765382,23.730998422950506,23.864123038947582,24.272852985188365,24.466543768532574,24.946940906345844,25.292671399191022,25.654265174642205,26.394595664925873,26.592229826375842,27.542096542194486,27.973617196083069,29.071211308240891,29.668698182329535,30.720290061086416,31.830266837030649
0.73205552949753772,22.382854917086661,22.292543273419142,22.472610915079713,22.445943743921816,22.670804130844772,22.796293452382088,23.029914040118456,23.34786931425333,23.348705274052918,23.730891815386713,23.864013142883778,24.272737673483789,24.466423657722771,24.946816565468907,25.292540743947029,25.654122604988515,26.394450936466455,26.592077299021184,27.541931010782719,27.973445683717728,29.071026949211955,29.668501349166036,30.720079159364104,31.830036770552397
0.73205564186614236,22.382750568911433,22.292438578791916,22.472506389953196,22.445840173400939,22.670698988251388,22.79618963599205,23.029809467494488,23.347763452678919,23.348599633201957,23.730781201273203,23.863899270072579,24.272618058137596,24.466301409527659,24.946686351671815,25.292405301705003,25.653983111493289,26.394301640801132,26.591920245438814,27.5417650192976,27.973266312852502,29.070837842300534,29.668300174176693,30.719859331846237,31.829803293570876
0.73205575690880342,22.382641244679689,22.292330844327807,22.472398452460766,22.445733347907662,22.670589967630804,22.796081883832812,23.029703480191529,23.34765575453639,23.348491383716464,23.730667938478291,23.863783588632941,24.272497375495732,24.466174802742898,24.946554599329829,25.292268595658243,25.653837889432907,26.394147703424096,26.591760475188494,27.541594821959734,27.973086765035987,29.070642497390509,29.668094741180539,30.719639010727406,31.829563276842237
0.73205587468915578,22.382530469447374,22.292218552902341,22.472289815545082,22.445623502135277,22.670480004511774,22.795971365645528,23.029595341533422,23.347545376978815,23.348380866460502,23.730555132962763,23.863662504591048,24.272372437641025,24.466046000830829,24.94641921389848,25.292128295637667,25.653689795173705,26.393991474062204,26.59159641712904,27.541419954970479,27.972902797162533,29.070443730801344,29.667882999405265,30.719411835074425,31.829319957643747
0.73205599527234899,22.382423234172165,22.292105982080102,22.472177805379033,22.445512404665351,22.670366941951215,22.795858908444643,23.029481773264706,23.347433228045702,23.348270575515926,23.730436472222209,23.863540629856288,24.272246054373682,24.465915986336768,24.94628141913563,25.291982654482126,25.653537184000015,26.393829346634448,26.591430311091244,27.541240407153964,27.972713341936469,29.070241468027234,29.667668748646975,30.719178911298513,31.829069821164012
0.73205611872508247,22.382306209765375,22.291989623568952,22.472062256187201,22.445397336967289,22.670250490307808,22.795744793489575,23.029367795214057,23.347316114231944,23.348153498955071,23.730316513217986,23.863416573964059,24.272115477360785,24.465781101025641,24.946141886524856,25.291833844967186,25.653381898067892,26.393667322583497,26.591257969848812,27.541057953611016,27.972519660368562,29.070036636665463,29.667447935789824,30.7189404014498,31.828815072774887
0.73205624511564349,22.382186989299953,22.291872087866068,22.471943872049451,22.445280904881656,22.670130797661841,22.79562580306083,23.029251250438392,23.347198541276157,23.348034116439521,23.730192582122982,23.863289942964911,24.271983545273542,24.465641056187451,24.945996154099703,25.291683581657708,25.653222442604601,26.393497010692954,26.591079754754901,27.540870470926166,27.97232129983604,29.069821922108531,29.667224178090692,30.718697670847178,31.828551977872849
0.73205637451394379,22.382064770907164,22.291748617775738,22.471823285333812,22.445161188021302,22.670008348301053,22.795508736744523,23.029130711220205,23.34707759693265,23.347912803292274,23.730067192576826,23.863160175271332,24.271846489049494,24.465500154532492,24.945846896618605,25.291528665460646,25.653060087002814,26.393326102755964,26.590898280031979,27.540678061544895,27.972119089215994,29.069605384021997,29.666991136968136,30.718447897583246,31.828282304108143
0.73205650699155933,22.381942758336663,22.291625169105828,22.471699628047645,22.445038747042418,22.669883736409247,22.795382629148662,23.02900969889015,23.346953833475709,23.347787690348923,23.729936980642378,23.86302493698895,24.271707049570978,24.465355841442943,24.945695334114134,25.291369944810867,25.652893832884729,26.393149401061237,26.590715241618454,27.540480500087142,27.971909962594509,29.069380616769195,29.666752804070711,30.718190861865878,31.828007539734244
0.73205664262176906,22.381814554333687,22.291497009806335,22.471574583090842,22.444913486018777,22.669757082127035,22.795257064513862,23.028882489539683,23.346828378736973,23.347661411389709,23.729805883020163,23.862890068441629,24.271564664319158,24.465208692476153,24.945539935491979,25.291207694448531,25.652723697945476,26.39296933170408,26.590525679290295,27.540279923006892,27.971696075052023,29.069152221083641,29.666511733084917,30.717929096892476,31.827727686613798
0.73205678147959574,22.381685445085168,22.29136732686311,22.471443112008274,22.444783029146492,22.669625925831497,22.795127367600799,23.028753602877259,23.346696931868792,23.347529741004109,23.72967005521059,23.862747644074261,24.271419445052743,24.465057902038097,24.945380804128945,25.291040660813451,25.652546931989491,26.392784902825952,26.590331613086164,27.540074735879898,27.971479494124651,29.068917091935873,29.666262049227953,30.717662630602717,31.827438212931156
0.73205692364184771,22.381552368402481,22.291233951225877,22.471311514265835,22.444651786237955,22.669491744600236,22.794993745163083,23.02862251829356,23.346564789302647,23.347394094802439,23.729532337747514,23.86260649561882,24.27126900292933,24.464903322048485,24.94521904271096,25.290870862081647,25.652369177900255,26.392596362158656,26.590135882608593,27.539863232523203,27.97125843167305,29.068680113181472,29.666008776053786,30.717386269941926,31.827145136892796
0.73205706918716096,22.381421945057809,22.29109713062644,22.471175651997328,22.444516602903605,22.669355898164213,22.794857405126095,23.028488954529166,23.346428038552403,23.347258299589157,23.729389529675245,23.862457280047238,24.271116920746863,24.464743481017649,24.945050933398306,25.290697776712477,25.652185749262571,26.39240166079253,26.58993445429951,27.53964695520699,27.971028465777636,29.068434819579124,29.665747800841928,30.717105951160192,31.826841864734888
0.73205721819604275,22.381278820335865,22.290958033874631,22.471037202514708,22.444378239102662,22.669215711764991,22.79471867904067,23.028348914347589,23.34628805052489,23.347117857076228,23.729244901798666,23.862308949232101,24.270959231071174,24.464581525884569,24.9448819514364,25.290518696419895,25.65199884865433,26.392203048802912,26.58972551766783,27.539425376802683,27.970794465392828,29.06818376109004,29.665481325238943,30.716817574575543,31.82653327472508
0.73205737075091637,22.381135926581919,22.29081463906914,22.470894458703697,22.444239098578691,22.669074075296521,22.794579464942217,23.028209970332682,23.34614643920213,23.34697587043047,23.729096959345043,23.862154020927846,24.270798509009182,24.464415383525193,24.9447071691975,25.290337085723877,25.651806134730577,26.391996628604829,26.589510979130864,27.539200212806463,27.970555022358894,29.067926729097962,29.665210111066699,30.716525707393885,31.826216667890549
0.73205752693616633,22.380990092642605,22.290666966699064,22.470748355612159,22.444091733545065,22.668924786150455,22.794431516900659,23.028066117316484,23.345999076962471,23.346829945221543,23.72894470859319,23.861996045336127,24.270635607652366,24.464244120754302,24.944526795297861,25.290150930173695,25.651610855013132,26.391791826114058,26.589293625205755,27.538967169821262,27.970309618860483,29.067663870751858,29.664930790662766,30.716227015480399,31.825892455875874
0.7320576868381854,22.38084159232676,22.290519108995795,22.470600948669016,22.443944618105888,22.668774543330073,22.794282093644142,23.027917458675802,23.345850246958435,23.34667832031846,23.728787862695754,23.861834529787302,24.270466705784202,24.464070294052362,24.944345268420875,25.289959175512195,25.651408889330924,26.391579838469625,26.58907057531178,27.538731422275305,27.97005894780159,29.067395057529211,29.664643332362175,30.715912224724889,31.82556021027267
0.73205785054542227,22.380689680576324,22.290364529006183,22.470447247847915,22.443793271668255,22.668621038086712,22.794130278751254,23.027764759026468,23.345697430893779,23.346524273045361,23.728630279190838,23.861668568104506,24.270294949412346,24.463892472907901,24.944156068377197,25.289762794040143,25.651202008128166,26.391361310146749,26.58884353004396,27.538488963618875,27.969802893698215,29.067117596045136,29.664352567866445,30.715598292648792,31.825221659615636
0.7320580181484303,22.380533020012081,22.290207369253039,22.470291660167277,22.443637388758361,22.668461637571454,22.793973179534078,23.027611589990556,23.34554183576256,23.346365210600197,23.728465607389808,23.861500128172338,24.270118325948715,24.463709058240056,24.943965004757047,25.289562077261508,25.650991527363658,26.391138906590641,26.588610742241144,27.538238016888499,27.969539849087596,29.066835220903158,29.664051821455359,30.715274192392826,31.824875492602587
0.73205818973991799,22.380372138693929,22.290045145899057,22.470132371410728,22.443478831090033,22.668301470577717,22.793814403936267,23.027451877482235,23.345381557941437,23.346206376329064,23.728298356756568,23.861326259560883,24.269938327372074,24.463521027006209,24.943768532015383,25.289356341585517,25.650775083340704,26.39091113768518,26.588371367193758,27.537984495982528,27.969271119683981,29.066546576097608,29.663744239136577,30.714944683015347,31.824519058689475
0.73205836541479985,22.380207269452512,22.289881091564894,22.46996873896569,22.443320254795253,22.668136464431882,22.793650273233652,23.027287119068205,23.345215955749154,23.34604035038501,23.728127041831613,23.861149844713509,24.269752758555114,24.463329899124801,24.943567833863199,25.289147173054516,25.650554322637618,26.390675871632993,26.58812659047544,27.53772678039968,27.968992993235588,29.066252389922738,29.663431609049439,30.714604573324323,31.824152356013656
0.73205854527024916,22.380041320808232,22.289712581783533,22.469800124876201,22.443148172460496,22.667966654524207,22.793482566252351,23.027123657055199,23.34504802338779,23.345871292054653,23.727951656095684,23.86096990481019,24.269566205330193,24.463135208934546,24.943362324498594,25.288930343464017,25.650327913463116,26.390436813235283,26.587876429781318,27.537458205595613,27.968712685629725,29.065950134769082,29.663107825443149,30.714260660111904,31.823781937360764
0.73205872940575167,22.37986933812499,22.28953839931637,22.469628834165633,22.442979249171913,22.667793522588909,22.793310233391821,23.026952528394759,23.344875914976001,23.345697744749486,23.72777278535068,23.860781440511346,24.269370069727302,24.462932586669922,24.943150462582707,25.288710123859346,25.650095934979618,26.390191765502095,26.58761979918927,27.537184497341514,27.968423144891858,29.065637435764074,29.662780527025461,30.713902274146676,31.82339851744473
0.73205891792316058,22.379695315845311,22.289361813105643,22.469454498030245,22.442805340513587,22.667616514489055,22.793136274442077,23.02677810844034,23.344699974171817,23.345519885420799,23.72758851479739,23.86059270426631,24.269172972068191,24.462727185338736,24.942934815771878,25.288485400378704,25.649859687313437,26.389940951950848,26.587358811870217,27.536903936415911,27.968128299340606,29.065320691093802,29.662442220374942,30.713539864867926,31.823006277903914
0.73205911092675291,22.379511290229857,22.289181716740131,22.46927313786,22.442624702118337,22.667435111477971,22.792957336641848,23.026600519195199,23.344518598169088,23.345338439568877,23.727399462834001,23.860396362841129,24.268971133045852,24.462516970001161,24.94271398242563,25.288254078477621,25.649615544825792,26.389685658738017,26.587087279185653,27.536619231104851,27.967824451625347,29.064996376633644,29.662096360698342,30.713167414069176,31.822609785944223
0.73205930852328738,22.379327974282205,22.288995372131467,22.469090135768056,22.442442982457578,22.667249793186784,22.79277088586241,23.026415544562042,23.344333085231483,23.345153558067977,23.727209774777293,23.860198700800538,24.268761596642435,24.462302328087389,24.942487889900804,25.288017788901925,25.649366268888116,26.389422535896301,26.58681274484843,27.536324542015791,27.967515019699931,29.064663777127862,29.66174335218966,30.712786084040999,31.822198908776045
0.73205951082206278,22.37913924548775,22.288804377429187,22.46890005748719,22.442254037596285,22.667058394290507,22.79258266557008,23.026227403432131,23.344145918264985,23.344963226467371,23.7270114608109,23.85999443475157,24.268549656495452,24.462080514989793,24.942257735878229,25.287776893004775,25.649112083017826,26.389153425581753,26.586531272158027,27.536024987697601,27.967200122773647,29.064323354512453,29.661384178325534,30.712396802380681,31.82178134098649
0.73205971793497937,22.378945666365325,22.288611670956016,22.468706703744829,22.442061996087432,22.666864302940667,22.792389152571559,23.026036058552563,23.343950994312763,23.344770354218781,23.726809302344918,23.859784569591284,24.268331378698349,24.461854870431125,24.942019480280578,25.287530567497015,25.648852191865444,26.388877552933991,26.58624270092696,27.535719005391002,27.966872565448284,29.063974985852838,29.661011399701238,30.711995834484696,31.821350296959281
0.73205992997660008,22.378747857175767,22.288411528803408,22.468510537408292,22.441865785978734,22.66666513774544,22.792192011140287,23.025840939022601,23.343752114102244,23.344569182023406,23.726602213457227,23.85957036819309,24.268107861280441,24.461625091731548,24.941775668412447,25.287275741808116,25.648584479466081,26.388595702126622,26.585947642102838,27.535404311493039,27.966543294489384,29.063618501648307,29.660633187741041,30.711589885875583,31.820911163464189
0.73206014706421429,22.378546760417521,22.288209191523492,22.468307121656835,22.441664475016296,22.666461761109531,22.791989684104919,23.025639666244388,23.343549315817654,23.344365389086306,23.726390725001693,23.859352572821081,24.267880061641335,24.461388138122857,24.941526367329061,25.28701595030725,25.648311833851039,26.388306696899235,26.585644162259996,27.535081496462226,27.966198587790132,29.063252050429583,29.660246826708317,30.711169257760048,31.820460468530655
0.73206036931790242,22.378337951377034,22.288000081665814,22.468099513091147,22.441459263674915,22.666253738105297,22.7917838729918,23.025433438830078,23.343343180604279,23.344156360253692,23.726175836287439,23.859127550385892,24.267645299434662,24.461145294830203,24.941272852011025,25.286749335005879,25.648031207732856,26.388012137264013,26.585335619747639,27.534754602238536,27.965857105329633,29.062878368422389,29.659847423434258,30.710739044472575,31.819999966770411
0.73206059686060232,22.378126947209239,22.287787236273289,22.467888098210096,22.441246905364096,22.666039718315005,22.791570850647986,23.025223427452147,23.343129708431661,23.343941937200725,23.725954966619611,23.858897435478866,24.267407669685781,24.460896443575621,24.94101279322058,25.286478553898633,25.647745260037482,26.387709408998489,26.585018927231431,27.534414062276483,27.965493138879538,29.06249556876719,29.659441946074367,30.710300114005804,31.819527305662632
0.73206082981817777,22.377911229617894,22.287567612715065,22.467671637423337,22.441033174283803,22.665820294991136,22.791354161687195,23.025008081458509,23.342911852523685,23.343725299462676,23.725728844292462,23.858662511222064,24.267161043360829,24.460642654448748,24.940745909698308,25.28619915060699,25.647452821955085,26.387400843203068,26.584694276563823,27.534068083390594,27.965127998962998,29.062103761360049,29.65902541205287,30.709850382059813,31.819045633077621
0.73206106831948747,22.377686893567443,22.287344221957028,22.467449986375868,22.440812448970973,22.665594927035272,22.791131081990898,23.024787037633359,23.342689168639481,23.343499503098428,23.725493513047695,23.858421785756946,24.266911340877414,24.460384497419,24.940472279675305,25.285911642946303,25.64715338498354,26.387082254514098,26.584362927824259,27.533715110272169,27.96475750207901,29.061704941093922,29.658598685637116,30.709391785785556,31.818552674725652
0.73206131249645678,22.377460070885718,22.287115738727152,22.467221405357122,22.440585364587605,22.66536602191627,22.790903320536017,23.024562011472881,23.342460935004056,23.343271614052355,23.725256520323455,23.858174994587898,24.266654865816236,24.460117360576987,24.940193567425013,25.2856216840446,25.646846302784979,26.386756003834307,26.584021885879338,27.533354230225086,27.964373679831624,29.061292266473174,29.65816193819046,30.708920747041702,31.818044260144234
0.73206156248415022,22.377227585762739,22.28688090480864,22.466989207081497,22.440356612205505,22.665128959342837,22.790671154856682,23.024329682812095,23.342227162793279,23.343036280944943,23.725012512877584,23.857925870455801,24.266392022371292,24.459844860248268,24.939908783882856,25.285321975126863,25.646530682221055,26.386424668133259,26.583672537468374,27.532982913777232,27.963982194662094,29.060870630666614,29.657718265429139,30.708438435569406,31.817528044804931
0.73206181842084683,22.376987454481423,22.286640135571361,22.466750871390104,22.440116388723254,22.664890000596642,22.79043398424983,23.024093156680465,23.341989724896848,23.342795436270535,23.724763605743647,23.857667862437665,24.266122953034937,24.45956664532423,24.939613495022058,25.285016195848584,25.646207940764725,26.386084211990237,26.583317346870899,27.533296968787909,27.963578240945935,29.060442062094808,29.657258925959468,30.707944678142667,31.816996393725276
0.73206208044811605,22.376746023073792,22.286393691785634,22.466505759395659,22.439874661155045,22.664643315598369,22.790188615210354,23.023851858451962,23.341743841767311,23.342549157328904,23.724508409388363,23.857402363792062,24.265848240815103,24.459279732778668,24.939315611496568,25.284704331308603,25.645879423245788,26.385735931806266,26.582952627912164,27.532908411696553,27.96316759288311,29.060000928118825,29.656789405271411,30.707440344616771,31.816453976556659
0.73206234871089637,22.376493855379522,22.286141064018011,22.466256220825016,22.439627073705196,22.66439127177,22.78993890248239,23.023602295666933,23.341492073610425,23.342297122813761,23.724248026497662,23.857130066491663,24.265567875467241,24.458987871184945,24.939010250382125,25.284383214078844,25.645541777834296,26.385380662046373,26.582579103298485,27.532511999830604,27.962746998295188,29.059548130258918,29.656314475461841,30.706923501566052,31.815895548090339
0.73206262335757544,22.376241224817932,22.285884152166545,22.466001479886472,22.439371450804174,22.664132597856224,22.789682399481535,23.023348872549832,23.341237441636622,23.342038950882852,23.723980217240751,23.856854137964547,24.265277421101928,24.458688428625464,24.938693699426949,25.284054735675454,25.645195993594825,26.385014042258263,26.582197545096278,27.532106749713421,27.962316269055009,29.059085264801979,29.655818609520793,30.70639169588685,31.815327793359756
0.73206290454007206,22.375976023264229,22.285621216520667,22.465739298611879,22.439111955463886,22.663868169300258,22.789420909248292,23.023089797236025,23.340972884558141,23.341774898581207,23.723708137869835,23.856571259908378,24.264981085434556,24.458382745273411,24.938372728414834,25.283717560581863,25.644843767397106,26.384640276432037,26.581805323250592,27.531688349321485,27.961875861510634,29.058613657951355,29.655319107696414,30.705850144848228,31.814745871350169
0.73206319241392026,22.375707885250449,22.285350396297872,22.465471157804132,22.438844682648778,22.663597989827394,22.78915486857295,23.022825292311609,23.340704432688653,23.341506542637944,23.723426844924688,23.856280249543488,24.264678575098515,24.458069005981088,24.938042951747775,25.28337471652776,25.644480895251036,26.384258207865059,26.581405441276729,27.531261958181858,27.961424829438329,29.058128392323852,29.654802633449435,30.705297233536839,31.814148822799325
0.73206348713835534,22.375434272922575,22.285076064057648,22.465195775963366,22.438572477549314,22.663321420550346,22.788880126550794,23.022551687434316,23.340427962131798,23.341229398734868,23.723138651810586,23.855982313863933,24.264370513148606,24.45774856582284,24.937705975025892,25.283021732233465,25.644111280329525,26.383865094743669,26.580994881689548,27.530823923647404,27.960961777716875,29.057633928954601,29.654277676716447,30.70472652092576,31.813536930829287
0.732063788876402,22.375153872184455,22.284792140126228,22.464914401993155,22.438292766921222,22.66303890850395,22.788599149324,23.022271974012256,23.340147284790874,23.340945292264223,23.722844685427845,23.855678705498576,24.264052424579859,24.457418616861105,24.937360059469938,25.282661134377122,25.643730349838734,26.383465697057545,26.580574708990753,27.53038015961647,27.960490306839347,29.057126130908728,29.653736555948853,30.704146645963192,31.812913684174418
0.7320640977949644,22.374863137491047,22.284501221962273,22.464627479203045,22.438007316552103,22.662747444584966,22.788310795091093,23.021984877996147,23.339859615080059,23.340655471198261,23.722544103860855,23.855367777869105,24.263729461468756,24.457081583328545,24.937006904743612,25.282290247268975,25.643340969458222,26.383055591955781,26.580144924111664,27.529920203611255,27.960004268214107,29.056605817750096,29.653186365962029,30.703550649806857,31.812274225056171
0.73206441406491873,22.374569475650787,22.284204455092549,22.464335524477065,22.437715163454413,22.662449149414897,22.788015910424292,23.021693176589906,23.339562460780144,23.340359340421855,23.722237313166261,23.855047018267214,24.263395570218563,24.456737819127738,24.936646049842238,25.281913784332573,25.642945382744074,26.38263285253197,26.579706329852343,27.529452072456479,27.959509434178472,29.056074138730764,29.652622323483229,30.70294252410531,31.81161773391068
0.73206473786120718,22.374268597923219,22.283901849761605,22.464031559415162,22.437417755834758,22.662146152928472,22.787714976817369,23.021393688395619,23.339260028675199,23.340053466148674,23.721921879798174,23.854721507057548,24.263054065406322,24.456387060694396,24.936274578794837,25.281526014208794,25.642538121901453,26.382203724235296,26.579254124313593,27.528972677886486,27.959003480151296,29.055529650300741,29.652041789144278,30.702317453920841,31.810945827513933
0.73206506936293558,22.37395853176713,22.283590687438846,22.463723141700029,22.437107479199767,22.661833613179624,22.787406051531434,23.021085591986775,23.338949715718627,23.339742321521044,23.721599203534424,23.854388065636158,24.262706792913377,24.456024522893131,24.935894364491105,25.281131817027926,25.642119897529483,26.381761545315385,26.578793093562126,27.5284823179245,27.958481190726161,29.054972289130092,29.651451155543327,30.701678289100528,31.810260336846113
0.73206540875347159,22.373641869053245,22.283272403292358,22.463406451046467,22.436795214191079,22.661515696905553,22.78708915412426,23.020773226395249,23.338633438572288,23.339423825964332,23.72126773558557,23.854046043008566,24.262350736185908,24.455653542652726,24.935507772490382,25.280725209973752,25.641695698723197,26.381312197074294,26.578321519307792,27.527978597208858,27.957950659096241,29.054398998618126,29.650844663381577,30.701023081317544,31.809557335451245
0.73206575622054648,22.373318236321211,22.282947029918432,22.463084366172552,22.436471880413592,22.66118872910738,22.786766120232642,23.020450542680919,23.33830912783742,23.33909806329757,23.720930734649301,23.853695610538125,24.261984770186245,24.455276555381715,24.935109581798315,25.280310466885567,25.64125569909811,26.380850697867572,26.577836047858,27.527464216575027,27.957407854497433,29.053816631436348,29.65022174268961,30.700353752821684,31.808835687115788
0.7320661119563594,22.372987101785839,22.282612572424114,22.462752968072891,22.436142900027335,22.660854551941156,22.786435585469007,23.020123110152781,23.33797818608582,23.338763787411153,23.720585986971855,23.853337709791958,24.261611873283982,24.454888549633324,24.934702001512051,25.279885575175285,25.640809287317097,26.380378560163081,26.577342420816422,27.526936141774058,27.956847356632352,29.05321879312396,29.649586891755462,30.699668683111668,31.808100195601583
0.73206647615768283,22.372648852877319,22.28227071557194,22.462412452325225,22.435805923305452,22.660512696951628,22.786096006631851,23.019787592813373,23.337636576965451,23.338422876782715,23.720230188220739,23.852972979657352,24.261228485964239,24.4544911198318,24.934288847260177,25.279450294561684,25.640352075919509,26.379892260767519,26.57683667447418,27.526396842673421,27.956276265904307,29.052605198696256,29.648938192054629,30.698967285454273,31.807345453649759
0.73206684902597208,22.3723000343889,22.281921596266329,22.462066198699176,22.435459701344371,22.660162049345672,22.785750081762671,23.019442466087639,23.337288335897028,23.338072877377272,23.719868293963373,23.852594738826156,24.26083816960454,24.454084717668593,24.933861963450909,25.279003916308284,25.639882486313581,26.379397683776915,26.576315760612488,27.525846000760794,27.95569272339344,29.051979368552566,29.64827130548656,30.698247915133834,31.806572260335088
0.7320672307674766,22.371943564154208,22.281563142314553,22.461710150353611,22.435106199234724,22.659804668277502,22.785393625497818,23.019088410772383,23.336934495717287,23.337713547050953,23.719495586119592,23.852210810407996,24.260435285046697,24.453669719398022,24.933424812741578,25.278547600843012,25.639403588138521,26.378891136497259,26.575785346329212,27.52528272755444,27.95509416051209,29.051337730139494,29.647591136395931,30.697513461112976,31.805784022435546
0.73206762159335392,22.371579587459564,22.28119588829577,22.46134793292731,22.434745085425675,22.659438080154359,22.785033874213696,23.018728415481746,23.336568271741271,23.337347181513906,23.719116592779756,23.85181625187397,24.260024746879935,24.453243868425488,24.932976277545094,25.278081206604838,25.638912030495703,26.378372096456587,26.575241811573505,27.524702360853553,27.954482574015856,29.050680533051491,29.646891580894589,30.696759477257729,31.80497376434505
0.73206802171978647,22.371207832358778,22.280821329914033,22.460975593887269,22.434374583885074,22.659061886370182,22.784658035263419,23.018356992863119,23.336192367598414,23.336972017772496,23.718725549988449,23.851411047391593,24.259607748128474,24.452809628099203,24.932520852424204,25.277604131028056,25.638407103717327,26.377839282155037,26.574686144478619,27.524110168218613,27.953855231404305,29.050006674602628,29.646178210154176,30.695987844839692,31.804143723100424
0.7320684313681014,22.370829467661679,22.280436975881457,22.460594220086932,22.433996423147619,22.658676592633128,22.784277744591236,23.017980707809329,23.335812604054809,23.336586294695735,23.718329018913209,23.850998126901686,24.259175650775433,24.45236358884722,24.932050444185734,25.277114119380713,25.637893030419946,26.377296662889421,26.574114642105997,27.523502707481384,27.953213140368462,29.049318220466375,29.645446399226785,30.695198852568865,31.803296016529202
0.73206885076489259,22.370434930548072,22.280045964755118,22.460204435512424,22.433607526123524,22.658283147029579,22.783887131139636,23.017591086216271,23.335420113988221,23.336193941533566,23.717920213937759,23.850576901808381,24.258735734969378,24.451906308531761,24.931572520174086,25.276612640358508,25.637365204282105,26.376738104037941,26.57353298086673,27.522882413119078,27.952555645257235,29.048616126179695,29.644696718081832,30.694392658770084,31.802426995709538
0.73206928014214634,22.370036014355719,22.27964218147099,22.459804399870336,22.433211258612573,22.657879493199289,22.783486704342067,23.01719466317445,23.335019537247717,23.335789758712053,23.717502743005753,23.850144651718438,24.258283788338304,24.451438211835921,24.931080958805978,25.276099661365151,25.636825915426016,26.376168495975435,26.572934438474476,27.522246873006225,27.95188308134675,29.047891527414322,29.643929559737444,30.693563334643841,31.801540996879339
0.73206971973736956,22.369626046158373,22.279230249114335,22.459394873119891,22.432805216871202,22.657467965967953,22.78307843580842,23.016788456588984,23.334607981145382,23.335377784445882,23.717074014246464,23.849701534956694,24.257824243977666,24.450962221249938,24.930577781051397,25.275574303232133,25.636273959651589,26.375583417713642,26.572323867119849,27.521597014740109,27.951195346191525,29.047154750674963,29.643145000562072,30.692715527489781,31.800628548488021
0.73207016979372108,22.369206443428993,22.278809614479542,22.458977239206433,22.432390193454921,22.657044098712504,22.782659206539392,23.016372481361032,23.334187977947295,23.334956017322838,23.716636971570551,23.849247095175087,24.257350723259151,24.450470035895705,24.930062319152057,25.275037530809641,25.635708313435316,26.374985263682902,26.571699811145663,27.520930282771587,27.950490053743124,29.046397825703025,29.642342995852232,30.691851863637567,31.799696026369929
0.73207063056014643,22.368779173120856,22.27837719861418,22.458547253161669,22.431962256319821,22.656612793914974,22.782230950891972,23.015946418046951,23.333758584223688,23.334524502977729,23.716189307160676,23.848785012960434,24.256866940297186,24.449969283305109,24.929536663927138,25.274485980160534,25.635129629634321,26.374376053921878,26.571056682616472,27.520247392356396,27.9497683160007,29.045622907578945,29.641521269455552,30.690962918102741,31.798743208870292
0.73207110229151517,22.368341692723334,22.277934313751757,22.458109459839761,22.431526973843575,22.656168282032013,22.781791904009879,23.015512073412538,23.333318269811571,23.334081274457276,23.715730611234903,23.848306790925562,24.256371464580297,24.449455155991018,24.928997123613954,25.273923992179334,25.634537788107991,26.373747409321368,26.570402124896646,27.5195486638695,27.949029369279742,29.044829877093434,29.640676068142056,30.690054474398494,31.797767052426934
0.73207158524876192,22.367893105372787,22.277482938021421,22.457661182619631,22.431079769507051,22.655716667883098,22.781342174857855,23.015064378269017,23.332866661250591,23.333627010695636,23.715261673554778,23.847821613773704,24.255864897742867,24.448931565508246,24.928447649814188,25.27334822062403,25.633929495699704,26.37310606893152,26.569729179143906,27.51883453130722,27.948272680863738,29.044017277657986,29.639816274866462,30.689124612137675,31.796767577528954
0.73207207969903121,22.367430134676397,22.277019899338484,22.457199486903846,22.430624892935157,22.655251794494689,22.780883738771081,23.014608745463192,23.332407421432436,23.333165720105171,23.714779810979962,23.847323989495635,24.25534553732723,24.448391932994127,24.927880074828863,25.272756600752473,25.633308732882142,26.372450676746666,26.569045376032591,27.518102895468473,27.947499755769968,29.043188355863094,29.638934034854174,30.688171906396747,31.795741925016046
0.73207258591582447,22.366958626545966,22.276545136235654,22.456730800680816,22.43015446793288,22.654776545241475,22.780414193868637,23.014140628278255,23.331934319809079,23.332690368406475,23.714288805611432,23.84681511297822,24.254814098589122,24.447842362336814,24.927303500473499,25.272151879034936,25.632673778571188,26.371777980588377,26.568339671008289,27.517353901639581,27.946706553921103,29.042337322607636,29.638029549270868,30.687196437269449,31.794694617390633
0.73207310417915183,22.366475000977516,22.276059775613248,22.456247860565782,22.429675358347595,22.654290079139173,22.7799301892519,23.013663196004927,23.331450144760311,23.33220368437469,23.713783986866474,23.84629275277257,24.254270911216736,24.44727826397866,24.926710934378207,25.271534327417612,25.632021713070571,26.371091104112566,26.567618214525282,27.516587391495705,27.945893550291657,29.041466873139143,29.637106439098716,30.686197742819786,31.793623082339764
0.73207363477568688,22.36598243471235,22.2755634970963,22.455753907561302,22.429185881279409,22.653793198056519,22.779439029283822,23.013172389939427,23.330956938676536,23.331705888733268,23.713270743377507,23.845757642760873,24.25371528416872,24.446699519641697,24.926103813573718,25.270900781266391,25.631356013938785,26.370386398397386,26.566880354657769,27.515804259106517,27.945066662505269,29.040575385093689,29.636160645633936,30.685177998617291,31.792525669559836
0.73207417799892527,22.365475779399276,22.275056838989258,22.455248581245542,22.428682134486735,22.653282158076763,22.778932258486748,23.012671454809606,23.330447898246348,23.331195888109505,23.71274028904736,23.845211208797991,24.253146260976791,24.446109236218035,24.925483889877796,25.270252844318748,25.630673768930137,26.369664096273482,26.56612566486001,27.514999058097601,27.944213766604662,29.039663126692176,29.635191019624472,30.684132661670446,31.791400333866477
0.73207473414934698,22.364958139136434,22.274533841758966,22.454731171019375,22.428169584833086,22.652760658413172,22.778415719978511,23.012158042751253,23.329930102452636,23.330675287172198,23.712200206704438,23.844651042483747,24.252561957575381,24.445504971779883,24.924848502501845,25.269590762443841,25.629974816925824,26.36892744153738,26.565354851074517,27.514175303280354,27.943342957645655,29.038728227838874,29.634197950363159,30.683061646297574,31.790249714627862
0.73207530353458261,22.36442903522402,22.274001052603126,22.454202118329704,22.427642806433141,22.652228081598878,22.777887008152902,23.011632667854428,23.329400413669646,23.33014097250998,23.711647167801857,23.84407826140523,24.251965145580471,24.444884028285742,24.924198350869119,25.268908490426838,25.629261061549187,26.368171478621662,26.564561729319394,27.513334730640054,27.942451696842909,29.037771049886942,29.633181523531675,30.681964272633195,31.789071736857295
0.73207588646958333,22.363890561275184,22.273453394882381,22.453660706058145,22.427103522233665,22.651679528877139,22.777344323694706,23.01109401602298,23.328855241648853,23.329595803283155,23.711081238463521,23.843492690473795,24.251353717409074,24.444251020438969,24.923531923443079,25.268214505165815,25.628528724424541,26.367398043163121,26.563751676119864,27.51247275993228,27.941537940874696,29.036792321130633,29.632143406197429,30.680842170491815,31.787865107879043
0.73207648327679542,22.363331293687224,22.272896183654666,22.453104520216584,22.426553691737354,22.651119860820472,22.776791024021804,23.010542950592935,23.328298281878233,23.329036102630198,23.710500887595117,23.842893527820706,24.250726150348783,24.443602946586907,24.922851145267487,25.26750151719898,25.627779949456453,26.36660707462579,26.562923114746809,27.511590488255024,27.940607437863946,29.035791745409369,29.631076714023948,30.679694250226021,31.78663183003664
0.7320770942863386,22.362763157114387,22.272322892211378,22.452538116835058,22.425987400114536,22.650547668337822,22.776221471838653,23.009977808222175,23.327728629112244,23.328463355079293,23.709907994605601,23.84227567538619,24.250086892396212,24.44293824583292,24.922153364866972,25.266772352159023,25.627011972479522,26.365797393023968,26.562073356471956,27.510687293484807,27.939650036394596,29.03476632013917,29.629990145564079,30.678518269211054,31.785367771983147
0.73207771983618819,22.362181600183249,22.27173883933574,22.45195631403476,22.425409906543791,22.649959839880466,22.775640997104347,23.009401949122548,23.327145908027887,23.327877574600279,23.709299368783832,23.841645261272788,24.249430282972753,24.442257029004395,24.92143892031163,25.266025830991566,25.62622738443315,26.364965382963419,26.56120537687093,27.509760785847902,27.938671115785837,29.033717120066285,29.628873294219375,30.677313318476081,31.784073662012815
0.7320783602723625,22.361586374230683,22.271137985400856,22.451361319050193,22.424817937426269,22.649359844624996,22.775044349953532,23.008810670115054,23.326551283709705,23.32727780751884,23.708677847869694,23.84100236184895,24.248758775182068,24.441562727093697,24.920707494020462,25.265262480825186,25.625422998331487,26.364116301760077,26.560317019931972,27.508814126253128,27.937668589875102,29.032639391720295,29.627731243148446,30.676081342622638,31.78275053575635
0.7320790159491144,22.360976304858923,22.270525035448372,22.450752703472972,22.424212489277124,22.648745338432491,22.774437202140689,23.008206422440708,23.325937675312161,23.326664261519909,23.708040376193821,23.840342434123158,24.248071473091841,24.440849996171892,24.919958917424083,25.264480479061604,25.624599925242364,26.36324555426836,26.559404431842268,27.507845658808947,27.936642482876778,29.031541731208563,29.626561423763633,30.674821488559246,31.781394520774484
0.73207968722912642,22.360352195799351,22.269897563382983,22.450128532014787,22.423592922277749,22.648116244003177,22.773813977837563,23.007588141597807,23.32531235460192,23.326034443452954,23.707389507442713,23.839667188934982,24.247367396950722,24.440119719132781,24.919192374683917,25.263680255971849,25.62376054842025,26.362355231307447,26.558473723009229,27.50685303658247,27.935595858842134,29.030412627384067,29.62536614574492,30.673530213534832,31.780005333945155
0.73208037448371233,22.359717016108334,22.269254423677921,22.449489949271083,22.422958134673536,22.647470862604678,22.773175365291536,23.00695182941854,23.324672505259514,23.325390568934381,23.706723015755415,23.838976649567485,24.246647424995899,24.439373172819614,24.918409849517047,25.262860188260674,25.622896123677492,26.361444225534797,26.557519005611539,27.505837777629495,27.934517001733184,29.029260085895658,29.624141674488783,30.672207510098815,31.778584683313966
0.73208107809302214,22.359059801325202,22.268594762310386,22.448837336152792,22.422309488989413,22.646813170984387,22.772521702572703,23.006302575580776,23.324016236700118,23.324732122011483,23.70603923778981,23.838268149644136,24.245911066420376,24.438608930446208,24.91760532092303,25.262020859867334,25.622013387270272,26.360511226579547,26.556543995626271,27.504796974360943,27.933418698608875,29.028079632669687,29.622889680787921,30.670857025310397,31.777131954208016
0.73208179844625199,22.358393670059741,22.267923911102116,22.448169122450054,22.421645360067487,22.646137810312212,22.771853625774384,23.005639455281198,23.323345760814846,23.324058398604393,23.7053396506235,23.837543652392924,24.245154986158013,24.437825365923345,24.916783316060901,25.261162577196956,25.621109895408154,26.359556592069566,26.555541490204632,27.50373257137835,27.932291721925139,29.026868278160691,29.621605155989528,30.66947190836072,31.775641866028309
0.73208253594186012,22.357706472277641,22.267232331447303,22.447483349591494,22.420963588170707,22.645446616224945,22.771169353276491,23.004958939738572,23.322659035213292,23.323365888558328,23.704624149017036,23.836802599951625,24.244383243843913,24.437024505808949,24.915943693369627,25.26028289925307,25.620185037143528,26.35857788939029,26.554518255405128,27.502644272521138,27.931137477979064,29.025631844997406,29.620288165286183,30.668051410466433,31.774116201326251
0.73208329098778679,22.357002474367619,22.266526118852198,22.446781844832003,22.420267041772604,22.644738037139177,22.77046730928123,23.004262045957148,23.32195483520627,23.322659169323742,23.70389162003994,23.836043789051473,24.243591550737619,24.436204164288938,24.915080795064569,25.259384228847921,25.619237560778856,26.357577537186444,26.553471093066037,27.50152943097055,27.929957801476121,29.02436631731689,29.618942754343152,30.666600527241826,31.772558346390724
0.73208406400168036,22.356285307556391,22.265802714973688,22.446066507138312,22.419553266838193,22.644014647230506,22.769750306382775,23.003550346009433,23.321235109120607,23.321936239488423,23.70314072072506,23.835267910733819,24.242781795561314,24.435365702025592,24.91419863793999,25.258461492136121,25.618269552476704,26.35655331518501,26.55239821318537,27.500387141481042,27.928750190883875,29.023068726062775,29.617567330598831,30.665113242343068,31.770960478112102
0.73208485541112767,22.355550899170339,22.265062397345901,22.44533006567508,22.418822042644024,22.643273862078786,22.769014959223568,23.002820430323482,23.320499315857887,23.321194590069354,23.702372918836772,23.834470462985337,24.24195306468755,24.434504766017199,24.913296276703477,25.257519242353737,25.617276430130005,26.355504644103348,26.551300848834217,27.499217733740807,27.927513368427753,29.021743753924966,29.616155492141843,30.663592297583818,31.769323699176311
0.7320856656538911,22.354796152561903,22.264304732903838,22.444578220136464,22.418074702844024,22.642514945939183,22.768264903686941,23.002074300311506,23.319743480533361,23.320437129586935,23.701588825322688,23.83365585654974,24.241104347631335,24.433626527898014,24.912372223101556,25.256554807536304,25.616259876638651,26.354433009400964,26.550174820236862,27.498021028935909,27.926245931535959,29.020383633673191,29.614712160080671,30.662032688036561,31.767650596797466
0.73208649517815072,22.354026139713824,22.263533058576286,22.44380721077323,22.417309697717428,22.641736466437578,22.767495173960924,23.001308972015977,23.318970722146332,23.319661905057728,23.700782035477459,23.832824153825641,24.24023644067347,24.4327247813344,24.911426481790841,25.255565113388002,25.615220450796187,26.353331767953932,26.54902515001595,27.496795143932104,27.924950079992414,29.0189921669662,29.613235823810101,30.660442082211375,31.765937816351652
0.73208734444275159,22.353237302973866,22.262736269272864,22.44302209187299,22.416527681984007,22.640942521393299,22.766706904396415,23.000527063384652,23.318180808797479,23.318865537643433,23.699958324432373,23.831969955936074,24.239346340298653,24.431803718209267,24.910458596423268,25.254552950151265,25.614156441763043,26.352207797579467,26.54784703347832,27.495541036128998,27.923622092232108,29.017569968476892,29.611722657456994,30.658810213208199,31.764185234904289
0.73208821391745826,22.352430238388479,22.261924697086215,22.442212938331068,22.415723926387727,22.640130811370909,22.765901529230177,22.999725840054452,23.317374497652054,23.318053048104048,23.699114494025707,23.831097299233079,24.238436521962285,24.430858253501356,24.90946704801172,25.253518076613545,25.613066595979035,26.35105553176254,26.546641239896417,27.494259066879749,27.922263711690903,29.016112992540002,29.610175639390945,30.65713619440794,31.762386918067932
0.73208910408321459,22.351604171097279,22.261090901680291,22.441388569772243,22.414903535507619,22.639294479042292,22.765075058676302,22.998905439861119,23.316542938351631,23.317220753990114,23.69825245346874,23.830202692188323,24.237504444085062,24.429892342537642,24.908454761840403,25.252459390088916,25.611951641738415,26.349877079948783,26.54540828242898,27.492944145575166,27.920873545110226,29.014619765803218,29.608590196818113,30.655426893383265,31.76054866425693
0.73209001543240904,22.350759901106358,22.260240750387311,22.440542245283723,22.414063610136509,22.638442276977003,22.764228804968297,22.998066932894289,23.315695655532181,23.31636689696461,23.697368716821074,23.829286321997643,24.236550163477659,24.428904565982521,24.907414535060525,25.251372876577079,25.610808265395463,26.348668597638607,26.544142877683043,27.491602405905724,27.919449221342802,29.013092691078782,29.606968762353063,30.653675271198153,31.758668104186654
0.7320909484691478,22.349891450256109,22.259369006380439,22.439676282927394,22.413203783333302,22.637570263817906,22.763365347869694,22.99720613937825,23.314826749265194,23.315495571121573,23.696464734151959,23.828353468328714,24.235572777688503,24.427892298437655,24.906351677142084,25.250262360088527,25.609640548937023,26.347434277646244,26.542848399840295,27.490222934633493,27.91799445822835,29.011528445407748,29.605306399986148,30.651884129270911,31.756742268800735
0.73209190370953359,22.349007036536932,22.258475953713059,22.438790994696319,22.412322193384171,22.636673976667225,22.762479804456234,22.996326695196331,23.313939115032554,23.314604006707668,23.695538092404604,23.827391928061843,24.234574550762773,24.426856627687812,24.905262180604041,25.249123905785382,25.608444283716381,26.34617031738162,26.541525230742991,27.488813316449523,27.91650128737092,29.009929105639458,29.603606758639216,30.650046838447452,31.754771281033754
0.7320928816819503,22.348100127652287,22.257563424296677,22.437884900718927,22.411421755328774,22.635760334320366,22.761572048999369,22.995427244342864,23.313028720207512,23.313687718473375,23.694590478204191,23.826409129425883,24.233553193509579,24.42579413857311,24.904148993082345,25.247960034757853,25.607218598015606,26.344875561073422,26.54017011448741,27.487369807437062,27.914975617080927,29.008289229124784,29.601867247372866,30.648171480745077,31.752749748528004
0.73209388292735667,22.347170863300562,22.256626926362514,22.436955998651683,22.410498671233654,22.634823717176914,22.760644236579537,22.994504047557712,23.312097462825477,23.31275337561965,23.693620047532022,23.825405173934996,24.232503505423665,24.424709014594555,24.90300795994699,25.246769142337143,25.605967298150063,26.343549596145749,26.538783653639257,27.485893536359072,27.913411363959312,29.00661120004952,29.600086683407426,30.646248750388622,31.750683614984155
0.73209490799958399,22.346218013204634,22.25567136798054,22.436005656607449,22.409554430283606,22.633863750845194,22.75969547778368,22.993562496267259,23.311144886538386,23.311796061694622,23.692629169672728,23.824376289732754,24.231432816945016,24.423596925102174,24.901841633953154,25.245551560074091,25.604682489298284,26.342192329466343,26.537362718954682,27.484381671994925,27.911811342462897,29.00489347986877,29.598262244835496,30.644279941916466,31.748571520671248
0.7320959574656436,22.345245962031186,22.254691172391176,22.435036478564143,22.408587456680834,22.632882720790803,22.758724031969905,22.99259617831558,23.310169646516442,23.310816337354481,23.691612410359085,23.823323450982571,24.230335078202188,24.422459376044571,24.900646624155343,25.244301098398864,25.603368995711207,26.340803260914981,26.535908478312194,27.482834830880165,27.910175211727619,29.003138486295938,29.596396449953318,30.642266063019633,31.746404945850372
0.73209703190604003,22.344248697161674,22.253688713535666,22.434038203209639,22.407599466852844,22.631878986954689,22.757726772688329,22.991607445292175,23.309175446629524,23.309809288010001,23.690571524202824,23.822245659306645,24.229211272671819,24.421296515502036,24.899422137998044,25.243024547584355,25.6020244397223,26.339381544850767,26.534419745206833,27.48125041089952,27.908496659249067,29.001338172703981,29.594484675675631,30.640205016359687,31.744188971817493
0.73209813191509221,22.34322777017951,22.252662512473762,22.433020314201713,22.406584804877639,22.630850267596543,22.756707512773573,22.990595415234566,23.308148239739239,23.308782931417227,23.689505093730986,23.821142725646496,24.228062091395259,24.420102190226316,24.898171659559011,25.241715376265347,25.600647387094796,26.337929092347622,26.532898091711104,27.479628389701247,27.906782386824489,28.999497564509511,29.592528086155653,30.63809372112155,31.741920486092567
0.73209925810126208,22.342185246758163,22.251611891202629,22.431974764913321,22.405548242852092,22.629797277972102,22.755664545111358,22.989559872075915,23.307102563790977,23.307730477303267,23.688414960168302,23.820014231838286,24.226885786280036,24.418881976045668,24.896890545263886,25.240376418456435,25.599238071590662,26.336438053287566,26.531337112188339,27.477969886735082,27.905025085434318,28.997611548751593,29.590526077896357,30.635931124910712,31.739598853513598
0.73210041108749135,22.341117505915463,22.2505356464535,22.4309092015028,22.404486946761608,22.628721403889358,22.754598263651133,22.988499219529331,23.306030748412013,23.30665491707623,23.687298494391143,23.81885655131191,24.225680384784937,24.417632395401597,24.895579634234309,25.239006467163563,25.597796419635415,26.334913494065404,26.529741227626801,27.47627079859376,27.903226902708411,28.995683941990137,29.58847857452929,30.633720502257347,31.73722037859261
0.73210159151154597,22.340022895485163,22.249434724450111,22.429815292358398,22.403400592505932,22.627617974765599,22.753504828549922,22.987413781695068,23.304936067201197,23.305551961064339,23.686157891526818,23.817672613076866,24.224448155611753,24.416355549357831,24.89423509594053,25.237604102119803,25.596320365555584,26.333355797454715,26.528107521124184,27.474532103165984,27.901385458186269,28.993707401677966,29.586381400004029,30.631456637755036,31.734787087887526
0.73210280002636896,22.338907672092319,22.248308649286628,22.428698196075857,22.402287594974041,22.626488401554525,22.752386731095612,22.986302049830556,23.292770623229444,23.30442479904741,23.684987345710397,23.816461099311709,24.223184701055288,24.415047190152109,24.892859726212919,25.236167890951037,25.594807918183506,26.331755631603301,26.526435144245625,27.472749238833785,27.899502083659172,28.991685433313251,29.584232691675425,30.629140075296164,31.732297351583838
0.73210403730044127,22.337758464738727,22.247156073339283,22.42755117919296,22.401150519028306,22.625333767384291,22.751242312602699,22.985165972262621,23.291627194732428,23.30327133461833,23.683789773844182,23.815221265889704,24.221896020695567,24.413708664476871,24.891453603282571,25.234696465544403,25.593261328525841,26.330121899954975,26.524723815731704,27.470927748829126,27.897572923451662,28.989616503939033,29.582034615799785,30.626767840236425,31.729748839512467
0.73210530401815233,22.336582625284791,22.245973996818066,22.426379378885031,22.399983485229313,22.624152219854295,22.750071083195508,22.984001663513482,23.290452820248902,23.302089675329626,23.682564711198211,23.813953234814107,24.220570836216211,24.412334441207349,24.890013381838799,25.233192326501012,25.591677650809288,26.328446860425174,26.522970024496317,27.469062395393848,27.895598324015737,28.987497398629785,29.57978455722332,30.624338161200285,31.727136787027121
0.73210660088017776,22.3353825006634,22.244766062125564,22.425180582329631,22.398793794214725,22.622939307242632,22.748873527161777,22.982811774127185,23.289252081885934,23.300879807211459,23.681311569176614,23.812655001878738,24.219218185171485,24.410930708050728,24.888537971302867,25.231653192080557,25.602398767136037,26.326734144240618,26.521176468580961,27.467155743390322,27.893578505143523,28.985329683870077,29.577479673549533,30.621852053329349,31.724466035142541
0.7321079286038672,22.334152139723301,22.243527395650744,22.423952627927065,22.397572791203856,22.621703932993114,22.747642748989165,22.981591621413827,23.288022977299988,23.299641449004412,23.680027600377798,23.81132429279387,24.217830592766404,24.409493280574679,24.887030399404466,25.230075528845191,25.600736203603446,26.324981613084674,26.5193404937163,27.465199282392859,27.891509033739567,28.983108729124069,29.57512291520834,30.619307639077306,31.721729382872581
0.73210928792364149,22.332895781844854,22.242262365296483,22.422694955952466,22.396322695538402,22.620433190837502,22.746386284008622,22.980342774651945,23.286764251999557,23.298374791629612,23.678715782240033,23.809962229803205,24.216413125395775,24.408023388125002,24.885484408587217,25.228463870473206,25.599032177589834,26.323187493719161,26.517461503855884,27.463198229670525,27.889394838362932,28.980836356058717,29.572709370404482,30.616704735904932,31.71893448382616
0.73211067959139842,22.331609015353024,22.24096657615155,22.421408774331212,22.395042864605784,22.619133139029145,22.745100188069046,22.979063665494323,23.285478306934237,23.297076894901693,23.677368040196598,23.808570330031216,24.214959957636893,24.406518664211035,24.883905107155442,25.226812690496445,25.597287435084581,26.321348653174937,26.51553822029382,27.461149912327528,27.887225227430463,28.978512302041054,29.570239843800664,30.614039557054639,31.716065980494022
0.73211210437692886,22.330291103571653,22.239639639854431,22.420090789906681,22.393734766170382,22.617804148234427,22.743783700279891,22.977756224572659,23.284160539507866,23.29574962425977,23.675993924029171,23.807145138271153,24.213474125601351,24.404979406856,24.882286776788533,25.225121757015586,25.59550126362592,26.319467445835471,26.513568726368248,27.459054483100772,27.885006550699472,28.97613219730556,29.567711971700191,30.611310008913279,31.713135812431574
0.73211356306834263,22.328940346837044,22.23828022647649,22.418744411319494,22.392393540591002,22.61644590087235,22.742435932159424,22.976417066529393,23.282809764146805,23.294389022514224,23.674583839252591,23.805684233084321,24.211952554993331,24.403400556184351,24.880630793981254,25.223390466533601,25.593674745410681,26.317542645148933,26.511551087722182,27.456908846274018,27.882736125960946,28.973694177344441,29.565123427659273,30.608516918495297,31.710130523890257
0.73211505647250419,22.327559818513691,22.236891122534871,22.41736363992095,22.391021233052015,22.615052490495145,22.741056658327579,22.97504763957113,23.281429999507964,23.292998946271837,23.673142828978598,23.804189166985452,24.210397277958691,24.401786984875798,24.878934199921787,25.221618101000786,25.591802947223186,26.315571585670114,26.509490343742073,27.454714249819517,27.880413666367531,28.971200725063682,29.562472527846694,30.605656994506717,31.707059521228075
0.73211658541547919,22.326145406812429,22.235469323582947,22.4159527849406,22.389618247747421,22.613627105019987,22.739646322093904,22.973644830286503,23.280017878860235,23.291574264876544,23.671665369533002,23.802661960013211,24.208805247209966,24.400135333649814,24.877198609523475,25.219804773107171,25.589888499118388,26.313557411544025,26.507377469912171,27.452466225251555,27.878031617030501,28.968648906797171,29.559762820601463,30.602732846513391,31.703913144767284
0.73211815074299147,22.324698654934764,22.234012251719832,22.41450434923172,22.388180256821215,22.612168679013848,22.738201443105936,22.972210340201855,23.278570442460477,23.290117379277945,23.670155499130487,23.801095170900226,24.207170751877129,24.39844429679215,24.875422074459493,25.217949934303761,25.587930028326809,26.311491450294852,26.50521694868803,27.45016423612833,27.875597916543484,28.966035965830088,29.55698749050498,30.599735360592604,31.700693821534514
0.7321197533208903,22.32321713399142,22.232522039674222,22.41302686277777,22.386711414903402,22.610675871372223,22.736723585985601,22.970739669166505,23.277089113369584,23.288625390268862,23.668608574196696,23.799494439736009,24.205502293072641,24.396711501292884,24.873604082502425,25.216052385978401,25.58592426776886,26.309378203935921,26.503004064783454,27.447810653597116,27.87310610152781,28.963363306596875,29.554145891219378,30.596670238301158,31.697398254647851
0.73212139403563015,22.321702516637743,22.230996942147613,22.411511951126158,22.38520581740886,22.609148283489048,22.735207632184029,22.969236859120429,23.275574079714715,23.287099515087903,23.667025290429592,23.797853523865342,24.203793902881444,24.394939744845033,24.871743838302791,25.214107166044414,25.583871932700276,26.307216842658818,26.500739616341889,27.445399587973952,27.870553815737367,28.960621550679207,29.551240162923932,30.593528259545565,31.694025635719299
0.73212307379476038,22.320150810293853,22.229434042237699,22.409961679019034,22.383665304630995,22.607583508826792,22.73365824483335,22.967698108404875,23.27402263507247,23.285535751841962,23.665404760278761,23.796175592578948,24.202047785744071,24.393125900998712,24.86983831319958,25.212115892209113,25.581770576536655,26.305002748966217,26.498426211066544,27.442931395024061,27.867942804470658,28.957820057868958,29.548261485993862,30.590318478643894,31.690573561936617
0.73212479352742754,22.318562611937523,22.227836709469557,22.408374197781086,22.382087592035532,22.605982442386448,22.732074124738574,22.966122534126043,23.272436239756644,23.283939270302653,23.663747563958168,23.794458186253905,24.200254357419908,24.391269780695438,24.86788741312921,25.210079680196941,25.579619388096035,26.302737043239176,26.496051006019115,27.44040797278285,27.865269420668483,28.954951539635658,29.545215142890811,30.587031092494726,31.687039082869887
0.73212655418488937,22.31693927384913,22.226201212964952,22.406750035472214,22.380473155528307,22.604344605468214,22.730450192466378,22.96450971532613,23.270811634138227,23.282300091348588,23.662050375714898,23.792700241319835,24.19842298142612,24.389370815828443,24.865895581431687,25.20799473579973,25.577417927794158,26.300419727340341,26.493622452020645,27.437822639942169,27.862535053864121,28.952016692608595,29.542099447920918,30.583667747676373,31.683423286303878
0.73212835674104049,22.315276918932796,22.224525779485703,22.405088557861745,22.378821911290288,22.602666921913624,22.728788075968623,22.962858678773046,23.269148389808834,23.280624911189079,23.660313511267304,23.790901666507125,24.196546593680978,24.387427707202733,24.863853023387492,25.205864082090557,25.575162937864661,26.298044733703136,26.491136394441128,27.435177909210324,27.859735080972314,28.949010543525219,29.538906654343009,30.580220913514495,31.67971901036799
0.73213020219295177,22.313572422601283,22.222813163883984,22.403388318605721,22.37713182810694,22.600950989872217,22.727086683735251,22.961169085465372,23.267445311881602,23.278910798951983,23.658536883071065,23.789057404734194,24.1946273855865,24.3854357060045,24.861762427724898,25.2036785595119,25.57285731099546,26.295614281669259,26.488592908717692,27.432468768209219,27.856869071722031,28.945935061201453,29.535641621798277,30.576695527881384,31.675930371508002
0.73213209156142167,22.311830822378397,22.221058703027666,22.401646537706256,22.375400642864406,22.627401491627097,22.725347432307899,22.959440927021205,23.265703544020653,23.277154518291354,23.656715012155473,23.787172983400524,24.192663229070604,24.383398740552366,24.859624092467129,25.201443971134722,25.570497304201126,26.293126391246915,26.485987394116819,27.429697036743164,27.853934913873672,28.942789504304528,29.532296856865287,30.573086179792881,31.672051675617695
0.73213402589154042,22.310047096572816,22.219263738952577,22.399866775609553,22.37363007478416,22.625601131469011,22.723565991967916,22.957671848125756,23.263922440819442,23.275357076898217,23.654854052700102,23.785245046019554,24.190652331337333,24.381314671598375,24.857431990094483,25.199157288298011,25.568083629012108,26.29058338701725,26.483324067667127,27.426861369982362,27.850933143869042,28.939566755667329,29.528873825445771,30.569394653663039,31.668081840500236
0.7321360062532688,22.308221822604537,22.217427241615951,22.398040616884828,22.371815210208297,22.623760282061994,22.721743643283844,22.955859823152423,23.262096708640456,23.273521127179265,23.652947426773608,23.783271611668169,24.188594369217753,24.379180729389191,24.855190893635154,25.196815251372755,25.565610525198281,26.287978015840054,26.480596533045173,27.423957472667098,27.847860667854548,28.936269961297512,29.525372661650181,30.56561191380024,31.664018634706736
0.73213803374202935,22.306353473104537,22.215547100640833,22.396173884160817,22.369961752556264,22.62187382671982,22.719878138974309,22.954008645378053,23.260228014551103,23.271638843230903,23.650998041965067,23.781247674487531,24.186488867737353,24.376996497623622,24.852898753248155,25.194419154897332,25.563079118728638,26.285312716849148,26.477806363254786,27.42098692804575,27.844715824350715,28.932894853875041,29.521787822246552,30.561743168160319,31.659861773252487
0.73214010947931285,22.30444148927927,22.21362361125648,22.394263654947281,22.368062751367688,22.619942839257419,22.717967918142676,22.952109014615417,23.258318645879626,23.269713332876563,23.649001020938158,23.779179451055825,24.184333103708923,24.374762294813991,24.850549396127462,25.194345492869616,25.560489509254694,26.282585417851806,26.474948595277965,27.417944081127644,27.841497967019677,28.92944061011076,29.518118407577276,30.557785430923104,31.655605146661401
0.73214223461329819,22.302485460415483,22.211653140373528,22.392309001646936,22.366119224578142,22.617968513630331,22.716015511192381,22.950169402174652,23.256361691281199,23.267741802148521,23.646957515738904,23.777063140645623,24.182126317173243,24.37247449439019,24.848147055134177,25.191833563148975,25.557839104905725,26.27978887502104,26.472024558112025,27.414833618327975,27.838204136118293,28.925903875380754,29.514363987371325,30.55373128131032,31.651248963549733
0.73214441031948785,22.300483814440668,22.209636050276458,22.390307021327317,22.364129338413477,22.615947910584509,22.714013473130763,22.948181893676519,23.254358957521617,23.265724692493677,23.644866652786732,23.774896921589971,24.179869063198566,24.370133590884507,24.845687570050359,25.189263130538166,25.555125369690359,26.276934740133584,26.469032967463136,27.411647759377956,27.834830338135362,28.922285845503211,29.510520400479436,30.549584193155169,31.646792465820909
0.7321466378013578,22.298432691954076,22.207573972642422,22.388260066509247,22.362094761803746,22.613878759555519,22.711967275477946,22.946148782968521,23.252310312353075,23.263661433011293,23.642726281657815,23.772679024375975,24.177559373900294,24.367738279514015,24.843171659857035,25.186633917503059,25.552350333891809,26.274009104818106,26.46596953086555,27.408387022092938,27.831380009651184,28.918583501130342,29.506588334217668,30.545337859541178,31.64222732372582
0.73214891829102335,22.29633698426187,22.205463329330087,22.386163104325533,22.360011265613139,22.611762122251093,22.709872940555215,22.944067122414708,23.250213318504393,23.261547358706594,23.640536287799478,23.770410852506757,24.175195470452309,24.365284559316933,24.840596900321543,25.183941452763975,25.549508287571371,26.271014306694269,26.46283804345876,27.405051220208406,27.82784934900701,28.914792828261852,29.502561358734965,30.540989713743329,31.637557078152895
0.73215125304992101,22.294188083149493,22.203301341272891,22.384018022567034,22.357879940420389,22.609597044996917,22.707728754729033,22.941937831230462,23.248068456538022,23.259386448189616,23.638295453973114,23.768087810836732,24.172773778438568,24.362775611691177,24.837962998077273,25.181186491623521,25.546598039567471,26.267951840534806,26.459626779891551,27.401636077091098,27.824233908206224,28.910914495587349,29.49844098649919,30.536545213311911,31.632776968181133
0.73215364336950539,22.291990756988525,22.201092424802482,22.381823713891208,22.355697352439165,22.607378235086799,22.705535229295492,22.939755538478494,23.24587114341557,23.25717306509614,23.635999215766788,23.765711869113147,24.170295528136194,24.360207009129226,24.835262471809983,25.178368480876088,25.543624233454466,26.264815556816757,26.456344618462026,27.398141611367464,27.820533961057663,28.906944135203958,29.494223829358816,30.531991692259908,31.627883538603783
0.73215609057196462,22.289742074906826,22.198827081359923,22.379577157087624,22.353463685140014,22.605110510252416,22.703289064578712,22.937527105212212,23.243622931651771,23.254908725619316,23.633652932941914,23.763279434293509,24.167762483470142,24.357578869909048,24.832501678727567,25.175482111051679,25.540577631443739,26.26160828396678,26.452984989620745,27.394564934074879,27.816749325022101,28.902880948036909,29.489909494295716,30.527333164587617,31.622877279296517
0.73215859601095068,22.287442756816745,22.196511548012495,22.377278217114508,22.351180363446474,22.60278744250536,22.70099241565913,22.935243046842515,23.241324242204428,23.252592897042632,23.631248806603253,23.760789926163852,24.165168833918869,24.354889249429107,24.829677463509142,25.172528929077089,25.537460809573531,26.258323456160724,26.449545735493302,27.390900770202279,27.812874067574739,28.898722298443317,29.485490996390581,30.52256571687758,31.61775279417634
0.73216116107232909,22.285087631084025,22.194140077568591,22.374923838302493,22.348840801976621,22.600410241633654,22.698640031740069,22.932907142676413,23.238970252685249,23.250220060348511,23.628792005591094,23.758242918178439,24.162511655129492,24.352137079462409,24.826785382814705,25.169508875347674,25.534272272139788,26.254961455240846,26.446027066558599,27.387159038335085,27.808908643200994,28.894466942176223,29.480971498414874,30.517685383558273,31.612511688843369
0.7321637871749449,22.282682303339243,22.191714929416776,22.372517178766429,22.346446961164474,22.597981326282024,22.696232941001654,22.93051708675921,23.23656044062227,23.247794312424958,23.626273850910366,23.755636579357088,24.159795404411852,24.349320439621806,24.823826102539897,25.166414287872612,25.531005591154099,26.25152379181236,26.44242611899972,27.383322259411216,27.804850988090038,28.890112144872546,29.476345717906952,30.512693518772721,31.607143273577094
0.73216647577140759,22.280211130157113,22.18923176638782,22.370054709725082,22.343997714109719,22.595489501021802,22.693771228194237,22.928071076050401,23.234095897525549,23.245310615748167,23.623701923526824,23.752968692220747,24.157016111537814,24.346437625586987,24.820798267610371,25.163250026293099,25.527664390392601,26.24800309818238,26.438740506768227,27.379400223493576,27.800697702914476,28.885655188933015,29.47161072306335,30.507583118975163,31.601649612188339
0.73216922834889475,22.277688950300217,22.186692977324128,22.367531474679708,22.341492912732065,22.592943877913058,22.691251189447939,22.925566750578582,23.231575760059059,23.242768644355237,23.621064729057252,23.750237551517785,24.154169565998018,24.343487693928182,24.817698652856052,25.160010829567909,25.524244293570518,26.244402601383626,26.434967248700559,27.37538468837738,27.796450182795525,28.881094938144088,29.466767674311996,30.502353489398956,31.596029432490468
0.73217204642997447,22.275105520151556,22.184091804549098,22.364949706941843,22.33892763312906,22.590337827801704,22.688671739771962,22.923002218827605,23.228992461226881,23.240168148651719,23.61836803983897,23.747444717213511,24.151257751509547,24.340468026697636,24.814528012648225,25.156695989891887,25.52074631024152,26.24071441218257,26.431109632365406,27.371274719014764,27.792098021134734,28.876425391063094,29.461807390674949,30.497002290561795,31.590277023613453
0.73217493157344793,22.272464208304882,22.181431756354868,22.362309354357421,22.336303035728633,22.587670370005071,22.686034400947392,22.920381483621895,23.226351270452142,23.237507784739137,23.615609026513994,23.744587470777333,24.148277999833226,24.337377892807126,24.811282769776881,25.153303697705269,25.517166855745018,26.23694284632802,26.427158001810312,27.36706992611289,27.787647483870387,28.871648458763957,29.456735311076045,30.491524755954742,31.584390172734857
0.73217788537521122,22.269758841022849,22.178709989413619,22.359607031568885,22.333618336357176,22.58494081068784,22.6833327235654,22.91769895888865,23.223648677580059,23.234782848507166,23.612785949371755,23.741661507636309,24.145231081172824,24.334215932525694,24.807963668368757,25.149834334850311,25.513502242974937,26.233082790859044,26.423117147758603,27.362768558785319,27.78309321962297,28.866760859265924,29.458296881988645,30.485920168459415,31.578368779271841
0.73218090946913839,22.266992694698274,22.175924646668136,22.356843232177198,22.330867691896856,22.582147823646665,22.680570030584931,22.914953200146556,23.220883123576641,23.231997637078166,23.609896948561072,23.738668318837881,24.142108638770878,24.330982761457562,24.804563457146287,25.146281450986862,25.50975055899471,26.229133240878582,26.418977492488921,27.358362875878811,27.77843133546412,28.861757727339864,29.452979858964682,30.480182692408562,31.57220152579248
0.73218400552798479,22.26416112203151,22.173073192127049,22.354013618081808,22.328057572245598,22.579290048219264,22.6777418628335,22.912143928930163,23.218052419833839,23.229146266356111,23.606940454803407,23.720906855538487,24.138917261734605,24.327671780250967,24.801086490042508,25.142647761851549,25.505913959816098,26.225089902989566,26.414746043272316,27.353858659043908,27.773662375286222,28.856637733057141,29.447536144405603,30.47431849129498,31.565894166007638
0.73218717526431287,22.261262526735663,22.170156698673964,22.351117327809334,22.325181207619607,22.57636570930481,22.674850119277835,22.909267904236913,23.215156317688525,23.226228746585548,23.603916129097342,23.717767350375652,24.135650842450559,24.324283939786255,24.797528457827866,25.138928309082985,25.501987721771002,26.220952531322837,26.410414573736489,27.349247111007571,27.768781060352921,28.851400123909116,29.44196854531765,30.468305326998234,31.559436522424221
0.73219042043143934,22.258297024294734,22.167172341607511,22.348156531341374,22.322235104627907,22.573373383842409,22.671888459473848,22.906327362172306,23.212193213403225,23.223242406733334,23.600819205865264,23.714555198326707,24.132306398823857,24.32081784401089,24.79388577118516,25.13512391038239,25.497970035299659,26.216717693023384,26.405981580726802,27.344529939815402,27.763788288459182,28.846040464937687,29.436270738020539,30.46215845271945,31.552829809486866
0.73219374282440464,22.255262955091894,22.164118178188801,22.345122215338051,22.319222005084157,22.570311772637069,22.668859148398042,22.903316464275122,23.209160194732249,23.220186783000827,23.597650740295649,23.711269547231495,24.128886218182743,24.317271001636982,24.790159378200769,25.131229299120605,25.493858492001891,26.212386719882488,26.40144610684365,27.339700693264604,27.758676854893565,28.840556094422936,29.430436005815864,30.455865601077676,31.546068163588643
0.73219714428096638,22.252157263457775,22.160992975346744,22.342020248062909,22.316138506866992,22.567179834470153,22.665759591385722,22.900235983543098,23.206059124320745,23.217060350812972,23.594409432262182,23.70790721103549,24.125385913997889,24.313641692511737,24.78634740691632,25.127243093214929,25.489652280695736,26.207954526878893,26.39680552855134,27.334760056808591,27.753445049747825,28.834938947111368,29.424469204619527,30.449431542307138,31.53915081359446
0.73220062668261543,22.248981174081564,22.157795243896544,22.338845969177783,22.312984271906316,22.563974093645811,22.662589406594634,22.897086229175329,23.202884504571557,23.213862451724708,23.591093548573554,23.70446655061096,24.12180498149246,24.309928109869361,24.782448459416628,25.123166583478451,25.485347693786025,26.203420774079859,26.392057622782886,27.329703545197845,27.748096028342843,28.829194869846106,29.418363956734538,30.442841935902834,31.532069940119982
0.73220419195561703,22.245731030590832,22.154522130265832,22.335598411038518,22.309757352806628,22.560692732222378,22.659342873841524,22.893859752453864,23.199635411612689,23.210589628666639,23.587700734846294,23.700945688411593,24.118140027858317,24.306128842756152,24.77845592238009,25.118992138653994,25.480943177826703,26.19877895899117,26.387197770178318,27.324530266225338,27.742617005482316,28.823317870497704,29.412114437669516,30.436101829633117,31.524825487285852
0.73220784207207579,22.242407657206059,22.151175670325756,22.332275356166065,22.306454258039594,22.55733762960881,22.656023193150759,22.89056162443012,23.196312187239528,23.207241424359381,23.584228122606874,23.697343431413174,24.114391644485295,24.302241483703256,24.774370207451284,25.114722263067961,25.476435664109886,26.1940294560045,26.382226211950183,27.31923888809979,27.737013189122081,28.817301709204912,29.405721398070455,30.429205453023314,31.517415737733245
0.73221157905102718,22.23900397028774,22.147749526426196,22.328875219449401,22.303075197152793,22.553903788328171,22.792924979701638,22.887184608727694,23.192911682650447,23.203815671615303,23.580677571706474,23.693658714182675,24.11055355053395,24.298262456431985,24.770192527212203,25.110353543423116,25.471824781037867,26.189173790626228,26.37713772431016,27.313822684809566,27.731279941275716,28.811150938272476,29.399180194362998,30.422148790210485,31.509831551462412
0.73221540495955395,22.235522639937699,22.144245132803917,22.32539607770741,22.299617524258792,22.550389306619763,22.789426501840353,22.883729691617191,23.18943389877677,23.200308966450393,23.577039799652994,23.689886840991676,24.106630065478384,24.294193464331329,24.765915549360216,25.105886026285589,25.46710685826838,26.184200310148299,26.37193158455193,27.308281134814024,27.72541399858892,28.804852984845638,29.392485478892922,30.414929309859872,31.50206914357841
0.73221932191392958,22.231959475204349,22.14065979141742,22.321836312301457,22.296080760657787,22.54679464455694,22.78585004247725,22.880196094512939,23.18587348703295,23.196724317967892,23.573322460055351,23.688691443763673,24.102613368071616,24.290028002113104,24.761542372405529,25.101311306469142,25.462278116494417,26.179113453254104,26.366607305593789,27.302610645070672,27.719411255791783,28.798408914357424,29.385636884719133,30.407537879422307,31.494130061939359
0.73222333208078871,22.228315295651555,22.136991113424301,22.318195194937289,22.292461893521249,22.543117866851389,22.782189165242016,22.876580154523253,23.182232943363488,23.193053383380175,23.569517573341727,23.684745249338448,24.098502666689456,24.285767995752394,24.75706434994936,25.096631784923375,25.457341330125928,26.173911353573203,26.361156499944627,27.296810012310743,27.713269690051675,28.791815020143986,29.378629071637988,30.399978250265121,31.486003922298551
0.7322274376783261,22.224587096832693,22.13323678728193,22.314468789845705,22.288758780807257,22.539356361143291,22.778443360701203,22.872884226962924,23.178506954573095,23.189299181103706,23.565624109469354,23.680709530599415,24.094301397912204,24.281410166062415,24.752486239187419,25.091843997128308,25.452286323532462,26.168585894629359,26.355579680763185,27.290873886086047,27.706985207274556,28.785071143880486,29.371458033099771,30.392242239788175,31.477690815925598
0.73223164097752313,22.220774069428444,22.129395701922476,22.310659682378173,22.284972974099219,22.535507431253791,22.774611297063529,22.869097609072924,23.174695320427418,23.185460799373686,23.561643927358091,23.676580934785306,24.089999346062541,24.276950375176966,24.747801525518298,25.086946515366435,25.447116897441447,26.163137750700116,26.349876828491688,27.284800950437784,27.700556417927146,28.778168564662337,29.36412094719708,30.384327476844192,31.469187406823039
0.73223594430340422,22.216868149116635,22.125467268750072,22.306756988167763,22.281095017679036,22.531568606384099,22.770691620185971,22.865225020796061,23.170795609243214,23.181531102396548,23.55756788700819,23.672357400879264,24.085598167963326,24.27238551620394,24.74300741776824,25.081936267204583,25.441824926063418,26.157562203705311,26.344038457609713,27.278588912449777,27.693979347124696,28.771109038963914,29.356615364551544,30.376228146255016,31.460483657196164
0.7322403500363226,22.212876450270414,22.121446769684553,22.302769845351577,22.277131281793118,22.527538295835257,22.766682354733348,22.861263155937195,23.166808370500803,23.177511150017381,23.55340042617172,23.668035903014243,24.081098592840135,24.267718505114317,24.73810188472271,25.076808018609881,25.436414550058544,26.151863184757531,26.338069030083716,27.272231691516936,27.687248557806015,28.76388406008482,29.348935969173908,30.367946060374379,31.451578402891755
0.73224486061327743,22.208791194483638,22.117334936745465,22.29868745803833,22.273075611330569,22.523418061435223,22.762578411027789,22.857211615890265,23.162725534290075,23.173398503102362,23.549135860987008,23.66361831407994,24.076491413637996,24.262943930923939,24.733086187392473,25.071562084369361,25.430878558196127,26.146029679104686,26.331958814524114,27.265726331621408,27.680363927036524,28.756492555141449,29.341077666729689,30.359467091038823,31.442469913512468
0.73224947852926159,22.204614312388003,22.113127632066607,22.294511771760881,22.268925410695374,22.519200140610337,22.75838019233197,22.85306678712368,23.158551997505128,23.169192464090884,23.544773682020605,23.659093423746526,24.07178093213588,24.258059700019658,24.727952638641,25.066198055632412,25.425213561393321,26.140059891156852,26.32570874877274,27.259076086804271,27.673320582136512,28.748933635652065,29.333039859309793,30.350794903934002,31.433147467672825
0.73225420633864169,22.200338670983911,22.108823896385729,22.290238733403385,22.264682146720588,22.514886952936649,22.754086600616574,22.848825591616333,23.154281265102327,23.164888953790069,23.540313906036317,23.654467235319316,24.066961291246116,24.253060230053961,24.722701688297093,25.060710379853845,25.419419104233384,26.133954347111285,26.319317101500928,27.252267316915095,27.666112860664725,28.741196343675256,29.324814280495048,30.341922335326672,31.423612523823977
0.73225904665657093,22.195967047475278,22.104422810487449,22.28586933016777,22.26033837068826,22.510473746806383,22.749695867300034,22.844486320391297,23.14991260599345,23.160489074885845,23.535747141577303,23.649733160622418,24.062031266279519,24.247949799522758,24.717331619001925,25.055095300078392,25.41349193174392,26.1277070408687,26.30708674620837,27.245304701849818,27.658740540966392,28.733280481770635,29.31640044040978,30.332844031974673,31.324799709022045
0.73226400216043619,22.191493316553533,22.099920150823891,22.281398359686136,22.255898704752326,22.505962682887912,22.74520053807646,22.840048584155738,23.145445058122277,23.15598454233259,23.531077697873116,23.644892019219697,24.056990737095475,24.242721551097929,24.711837112903595,25.049352509900928,25.407427254132926,26.121319310739636,26.300400162115693,27.238178931176662,27.651200294494629,28.725186528638005,29.307792283594608,30.323559053242207,31.314828846603632
0.73226907559133825,22.186916369944811,22.095311020500958,22.276827594265342,22.251355892047286,22.50134398881346,22.740604746155441,22.835508381947875,23.140874318778515,23.151380048133433,23.526302276179194,23.639939012005925,24.051829746924341,24.237371450290084,24.70621586125344,25.043473672121763,25.401224492117763,26.114782612770796,26.29355947021395,27.230894766747952,27.64348404482007,28.716899361461401,29.298988020047545,30.314060164615512,31.304628513753414
0.7322742697556085,22.182237044908106,22.090601081028581,22.27215229254216,22.246706319972873,22.496621465310454,22.735905139707029,22.830864924006164,23.136197566986084,23.146668429486454,23.521418702788651,23.63487446308136,24.046551991254091,24.231899118050933,24.70046544726938,25.03746404312551,25.394878756254911,26.10809479560703,26.286560939624906,27.223438621498644,27.635590296238661,28.708427134901285,29.289982039481401,30.304337104782462,31.294193256646395
0.73227958752636113,22.177448933012784,22.085779891349375,22.267366856336594,22.241953352466226,22.491790095344186,22.731095443479717,22.826115142554045,23.131416612304747,23.141848790459335,23.516419544816017,23.629693560302258,24.041155098937452,24.226299896836281,24.694584467448294,25.031315864995122,25.388387684710324,26.101252995431423,26.27940493542701,27.215812337584794,27.627518758177757,28.699758812785149,29.28076627291739,30.294394310563803,31.283513270318508
0.7322850318450822,22.172551576048136,22.080849413760006,22.262472157366574,22.237091904506087,22.48684982676059,22.726176370866597,22.821257270872593,23.126525770872831,23.136921689845622,23.511307233944535,23.624392204917967,24.035634348168969,24.220574793405831,24.688569000922143,25.025026535615325,25.381747931241989,26.094257925637066,26.272081082686782,27.208011066541076,27.619258869439363,28.690885910764337,29.27134164609015,30.284227235242724,31.27259018458426
0.7322906057232571,22.167545479722321,22.075807337649167,22.257465773262084,22.232117848470807,22.481796558946371,22.721143767237663,22.816288177855313,23.12152155674994,23.131880295462906,23.506080910563469,23.618974996730685,24.029987550340593,24.214719428680837,24.682415802031755,25.018593055196106,25.374958707019687,26.087101874873042,26.264593771658838,27.200033890083432,27.610809883102775,28.681813320145011,29.261697858572006,30.273822050541639,31.261420130729675
0.73229631224403602,22.162419059313834,22.070646964013577,22.252348131500185,22.227032780647278,22.476627043448389,22.715998196043074,22.811205030418932,23.116406000219285,23.126723758876324,23.500732997432351,23.613430322147906,24.024210061877966,24.208730168640614,24.676123254001141,25.012014422565699,25.368009576573968,26.079781867563725,26.256933273747563,27.19187216181308,27.602168790996075,28.672534810379148,29.251836428418756,30.263177217915654,31.249990377575159
0.73230215456393943,22.157180515117943,22.065371685661376,22.247111688368022,22.221828705631196,22.471341581083834,22.710735249333084,22.806005233898759,23.111174019053578,23.12145072221756,23.495267215184867,23.607757824473083,24.018302265554667,24.202603964135051,24.669685379602015,25.005283465608954,25.360904599539936,26.072294828481972,26.249096791259944,27.183521440252662,27.593330452218652,28.663043007254601,29.24174701794982,30.252292471006513,31.238301485776901
0.73230813591460386,22.221277137286961,22.059976479038596,22.241755623370409,22.216508137993515,22.465932322666049,22.705352497287095,22.800692770630121,23.105820653028786,23.116058435291052,23.48966980073601,23.601957120932639,24.012260479852557,24.196338378824294,24.663100198842585,24.998403222300112,25.353638539090753,26.064634677022696,26.241083296947181,27.174984181299806,27.584290871396661,28.653335032984614,29.231427554041147,30.241158023476601,31.226344384253025
0.73231425960457008,22.215789559297264,22.054457206279039,22.236278375610709,22.211068340577185,22.460403388366103,22.6998475426808,22.795255464501679,23.100349036976695,23.110543082468212,23.483950551599264,23.596025940030813,24.006080825813115,24.189930547960103,24.656366569921374,24.991364241577685,25.346208307892084,26.056803753599524,26.232885048724711,27.166250775568187,27.575042160227895,28.643402047455311,29.220873847603798,30.22976746596396,31.214111665263772
0.73232052902111255,22.210173530504107,22.048815880902112,22.230677051469684,22.205502154305577,22.454748603515327,22.694216300733387,22.78969572391361,23.094751631841063,23.104902164079249,23.478102572262287,23.589960910379887,23.999760802835226,24.183377417735755,24.649481172673404,24.984165027737617,25.338604423217475,26.048792358487844,26.224502221681178,27.157319677062333,27.565588425844908,28.633248018100858,29.2100774589926,30.218118818476796,31.201603472232819
0.73232694763211348,22.204434396699071,22.04304375872016,22.224949206225574,22.199813551269472,22.448966623283923,22.688459790311754,22.784007582813501,23.089026985689998,23.099134278483689,23.472120555117726,23.58375730831176,23.993299453519285,24.17667530849576,24.642439198680222,24.976802146062255,25.330832766368985,26.040602103807032,26.215928590856493,27.148184956051409,27.555914236232638,28.62285777926445,29.199038416147232,30.206204950809479,31.188809216022491
0.73233351898798082,22.198562378995121,22.037140611559153,22.219091980718076,22.193992609158158,22.443052675575018,22.682569906115532,22.778193818405271,23.083174984902143,23.093236102722585,23.466000875458121,23.577413577586412,23.986689970828593,24.169823065400124,24.635236728936434,24.969271600246429,25.322881267406046,26.032223639078438,26.207161169499159,27.138841819949448,27.54602325707674,28.612233577296138,29.187743982300162,30.194018248468637,31.175724091008306
0.73234024672361209,22.192557846195996,22.031106874346733,22.213100724853575,22.188041510991752,22.437005313113332,22.676549374125898,22.772247307933867,23.077190808020532,23.087204112671316,23.459746676497161,23.570926452986896,23.979932313784957,24.16281374078244,24.62280313577503,24.961571807973087,25.314752174541354,26.023653982207179,26.19819310400635,27.129289327189326,27.535906627774239,28.601370003074408,29.176196571439505,30.181552911177278,31.162340799346566
0.73234713456040557,22.186419430188835,22.024931697174907,22.206975967623293,22.181956792250276,22.430820766836405,22.670390388928354,22.766165905632079,23.071069584228098,23.081036938354373,23.45334994699806,23.564293707720935,23.973020570352674,24.155646743252873,24.615261859260499,24.953699357807636,25.30643745046109,26.014892879873514,26.189024561084807,27.119519018568099,27.525560488924384,28.590257063508034,29.164385979995131,30.168805230408907,31.148651976138353
0.73235418630831772,22.180140104144812,22.018621607683599,22.200711418874562,22.150623989291489,22.424496952444315,22.664094062522054,22.759951753541827,23.064812310039997,23.07473252248019,23.446809272281826,23.557510592974722,23.96595424041152,24.148317966610193,24.607551054097712,24.945645935833454,25.29793643206358,26.005931197665632,26.179647394455969,27.109528160654008,27.514978842809796,28.578891890123487,29.152307553216815,30.155768815428019,31.134652357548475
0.73236140586797194,22.17372581269592,22.012169270776212,22.194309225305915,22.144248735159636,22.418031422421336,22.657657749950886,22.753591829910874,23.058414528146386,23.068284928798676,23.440121693536639,23.550575545988977,23.958729539997876,24.140825641341507,24.599665976129472,24.937413457781076,25.289242575876415,25.996769829653203,26.17005892470479,27.099310694262385,27.504161521792412,28.567274291068316,29.139957036823034,30.142438665032387,31.120339477434754
0.73236879723281478,22.167159663513303,22.005569521337748,22.187759367749095,22.137732649222016,22.411423124372959,22.651074391789734,22.747092881239951,23.051873287186027,23.061692298389971,23.433284753933549,23.543484438210726,23.951341269537807,24.133164571598172,24.591603073291481,24.928997890092432,25.280352633446455,25.987400959245861,26.160252840258181,27.088862859643996,27.493100931867957,28.555390046909451,29.127328177914023,30.128809932619333,31.105700450018048
0.73237636449132615,22.160450249910355,21.998823103494942,22.181063577532768,22.131070375442505,22.404664043337107,22.644344097003341,22.740446604788303,23.045185003429651,23.054952485486865,23.426293990574777,23.536234269849956,23.943788201548159,24.125332140363753,24.583361260592937,24.920388742350042,25.271263942122459,25.97782124299556,26.150228474289179,27.078179031610489,27.481785384938121,28.547701871022582,29.114408120512962,30.114869583398104,31.090732445940375
0.73238411182927998,22.15359045099467,21.991925856098533,22.174218539148569,22.124260317534208,22.397753038443625,22.63746527209878,22.733651723712683,23.038349086418748,23.048062779009342,23.419148613698781,23.528821296989918,23.936066083610058,24.117322656325996,24.574931645765901,24.911589364521205,25.26197163388133,25.968029605224729,26.13997772987932,27.067257140763104,27.470219973474741,28.535269429907203,29.101205175742507,30.100610798224807,31.075425505638123
0.73239204353205978,22.146579867228866,22.048812513239682,22.167222037911415,22.117296099662781,22.390689340420067,22.630430077202618,22.72670669760555,23.031360746361315,23.041018712334335,23.411840807646513,23.521245027892292,23.928168778307736,24.109135078266263,24.566314936615527,24.902593075297773,25.252470686100423,25.958014316856861,26.12949828337878,27.056088581681252,27.458393169566989,28.522560596466064,29.087702454999089,30.086037231609225,31.059771532192826
0.73240016398702934,22.139407626353204,22.041591200046241,22.160067216493189,22.110177504830062,22.383468781597912,22.623236803337932,22.719604661688209,23.024214674718678,23.033817647024989,23.40437110606581,23.51349735353142,23.920097313821316,24.100764728151262,24.557503839954734,24.893395690247416,25.242757341824472,25.947774148546159,26.11878259293735,27.044671301729977,27.446300199255347,28.509563686326146,29.073894979432225,30.071134053170681,31.043771523982286
0.73240847768595907,22.132078338414431,22.03420901671052,22.152752557769418,22.102899756282568,22.376085533760488,22.615884228609502,22.712345279753208,23.016910504549742,23.026457611471415,23.396736349910498,23.505580082535744,23.911844471469522,24.092207597568631,24.54849786311388,24.883991837501526,25.232826250605285,25.93730915337801,26.107830012217164,27.032997128553689,27.433937452733517,28.496277639642358,29.059778854250908,30.055891247466207,31.027406888082623
0.73241698922751119,22.124586352147162,22.026661524549127,22.14527812320739,22.095461416058242,22.368539575487375,22.608368980698287,22.704926775768399,23.009447157382965,23.01893316488713,23.394223489798605,23.497483939863741,23.903411448001862,24.083462795242667,24.539293888024986,24.874379863962531,25.222675642929971,25.926610083319247,26.096628987230361,27.021063488908112,27.421299764886498,28.48269385099411,29.04534637928009,30.040314078330994,31.010678881779313
0.73242570331978296,22.116927263326943,22.018945848569274,22.137635047547519,22.087856885045767,22.360827391035855,22.60068725887686,22.697338987141848,23.001814691349864,23.011241897009313,23.386257295496762,23.489210329949856,23.89478790666908,24.074518756940961,24.529881409369409,24.864553220570087,25.21229850128293,25.915669547393918,26.085180457681417,27.008862539194524,27.408378701657057,28.46880747936666,29.030591672286391,30.024385467171669,30.99357589520514
0.73243462478291099,22.109101608395576,22.011060773395002,22.129823328927159,22.080085562542081,22.352942854166031,22.592835427261889,22.689587362110615,22.994015232659876,23.003383327275515,23.378110902383924,23.480751959607005,23.885978054255247,24.06538056768477,24.520260727033019,24.854509372264147,25.201689231209457,25.904487271793187,26.073477691970766,26.996391390450299,27.395170789211988,28.454610288143158,29.0155098605901,30.00810226611793,30.97608887962997
0.73244375855173771,22.101097830571234,22.003000495024025,22.121838727965951,22.072141414508224,22.344884137623012,22.584811512380838,22.681663029827178,22.986044560559094,22.995348507538438,23.36978711001575,23.47210764605552,23.876967711374164,24.056038979440928,24.510427778586745,24.844243897125125,25.190844054333866,25.893058431334794,26.061515734530985,26.983643314801157,27.381670270115137,28.440096743404865,29.000090727582574,29.991455053910613,30.958214573562145
0.73245310967854094,22.092922993935645,21.994764729402959,22.113680462352931,22.064023877494037,22.336648373864591,22.576607312075794,22.673563969321549,22.977898667566478,22.987140114419162,23.361279371194541,23.463275025598705,23.867761788889766,24.04649346601218,24.500377175398171,24.833750290796161,25.179764020256698,25.885178782977164,26.049290323629975,26.970613430254161,27.367869099602103,28.425265586003661,28.984328767284751,29.974438840523362,30.939941253513098
0.73246268333582842,22.084566778503358,21.9863450108096,22.105340882204473,22.055726925842464,22.328232498839498,22.568224086426198,22.665288614109159,22.969576856121421,22.978749370202422,23.352586443535984,23.454244536347687,23.858353714458644,24.036733448505402,24.490106366574764,24.823027334176004,25.16843472328037,25.873242006637156,26.036792384460568,26.957294201478362,27.353762917220592,28.410098444670439,28.968217713758349,29.957044113427401,30.921264298260212
0.73247248481919891,22.076027978211641,21.977741320617497,22.096818032674491,22.047247727401555,22.319632539525628,22.559658003970981,22.656830190680921,22.961067738011479,22.970175264403224,23.343702033162117,23.445019362494349,23.848738324828446,24.026764779351652,24.479608324356377,24.812066832557321,25.156858922913671,25.86104314122349,26.024019796401262,26.943681100383401,27.339342491701245,28.39460008777678,28.951751660555601,29.939263869076967,30.902172591537237
0.73248251955027177,22.067298614419997,21.968947060406208,22.088109574280679,22.038584731519222,22.31084266025573,22.550901347771287,22.648189232684672,22.952375018969178,22.961413912475109,23.334622531197965,23.435588689520955,23.838913225568831,24.016573810949922,24.468881841748953,24.800868041813374,25.145028145052493,25.848576653748751,26.010965272784233,26.929769066162407,27.324607655405998,28.378760155290365,28.934919226914644,29.921088885515928,30.882657140493393
0.73249279307968529,22.058382208459079,21.959961350075901,22.07921040058136,22.029731897637248,22.301863078027964,22.541956811212003,22.639357525855303,22.943494500592351,22.95246231649071,23.325348038226366,23.425953079015017,23.828870695084333,24.006161193363369,24.457920420914888,24.789423161186278,25.132937503047287,25.835834810510278,25.997627170756459,26.915550484322011,27.309549244120717,28.362568845972419,28.91771924495697,29.902514670044184,30.873112453147769
0.73250331109016764,22.049269680865109,21.950782070867717,22.070119708776474,22.02068689186126,22.292687715962529,22.532816078513861,22.630332976579666,22.934421616606414,22.943316067568958,23.315868441946805,23.416108657605946,23.818613435141742,23.995522034354508,24.446720118634403,24.777727839536965,25.120583388954401,25.822815886698663,25.983995353803039,26.901020889170468,27.294158205389977,28.346024481579661,28.900139885023236,29.883529867976904,30.852729244157672
0.73251407939967961,22.039961797185242,21.941401168704033,22.06082887109369,22.011443605646491,22.283311973325908,22.52347616199404,22.621114761568606,22.925150299444795,22.933972775936127,23.306185302324593,23.406052341684699,23.808130928315222,23.984652722254395,24.435274264775217,24.765777261927724,25.107959594577551,25.809512133710086,25.970064079388976,26.886173279955983,27.278432659804821,28.329116988927126,28.882178485393524,29.86412956379354,30.831902513280511
0.73252510396463344,22.030452133156359,21.931817426346242,22.051337554119527,22.002003520727158,22.273736422881484,22.513935780152678,22.611694253049791,22.915679504163563,22.924425896257162,23.296293010003865,23.395776777528226,23.797424165531993,23.973549286834896,24.423580963164568,24.753568618558347,25.095060954801738,25.795920208096504,25.955832345411181,26.87100263312459,27.262362185865641,28.311838334426284,28.863817749544978,29.844305058941245,30.810618564486504
0.73253639088318689,22.020737085491419,21.92202680837363,22.030074413865805,21.992358853109181,22.263951902277768,22.504190838895738,22.602072983980179,22.906005611643195,22.914675268344581,23.286187437362969,23.385279315523803,23.7864810237661,23.954634873196483,24.411633792333305,24.74109766073525,25.081883751787245,25.782033026218414,25.94129026029259,26.855502934195101,27.245943613350391,28.294184168800712,28.845061525702477,29.82404519058764,30.788866061717272
0.73254794639861676,22.010813566856086,21.912025752477348,22.020161072723567,21.98250625655055,22.25395711697638,22.494234083220363,22.592244512401521,22.926531654782593,22.90471706725657,23.275864779017866,23.374556930735707,23.775307341478765,23.943055392242968,24.399429654702544,24.728353400714695,25.068422081880271,25.76784282643348,25.926434135064483,26.839667820371687,27.229169473052025,28.276146499440074,28.825894974172115,29.803345542401075,30.766644231975079
0.73255977690277241,22.000674953684211,21.901810335926712,22.010037317872047,21.972444439306855,22.243748152628541,22.484062981791794,22.582206022925675,22.916548035107553,22.894542245194316,23.26532125659287,23.36360501870513,23.763891306705773,23.931225455366075,24.386963903903961,24.715338373556733,25.054668958298862,25.753350109793246,25.911258301697671,26.835398724302649,27.212029494345188,28.257717283442616,28.806312765926123,29.782193785533309,30.743935702368617
0.73257188893961112,21.990321026183665,21.89137449581176,21.999692405574024,21.962164341472089,22.233323280699551,22.473672122694552,22.571951610967517,22.906353981234133,22.884150587953627,23.254552166908979,23.3524175202474,23.752231767401099,23.919143741950393,24.374230443499982,24.702042642980814,25.040621210820973,25.738543833605945,25.895752988755703,26.818829022347927,27.202806839719415,28.2388886641711,28.78630898706615,29.760584967210889,30.720738442614675
0.73258428920881791,21.979749244637787,21.880715828388929,21.989127513021231,21.951668843626976,22.222674732096493,22.463062305003405,22.561480076052248,22.895944442600012,22.87354052439332,23.243555928580463,23.340993258170784,23.740324171259999,23.906803842633963,24.361222000792623,24.688463195227087,25.026272959075868,25.723420438356698,25.879917658865452,26.801903520710766,27.184913588687778,28.219657782465219,28.765870394185185,29.738508567214012,30.697037551552057
0.73259698456951139,21.968947320245206,21.869831083342433,21.97833882458508,21.940948703326285,22.211799795739353,22.452226794324815,22.550785511732101,22.885311925783753,22.862705891951919,23.232324318960309,23.329326080158353,23.728161993436515,23.89420173317194,24.347938576713204,24.674593662843108,25.011616227217019,25.707972208037972,25.863742575980723,26.784617866389453,27.166636345908046,28.200011678040028,28.744999125599861,29.715957989916205,30.672825267538428
0.73260998204403804,21.957920536398888,21.858716569840908,21.967322968877852,21.930003679357469,22.200694974511862,22.441160674206913,22.539864685386419,22.874456307850778,22.861520719714463,23.220859479159117,23.317412968724966,23.715743452310562,23.881332607008517,24.334373065270483,24.660430451855063,24.996651584282517,25.692197417840362,25.847221989184618,26.766959687694907,27.147969719953835,28.179944336414337,28.723673535510898,29.692923551425338,30.648095758631825
0.73262328882185623,21.946660260669887,21.847365286201239,21.956074490211904,21.918826551176608,22.189356714487076,22.429863089695573,22.528714472427964,22.863372145220637,22.850235244259238,23.209149069152772,23.305247730575502,23.703060860745609,23.868190835230052,24.320521681569517,24.645967111922801,24.981366001069546,25.676086069084704,25.830352365039289,26.748930719681084,27.128907553851604,28.159446613863111,28.701895657926798,29.669391976669431,30.622838379815221
0.73263691226351335,21.935164391994476,21.835775872692466,21.944589909166098,21.907416798174381,22.17778214905411,22.418327289633453,22.517328619025648,22.852056758478284,22.83871260471642,23.197194870561361,23.292829995043576,23.690114346332848,23.85477508045733,24.306378308683634,24.631198374554515,24.96575955953449,25.65963504742831,25.813124612905085,26.730514603666961,27.109433897770941,28.138514881953597,28.679653696715832,29.645358512178063,30.597038105130196
0.7326508599047169,21.923427659086883,21.823946067132056,21.932866870425642,21.895766083151102,22.165963311679661,22.406551210209727,22.505707947537303,22.840505438856781,22.826951893977821,23.184992824681103,23.280147599056363,23.676894830539823,23.841078120283782,24.291937821544707,24.616123259067535,24.944971217773855,25.642837021499872,25.795535480603576,26.711712068878114,27.089552693068981,28.117139089852571,28.656940536573529,29.620817201212049,30.570687802508473
0.73266513946050305,21.911447546444833,21.811865039169788,21.920896172523499,21.883875379338861,22.153899812139571,22.394526262767613,22.493842766620219,22.828715913929045,22.814947762526572,23.172534984536469,23.267203473486006,23.663401309400797,23.827094067819417,24.277194124646485,24.600729803554714,24.928716935217381,25.625686045736074,25.777572877705097,26.692512190900743,27.069251042790711,28.095312278717756,28.633747234940529,29.595752963796258,30.543780485168099
0.73267975882950442,21.899218045175076,21.799535774625838,21.908680009655654,21.871740136295557,22.14158652536571,22.382255220785737,22.48173266928643,22.816682226024568,22.802694631740451,23.159821286797523,23.253990148194134,23.649628991261125,23.812820178456604,24.262145002372563,24.585015522316098,24.912124956957996,25.608177676796913,25.759239220991731,26.672911170870066,27.048524105921388,28.07302618958056,28.610065951943398,29.570161523297429,30.516309788450599
0.73269472609831832,21.886738677509129,21.786953276023269,21.896209800615907,21.859352169558406,22.129020462743938,22.369731556624174,22.469373650848866,22.804399169050157,22.79018890671432,23.146846709772944,23.24050534889102,23.635569949634373,23.798252738080919,24.246783038601279,24.568977657705545,24.895187813788652,25.590303945355117,25.740520912222564,26.652899977751076,27.027364729903638,28.05027424916625,28.585887625813484,29.536219511181116,30.488254465162754
0.73271004954598073,21.874000449664891,21.77410991396755,21.883484355174005,21.846711294725537,22.11619702540338,22.356947122141719,22.456760812550783,22.791867922060192,22.777430362999439,23.133604597300291,23.226743805222213,23.621223110705614,23.783385346643627,24.23110378999263,24.552607113495469,24.877901543863118,25.572061665356159,25.721414626576006,26.632475507445633,27.005765953101218,28.027047658339143,28.561202805489302,29.509547855705023,30.459615951403975
0.73272573764854521,21.861004755832255,21.761002000421286,21.870499935001135,21.833812097087502,22.103111602365971,22.343904171139002,22.443891765549779,22.779081912711263,22.764411331154406,23.120093900710344,23.212703594937921,23.612234186381102,23.768211586400867,24.215106652118266,24.529199354350567,24.860260099172592,25.553443564102054,25.701915587298572,26.611624826677144,26.983718847855926,28.003334993496537,28.536008322611451,29.482317561283708,30.430381676182151
0.73274179908377146,21.847743659280241,21.747630185447633,21.857249962165952,21.820652386173606,22.089757738634944,22.33059407863766,22.430759583599865,22.766034718602896,22.751127526164055,23.106309061869979,23.198374780826271,23.597279513254762,23.752732858993113,24.198777296580374,24.512069202028215,24.842254408635199,25.534441028721631,25.682016530074179,26.590347221121192,26.96121724974364,27.979136409237981,28.510291609913111,29.454522635787725,30.400536078959703
0.73275824273592549,21.834217926487327,21.73398425988853,21.843733777292073,21.807225671596825,22.076137953437865,22.355892879888415,22.417362278327346,22.752727745100856,22.737578043714166,23.092245507985353,23.183758825995028,23.582019623368979,23.736936842091382,24.182120746932924,24.494585555046797,24.823883437551558,25.515050665475428,25.661710142157972,26.568635486066341,26.938254506327212,27.954435907304287,28.484043361619115,29.426152106374502,30.370077900588512
0.73277507770069383,21.820416682399809,21.720064656808972,21.829945764504373,21.79353023506701,22.062242416664958,22.342009810730815,22.403695228509605,22.739152830094099,22.723757581785321,23.077903553843498,23.168848526664078,23.566453828476369,23.720825695432723,24.165125023573637,24.476753765717149,24.805140729993582,25.495268704369664,25.640989461913705,26.545399208553135,26.9148218492046,27.92923172749579,28.457257715985179,29.397200133651495,30.338991437107325
0.73279231329021466,21.806339482776821,21.705867407843471,21.815880066715181,21.77956148982048,22.048071545548737,22.327848561108112,22.389760321937501,22.725309332832694,22.709662492386997,23.063275725580752,23.153641482815146,23.550579159520566,23.704390215687454,24.147788017988205,24.45856053289026,24.786020632833242,25.475087618455291,25.61985222902149,26.522799708880484,26.890914615243673,27.903513753786683,28.429927645251155,29.367654640227556,30.307270009070635
0.7328099590382291,21.791983783245087,21.691386966966093,21.801536940038204,21.765317396260798,22.033620811067522,22.313407412730157,22.375544970855117,22.706690508872271,22.695288815535605,23.048354122787714,23.138131872750819,23.534385749138892,23.687627362087369,24.13010754995048,24.440003271214664,24.766516055911779,25.454500529915094,25.598290733993053,26.499743099324405,26.866521611809731,27.877276187762618,28.40204350464046,29.337510488927364,30.274900946766138
0.73282802470535402,21.77734680660069,21.676620800048113,21.786910830065608,21.750793343409896,22.018882361240685,22.298680239357054,22.361050530336797,22.692307692021132,22.680633355863392,23.0331427808851,23.122318216599524,23.517874482087791,23.670534814707935,24.112056924030185,24.421078520826995,24.746624605730176,25.433501260355115,25.576295046135783,26.47622371185571,26.841644688509405,27.850510625168681,28.373597752302885,29.306751752272248,30.241876736283302
0.73284652028448183,21.762422041967511,21.661563306115568,21.772001935169101,21.735982705838978,21.914936680346727,22.283663958311081,22.346271916292608,22.677648577839136,22.665693584829569,23.017635075375438,23.106192993931472,23.501037414185703,23.653106153942645,24.093669028952718,24.39729932602495,24.726337089203298,25.412086584605277,25.553867251612246,26.452238746918738,26.816267265938222,27.823206573724747,28.344579702243209,29.275376576930285,30.208189575001597
0.73286545600630748,21.747206287458539,21.646215002052486,21.756794928573072,21.720885712653399,21.899718273431063,22.268354951404035,22.331207318231463,22.662701587192714,22.650466511026025,23.001824400387704,23.089754056185484,23.483874194324017,23.635338972322643,24.074920578859746,24.37762694247067,24.70565308816731,25.390248618088663,25.530992302112281,26.427776159718633,26.790386560373008,27.795361794531345,28.314983278512955,29.24337251111865,30.173829931765795
0.73288484234498774,21.731699626892805,21.630565736442804,21.741298438049853,21.705498433671892,21.884207166731358,22.252750860527158,22.315851144492626,22.647472188808024,22.63494558352977,22.985712026245892,23.073000356554985,23.466377764940262,23.617226461879909,24.055809130892158,24.357572805136442,24.684565445408225,25.367983996868134,25.507673401385546,26.40283349249512,26.763996485620737,27.76696234755218,28.282000668346882,29.210731441155076,30.138782622292638
0.73290469002393466,21.715895373374224,21.614615355618298,21.725504868663847,21.68981924559921,21.868401735089719,22.236842891201377,22.300203130580485,22.631950233131647,22.619130107574165,22.969290583394468,23.05592433642596,23.448547195643187,23.598765525966883,24.036327535286546,24.337132081389427,24.663068680092692,25.345289083197713,25.483898989856243,26.377406909130514,26.737093920819461,27.738005416467786,28.251250533387065,29.177447959780693,30.103044919669628
0.73292501002174759,21.699790079146624,21.598364067263901,21.709412464872003,21.673839840106666,21.852294269949198,22.220637680031359,22.28425722848624,22.616139885038137,22.603017074987292,22.952559522353113,23.04909130372107,23.430377014912665,23.57995562069118,24.016473891213536,24.316298321820796,24.641158420592546,25.322155131958425,25.459665169008076,26.351485167630017,26.709663226269186,27.708484522998333,28.219899356365204,29.143508275970817,30.06661045178771
0.73294581357828537,21.683381634764373,21.581803168170154,21.693015605211258,21.657562080770731,21.8358866982162,22.204123334027827,22.268013073131442,22.600028570741415,22.586603505536914,22.935517197474837,23.031385205686092,23.411861875094473,23.560789009556174,23.996243883855641,24.295068236067891,24.618829404003918,25.298578202724457,25.43496766500175,26.325064646080136,26.681707290001214,27.67839290946722,28.187942927703261,29.108909253031015,30.029460892081261
0.73296711220088373,21.666668610647321,21.564933414570987,21.676314155571163,21.640982259996235,21.819173417054117,22.187303581275046,22.251465456560254,22.583623806014657,22.569884755648673,22.918155688792467,23.013347865082324,23.393006594851613,23.541263464838266,23.975633496418595,24.273438039235771,24.596066035330296,25.274553841911256,25.412292048335075,26.298144150525331,26.653215589001775,27.647723093628883,28.155368028208613,29.073641421273351,29.991590360179543
0.73298891767072105,21.64964728243649,21.547749401070178,21.659301465377212,21.624095924198627,21.802153415046632,22.170170649886131,22.23461071588099,22.566913421265781,22.552864646539092,22.900480130687356,22.994977984577417,23.373807856813073,23.521375546231866,23.954637410119176,24.251405536197126,24.572875021956861,25.250077594071627,25.386669252999127,26.270707406103611,26.62418501637876,27.61647029966116,28.122175415977836,29.037697812542319,29.952996950596571
0.7330112420493341,21.632314121350646,21.530251437798142,21.641980553977191,21.606902098283172,21.784821446053684,22.152721624821424,22.217449931427836,22.549907388165593,22.535529095679522,22.882485285401344,22.976273226551712,23.354253591969609,23.501122619956732,23.933253854513168,24.228963639587164,24.549254976212978,25.225148470140994,25.360568149015307,26.242760774679482,26.59460717253387,27.58462375216186,28.088351931422949,29.001066438853741,29.913671625778079
0.73303409768529038,21.614668688736856,21.512434443458915,21.624344866722822,21.589397935196757,21.767175892367959,22.134959008544683,22.199978104792535,22.532589286565781,22.517885705456138,22.864164207130671,22.957227473147213,23.334345509298146,23.480501664802432,23.900250978767872,24.206110023893416,24.525199683383107,25.1997578330338,25.333984280005097,26.214295911602676,26.564477846026421,27.552184088155627,28.053894782438874,28.9637450594455,29.873602449893951
0.73305749722101876,21.596705104224384,21.494296494871378,21.606390940956771,21.57158038765192,21.749216045252979,22.11687576957047,22.18219552654773,22.514967148192227,22.499928817152977,22.845517952926457,22.937842681072652,23.314081811346114,23.459511204622686,23.878077795729041,24.182843952439725,24.500706663355231,25.173901100642979,25.306913187727332,26.185307493433356,26.533797259442508,27.519143102690578,28.018799852579832,28.925726221874356,29.832782410085201
0.73308145359980215,21.578426547348499,21.47583803255111,21.588122975081205,21.553450031206012,21.730940763838589,22.09847220685333,22.164097694680095,22.497034438885748,22.481658600270748,22.826544992625713,22.918118309229612,23.293455258011818,23.438146865926683,23.855510159395635,24.159159926697612,24.475774488411844,25.147579059004784,25.279356153681874,26.155789980664849,26.50255123898387,27.488325193524361,27.983058795332909,28.887003181502223,29.791210392490029
0.73310598007293692,21.559828168712556,21.457052879966795,21.569533349014819,21.535004254430532,21.712347943335772,22.079747557640076,22.145687058568001,22.478791837580502,22.46307261288166,22.807242128066719,22.898045226000249,23.272469097748399,23.416408367455006,23.832540846429765,24.135058589279652,24.450396602973342,25.120787963271141,25.25130058452487,26.125741836614907,26.470745460130274,27.454050643369555,27.946666359901428,28.847573567181826,29.748872462660074
0.73313109020706346,21.540910600684583,21.437944610603154,21.550624935887754,21.516242098994553,21.693435658700764,22.060697478242218,22.126958841457963,22.460240785032511,22.444169466383755,22.800657897256315,22.877628481015563,23.251119236461818,23.394293603487313,23.809170645661652,24.110533215105534,24.424572703428566,25.093524132855237,25.222751905210316,26.095160436816514,26.438368577510118,27.419162534177303,27.909619582816958,28.807424088940024,29.705769881606102
0.73315679789166943,21.521671592257917,21.418507412075996,21.531393798999488,21.497162709012628,21.674204107373953,22.041323407553136,22.107911495491862,22.441373959183693,22.424949684180319,22.780674810521305,22.856865575537086,23.229408552870154,23.371800682507455,23.785400794818997,24.085584985092282,24.398301804438233,25.063038502819836,25.193701625801623,26.064038893207908,26.405422111973166,27.383654482662678,27.871916836127639,28.766559302806854,29.661894140765071
0.73318311734677377,21.502110635861754,21.39874373935163,21.511842430569232,21.477765283547342,21.654653161764145,22.021624737419188,22.088547890074551,22.422198187559843,22.40541232470423,22.760359345935285,22.835754462517798,23.207332892343402,23.34893152769655,23.7612244496122,24.060213235206902,24.371578615158796,25.034782325848937,25.164151651784778,26.032378882169724,26.371902503073215,27.347524218261242,27.833547117188573,28.72496597096324,29.617238868027925
0.7332100631307914,21.482228465378284,21.378654863685369,21.491967746056616,21.458049296401441,21.634781058877707,22.001598319970071,22.06886369548738,22.402709786780179,22.385554106906056,22.739712426438928,22.814296808093786,23.184890008531511,23.325683022849262,23.736643433570862,24.034415314905345,24.344407654367387,25.006044813431799,25.134097889065742,26.000179393216968,26.337808409705758,27.310766063630581,27.794511869549751,28.682646099478006,29.572861230000854
0.73323765014858655,21.462025951594114,21.358235851861537,21.471771019510925,21.43801554851234,21.614586407318711,21.981250187382102,22.048864065669477,22.382909738458693,22.365383849479258,22.71873259358108,22.792491200380027,23.162082501687109,23.302155885845423,23.711659207008779,24.008189984597266,24.316783711314201,24.976828045211732,25.103543380275369,25.967434638179839,26.303133472800255,27.273381534963846,27.754812052473426,28.639598194509745,29.526603890582919
0.7332658936597175,21.441501383669674,21.337490594945848,21.45125194825232,21.417666510678828,21.594074958004057,21.960570694878697,22.0285469815135,22.36279855016619,22.344893320463598,22.697423405013978,22.770339338108897,23.138911509886384,23.278156506828964,23.686268966645002,23.981541213579476,24.288707569241524,24.947131527587771,25.072483027353883,25.934145814739168,26.271968268789351,27.235369225032628,27.714442299678922,28.595817109569907,29.479559574276209
0.73329480928687685,21.420656834729016,21.316417205147445,21.430412486195564,21.397000056691468,21.573245340026915,21.939572537317872,22.007912583649158,22.34237776696682,22.324088456109166,22.675782532431185,22.747844452038407,23.115377310663462,23.253780780360103,23.66047593113035,23.954467403702438,24.260179570876062,24.91695442609489,25.040918905287981,25.900316566228867,26.236126432195306,27.196726396679878,27.673403700813651,28.551298506557941,29.43172506429255
0.73332441302453333,21.399492709897459,21.295020698569715,21.409256909042597,21.376020419411361,21.552098440006375,21.918248446658254,21.986965896561742,22.321652390062809,22.318207738921046,22.653815749101341,22.725002866238356,23.091480686329305,23.229030264541507,23.634278923273087,23.926969779655337,24.23120562825352,24.886299514211714,25.008852924220264,25.865937043912709,26.199706525541842,27.157456797547638,27.631691655144095,28.506046807393432,29.383102105930448
0.73335472124777901,21.378014487214386,21.273300753906369,21.387782322242856,21.35472864843905,21.530638384632766,21.89660529140383,21.965706738643348,22.300619867630303,22.296769110485911,22.631522912532091,22.701822384260595,23.067223731428385,23.20390485599637,23.607682815752923,23.899050001055002,24.196617311798036,24.855167396366596,24.976286405697465,25.831018971279263,26.162711877375841,27.11755555216223,27.589313270524144,28.460067167878151,29.333686638623476
0.73338575072138701,21.356224006973207,21.251263190060854,21.365995973348618,21.333130138926208,21.508866647258401,21.874644388444722,21.944136820733547,22.27928732149303,22.275018248707056,22.608908465132117,22.678303427062929,23.042612825520337,23.178411217406392,23.580689354799688,23.870711832307279,24.166784627363086,24.823560611344874,24.943220734596252,25.795564634725451,26.12513920571655,27.077029217034578,27.546266911551356,28.411788323894143,29.283487297594547
0.73341751860908477,21.334123923443258,21.228905996307731,21.343897118233144,21.31122400611639,21.48678785469383,21.852369893342257,21.922262794338167,22.257657202892005,22.252966746687889,22.585973465815187,22.654448988847435,23.017649575136602,23.152549508959055,23.5532998573035,23.841959211044014,24.136512809433043,24.791484370827675,24.909662319347262,25.759573293849826,26.08699609991163,27.035879473201931,27.502557661384344,28.364365974441171,29.23250000551343
0.73345004248304813,21.311718718148768,21.206240274012089,21.321493426337838,21.289018873125315,21.464407848194242,21.829785382375121,21.900087518617511,22.235734436661005,22.230616216547787,22.562725166790187,22.630267310887575,22.999501308426261,23.126325654797256,23.525522542186081,23.812796425074339,24.105802578851581,24.758941799402237,24.875603563152254,25.7230523545295,26.048287443816662,26.99410966783762,27.458190068602562,28.316216675564647,29.180733673274517
0.7334833403336215,21.289013097062707,21.183262501843274,21.298790900036693,21.266518164426088,21.441728347912431,21.806893895380199,21.877615881152451,22.213523675687611,22.20798150356859,22.53916840441525,22.605761722661555,22.973851220682263,23.099747351370752,23.497363881208003,23.783227976411581,24.074659842997789,24.725942282937467,24.841058927588165,25.682867830619216,26.009017208591104,26.951726245693862,27.413165107369423,28.26734672114253,29.128190429881215
0.73351743057926844,21.266015002503991,21.15998425707221,21.275790553539991,21.243728740140796,21.418757223524153,21.783702962100506,21.854852709919214,22.194967158138752,22.18506027944386,22.51530918199569,22.580935632809997,22.947863103821874,23.072815701365471,23.468826564028859,23.753262087702751,24.043093881569803,24.692488725297153,24.806037353351712,25.645255985669792,25.969193509779871,26.908737401477993,27.367495287209749,28.217762289568782,29.074877019971609
0.73355233207676029,21.242730855941772,21.136411048471928,21.252504467964172,21.220656787976623,21.395503138191998,21.760220162570477,21.831806788221002,22.172219936735928,22.161857966333628,22.491159019991755,22.55580080114305,22.921550849452615,23.045540370047092,23.439920101314783,23.719891451299191,24.011112234555185,24.658588480204344,24.770543873310089,25.60713211260736,25.928822433575988,26.865149539895356,27.321187290363014,28.167471740394831,29.020807340741158
0.73358806413160627,21.219164597801864,21.112547090277076,21.228936961852014,21.197308192029595,21.371969663538039,21.736451195552945,21.808486391790211,22.149204890243709,22.138383367098868,22.466718384996057,22.530361250974238,22.894922733306885,23.017932091839612,23.410651770420372,23.689171749167144,23.978720840997994,24.624253015965223,24.734587579034269,25.568507024087012,25.887912441976368,26.820966938510537,27.269106415100396,28.11649071611464,28.965986641123891
0.73362464650873271,21.195326609537005,21.088406309485435,21.205095479264855,21.173694740980864,21.348170974291861,21.712406316772103,21.784898676909506,22.125934652984142,22.114648280665278,22.442005466669798,22.513715482316911,22.867981538176537,22.989998349919915,23.381031022407115,23.658083246089518,23.945933381095529,24.589485640637577,24.698180437088013,25.529388165101409,25.84647823125124,26.776210894808173,27.221510917879641,28.06481584534049,28.910430109128356
0.73366209944341509,21.171230059117079,21.06399292871356,21.180993198417127,21.149826234206557,21.324111731722951,21.688091352581978,21.76105129905045,22.102418170310557,22.090662363916636,22.417023675516248,22.48769340198487,22.840740898624063,22.961752544157207,23.351072024554014,23.62663285061717,23.912756850011647,24.554304944351315,24.670924389734864,25.489788057282567,25.804535446688533,26.73088784981519,27.173308200202882,28.012476529926062,28.854146441444755
0.73370044365247178,21.146883342415094,21.039321188814938,21.156638854183257,21.125712880864739,21.299807743169367,21.663521966896951,21.736959281377494,22.078663092106581,22.066434944979846,22.391787527129054,22.461399015039206,22.813210144639015,22.933204151690006,23.320782335475087,23.594834424555302,23.879207134246826,24.518721595406532,24.633673672564328,25.449721774086356,25.76209276355803,26.68501275870949,27.124515944160521,27.959478668868542,28.797162245959044
0.73373970034572289,21.122299832291901,21.014402901753783,21.132046501152217,21.101367642171681,21.532487564720213,21.638706841506064,21.712632670998573,22.054688528180122,22.041980849578977,22.366311004385352,22.434847129508853,22.785408027470112,22.904367823153734,23.28218621108681,23.562701263464987,23.845297854393721,24.482751651667058,24.596014616079628,25.409205636940897,25.719168541952968,26.638600638136268,27.075149402953684,27.905843123793602,28.739485515281558
0.73377989123772269,21.09749058727175,20.989248166792095,21.150297405198216,21.07680145278573,21.507215455174446,21.61366075836122,21.688086420297623,22.030505498871207,22.017313272692263,22.34060793183744,22.408053175546229,22.757342837750912,22.87526146415621,23.251335762441158,23.530253318138421,23.811043170280755,24.446410959586501,24.557965408079326,25.368258257396519,25.675777333788574,26.586079783737659,27.02522842399776,27.851588075980544,28.681143742054701
0.73382103855977054,21.072473965585232,20.963876083493233,21.125301093794405,21.052034104242921,21.481717709451914,21.588397901505232,21.663332187570632,22.006127676926553,21.992449620738626,22.323344682343304,22.381031737662852,22.729036897420883,22.845897283405066,23.22020470444113,23.497503048740327,23.776465837843716,24.409715110436082,24.519537173211575,25.326895922422409,25.631942475214601,26.538622363470495,26.9747778410092,27.796739045530558,28.622160835191607
0.73386316507220828,21.047264921478927,20.93829991389066,21.100110043771565,21.027078293263912,21.456011993810534,21.562935705296695,21.63839068915695,21.981574764475226,21.967406509444118,22.297225487418473,22.353799366392195,22.700503123924136,22.81629554182291,23.188812063075602,23.464475380256772,23.74158326163888,24.356710523366928,24.480760239996016,25.285141233354807,25.587685741484165,26.49069448094815,26.923819169402122,27.741319473832846,28.562562368810177
0.73390629407700947,21.021884030662477,20.912538226693869,21.0747454110533,21.001954715698957,21.430115555413067,21.537291585467756,21.613276333548129,21.956864340230823,21.942201600410044,22.270931438542902,22.326377968303859,22.671764871105552,22.786479186266661,23.157177168875933,23.431185597553849,23.706412297673523,24.319366744719446,24.441654371097684,25.243019513785839,25.543033429421484,26.442316733300686,26.799028604291379,27.685355616733432,28.498421870172024
0.73395044943066945,20.996344626881182,20.910159233957529,21.049224503338337,20.976682524196804,21.404049333184958,21.511482777073979,21.588010901585221,21.93201597686857,21.916855701245368,22.244486602023244,22.298789526335895,22.642842153087258,22.762651646509767,23.125326501205564,23.397661684080958,23.670986028388143,24.281735823489726,24.402246629819274,25.200555025599897,25.498014030046761,26.393520363606513,26.747158359736204,27.628882028162479,28.43768853507936
0.73399565555740076,20.970674850977957,20.884247385896742,21.023568156175315,20.951284659095109,21.377831974998116,21.485532810911536,21.562617081217468,21.907054307870567,21.891393282450736,22.217911356128752,22.271055792458355,22.613760594278574,22.732406968250871,23.093282770365477,23.363929335959256,23.635326093994081,24.243845929391682,24.362562991678715,25.157781377434731,25.453733507543802,26.344340959563851,26.694873310625553,27.571931289508939,28.376437850296497
0.73404193746264323,20.944898464716971,20.858218158595264,20.99780554510653,20.925784276798368,21.351488729007542,21.459466638043523,21.537118862383068,21.8820008514449,21.880912560038269,22.191231745295227,22.243199844844639,22.584544286131859,22.702018996700644,23.061073170043528,23.330014419741929,23.595036123879254,24.205731075257063,24.32263667602092,25.114729791879654,25.408030898310244,26.294808366335928,26.642207992263138,27.514536892995238,28.314712474122643
0.73408932074689615,20.91904048807919,20.832096419297159,20.971958264708519,20.900208749808371,21.325044733472168,21.433308285661042,21.51153969578445,21.856882275082171,21.855247613973916,22.164470887742937,22.215255668386817,22.555225203745067,22.671517913229764,23.028728992678225,23.295949122868478,23.559015640988946,24.167422843165696,24.282500070519745,25.071435070596635,25.362056096084416,26.244963168166578,26.589202826842666,27.461586044169962,28.252557441592216
0.73413783161987822,20.893126560375094,20.805911139585078,20.946051670238376,20.87458445969969,21.298525153659284,21.407085913233459,21.4859086452052,21.83173269033432,21.829543340019882,22.175707406364381,22.187249238602817,22.533655550330877,22.640933366492391,22.996281588450074,23.261769259348512,23.522857028059661,24.12895561940968,24.242192014120519,25.027933765202761,25.315856474451721,26.194847324863076,26.535901322960854,27.403457368724048,28.190023479983211
0.73418749691502583,20.867192420177162,20.779690372757614,20.920122597366571,20.848944214172661,21.271962692961097,21.380829272791743,21.460256668739021,21.806574869900942,21.80383697617799,22.148744911886752,22.159215651452541,22.504191292449832,22.610303761437535,22.9637640286237,23.227512515150011,23.486600888893008,24.090370070189238,24.201753126457334,24.971465259790421,25.269466738216579,26.091972189955413,26.482355557382107,27.345026432536542,28.127159995958209
0.73423834410433553,20.841267933137715,20.753469835035503,20.894201621413231,20.82332209777087,21.245389143005013,21.354572833515704,21.468877927400172,21.785134662874043,21.778156860731542,22.121801103465259,22.131188262254,22.474724732339382,22.57966273277998,22.931220481172204,23.196411025710404,23.450286019593477,24.05170744471252,24.1612270148471,24.927654567174613,25.222943580709398,26.041629370301962,26.428613540716469,27.286352262832224,28.064029449597001
0.73429040131356016,20.815392581745982,20.727284478954971,20.868326518684626,20.797749500721693,21.222781057469547,21.32834989298135,21.443215674720705,21.760018256492913,21.729920597746968,22.09491375926882,22.103207345120609,22.445293492637575,22.549055363051593,22.898687395267189,23.162108856253326,23.413957997225225,24.013015104457736,24.120662326924503,24.88377864472568,25.17633550055325,25.991169891320169,26.370134422555566,27.227491199038923,28.000697592273355
0.73434369733776605,20.789601179771125,20.701170450076461,20.842536753974855,20.772271232679486,21.196230831556022,21.302201976068318,21.550020853057504,21.73500875197351,21.703277386724949,22.068122458644211,22.085989723913372,22.415941028855741,22.518522921949625,22.866216324269772,23.127854096703231,23.377664292231202,23.974345996044576,24.08010848518461,24.839891647920012,25.129695581272244,25.940641492605209,26.316162062808871,27.168488600291312,27.937232255935669
0.73439826165726119,20.763940122909844,20.675174676813185,20.816868584603071,20.746930722147226,21.169780557975173,21.276169608347118,21.525503564625978,21.71014538127929,21.677741689607501,22.041472906246781,22.058240845799446,22.386714974418283,22.488112749531865,22.833853245712817,23.093703825958073,23.341457658447325,23.93574960436672,24.049489974044263,24.796048277057707,25.083090864121914,25.890096668154001,26.262185155414045,27.049256449565291,27.87370593007654
0.73445412445390179,20.738451084122062,20.619178547523916,20.791372329927981,20.721767518669367,21.143476372584701,21.250296766869724,21.501177999190986,21.685476283542812,21.652396136894822,22.015013225376606,22.030673995614052,22.357665645889938,22.457876421511173,22.799991711974144,23.059708678163588,23.30539520829916,23.897288300096989,24.009120338596404,24.752316442318261,25.036584431305528,25.839628310874104,26.208272921852767,26.990358092822134,27.810201986692846
0.73451131662778735,20.713187942281365,20.593716818839312,20.766096164472401,20.725816259160638,21.117366633377969,21.224634155631065,21.477093532681465,21.661046375520527,21.627295849844813,21.990664056502283,22.003341995179653,22.328845515847206,22.427871115505695,22.767982635647058,23.025932091288269,23.269538523629308,23.859023344703019,23.968943464569747,24.708762426860631,24.990251339972019,25.790254523977637,26.154500958509743,26.931573802605271,27.746810457669199
0.73456986981435246,20.688200728967786,20.568518874235451,20.741095433942974,20.661551122553647,21.091503497213125,21.199232369661331,21.453299869783223,21.636913113296032,21.60248810146004,21.964791000820696,21.976301743648946,22.300313922576606,22.398155960254371,22.736251058988273,22.992432786151767,23.233955226838589,23.805976895615458,23.929035055451095,24.66545900516212,24.944164328277111,25.740040309727192,26.100961512885988,26.87299373652786,27.683624543249607
0.7346298164018662,20.66354688256979,20.543644421733916,20.716423579491675,20.636830569244921,21.065942867659032,21.174144936725497,21.429855714552104,21.613133748061955,21.578036861494184,21.939276672899723,21.94961433019489,22.272135575301945,22.360681199468672,22.704865240491927,22.959284947253764,23.198713961988688,23.768386270850897,23.889475101605058,24.622490785084665,24.898409425280988,25.690140753984451,26.047744331881404,26.814710961654782,27.615940220654011
0.73469118954934742,20.639288686215878,20.519157488830388,20.692142933607101,20.612505475059152,21.040743764489889,21.149437440559268,21.406821410171688,21.589764630421996,21.554002073593438,21.914181740023196,21.923348135314882,22.244375348091125,22.358899961225688,22.673897610977292,22.926564238965511,23.163894253782928,23.731216956861317,23.850339977070689,24.579942476935685,24.853269577026367,25.640655268914998,25.994948375970125,26.756831740029156,27.553447579964995
0.73475402320490568,20.615494160912931,20.495115533471107,20.668318419717252,20.588644370436668,21.015969110652804,21.208929824642837,21.384263926185668,21.566876472905278,21.514202749356627,21.889578849077225,21.897568586282432,22.217105492949486,22.330158461816609,22.643420781940222,22.894343319348991,23.131131569854915,23.694550146348774,23.811719628050923,24.537903213873506,24.808454431593418,25.59168110229075,25.942678330466151,26.699477622285485,27.491498778574169
0.73481835212452051,20.592228065244853,20.47159471642226,20.645022908225656,20.565315027721226,20.991692553274333,21.185801916755736,21.362252575345337,21.544539847411215,21.491256594657898,21.865543716587126,21.872356247156858,22.198290629312396,22.301991423591971,22.613524680957198,22.862711536698043,23.097433508373797,23.658482100814581,23.773715708404779,24.496476272121072,24.764265735633671,25.543330116197467,25.891056225635111,26.642889313399792,27.430221548303962
0.73488421189126552,20.569575326517224,20.448667895048857,20.622329750098288,20.542596429586411,20.967985975556076,21.163263916037977,21.340862623415887,21.522825930267572,21.468946714885533,21.84215041436255,21.847789622843266,22.183343445882201,22.274483350105584,22.584292521700263,22.831762069836259,23.064420524053276,23.623114421032369,23.736425814218819,24.446863437071443,24.720809580758214,25.495718250982463,25.84019891731441,26.586910388432443,27.369753455743194
0.73495163893499149,20.547606755048037,20.426418022252619,20.600323588587344,20.520569101907313,20.701983133330941,21.151927847415209,21.320175481960177,21.505200745537877,21.447353454306722,21.81948718149215,21.823955466039479,22.157727027311921,22.247727626003325,22.555819714441895,22.797415492124856,23.032194585539401,23.588551801629364,23.699959851801395,24.407043889164925,24.678209971636534,25.448970851488411,25.790247407741845,26.531837072223425,27.310249882750213
0.735020670552477,20.526418278925121,20.404928455129266,20.579085305333138,20.499320454895496,20.680868654511869,21.130809574387968,21.300276235677302,21.506313860416412,21.426567115820944,21.797646707855165,21.804624550044537,22.132943568751216,22.221826381981373,22.528213202953339,22.768121816217899,23.029691301286221,23.554903345182538,23.664439878426492,24.368181363679469,24.636608387343585,25.403229062445462,25.738486680202186,26.477825608104467,27.251869140192866
0.73509134492805861,20.506100792437792,20.384295391850173,20.558713953010738,20.478943821042776,20.660638849250972,21.110538152046502,21.28126036375761,21.488369092345238,21.40668170247227,21.776726640760899,21.782442905008793,22.109096744097769,22.196878390386701,22.501579928211868,22.739825483411551,22.999122630804777,23.522296608425677,23.577624972909689,24.330413362942636,24.596130445599556,25.358636156655848,25.69086336158216,26.425039030611515,27.194788129068911
0.73516370115475316,20.479971673339605,20.364617451094091,20.53930670581758,20.459540983662009,20.641389133408666,21.091211618855596,21.263226828537881,21.471443575806916,21.387799160555005,21.756827978417277,21.761292651295662,22.086293516680598,22.173000977374613,22.468747003935277,22.712648864835501,22.969687026925385,23.490860713645816,23.543970556929708,24.293877786956728,24.556924680247903,25.315349853597581,25.644608952105045,26.373650158755481,27.139186795800924
0.73523777925588074,20.461106638424098,20.345999496988952,20.520971358753741,20.44121672026813,20.62322998046875,21.072933373972774,21.246276998892426,21.455645683221519,21.370029084384441,21.741155575029552,21.741284386254847,22.064653410576284,22.15031501185149,22.444379017688334,22.68672207929194,22.941516841761768,23.460735186003149,23.511660290881991,24.258729932829738,24.468474209308624,25.271675107069314,25.599892972968519,26.323846930637956,27.085269581526518
0.73531362020720381,20.443423182703555,20.328554049134254,20.503821874037385,20.424088160507381,20.606277846731246,21.055813766084611,21.230527925305068,21.441089394502342,21.353483046405017,21.723578576929867,21.722545650787652,22.044301936402917,22.128947572782636,22.448997696861625,22.662185015156865,22.914761886931956,23.405272890813649,23.480842822231352,24.225130345672369,24.432132054120302,25.231577497906983,25.556897766888142,26.275826938450336,27.035035750828683
0.73539126595959281,20.427046013996005,20.312406584620476,20.487976730801165,20.408274083398283,20.59065252263099,21.039971934631467,21.216102252714336,21.480407807044685,21.338288921862841,21.707381774671376,21.705198395065963,22.025372624397278,22.099946049973369,22.427480892278254,22.639185695908964,22.889568597078323,23.378333994187415,23.451685782521963,24.193250490352511,24.394499145448208,25.193326533772051,25.515813699923456,26.229806558229029,26.985162040218711
0.73547075946223062,20.412104892078787,20.297680775169283,20.494838384911418,20.393907129764557,20.576487510465086,21.025540233589709,21.203124820254743,21.468562472611666,21.318841324187815,21.692699785344303,21.689384500496089,22.008007392287254,22.081574011594057,22.407603896223009,22.617879790253937,22.870610401034355,23.35318607557565,23.424369432963431,24.163283636793494,24.361941336654127,25.15712496638298,25.476882565766573,26.186012407764792,26.937663252465427
0.73555214468636954,20.39873870043084,20.284518389496952,20.48203211883083,20.381127894390374,20.563922059722245,21.012651596218348,21.191735539585352,21.458326634950936,21.306916503235698,21.679681011475623,21.67525380384177,21.984017279930413,22.06496387720108,22.389536113478243,22.598439549095929,22.849034370854497,23.330009226687253,23.399083231575787,24.135423478670418,24.331567992456257,25.123198431916535,25.440329382196069,26.14310357440263,26.8927904330194
0.73563546664965418,20.387095289770514,20.273065375629812,20.470951858442277,20.370081410743296,20.553106808103621,21.001450416631997,21.182082890532911,21.438018018379807,21.296770404092968,21.668478579260409,21.662968403659761,21.970302190631628,22.050283437594771,22.373447901569307,22.578742100857198,22.829549432732165,23.308989631012082,23.376024515368044,24.105620440095663,24.303600684739649,25.09177474770695,25.406407574191689,26.104450435377657,26.810890505090356
0.73572077144102199,20.37732925824821,20.263480627909303,20.444057007320225,20.360927984584123,20.544199442490935,20.992092303000391,21.174315138719976,21.431488648988307,21.288557916879654,21.659256826154888,21.653642637655139,21.958642330020666,22.037715632468462,22.359524381347001,22.563692612573504,22.812352975830436,23.290347382426262,23.355415287427604,24.082648046314716,24.278279251419008,25.063107488676906,25.373317627236247,26.068807408213615,26.772386090829968
0.73580810624619775,20.369615179952234,20.25592738809064,20.437101668212563,20.353836619760841,20.537364907562733,20.98474520072341,21.168606580235064,21.427066820673645,21.282453306950629,21.652191891334951,21.645611909218132,21.949225568212569,22.027449476532638,22.347961210645735,22.551082950085402,22.797655622474849,23.274304948747158,23.328497101552784,24.062463827431202,24.255851320922375,25.037461319006979,25.345535232685506,26.036472558043897,26.737413820810616
0.73589751937379322,20.364126380998641,20.248749290592968,20.432390043977648,20.348985366523266,20.532790941651911,20.979576652403921,21.165132008958608,21.424936843104661,21.278636244125664,21.64746920671314,21.639961193315685,21.942244929261506,22.019685653038323,22.348252770490944,22.541134526953101,22.785688151605427,23.261093976907432,23.313523886725307,24.045329772867262,24.23659133631736,25.015556347556412,25.321227788925171,26.007760693319142,26.706321523524821
0.73598906028202926,20.36105777323246,20.245719169266522,20.430114096496254,20.346561984624714,20.530665131285787,20.976780799217522,21.164077515713871,21.42528320569545,21.277299616020173,21.633774311281741,21.641659901477396,21.937914446927607,22.014647450298071,22.341932058334351,22.534078733995557,22.776688503101468,23.256753465160728,23.301736783236265,24.031514423899353,24.220781308598816,24.99678944889456,25.300721448846161,25.983012505806983,26.668751991353929
0.73608277960609303,20.36060968786478,20.245287377852947,20.430474859662354,20.346774021629244,20.531191085465252,20.97655493253842,21.094300921540707,21.428311089519411,21.278646974358708,21.634232523851097,21.641510554589331,21.936461618170142,22.000695168040693,22.338642988353968,22.530165068805218,22.770908856764436,23.249967628158629,23.293409611098468,24.021312920376658,24.206518364138901,24.981957726180553,25.284357931464911,25.962588937953115,26.646494990214705
0.73617872918614657,20.363001361023635,20.247665382921696,20.433691661804914,20.349836031906307,20.534586602356285,20.979101615492254,21.100088653620332,21.43423259165138,21.288467290811241,21.637663029134274,21.644396425224841,21.938121500425041,22.001920773647726,22.338636978529394,22.529653902165592,22.762506823986769,23.246823465451598,23.288837510161102,24.015040029771626,24.19865224417299,24.971396307460964,25.272491339594126,25.940156251192093,26.629270675592124
0.73627696209600191,20.36845366563648,20.25308543862775,20.439989052712917,20.355975837446749,20.849857714027166,20.984654631000012,21.108972270041704,21.443272782955319,21.295799761544913,21.644301416818053,21.650556147098541,21.932412011548877,22.006601127795875,22.34218645747751,22.532822594977915,22.763892373070121,23.247611531056464,23.288329422473907,24.021006942726672,24.195250393822789,24.965475838631392,25.265507940202951,25.929500346072018,26.617509226314723
0.7363775326724783,20.37721823528409,20.261785872280598,20.449613906443119,20.365434235427529,20.857906005345285,20.993446608074009,21.121190916746855,21.441133430693299,21.306509163230658,21.654403594788164,21.660254335030913,21.941090391017497,22.015014987438917,22.349569629877806,22.540239265188575,22.769363109953701,23.252655792981386,23.292213535867631,24.023695001378655,24.196649358607829,24.964578809216619,25.264797868207097,25.924392447806895,26.611681343987584
0.736480496545458,20.38954652287066,20.274021842051297,20.462821062188596,20.405311030335724,20.86941599054262,21.093953325878829,21.157383102923632,21.457201457582414,21.320851924363524,21.668230497743934,21.672792910598218,21.953672816976905,22.027450434863567,22.361094346269965,22.551731867715716,22.779247648082674,23.262300914153457,23.286524398252368,24.031360551714897,24.203234750777483,24.969116801396012,25.268882617354393,25.925290376879275,26.612271022982895
0.73658591066865831,20.4057133407332,20.29006415605545,20.479887907858938,20.471390390768647,20.884648443199694,21.111862813122571,21.177088652737439,21.47716331249103,21.339106680825353,21.686072077136487,21.690432141069323,21.970465389546007,22.044224626384676,22.378535700030625,22.567852096632123,22.793887096457183,23.276908665895462,23.300328330136836,24.044397057034075,24.215418169274926,24.974333667196333,25.279149873182178,25.932685085572302,26.619807356968522
0.73669383335113414,20.4260089318268,20.310199413448572,20.501100690569729,20.492035859730095,20.903886533342302,21.133853355422616,21.200941255316138,21.501307028811425,21.361562012694776,21.68847868219018,21.712480079848319,21.991783895995468,22.065675909630954,22.399273167364299,22.588950496166945,22.813648528419435,23.304490105248988,23.319685283116996,24.063229068182409,24.233638579025865,24.991093393415213,25.296091929078102,25.947097201831639,26.630521145649254
0.73680432428953191,20.450738589745015,20.334734020754695,20.526766333263367,20.517126268241554,20.927426226437092,21.160222969017923,21.229244481306523,21.474749451037496,21.395768966060132,21.715307330712676,21.739264582749456,22.017961552832276,22.094001683406532,22.4251689594239,22.596252400428057,22.838923843577504,23.330248272977769,23.345035444945097,24.08829580526799,24.260296762920916,25.014681567437947,25.320223749615252,25.969064713455737,26.653736962936819
0.73691744460111008,20.480227011721581,20.36398471519351,20.557210309896618,20.546987352892756,20.955583227332681,21.191289939451963,21.262321498710662,21.509409614372998,21.501817669719458,21.747102900408208,21.771130549255759,22.04218250606209,22.126086349599063,22.456604310311377,22.628171538934112,22.868883838877082,23.362184220924973,23.376776196062565,24.10758294723928,24.291961882263422,25.045616705901921,25.352099004201591,26.000164027325809,26.685663095675409
0.73703325685754595,20.514816720504314,20.398297175765038,20.592775491531938,20.581959396135062,20.670396327972412,21.227389003150165,21.300506765954196,21.531135786324739,21.53875322220847,21.784216708038002,21.808432868216187,22.079136752057821,22.163940399885178,22.493979217950255,22.668416207656264,22.906358464621007,23.40076386090368,23.415388036519289,24.150795566849411,24.331138567067683,25.084454564377666,25.392296737059951,26.039171013049781,26.726960780099034
0.73715182511954613,20.570607255678624,20.438024823088199,20.63382513076067,20.622407996095717,20.711375045124441,21.268874731380492,21.344159738626331,21.576492456719279,21.581242735963315,21.827027930412441,21.846830836497247,22.122079163789749,22.207978335209191,22.537725368514657,22.713046504184604,22.950643845833838,23.44645360764116,23.464532266370952,24.197310369461775,24.378378042019904,25.131774563342333,25.445842771790922,26.087594214826822,26.778324729762971
0.73727321497228193,20.615888053551316,20.483551746234298,20.680742636322975,20.668714768253267,20.758252067025751,21.316120444796979,21.393657904118299,21.627787720877677,21.62966822180897,21.875928925350308,21.896101664286107,22.171436394564807,22.258630366064608,22.581574224866927,22.764743266161531,23.002223438583314,23.499763377010822,23.518627708777785,24.252103748731315,24.434258359484375,25.187472642399371,25.504498792812228,26.146109335124493,26.840494465082884
0.73739749356166717,20.667395427357405,20.535456754267216,20.73392850253731,20.72128204908222,20.831234770361334,21.369523822329938,21.449400145560503,21.685423941351473,21.684437459334731,21.912580053322017,21.952031040564179,22.227648542728275,22.274571715854108,22.63928007055074,22.823996829800308,23.061610552947968,23.572545100934803,23.581181030720472,24.315765720792115,24.499405832029879,25.253711059689522,25.573426865972579,26.21545908972621,26.911511855199933
0.73752472963149884,20.725551806855947,20.593856568448246,20.793811936862767,20.780537482816726,20.891074390150607,21.429497550241649,21.511805686168373,21.749806566629559,21.749993555713445,21.974879575427622,22.015068869572133,22.291176351718605,22.331734635867178,22.704784207046032,22.891327199526131,23.129345526918769,23.642617003060877,23.652779425494373,24.388912162743509,24.577071057632565,25.330382809974253,25.653350884094834,26.296423480845988,26.997721096500754
0.73765499356148312,20.790808297693729,20.659331437200308,20.856024940963835,20.846929130144417,20.958094141446054,21.496478305663913,21.581315683200955,21.821402680594474,21.818625847809017,22.044585271272808,22.085692691616714,22.381991796661168,22.404477442149073,22.778593205381185,22.967283907346427,23.19373232498765,23.722011591307819,23.734039892442524,24.468242385424674,24.662771093659103,25.418217407539487,25.745035392232239,26.394226625561714,27.097206852398813
0.737788357406165,20.863633145578206,20.732340194284916,20.930267451331019,20.920927764847875,21.032771883998066,21.570930117741227,21.658394629135728,21.89014835935086,21.894946808926761,22.125675528310239,22.164400375448167,22.461391569115222,22.485793876927346,22.861269399989396,23.054132014513016,23.279837984591722,23.811370061710477,23.825611817650497,24.562278906814754,24.759778086096048,25.517972402274609,25.849396481178701,26.500966518186033,27.210876626893878
0.73792489493478453,20.944520796649158,20.813378371763974,21.012614671140909,21.003028808627278,21.115605005063117,21.65333483973518,21.743529120925814,22.012505951803178,21.979454812128097,22.211572609376162,22.249446189962327,22.549658676609397,22.576246201060712,22.945201735477895,23.148975702468306,23.376082284376025,23.911327951122075,23.931843601632863,24.667844998650253,24.868843214586377,25.630450836382806,25.96691108122468,26.62188334390521,27.339696237817407
0.73806468167208195,21.033989287912846,20.902957800775766,21.103585009463131,21.093751294072717,21.207113590091467,21.755198231432587,21.837231245823205,22.108617397025228,22.072671346366405,22.314158418681473,22.345638124272227,22.647364160977304,22.676421586424112,23.047269863542169,23.254258376080543,23.483126235194504,24.020489427261055,24.046247739344835,24.785707848146558,24.990764676593244,25.751650485210121,26.098718401044607,26.757931974716485,27.484675191342831
0.73820779494007382,21.132581363897771,21.001627037767321,21.203729321714491,21.193646159023046,21.736816198565066,21.855138898827136,21.940037758555263,22.213975543621927,22.167861430905759,22.418569577857852,22.451564851216972,22.755106428638101,22.782218985259533,23.117101768497378,23.370643207803369,23.601660149171948,24.051199133507907,24.173084751237184,24.916665859986097,25.133573478087783,25.892135116271675,26.245754449628294,26.910102099180222,27.652128812856972
0.73835431390082273,21.240871821530163,21.109944012947381,21.293622403871268,21.303277649916708,21.844403887167573,21.964633281808347,22.052512320224196,22.329145439434797,22.280106728430837,22.533086613286287,22.567825747188181,22.875059581827372,22.903918195515871,23.24097749684006,23.498829193878919,23.718432022724301,24.186411309521645,24.313124260865152,25.054098547436297,25.233729005325586,26.04803236015141,26.408994384109974,27.086256325244904,27.832819047383964
0.73850431960022556,21.359455898869783,21.228508981876075,21.413121124263853,21.423250453080982,21.962039536330849,22.084259720519185,22.048104855231941,22.468029863666743,22.402778141666204,22.658325937576592,22.682396239135414,23.004742983728647,23.037290199659765,23.376915813889354,23.640167765785009,23.862184865865856,24.335167055018246,24.467263175174594,25.213735884055495,25.39931887248531,26.220287907868624,26.52112374920398,27.273983712308109,28.033001783303916
0.7386578950128434,21.48895352659747,21.37747102510184,21.543566948734224,21.554187291301787,22.090331160929054,22.214629842434078,22.183136308100075,22.604703529272228,22.536497203167528,22.794931599870324,22.815292281098664,23.146432912442833,23.183038063813001,23.530638096388429,23.794242340605706,24.019710022956133,24.498298378661275,24.638078627176583,25.389084513299167,25.581349854357541,26.407950633205473,26.720461065880954,27.481124274432659,28.253902578726411
0.7388151250877979,21.630022231955081,21.518846300896257,21.685611975844949,21.69674176024273,22.229904293548316,22.356382961384952,22.329753557685763,22.753052540123463,22.681916304398328,22.952143053989857,22.966513634193689,23.300841894000769,23.347316028550267,23.69306054385379,23.962415852583945,24.191804806236178,24.670110831037164,24.823286515660584,25.581104754470289,25.780820951797068,26.581782713066787,26.939243142493069,27.70888192858547,28.503311345353723
0.73897609679576093,21.783333155326545,21.672428715974092,21.839940239209682,21.851592124439776,22.381415034178644,22.526261003222317,22.488631159998477,22.913766667246819,22.822135870810598,23.113508016802371,23.130787496455014,23.468710131477565,23.520246695261449,23.869852194562554,24.145443604327738,24.371935189701617,24.864706377498806,25.025322530418634,25.790787460748106,25.993770740926266,26.809728255495429,27.178639385383576,27.957483612000942,28.769562192261219
0.73914089917706116,21.949599570594728,21.838918332476169,22.007251649163663,22.019531630910933,22.144588456023484,22.69666917109862,22.660442985594273,23.101014840882272,22.992739792447537,23.288346638437361,23.308859470300376,23.646242855582386,23.707860667724162,24.061844219919294,24.340898341033608,24.566930269356817,25.07639398984611,25.24516879953444,26.012609345838428,26.231371795758605,27.058383879717439,27.439875014591962,28.181698872707784,29.060545241460204
0.73930962339093653,22.129547389689833,22.019045770633966,22.18828324880451,22.200386790093035,22.326378260273486,22.880648785736412,22.85580392787233,23.181583111640066,23.177151636686176,23.477418057154864,23.503243959043175,23.843457111623138,23.910990210715681,24.269894160795957,24.556335152126849,24.788761234842241,25.306155269499868,25.453279713634402,26.260645275935531,26.48967597540468,27.32893929630518,27.723877931013703,28.47969226911664,29.377662668935955
0.73948236276595813,22.323932804632932,22.224959756713361,22.383797039277852,22.395729559473693,22.538688207045197,23.078940141480416,23.055765435565263,23.38499845052138,23.376156344544142,23.685167566873133,23.711161159910262,24.05655414192006,24.130499361082911,24.503192383795977,24.789396406151354,25.028890383895487,25.553331898059696,25.710967057384551,26.529564836062491,26.769851071294397,27.621646095532924,28.032521111890674,28.80361340707168,29.718835163395852
0.73965921285165392,22.53355361148715,22.435096410103142,22.594577904324979,22.570601750630885,22.750431630760431,23.292311768978834,23.255313184577972,23.603829617146403,23.571677400264889,23.904849611222744,23.935289932880551,24.286391083616763,24.37088418751955,24.746168543584645,24.970284282229841,25.301683717872947,25.822459791786969,25.989625751972198,26.820526742842048,27.070138114970177,27.939580236095935,28.36695890314877,29.154924810864031,30.092862247023731
0.73984027147136211,22.759201023261994,22.661246182397008,22.821440498810261,22.797235534060746,22.978353251237422,23.521547764539719,23.485941872932017,23.843505071476102,23.801918145734817,24.141188372392207,24.176487747579813,24.535957778338343,24.62557345861569,25.007981032133102,25.239154191687703,25.581549478229135,26.112821884918958,26.290381083264947,27.136113510932773,27.397989978082478,28.28329369565472,28.728560226969421,29.539497416466475,30.497725857421756
0.74002563877634031,23.048415972851217,22.904242450837046,23.065212759654969,23.040797264780849,23.22329036006704,23.767465835437179,23.732151317875832,24.09553740080446,24.049154864624143,24.395042368676513,24.441463098395616,24.802016311325133,24.899386994540691,25.299692296423018,25.530845840461552,25.882823197171092,26.42552757030353,26.602890932466835,27.45298653235659,27.751485363114625,28.654152692295611,29.124395108316094,29.950219159945846,30.935093328822404
0.74021541730116425,23.308632075320929,23.164932793471962,23.326757679693401,23.30213390244171,23.486111586913466,24.030895137693733,23.997626743745059,24.36548538506031,24.314239322673529,24.668236978817731,24.719368158373982,25.087554607074708,25.189876526128501,25.602020518388599,25.844195747282356,26.206602315418422,26.761456277221441,26.951230818405747,27.81827917508781,28.131953155156225,29.043176955543458,29.544778803363442,30.392991584725678,31.405945221893489
0.74040971202044403,23.587488823570311,23.444192749448121,23.611846810672432,23.582136758137494,23.767693158239126,24.318802183493972,24.236790009774268,24.654251621104777,24.58034653076902,24.908800449687988,25.01706084376201,25.394613570533693,25.504982114769518,25.926177920307964,26.18028141791001,26.562463814392686,27.122375421691686,27.32525379396975,28.210633676033467,28.54723002249375,29.472547424491495,29.996827309485525,30.875010394025594,31.901725985575467
0.7406086304068894,23.885875273030251,23.731681154109538,23.892903169151396,23.88169757835567,24.068944039288908,24.619825940579176,24.541236297227442,24.952265666332096,24.851144453044981,25.219771475996822,25.333465829957277,25.722096835263073,25.842207509092987,26.273239630274475,26.548763023689389,26.934482150711119,27.509173428174108,27.726216289680451,28.636942977551371,28.98589094588533,29.933422030415386,30.493257836904377,31.386896098963916,32.448027004953474
0.74081228249075837,24.204704235307872,24.050600222311914,24.213088826742023,24.201727334409952,24.795650912448764,24.789308900944889,24.874323058873415,25.281075468286872,25.174349234905094,25.547912633512169,25.673278927337378,26.072040236089379,26.202579484321177,26.645513071212918,26.934118176344782,27.33242236636579,27.923066336661577,28.151424821466208,29.087562510278076,29.455695762764663,30.420570376329124,31.013513910584152,31.935870053246617,33.03391701541841
0.74102078092071899,24.544894309714437,24.390806613024324,24.554683513939381,24.545304774306715,25.135974201373756,25.135170006193221,25.220991863403469,25.442251519300044,25.511077206581831,25.902035017032176,26.035738992039114,26.445425909478217,26.595852435566485,27.041768538299948,27.345565649680793,27.757463114801794,28.36258347844705,28.610307093709707,29.569271760061383,29.959332512691617,30.949016140308231,31.570228855591267,32.523659570608288,33.668263095896691
0.74123424102616042,24.907364950049669,24.753215815406293,24.918613098561764,24.908132073003799,25.090345838107169,25.503196908626705,25.589989682193846,25.806818038690835,25.878410948906094,26.27923178859055,26.421838942915201,26.848450184334069,27.005676712840796,27.464181947521865,27.79011750407517,28.217708353884518,28.834803442470729,29.09999670041725,30.085389830172062,30.495676067192107,31.513545079156756,32.165031470824033,33.151592044625431,34.339009569957852
0.74145278088098665,25.293054034933448,25.138749585021287,25.305808239616454,25.294136682525277,25.478811671491712,25.894301696680486,25.993751280009747,26.151612365618348,26.269022823311388,26.680449717212468,26.826248668134212,27.211723680607975,27.450102014001459,27.924820046406239,28.257250170689076,28.700485490262508,29.337872615549713,29.616302828770131,30.633201085496694,31.067489514127374,32.110691668000072,32.802312778308988,33.821894740220159,35.054951262194663
0.74167652136892792,25.702870216220617,25.548325730022043,25.717192379757762,25.698245559353381,25.862248044461012,26.309375592041761,26.40975470514968,26.571059039793909,26.683834358118474,27.101470979861915,27.26247209077701,27.661523099523038,27.909899798221886,28.40287701645866,28.753894362598658,29.213914941065013,29.887697712983936,30.171414647717029,31.216226343531162,31.684446720872074,32.751973347738385,33.47778300428763,34.536274856422096,35.821054578758776
0.74190558625040681,26.137738329358399,25.98283982463181,26.153678223956376,26.133257835637778,26.30039291549474,26.749302768148482,26.850855415686965,27.032647090498358,27.124627273995429,27.55346213048324,27.725252477452159,28.145785304252058,28.402287660632282,28.910332361701876,29.281157576944679,29.760963887441903,30.456688775680959,30.761194571387023,31.834144023712724,32.331698542460799,33.428546408656985,34.160425366368145,35.289549694862217,36.633022543974221
0.74214010223099547,26.629263452719897,26.443177075125277,26.616158024873585,26.594165388029069,26.764630756340921,27.214946497697383,27.300003993324935,27.504363460466266,27.590541832149029,28.032240569125861,28.20734271639958,28.651699897833169,28.924090515356511,29.351166092790663,29.848201321903616,30.242648579180241,31.060238813981414,31.383355820085853,32.491526383440942,33.018644641619176,34.15399050200358,34.926932416856289,36.097334129270166,37.495756352785975
0.74238019903150199,27.11605886509642,26.90942396922037,27.105493347160518,27.081829729489982,27.255829665344208,27.707126565743238,27.793214129284024,28.003242511302233,28.083436640910804,28.535900382325053,28.657694790512323,29.187001452315599,29.479346334934235,29.919490421656519,30.439616584219038,30.853759455960244,31.711386414710432,32.058938436210155,33.188112264499068,33.743829126469791,34.925420372746885,35.73723544832319,36.960501701571047,38.401742535177618
0.74262600945972423,27.630383614916354,27.423993248958141,27.637538969051093,27.597066930029541,28.096480064559728,28.226634526625276,28.314017214346677,28.552030843216926,28.601810969877988,29.070963212754577,29.204757871571928,29.754843244794756,30.063059494830668,30.520252162590623,31.067453079391271,31.495607370510697,32.330569189507514,32.761295159813017,33.922175389714539,34.514021946117282,35.739864178933203,36.595187595114112,37.868326460011303,39.37124933116138
0.74287766948391165,28.173005033284426,27.966830721125007,28.183036888949573,28.140652155503631,28.642318407539278,28.774201334454119,28.640232515987009,29.107524246908724,29.150868803262711,29.635435101110488,29.776003629434854,30.351508048828691,30.679012092296034,31.148646879009902,31.727361068129539,32.178345303051174,33.043316721450537,33.49932548776269,34.700428451877087,35.30586908524856,36.600141618866473,37.504310715477914,38.830215818248689,40.396677629556507
0.7431353183079753,28.744615095667541,28.538623817265034,28.754073692020029,28.713294418063015,29.216805935371667,29.350488944444805,29.216608018614352,29.6925353188999,29.737032532691956,30.232156921178102,30.384459586348385,30.980135046876967,31.326416791882366,31.816823780536652,32.422879921272397,32.906340813264251,33.796526987571269,34.281445413362235,35.521371627692133,36.153173126280308,37.508610342629254,38.46179484995082,39.845949573908001,41.477603829465806
0.74339909844848695,29.345844814553857,29.138986807316542,29.356423268094659,29.315624084323645,29.540541743393987,29.800217452459037,29.823046919889748,30.318013332784176,30.345775832887739,30.857722148299217,31.03148878691718,31.638690405059606,32.008682158775628,32.519986962899566,33.161429066676646,33.664385927375406,34.587641182355583,35.105015001725405,36.381699915975332,37.058661180082709,38.465940169524401,39.479748353827745,40.912206045817584,42.619154764339328
0.7436691558135119,29.977228603791445,29.77085731877014,29.989092624746263,29.960994928143919,30.17619422217831,30.438674824312329,30.461415336932987,30.92241838760674,30.98504779022187,31.519296608865261,31.70416103489697,32.332862650044262,32.725309918168932,33.258391527459025,33.86697252932936,34.461072180885822,35.417744947597384,35.966078868601471,37.290624504443258,38.010979866143316,39.465103696566075,40.541725634131581,42.039264970924705,43.821550216060132
0.74394563978331618,30.639189352747053,30.433248458895832,30.652515324298292,30.623986333142966,30.842620434239507,31.107895226683468,31.130305094178766,31.582694688811898,31.667887005023658,32.20827599754557,32.409547225106508,33.05834842659533,33.457985629327595,34.033889989368618,34.673328220378608,35.308410435914993,36.290216152556241,36.874513051006943,38.237200277391821,39.002827895339578,40.522927311714739,41.657247636467218,43.231365441344678,45.172578020021319
0.74422870329299551,31.33202730352059,31.126455356366932,31.347019749227911,31.317929580342025,31.540125204715878,31.808157497551292,31.841044096741825,32.273318226449192,32.38804168254137,32.935863876249641,33.157537419814616,33.838669843040407,34.171358903404325,34.854110682848841,35.514070014003664,36.184370212256908,37.204259683378041,37.81233605183661,39.23676858888939,40.051041430793703,41.632059704046696,42.831844761036336,44.474538951180875,46.499362518079579
0.74451850291707045,32.055885367561132,31.820260426960886,32.072764485608786,32.042992540635169,32.268866911996156,32.539615053217858,32.572906317189336,33.008647875860333,33.123147560283542,33.683089175261557,33.930094237439334,34.635901961009949,34.998443849850446,35.703255934175104,36.396799485199153,37.110559881199151,38.148670209106058,38.807546919211745,40.274483461398631,41.148273972328752,42.779392203316092,44.056234420277178,45.776240979321301,47.882096721790731
0.74481519895609394,32.714290792122483,32.576157707720995,32.82974953437224,32.82013380387798,33.001862676348537,33.302215015981346,33.223983635660261,33.759362348821014,33.887618484906852,34.469196935649961,34.757696714252234,35.468641524668783,35.855138561222702,36.589291705284268,37.313392264768481,38.066858479753137,39.145884793717414,39.846457668580115,41.364898599218577,42.294193953275681,43.991409633308649,45.335634814575315,47.145987801253796,49.333845905028284
0.74511895552532081,33.500823672860861,33.362811140250415,33.593529512640089,33.608296703081578,33.863699179608375,33.951170582324266,34.015896304044873,34.558333586901426,34.683520526159555,35.288958059158176,35.568662709090859,36.334453176241368,36.758825638331473,37.535843284334987,38.272807526402175,39.062952073290944,40.173461268655956,40.921860797330737,42.50439715385437,43.488539729267359,45.24063431378454,46.669409692287445,48.564381093718112,50.837521175853908
0.74542994064548662,34.31773992208764,34.102159849833697,34.411387279629707,34.448210818227381,34.639903948176652,34.775908269453794,34.834589195903391,35.240849400404841,35.500181986019015,36.139694505836815,36.439527234062552,37.237590627744794,37.686175881419331,38.496092567685992,39.270784249529243,40.117571323178709,41.222286061383784,42.047159558162093,43.688029007054865,44.743209845386446,46.555441064760089,48.057333067059517,50.050808320753276,52.413160908035934
0.74574832633574761,35.164346758741885,34.948637465480715,35.236193832010031,35.29513934860006,35.493079479318112,35.620574489235878,35.654444412793964,36.093410007655621,36.357789871748537,37.035177597776055,37.335966345854104,38.170159662142396,38.647703520022333,39.473656134679914,40.305102354846895,41.192085757851601,42.346471781842411,43.200533808209002,44.917282918468118,46.032361702993512,47.918185830116272,49.50225509237498,51.584704337641597,54.049613399431109
0.74607428870883119,36.03967128880322,35.823980027809739,36.112371697090566,36.170735150109977,36.375182828865945,36.505828816443682,36.534560509026051,36.98053162265569,37.223941370844841,37.948289505206048,38.269769981503487,39.132949628867209,39.658018193207681,40.503028400242329,41.375393976457417,42.318962657824159,43.509573863819242,44.408482735976577,46.19762153737247,47.371701150201261,49.332128604874015,50.995087160728872,53.165577040985227,55.729736473411322
0.74640800806845187,36.942467114888132,36.726934488862753,37.016177820041776,37.073746185749769,37.284941629506648,37.41941081173718,37.462155183777213,37.891630912199616,38.139665816910565,38.898724030703306,39.217566751874983,40.128561427816749,40.685219551436603,41.553768427111208,42.48725922871381,43.427443725056946,44.71048597805202,45.638503849506378,47.51194572634995,48.74995123129338,50.839860390871763,52.571807442232966,54.808067923411727,57.482746671885252
0.74674966900904483,37.944340455345809,37.655897890217602,37.946010815910995,38.00256637763232,38.220754398964345,38.359735830686986,38.397319896146655,38.829621803015471,39.003861987031996,39.820013646036386,40.210122746415436,41.156940917484462,41.758645708672702,42.647860741242766,43.643834237940609,44.600931705906987,45.960248089395463,46.970702135004103,48.874298615381122,50.177105057984591,52.347531411796808,54.162704567424953,56.491913374513388,59.298495431430638
0.74709946051787279,38.897204771637917,38.608896233141422,38.899922179058194,38.913013285957277,39.036094152368605,39.324839537031949,39.374924658797681,39.793240811675787,39.973597645759583,40.812101854942739,41.229651236906648,42.208142526447773,42.843930945731699,43.764398705214262,44.807416575029492,45.811126288026571,47.230026350356638,48.278134833090007,50.265092332847416,51.635652398690581,53.891348656266928,55.801032088696957,58.308956017717719,61.158297617919743
0.74745757607956342,39.871390266343951,39.553314925171435,39.875550093129277,39.887595453299582,40.15015344042331,40.31233222130686,40.319098115898669,40.762045574374497,40.974882121197879,41.884518298320472,42.273828730918467,43.261771353892982,43.964836293831468,44.913775312714279,46.000333786010742,47.033077541738749,48.540342804975808,49.629475574940443,51.695549060590565,53.122893042862415,55.478996971622109,57.476868444122374,60.093127191998065,63.08461048360914
0.74782421378313346,40.864070327021182,40.547204931266606,40.790226309560239,40.880848820321262,41.151856120675802,41.068286515772343,41.312855280004442,41.806999132037163,41.987836380489171,42.868077531456947,43.338333979249001,44.358462835662067,45.097889843396842,46.071771128103137,47.204856490716338,48.296357115730643,49.886395146138966,51.0008400734514,53.148779486306012,54.650279115885496,57.087479348294437,59.190543303266168,61.919134638272226,65.031779387965798
0.74819957643156043,41.871921726502478,41.541589574888349,41.798461155965924,41.884899944998324,42.169051047414541,42.085070907138288,42.238156216219068,42.827837546356022,43.013162083923817,43.924419894814491,44.422742316499352,45.384786332026124,46.159001673571765,47.264343081042171,48.422889866866171,49.574538299813867,51.234855832532048,52.403975952416658,54.617677844129503,56.200206743553281,58.738024043850601,60.932516079396009,63.787072906270623,67.020498672500253
0.74858387165396156,42.891157498583198,42.561314933933318,42.818607833236456,42.907550631090999,43.197937214747071,43.115453077480197,43.26163102965802,43.855094275437295,44.056837604381144,45.005818446166813,45.520224398933351,46.515301559120417,47.321781965903938,48.460088610649109,49.675196070224047,50.876048653386533,52.605170068331063,53.829996917396784,56.114616858772933,57.77497998252511,60.407610762864351,62.685174014419317,65.67339138686657,69.133513068780303
0.7489773120204426,43.917442182078958,43.588675662875175,43.846405930817127,43.937370111234486,44.234178008511662,44.155226139351726,44.294157143682241,44.886444006115198,45.112226259894669,46.08576276153326,46.615665572695434,47.662618136964738,48.494316399097443,49.699020894244313,50.92816049978137,52.191731561906636,53.982948596589267,55.264939870685339,57.638251885771751,59.37594018317759,62.096736548468471,64.451763829216361,67.582222755998373,71.165813283994794
0.74938011515967873,44.945891136303544,44.611621887423098,44.877018164843321,44.969452946446836,45.272879499942064,45.016514691524208,45.323408527299762,45.927079991437495,46.190675172954798,47.170055645518005,47.729401857592165,48.807900054380298,49.669688190333545,50.942109319381416,52.197133079171181,53.577349442988634,55.358065158128738,56.700155915692449,59.1577622089535,60.983035735785961,63.793559929355979,66.24450671300292,69.49890529550612,73.204548349604011
0.7497925038792953,45.954379688948393,45.638833687640727,45.983100860379636,45.998317905701697,46.374721280299127,46.044399438425899,46.353870512917638,47.111302527599037,47.249682652764022,48.254813422448933,48.833829445764422,49.971883825957775,50.846494918689132,52.184544153511524,53.452924186363816,54.902841538190842,56.688687050715089,58.128833563998342,60.678911732509732,62.579752108082175,65.59125030040741,68.160920111462474,71.424032812938094,75.249422878026962
0.75021470628911124,46.974016746506095,46.638035081326962,47.000781195238233,46.982274558395147,47.355567058548331,47.066008470952511,47.371608858928084,48.056366704404354,48.311313880607486,49.333095176145434,49.940535470843315,51.13758965395391,52.018144456669688,53.402597280219197,54.712994066998363,56.213056098669767,58.053710300475359,59.559035589918494,62.204626936465502,64.178502289578319,67.272617077454925,69.945811491459608,73.317590909078717,77.287579596042633
0.75064695592731712,47.977485237643123,47.641599100083113,48.050261881202459,47.987022111192346,48.370072431862354,48.07492764852941,48.374947333708405,49.075335577130318,49.348285248503089,50.350984778255224,51.030354084447026,52.240437028929591,53.172821531072259,54.61248623766005,55.97206068597734,57.508006736636162,59.408225981518626,60.954874899238348,63.696270728483796,65.784981057047844,68.922891801223159,71.710573054850101,75.319025965407491,79.306869234889746
0.75108949188965446,48.957428578287363,48.622562166303396,49.028714001178741,48.968442264944315,49.36112747900188,48.997462078928947,49.356906466186047,50.063882855698466,50.341192660853267,51.395019832998514,52.106692804023623,53.320528803393245,54.328745990991592,55.791088564321399,57.210426971316338,58.774430759251118,60.738900093361735,62.407634826377034,65.174616944044828,67.303169215098023,70.56063618697226,73.426003091037273,77.160092208534479,81.281431201845407
0.75154255896167044,49.90589938685298,49.573020160198212,49.976001312956214,49.918611645698547,50.281312571838498,49.958818323910236,50.257481863722205,51.022546280175447,51.299695644527674,52.414543705061078,53.07158425822854,54.391034301370382,55.414464551955462,56.936332728713751,58.395952418446541,59.996384032070637,62.030985375866294,63.765972565859556,66.596297463402152,68.788218246772885,72.136514443904161,75.109753573313355,78.959660075604916,83.193150836974382
0.75200640775411864,50.635189855471253,50.484464654698968,50.883640069514513,50.826831642538309,51.205241221934557,50.886131288483739,51.236149882897735,51.94402914494276,52.252094136551023,53.395532807335258,54.156909119337797,55.395987899973989,56.474166914820671,57.950849041342735,59.564468435943127,61.180432824417949,63.29321951046586,65.071861041709781,68.023501992225647,70.229553541168571,73.667325437068939,76.712279129773378,80.700029615312815,85.207309108227491
0.7524812948415831,51.49577940441668,51.338826719671488,51.679966660216451,51.691317997872829,52.026857923716307,51.749379895627499,52.097760302945971,52.901182610541582,53.135206231847405,54.329051187261939,55.121440839022398,56.358580684289336,57.473556436598301,59.000992096960545,60.667966594919562,62.286158418282866,64.480057315900922,66.306907080113888,69.327563658356667,71.612835891544819,75.132427483797073,78.244736723601818,82.357175469398499,86.976680815219879
0.75296748290440019,52.297973237931728,52.069855948910117,52.446739995852113,52.527515480294824,52.844272622838616,52.558932574465871,52.915408721193671,53.70834694430232,54.028770295903087,55.219069235026836,55.924455745145679,57.283519081771374,58.414490297436714,59.990179646760225,61.685481822118163,63.33255909383297,65.61883183196187,67.458597395569086,70.553343959152699,72.924322046339512,76.5252465903759,79.699170734733343,83.919823512434959,88.638565815985203
0.75346524087395861,53.031719600781798,52.803174721077085,53.180138517171144,53.267827421426773,53.593060994520783,53.294403653591871,53.87507881782949,54.43940651230514,54.826929604634643,56.040169192478061,56.75594006665051,58.12948433123529,59.291763478890061,60.918704563751817,62.599853899329901,64.342548545449972,66.669827401638031,68.515912424772978,71.690917164087296,74.118524063378572,77.814319625496864,81.034969162195921,85.367853969335556,90.16647681593895
0.75397484408145687,53.686615388840437,53.458729704841971,53.834964416921139,53.928955260664225,54.256582949310541,53.984957439824939,54.510021040216088,55.327763263136148,55.59134759567678,56.775631060823798,57.509712431579828,58.910693911835551,60.078408055007458,61.744333319365978,63.470112584531307,65.241775568574667,67.570515692234039,69.55583231896162,72.729258973151445,75.223083760589361,78.969056900590658,82.26312954351306,86.695754919201136,91.562086150050163
0.75449657441020046,54.371774135157466,53.993347665295005,54.39993198402226,54.453073997050524,54.838776739314198,54.544133955612779,55.072924248874187,55.922213871032,56.264671053737402,57.37052408233285,58.172359380871058,59.678013928234577,60.783691104501486,62.489860240370035,64.230003442615271,66.034726522862911,68.386675655841827,70.408201850950718,73.634910732507706,76.189681567251682,80.071285802870989,83.466633547097445,87.868494801223278,92.785371106117964
0.75503072045152397,54.841381300240755,54.454141955822706,54.861859772354364,54.900935731828213,55.320024203509092,55.008300460875034,55.523812551051378,56.403079133480787,56.818637516349554,57.889389526098967,58.73765416815877,60.258349575102329,61.420786619186401,63.107672188431025,64.86230443790555,66.694053068757057,69.072311449795961,71.133930411189795,74.394625507295132,77.032431233674288,80.915758334100246,84.363984912633896,88.944592375308275,93.825120266526937
0.75557757766442291,55.199220672249794,54.81003950163722,55.181909959763288,55.265459161251783,55.701733097434044,55.367356445640326,55.864154424518347,56.756891269236803,57.251105945557356,58.306829415261745,59.26603139564395,60.727471344172955,61.887886270880699,63.589174553751945,65.378187406808138,67.22146737575531,69.597103767096996,71.707346618175507,75.012572959065437,77.672440636903048,81.596910629421473,85.077391292899847,89.734328601509333,94.653888769447803
0.7561374485389849,55.434768628329039,55.045805256813765,55.412412259727716,55.508268732577562,55.95268240571022,56.423707820475101,56.234117452055216,56.955791343003511,57.558511395007372,58.624189559370279,59.582870688289404,61.061100091785192,62.225575555115938,63.917188432067633,65.777947120368481,67.609094206243753,69.986793976277113,72.124496839940548,75.528359621763229,78.120521675795317,82.089633263647556,85.592396844178438,90.306533388793468,95.259538017213345
0.75671064276370958,55.499696012586355,55.151535112410784,55.511619351804256,55.619258861988783,56.077797565609217,55.73011951521039,56.343154426664114,57.377284273505211,57.611211363226175,58.906348150223494,59.74893457442522,61.258028671145439,62.426607854664326,64.119811750948429,66.045880850404501,67.833999939262867,70.207446470856667,72.374027021229267,75.766504790633917,78.399065937846899,82.379554558545351,85.90019316226244,90.656617157161236,95.757690034806728
0.75729747739681108,55.466754015535116,55.142077278345823,55.549815360456705,55.587090935558081,56.06119030341506,55.68682262301445,56.301495641469955,57.373659115284681,57.644342679530382,58.950209148228168,59.790094513446093,61.306602030992508,62.454966269433498,64.152585290372372,66.081265803426504,67.874396841973066,70.378502521663904,72.42321901768446,75.825793273746967,78.466776479035616,82.56367526948452,85.97082307934761,90.754782289266586,95.851704679429531
0.75789827704159607,55.284563135355711,54.966514341533184,55.45291430875659,55.409430552273989,55.80375823751092,56.331183660775423,56.394973814487457,57.205852974206209,57.550742287188768,58.840909365564585,59.648503046482801,61.193871639668941,62.311382837593555,64.028363086283207,65.932626482099295,67.741894915699959,70.198766872286797,72.266465283930302,75.693188637495041,78.38639834523201,82.376297429203987,85.88008525967598,90.584295570850372,95.660280086100101
0.75851337402601571,54.946104891598225,54.625651929527521,55.112175818532705,55.075055789202452,55.47834687307477,55.356152214109898,56.095717184245586,56.947769541293383,57.303808368742466,58.564916711300611,59.360022071748972,60.873008541762829,62.012018412351608,63.72631574049592,65.582732256501913,67.39939571544528,69.814358964562416,71.960147522389889,75.305427297949791,77.98357442766428,81.951175808906555,85.421828769147396,90.18923357874155,95.157350085675716
0.75914310858649048,54.446022946387529,54.155769255012274,54.560510896146297,54.567618425935507,54.990894708782434,54.847225166857243,55.615811344236135,56.474312324076891,56.9939972050488,58.131083160638809,58.953642439097166,60.418643448501825,61.633360162377357,63.230795461684465,65.044448908418417,66.865034751594067,69.239322494715452,71.379826247692108,74.68245442956686,77.325775422155857,81.283695124089718,84.703942805528641,89.429280951619148,94.345978893339634
0.75978782905610986,53.666258487850428,53.48677010461688,53.890886720269918,53.912508372217417,54.337790708988905,54.429252605885267,54.949629072099924,55.751646813005209,56.398746248334646,57.510450858622789,58.335201617330313,59.771191030740738,60.966681212186813,62.603161938488483,64.312980491667986,66.14045163244009,68.446131065487862,70.58607792109251,73.900972709059715,76.423857472836971,80.333157807588577,83.715697266161442,88.367601454257965,93.181022800505161
0.76044789205730945,52.833651285618544,52.653064288198948,53.055601060390472,53.103228941559792,53.493214029818773,53.585457388311625,54.189954705536366,54.92957566678524,55.615121472626925,56.702264752238989,57.54187086597085,58.940009210258722,60.107802655547857,61.709013856947422,63.376759801059961,65.302341893315315,67.432034209370613,69.549814157187939,72.769982807338238,75.268829204142094,79.110342904925346,82.426143363118172,87.000172525644302,91.680316925048828
0.7611236626991349,51.837686806917191,51.657492358237505,52.060828559100628,52.079422026872635,52.508070539683104,52.578913055360317,53.214214190840721,54.084060214459896,54.664660666137934,55.747836705297232,56.569854356348515,58.013490285724401,59.063100259751081,60.615053273737431,62.246194861829281,64.14209520816803,66.322579547762871,68.280430771410465,71.404883652925491,73.872348219156265,77.614395849406719,80.847660250961781,85.318101324141026,89.864601418375969
0.76181551477919884,50.750891815871,50.497022893279791,50.906883597373962,50.933203969150782,51.363162901252508,51.445579547435045,52.074154898524284,52.984343349933624,53.544834863394499,54.603453405201435,55.40616661682725,56.813700869679451,57.822944100946188,59.335590854287148,60.986310068517923,62.761179395020008,64.877057813107967,66.85071237385273,69.827077880501747,72.224126420915127,75.849666804075241,78.979062646627426,83.318061374127865,87.796158365905285
0.76252383099044441,49.455036792904139,49.208475526422262,49.602563269436359,49.649503171443939,50.051146104931831,50.362269263714552,50.870897736400366,51.805434480309486,52.284656330943108,53.312956724315882,54.0691002830863,55.431715782731771,56.414396155625582,57.974002417176962,59.413972355425358,61.176117211580276,63.223667792975903,65.121992401778698,68.007924363017082,70.348329693078995,73.856897972524166,76.835675276815891,81.030608594417572,85.340518534183502
0.76324900313282906,48.022030353546143,47.771662142127752,48.153426881879568,48.216327272355556,48.641023389995098,48.912109289318323,49.455875050276518,50.390683174133301,50.836311988532543,51.930100589990616,52.572126839309931,53.881746847182512,54.848030842840672,56.34896170720458,57.672184124588966,59.399184040725231,61.362741895020008,63.201602518558502,65.972863152623177,68.214727014303207,71.598044961690903,74.446690328419209,78.528485618531704,82.572944775223732
0.76399143233004596,46.468430500477552,46.216120544821024,46.598768047988415,46.672931157052517,47.082960192114115,47.541907511651516,47.901971165090799,48.818140625953674,49.233243819326162,50.329363219439983,50.945086423307657,52.187452871352434,53.108926136046648,54.568407233804464,55.80305789783597,57.463224619626999,59.319774568080902,61.089327000081539,63.808793194591999,65.878512971103191,69.122699454426765,71.821056604385376,75.720174521207809,79.545195773243904
0.76475152925140255,44.855787310749292,44.680354114621878,44.942202106118202,45.021910030394793,45.425969839096069,45.826437518000603,46.270985212177038,47.12048452720046,47.583296198397875,48.595086541026831,49.201953653246164,50.361948676407337,51.237776421010494,52.640172533690929,53.911478497087955,55.479980759322643,57.194109044969082,58.81475255638361,61.377186685800552,63.351296991109848,66.466733358800411,68.989625170826912,72.67543388903141,76.285870291292667
0.76552971433897932,43.126800835132599,42.943840332329273,43.23055824264884,43.267527241259813,43.685708522796631,44.095127861946821,44.627867363393307,45.189413364976645,45.930608414113522,46.762980576604605,47.427749261260033,48.512835077941418,49.323971047997475,50.588387466967106,51.823650915175676,53.309255085885525,54.904797002673149,56.40888936817646,58.833962313830853,60.697054795920849,63.608664132654667,65.954629391431808,69.437322095036507,72.838841632008553
0.7663264180401943,41.314374104142189,41.163901597261429,41.52842616289854,41.493925411254168,41.907884426414967,42.294517233967781,42.912930693477392,43.53166015073657,43.88629599660635,44.875878058373928,45.50414764136076,46.56423544883728,47.283242642879486,48.479361485689878,49.644440114498138,51.027753617614508,52.534742385149002,53.992615967988968,56.211321927607059,57.92060761898756,60.660456612706184,62.829428970813751,66.103501833975315,69.231850326061249
0.76714208104590165,39.530497454106808,39.440995641052723,39.741710711270571,39.710503112524748,40.101849034428596,40.693561024963856,40.945261735469103,41.604783739894629,42.056267503648996,43.069957654923201,43.536047056317329,44.559535756707191,45.2075703330338,46.384382996708155,47.387214653193951,48.693045802414417,50.111745156347752,51.435421712696552,53.564009301364422,55.091800816357136,57.646734274923801,59.658810630440712,62.703464694321156,65.563528932631016
0.76797715453415716,37.775903917849064,37.683181308209896,37.99209076911211,37.986410371959209,38.346114818006754,38.93717048689723,39.167796429246664,39.840656772255898,40.146008487790823,41.186339817941189,41.586246274411678,42.532476950436831,43.142513658851385,44.252385582774878,45.138603612780571,46.336657851934433,47.675549827516079,48.871644739061594,50.850629754364491,52.269176542758942,54.629552744328976,56.447430014610291,59.222954735159874,61.89200996607542
0.76883210041978367,36.10184346139431,35.995297554880381,36.275769975036383,36.311167500913143,36.635663378983736,37.272789619863033,37.478171948343515,38.06904162466526,38.338272158056498,39.323846563696861,39.693147219717503,40.571344681084156,41.190914899110794,42.16505266353488,42.983824130147696,44.062766872346401,45.318114761263132,46.435443971306086,48.210035812109709,49.501203022897243,51.67513607442379,53.295117937028408,55.839005641639233,58.253338746726513
0.76970739160987578,34.528823669999838,34.416240345686674,34.703569874167442,34.727964822202921,35.06561066582799,35.752179484814405,35.868555407971144,36.379779204726219,36.719091646373272,37.553808506578207,37.902935583144426,38.708857636898756,39.259563904255629,40.13692644611001,40.921029340475798,41.931962735950947,43.057084742933512,44.069296598434448,45.691735964268446,46.839549027383327,48.796407207846642,50.272566355764866,52.618491768836975,54.693929813802242
0.77060351226538559,33.116389866918325,33.000264137983322,33.281725857406855,33.304507058113813,33.615470290184021,33.900471344590187,34.431914411485195,34.912187781184912,35.106202617287636,35.937366582453251,36.26593616604805,37.012900561094284,37.481024023145437,38.289923615753651,39.033776231110096,39.941556174308062,40.954831160604954,41.862636022269726,43.363399807363749,44.32846861332655,46.163826536387205,47.421044211834669,49.59574706107378,51.46026498824358
0.77152095806893206,31.989877510815859,31.89265850558877,32.046421770006418,32.080689288675785,32.404954012483358,32.945641700178385,33.083806023001671,33.420196279883385,33.838569182902575,34.530251413583755,34.824141584336758,35.526740353554487,35.934268847107887,36.670217800885439,37.31820510700345,38.16457799077034,39.060095962136984,39.885567042976618,41.28158251196146,42.118867132812738,43.808025989681482,44.896372627466917,46.797549199312925,48.528970390558243
0.77246023649898476,31.026684932410717,30.925208184868097,31.08150689676404,31.105921387672424,31.401540495455265,31.629177629947662,32.113695248961449,32.429233852773905,32.65608948096633,33.355686537921429,33.611718274652958,34.262775894254446,34.648640610277653,35.3109568990767,35.886002365499735,36.611492764204741,37.508573722094297,38.213440533727407,39.502006281167269,40.264922767877579,41.794572427868843,42.737936709076166,44.463629778474569,45.990151412785053
0.77342186711057181,30.342030461877584,30.247884575277567,30.470566753298044,30.43710682541132,30.708541918545961,31.237856637686491,31.396106474101543,31.670459643006325,31.821395728737116,32.488933324813843,32.662184830754995,33.307578463107347,33.653350282460451,34.270895127207041,34.794467110186815,35.44627571105957,36.30013283342123,36.914784338325262,38.124283745884895,38.737786944955587,40.132593829184771,41.022133145481348,42.580153778195381,43.873252455145121
0.77440638182266774,30.000078735873103,29.90450862981379,30.126454481855035,30.072829915210605,30.324303988367319,30.492610640823841,30.794107679277658,31.140022546052933,31.296923018991947,31.927764661610126,32.086608894169331,32.695021446794271,33.004815563559532,33.563924040645361,34.092070423066616,34.683080110698938,35.499456606805325,36.051399786025286,37.169204901903868,37.716167952865362,39.026781618595123,39.823828164488077,41.256193060427904,42.418866686522961
0.7754143252124206,30.018958071246743,29.917505798861384,30.100701009854674,30.093636663630605,30.331788882613182,30.711777295917273,30.770311985164881,31.146348152309656,31.131177749484777,31.737302854657173,31.945759523659945,32.450957540422678,32.783499281853437,33.281631026417017,33.810304827988148,34.375193655490875,35.144390352070332,35.642226621508598,36.714700769633055,37.212972782552242,38.467186480760574,39.141833279281855,40.539122175425291,41.617496065795422
0.77644625481638141,30.398738592863083,30.224284159019589,30.480278303846717,30.46533746086061,30.693894647061825,30.792232099920511,31.071944683790207,31.423829898238182,31.563382821157575,31.929244484752417,32.149033773690462,32.625838130712509,32.9698381498456,33.463192760944366,33.96879730001092,34.50356749817729,35.214124750345945,35.684939831495285,36.801863219588995,37.277406744658947,38.50082516297698,39.135808333754539,40.411453165113926,41.530797842890024
0.77750274143890052,31.183223001658916,31.011222124099731,31.260216688737273,31.220705274492502,31.444949071854353,31.649826737120748,31.787583284080029,32.097990844398737,32.212206207215786,32.553319370374084,32.754000041633844,33.226120341569185,33.600865256041288,34.104738038033247,34.605189505964518,35.139039620757103,35.871039733290672,36.344241417944431,37.462899964302778,37.951797012239695,39.074067890644073,39.782059226185083,41.060564629733562,42.166039943695068
0.77858436946786469,32.382569482550025,32.191210482269526,32.39735247194767,32.389975853264332,32.557481968775392,32.721807640045881,32.917283080518246,33.230438349768519,33.197948476299644,33.61395999789238,33.755534863099456,34.325481496751308,34.674995101988316,35.211687948554754,35.744398899376392,36.282352730631828,37.012767527252436,37.564024958759546,38.705089427530766,39.148006558418274,40.393117841333151,41.057023424655199,42.431067161262035,43.519886948168278
0.77969173719794682,33.947294706478715,33.771429397165775,33.963468685746193,33.936941988766193,34.097400665283203,34.248359190300107,34.443198848515749,34.667082589119673,34.697551792487502,35.027596052736044,35.226448301225901,35.829010348767042,36.175755251199007,36.779070932418108,37.376006554812193,37.913033567368984,38.707179360091686,39.321467377245426,40.476356945931911,41.016473963856697,42.340262334793806,43.079737022519112,44.463574841618538,45.706600096076727
0.78082545716154772,35.87725636921823,35.673733297735453,35.880154572427273,35.844105008989573,36.012400893494487,36.1208023019135,36.263320110738277,36.590957324951887,36.641461960971355,36.904839996248484,37.1265565790236,37.758546318858862,38.166761226952076,38.785883877426386,39.467067379504442,40.062162335962057,40.916651617735624,41.535866037011147,42.854308485984802,43.477761935442686,44.884505916386843,45.749469194561243,47.250224210321903,48.647600051015615
0.78198615646761471,38.12117613479495,37.906173840165138,38.12152411416173,38.067127451300621,38.255820915102959,38.355987943708897,38.360653780400753,38.8082006983459,38.867017515003681,39.166930709034204,39.422013308852911,39.994427915662527,40.531774811446667,41.262348901480436,41.968171820044518,42.612283572554588,43.603176739066839,44.344085607677698,45.735068451613188,46.493820939213037,47.98487650975585,49.015093900263309,50.692999359220266,52.212602403014898
0.78317447714852217,40.593954551964998,40.42001536488533,40.635825723409653,40.537019349634647,40.733365517109632,40.842660807073116,41.039009064435959,41.575515408068895,41.527733340859413,41.743575971573591,42.071941033005714,42.731740683317184,43.257800340652466,44.005728505551815,44.846879623830318,45.618712838739157,46.69581239297986,47.574993055313826,49.086224645376205,49.910977441817522,51.646394122391939,52.797050252556801,54.706539127975702,56.471607204526663
0.78439107651520656,43.31555663049221,43.021043714135885,43.304279282689095,43.269002337008715,43.43622787669301,43.564266934990883,43.763844884932041,44.255983054637909,44.294005148112774,44.564306046813726,44.983434725552797,45.749754775315523,46.311864148825407,47.142458211630583,48.087435871362686,48.948202524334192,50.132837887853384,51.084486104547977,52.807863462716341,53.813470534980297,55.707153733819723,57.076928559690714,59.192426040768623,61.245043888688087
0.78563662752075381,46.174315012991428,45.889191750437021,46.140955291688442,46.142736077308655,46.335760090500116,46.476332489401102,46.753492966294289,47.160551592707634,47.285143956542015,47.621196333318949,48.075152944773436,48.92152251675725,49.574207123368979,50.539963956922293,51.524957798421383,52.536811646074057,53.84471220523119,54.965555466711521,56.825396668165922,57.940028458833694,60.108982928097248,61.687809888273478,64.07520068064332,66.400835737586021
0.78691181913263841,49.04248021543026,48.774405412375927,49.113737720996141,49.032060224562883,49.270511668175459,49.3905398696661,49.695824235677719,50.264002006500959,50.40909330919385,50.874654818326235,51.404427044093609,52.276350378990173,53.016086582094431,54.111137565225363,55.160269163548946,56.309477001428604,57.73120466247201,59.035391718149185,61.051619101315737,62.347151357680559,64.709983728826046,66.539506681263447,69.213125161826611,71.813871882855892
0.78821735671381987,52.046946868300438,51.718854390084743,52.035440970212221,52.001757495105267,52.273688610643148,52.559719495475292,52.759111415594816,53.416957333683968,53.519371014088392,54.178018752485514,54.769254114478827,55.712988011538982,56.537096973508596,57.649049181491137,58.868506826460361,60.148431152105331,61.723020184785128,63.123492993414402,65.36728148162365,66.884930767118931,69.443664707243443,71.498373493552208,74.500272251665592,77.396433174610138
0.78955396241291065,54.890459157526493,54.583277255296707,54.946380510926247,54.900930922478437,55.127009075134993,55.420062944293022,55.848339769989252,56.475887756794691,56.593310706317425,57.402893919497728,58.09398702159524,59.141700219362974,60.073650874197483,61.24226039648056,62.592445857822895,63.940708056092262,65.71076425164938,67.265534020960331,69.664907425642014,71.394482389092445,74.198491901159286,76.44398508220911,79.767784833908081,82.969127111136913
0.79092237556362588,57.533573728054762,57.261619210243225,57.674139078706503,57.613762389868498,57.929417237639427,58.318999782204628,58.665805973112583,59.440596967935562,59.711140401661396,60.626800544559956,61.348007470369339,62.524085201323032,63.518017284572124,64.820217348635197,66.210604391992092,67.713986322283745,69.557981163263321,71.294848337769508,73.886682696640491,75.736869134008884,78.800825126469135,81.316428147256374,84.901559978723526,88.420679934322834
0.79232335309374124,60.053260609507561,59.744900822639465,60.109385952353477,60.177246183156967,60.586017146706581,60.975006029009819,61.448414467275143,62.128360748291016,62.5213702917099,63.747487880289555,64.50783983618021,65.654735833406448,66.775572001934052,68.166654951870441,69.644586935639381,71.306459479033947,73.271606229245663,75.135921739041805,77.870952494442463,79.939436815679073,83.194585956633091,85.908301666378975,89.846762374043465,93.652113638818264
0.79375766994378205,62.265500925481319,62.063650280237198,62.509477898478508,62.483225487172604,63.030858524143696,63.393056467175484,63.718590021133423,64.548527024686337,65.002221643924713,66.624192267656326,67.414154969155788,68.616788849234581,69.870925709605217,71.283256016671658,72.919257871806622,74.54974490404129,76.768412120640278,78.734825573861599,81.610836938023567,83.819776996970177,87.323511756956577,90.26783649623394,94.450025737285614,98.542682729661465
0.79522611949567579,64.319025672972202,64.131620697677135,64.576640911400318,64.597304090857506,65.144610248506069,65.679189033806324,66.044193364679813,66.961751811206341,67.617170289158821,69.120173007249832,70.026075772941113,71.408454470336437,72.616299323737621,74.222973264753819,75.906461104750633,77.630589209496975,79.916356526315212,82.040669791400433,85.101397179067135,87.44471164047718,91.115081414580345,94.257888272404671,98.632259890437126,102.97641296684742
0.7967295140116053,66.316041022539139,66.008987180888653,66.443650223314762,66.561921305954456,67.061141788959503,67.659255027770996,68.126842111349106,69.050100490450859,69.804058402776718,71.483010970056057,72.393391765654087,73.871779941022396,75.11210885643959,76.81556848436594,78.538557983934879,80.422979235649109,82.769125208258629,85.03559485822916,88.173974201083183,90.689507253468037,94.533383458852768,97.841092064976692,102.5271867364645,107.06298710405827
0.79826868508330628,67.842242985963821,67.618372030556202,68.006231524050236,68.209127597510815,68.801301099359989,69.460607118904591,69.839736811816692,70.844289287924767,71.636354431509972,73.540803767740726,74.606444358825684,76.034338116645813,77.341317877173424,79.068372085690498,80.905301563441753,82.821001961827278,85.337619759142399,87.658921286463737,90.930430866777897,93.556263953447342,97.552779421210289,101.00762192904949,105.86687554419041,110.65264429152012
0.79984448409205577,69.237487867474556,69.018923386931419,69.453218840062618,69.659192368388176,70.348580978810787,71.054886981844902,71.481263481080532,72.465388536453247,73.385378673672676,75.219188138842583,76.41702838987112,77.920143805444241,79.25259804725647,81.134091556072235,82.988319218158722,84.959649756550789,87.493837796151638,90.016430154442787,93.3198052495718,96.062687829136848,100.21019607782364,103.83807691931725,108.8363581597805,113.76362074911594
0.80145778267960754,70.376212298870087,70.30419435352087,70.765319317579269,70.944322139024734,71.730407662689686,72.347173035144806,72.659478835761547,73.720747925341129,74.808539621531963,76.652310878038406,77.822745621204376,79.449459947645664,80.815837077796459,82.752448700368404,84.703571915626526,86.827126368880272,89.353678643703461,91.939228549599648,95.388712123036385,98.217704325914383,102.49922621250153,106.19028754532337,111.46749709546566,116.50828713178635
0.80310947323033455,71.599304355680943,71.379374429583549,71.894229061901569,72.102849319577217,72.850147493183613,73.61772408336401,73.940115131437778,75.192944943904877,76.061859607696533,77.8514324426651,79.021202817559242,80.696885317564011,82.145903751254082,84.076751470565796,86.086638152599335,88.293211743235588,90.906238049268723,93.611733391880989,97.137421026825905,100.05075904726982,104.43354101479053,108.31547290086746,113.65540543198586,118.83403952419758
0.80480046936484506,72.547148667275906,72.421927519142628,72.834633089601994,73.152601510286331,73.823387250304222,74.605766892433167,74.984203778207302,76.181759610772133,77.232789903879166,78.704489819705486,79.913564927875996,81.670525148510933,83.184055790305138,85.061137080192566,87.314017862081528,89.510506212711334,92.222772002220154,94.965415626764297,98.482034951448441,101.53376634418964,105.998983040452,109.96685542166233,115.44633746147156,120.83244431018829
0.80653170644534433,73.348407886922359,73.230324916541576,73.633140400052071,73.918781869113445,74.619720228016376,75.365574531257153,75.710756205022335,76.92942026257515,77.979307599365711,79.336686007678509,80.464727744460106,82.244159311056137,83.896978974342346,85.839650377631187,88.015996098518372,90.39032182097435,93.091067224740982,95.891702830791473,99.574541583657265,102.7178969681263,107.27330791950226,111.36665266752243,116.98544843494892,122.4226089566946
0.80830414209302459,73.816795513033867,73.785670936107635,74.180377833545208,74.522040784358978,75.311548851430416,75.9623948559165,76.183063469827175,77.409381419420242,78.360192686319351,79.800756096839905,80.757660806179047,82.560532197356224,84.245548501610756,86.275316894054413,88.476307198405266,90.843927890062332,93.571009069681168,96.551074355840683,100.21736669540405,103.45242492854595,108.08029319345951,112.26483830809593,118.07892419397831,123.5411381572485
0.81011875671776579,74.146968521177769,74.117504552006721,74.611725471913815,74.81403587013483,75.538494393229485,76.165654540061951,76.508560165762901,77.752902254462242,78.522409901022911,79.862309634685516,80.751035109162331,82.50540380179882,84.152196049690247,86.307288989424706,88.462701588869095,90.874281093478203,93.743780836462975,96.719610601663589,100.45078532397747,103.7604900598526,108.44516581296921,112.63592939078808,118.59353280067444,124.14318285882473
0.81197655406044122,74.177113108336926,74.132874824106693,74.510040812194347,74.823015369474888,75.33360168337822,75.97278456389904,76.376300066709518,77.495432421565056,78.198200434446335,79.403044253587723,80.207472860813141,82.068091571331024,83.637408196926117,85.777732565999031,87.90060892701149,90.441050127148628,93.236539095640182,96.375633060932159,100.0118402838707,103.43837748467922,108.1307143419981,112.45852364599705,118.36862400174141,124.03657618165016
0.81387856174813134,73.735202565789223,73.603450573980808,73.917609915137291,74.159442536532879,74.69669558852911,75.185368180274963,75.81369648873806,76.62031888961792,77.34368871152401,78.45514951646328,79.192086786031723,81.022643536329269,82.506005212664604,84.767055779695511,86.852293342351913,89.331647619605064,92.230807170271873,95.284490361809731,98.949953615665436,102.40956196188927,107.13642916083336,111.41712087392807,117.46784183382988,123.05680140852928
0.81582583186254676,72.377164289355278,72.379111729562283,72.676188468933105,72.892303831875324,73.458495758473873,73.81296955794096,74.255672939121723,75.234961688518524,75.693404033780098,76.680820718407631,77.635243639349937,79.311418890953064,80.807800233364105,83.057596161961555,85.079681053757668,87.559301853179932,90.391914770007133,93.501989781856537,97.054154098033905,100.50998592376709,105.17704045772552,109.54129387438297,115.44528605043888,121.04313801229
0.81781944152197972,70.590781971812248,70.488209187984467,70.841864965856075,70.919403947889805,71.354377120733261,71.630668185651302,72.125422522425652,72.79948578029871,73.468869268894196,74.496446207165718,75.30174346268177,76.970678225159645,78.427749127149582,80.564081579446793,82.528321847319603,84.9455576390028,87.740608751773834,90.74621208012104,94.242193311452866,97.663990899920464,102.22352449595928,106.4798229932785,112.36375634372234,117.82153888046741
0.81986049347710532,67.987328641116619,67.837989076972008,68.086767613887787,68.235118538141251,68.502551339566708,68.822441302239895,69.276441290974617,69.845509327948093,70.314631834626198,71.269793443381786,72.371150396764278,73.889320559799671,75.318217679858208,77.333538576960564,79.269389301538467,81.548648282885551,84.198393970727921,87.113978028297424,90.434634193778038,93.753619983792305,98.184421539306641,102.35054340958595,108.06027987599373,113.3406058549881
0.82195011672095875,64.534727178514004,64.344606757164001,64.545469239354134,64.634274810552597,64.90014786273241,65.142430774867535,65.651780381798744,66.117429114878178,66.512021869421005,67.54332572966814,68.663506209850311,70.065020874142647,71.432808384299278,73.252999201416969,75.087551295757294,77.302236668765545,79.720985785126686,82.546440348029137,85.686252638697624,88.880788803100586,93.062003865838051,97.022767022252083,102.48311194777489,107.51769261062145
0.82408946711343001,60.215771168470383,60.145105972886086,60.33871166408062,60.379702419042587,60.626999013125896,60.874014221131802,61.325894765555859,61.495071046054363,62.190776377916336,63.142175652086735,64.325292877852917,65.631758846342564,66.810643136501312,68.565657332539558,70.248520739376545,72.301025591790676,74.558409541845322,77.149953775107861,80.06508830934763,83.038024410605431,86.989665910601616,90.683264419436455,95.837873250246048,100.53140452504158
0.82627972802061977,55.510238535702229,55.456255547702312,55.592374987900257,55.555784612894058,55.809922702610493,55.973479494452477,56.346658647060394,56.748348988592625,57.244330428540707,58.158774696290493,59.45659963786602,60.678737543523312,61.722908578813076,63.27761572599411,64.770938046276569,66.719877980649471,68.688089892268181,71.09787567704916,73.755944274365902,76.493037268519402,80.145552225410938,83.540087930858135,88.255001798272133,92.544972822070122
0.82852211096940931,50.423239007592201,50.323524162173271,50.450886070728302,50.462227329611778,50.647113285958767,50.912836492061615,51.110182322561741,51.447885297238827,52.156192995607853,53.249843195080757,54.276136301457882,55.329066537320614,56.192914918065071,57.669042527675629,58.970008827745914,60.76678828895092,62.536253251135349,64.686034940183163,67.035182282328606,69.535989299416542,72.73417341709137,75.825808547437191,80.146711058914661,83.942329846322536
0.83081785631760774,45.130768336355686,45.068967401981354,45.177413821220398,45.186547540128231,45.453582800924778,45.581226222217083,45.869609355926514,46.256385207176208,47.031965181231499,47.985670790076256,48.878587886691093,49.895168475806713,50.638282097876072,51.964758917689323,53.09269791841507,54.625722125172615,56.172781363129616,58.132837273180485,60.182063072919846,62.376650169491768,65.235165253281593,67.932457447052002,71.772975541651249,75.139382630586624
0.83316823394004724,40.005163285881281,39.948864534497261,40.086271364241838,40.1177833750844,40.412606950849295,40.678401492536068,40.796513989567757,41.395181313157082,42.081265460699797,42.929439283907413,43.6650077290833,44.522034432739019,45.190823629498482,46.408246789127588,47.339447639882565,48.701589487493038,50.047768570482731,51.773342959582806,53.510136775672436,55.470206297934055,57.926509268581867,60.26483178883791,63.576997332274914,66.517684057354927
0.83557454393100505,35.306566093116999,35.256444167345762,35.380258873105049,35.463500924408436,35.737925410270691,35.954731710255146,36.154667336493731,36.653668470680714,37.513863738626242,38.204703755676746,38.682079833000898,39.489461153745651,40.117135364562273,41.166305106133223,41.990616131573915,43.114949401468039,44.276880074292421,45.805249709635973,47.281009595841169,48.986171472817659,51.086902972310781,53.10670567676425,56.046758979558945,58.511437203735113
0.83803811732334055,31.015704862773418,31.003607835620642,31.106549296528101,31.248308349400759,31.578997697681189,31.859361689537764,32.254792552441359,32.73463037982583,33.317720621824265,33.854838900268078,34.208497051149607,34.908415954560041,35.459801662713289,36.405979443341494,37.094491872936487,38.088660102337599,39.135521601885557,40.404005840420723,41.688726473599672,43.132129065692425,44.928750637918711,46.661053262650967,49.157993171364069,51.268025435507298
0.8405603168247473,27.308015018701553,27.33098279312253,27.460433166474104,27.634593684226274,27.987216234207153,28.254969723522663,28.701788783073425,29.104396179318428,29.634147685021162,30.028628993779421,30.251584395766258,30.846823241561651,31.326385971158743,32.15115861967206,32.817552872002125,33.664338853210211,34.603363797068596,35.699529375880957,36.753347814083099,38.02805046364665,39.57930901274085,41.025388937443495,43.22176119312644,44.92817671969533
0.84314253757152413,24.177810968831182,24.212522676214576,24.355607701465487,24.516084399074316,24.822923917323351,25.05716772377491,25.482315637171268,25.997828479856253,26.327266003936529,26.612724952399731,26.751455750316381,27.321479599922895,27.732080411165953,28.479690685868263,29.02040009945631,29.842694632709026,30.604336649179459,31.553150191903114,32.474888015538454,33.558906514197588,34.901462819427252,36.153322082012892,38.017589643597603,39.443001519888639
0.84578620790028514,21.469672333449125,21.484925605356693,21.614034382626414,21.829714525490999,22.080671306699514,22.32436665147543,22.641354590654373,23.051280111074448,23.29701741784811,23.437517030164599,23.651391174644232,24.180092519149184,24.525109289214015,25.187006581574678,25.687125008553267,26.434931833297014,27.103957626968622,27.909939663484693,28.710225353017449,29.664069576188922,30.843622472137213,31.878823440521955,33.497281190007925,34.675535438582301
0.84849279013803369,19.049839178100228,19.11822746694088,19.207133105024695,19.408757530152798,19.651676317676902,19.810366442427039,20.055254241451621,20.433010339736938,20.483785673975945,20.689533464610577,20.926044419407845,21.380217907950282,21.731746280565858,22.302721390500665,22.662621898576617,23.357024984434247,23.927449431270361,24.661890484392643,25.340807704254985,26.14808002859354,27.157576581463218,28.059446418657899,29.444045437499881,30.415138110518456
0.85126378141103709,16.901601227000356,16.95123491063714,17.094982523471117,17.20629470795393,17.336296286433935,17.483679745346308,17.680122511461377,17.814706964418292,17.992630722001195,18.159243734553456,18.456480845808983,18.806381311267614,19.108037354424596,19.608744459226727,19.920504404231906,20.555196538567543,21.0172477401793,21.637850815430284,22.217371577396989,22.901535117998719,23.768686229363084,24.497953398153186,25.694771600887179,26.4679174721241
0.85410071447295244,15.011422760784626,14.999754568561912,15.072637716308236,15.166122769936919,15.255654629319906,15.32658077031374,15.474855083972216,15.543348474428058,15.660160336643457,15.979703117161989,16.219047727063298,16.494491472840309,16.775865539908409,17.219041377305984,17.43575176037848,17.9592868052423,18.354392746463418,18.866636486724019,19.35700960084796,19.914999183267355,20.634415257722139,21.230819882825017,22.192330488935113,22.794964421540499
0.85700515855265746,13.370502080768347,13.371758604422212,13.390890713781118,13.407941956073046,13.447155831381679,13.480361437425017,13.552110461518168,13.588813362643123,13.748599193990231,14.058869816362858,14.363882528617978,14.501090181991458,14.726796016097069,15.079100754112005,15.26233140565455,15.678865691646934,15.998782271519303,16.405929012224078,16.794574476778507,17.254281904548407,17.828545933589339,18.295226473361254,19.047835383564234,19.495042411610484
0.8599787202222573,12.101739708334208,12.056185757741332,12.081841982901096,12.036410339176655,12.042144037783146,11.99406922981143,12.055422006174922,12.099629560485482,12.263053646311164,12.534091809764504,12.767335537821054,12.927785633131862,13.096562501043081,13.379284067079425,13.518418997526169,13.844548122957349,14.080080855637789,14.41419948078692,14.707958593964577,15.050217185169458,15.506942825391889,15.833457658998668,16.436417023651302,16.70014154817909
0.86302304428574983,11.285564875230193,11.234352879226208,11.230008089914918,11.131233726628125,11.102353897877038,11.072924303822219,11.150029512122273,11.158052109181881,11.328334513120353,11.588930580765009,11.672919642180204,11.858382904902101,11.963231642730534,12.210150815546513,12.293408554978669,12.590506539680064,12.73394241835922,12.992865523323417,13.205978747457266,13.457485715858638,13.827653290703893,14.01734000723809,14.507240963168442,14.627274451777339
0.86613981468883594,10.906341852620244,10.8796969037503,10.870357761159539,10.779579730704427,10.767427915707231,10.773530768230557,10.768836046569049,10.864856664091349,11.038210541009903,11.130398927256465,11.189046890474856,11.326315499842167,11.387608802877367,11.57162435632199,11.668414659798145,11.881238459609449,12.013960434123874,12.207803830504417,12.38329123146832,12.563876810483634,12.863755379803479,12.981314112432301,13.349083869718015,13.374549583531916
0.86933075545038152,10.991100257262588,10.927759462967515,10.935452543199062,10.856136884540319,10.860058812424541,10.830909427255392,10.909685671329498,11.007908523082733,11.119445426389575,11.167327815666795,11.128030860796571,11.268125733360648,11.365453900769353,11.496734505519271,11.530289262533188,11.758174179121852,11.847902752459049,11.995171466842294,12.146824803203344,12.268026329576969,12.536734884604812,12.605639348737895,12.920129490084946,12.866552633233368
0.87259763161604709,11.226982064545155,11.188670692965388,11.211390856653452,11.186702461913228,11.236786402761936,11.229101145640016,11.313704630360007,11.489085214212537,11.41409750841558,11.408996865153313,11.341967031359673,11.53084366582334,11.63543170504272,11.726166822016239,11.745143571868539,11.978694105520844,12.030901025980711,12.155983367934823,12.300152437761426,12.402128042653203,12.647070242092013,12.654701328836381,12.966160951182246,12.898297521285713
0.87594225023460914,11.504200838506222,11.484805347397923,11.513649532571435,11.559948803856969,11.620976179838181,11.673794999718666,11.747348388656974,11.778503235429525,11.74830156005919,11.763901503756642,11.733824143186212,11.871588734909892,11.905369259417057,12.017081322148442,12.04118132404983,12.262997575104237,12.305493863299489,12.435247264802456,12.548298021778464,12.668043589219451,12.89304244145751,12.898620296269655,13.181949689984322,13.078876125626266
0.87936646135751584,11.618129052221775,11.57533572986722,11.652106206864119,11.725923893973231,11.844897920265794,11.895874375477433,11.955052880570292,11.975337509065866,11.903945436701179,11.894611483439803,11.951170820742846,12.032637359574437,12.072478357702494,12.199894996359944,12.216264938935637,12.397642085328698,12.442036747932434,12.564697738736868,12.681111177429557,12.793836265802383,13.00347320176661,13.002719935029745,13.270930487662554,13.15581807307899
0.88287215906223049,11.481769375503063,11.487419813871384,11.565313352271914,11.677132003009319,11.79572307318449,11.858807262033224,11.907487243413925,11.932189177721739,11.820697231218219,11.936839912086725,12.005741961300373,11.982568189501762,12.024212993681431,12.132946522906423,12.184351973235607,12.316464399918914,12.347962139174342,12.474053079262376,12.571361118927598,12.654436994343996,12.84210635535419,12.8347213473171,13.077220747247338,12.949505561962724
0.88646128249992606,11.298370933160186,11.284671407192945,11.401405226439238,11.478243319317698,11.567968625575304,11.617590334266424,11.66303757019341,11.56980730034411,11.64000809378922,11.776632418856025,11.878842508420348,11.819838207215071,11.853772597387433,11.937710849568248,11.98667767085135,12.120889147743583,12.106632990762591,12.212409976869822,12.285546861588955,12.346232576295733,12.513229537755251,12.466260246932507,12.664694138802588,12.528369672596455
0.89013581696811173,11.140710722655058,11.13979946821928,11.233847189694643,11.269608661532402,11.340673023834825,11.372373821213841,11.421353422105312,11.433053631335497,11.52390500344336,11.622045410797,11.670211175456643,11.69542907550931,11.726766375824809,11.794028179720044,11.79905266687274,11.888115003705025,11.888730635866523,11.964590741321445,12.025797383859754,12.053232241421938,12.183614660054445,12.101697868667543,12.259766581468284,12.115612125024199
0.89389779500878774,11.187512146309018,11.175124308094382,11.25266651250422,11.226792568340898,11.259304529055953,11.243568606674671,11.278451841324568,11.356785172596574,11.488653440028429,11.545570032671094,11.555888699367642,11.676564684137702,11.733921449631453,11.791343051940203,11.758589826524258,11.880813330411911,11.846696501597762,11.908522166311741,11.953281473368406,11.960283622145653,12.063807476311922,11.968717061914504,12.082949794828892,11.907657450065017
0.8977492975327297,11.405553486198187,11.357698127627373,11.383095053955913,11.333869701251388,11.332717834040523,11.33216798864305,11.31662168726325,11.397804902866483,11.583416389301419,11.661681048572063,11.65410390868783,11.770611893385649,11.842425035312772,11.911221448332071,11.913193972781301,12.017520636320114,11.988722780719399,12.052101701498032,12.100661262869835,12.089815109968185,12.17091569956392,12.048071815632284,12.184678743593395,11.95856337249279
0.90169245497052919,11.537326050922275,11.50291071087122,11.490768549963832,11.42301113717258,11.421614261344075,11.376802176237106,11.421061502769589,11.46208755671978,11.673803141340613,11.706659065559506,11.812776764854789,11.802510248497128,11.915198722854257,12.042207516729832,12.072124360129237,12.191198227927089,12.162733109667897,12.235473860055208,12.280459377914667,12.279919254593551,12.352817964740098,12.260263719595969,12.358329474925995,12.156027992255986
0.90572944845102676,11.483248364180326,11.405263485386968,11.375764109194279,11.301227081567049,11.309288799762726,11.268395852297544,11.347564028576016,11.384531861171126,11.474771955981851,11.570287765935063,11.578746600076556,11.745086301118135,11.80427023395896,11.938472934067249,12.000869795680046,12.117753406055272,12.118269341997802,12.200096077285707,12.261684399098158,12.278275976888835,12.353912532329559,12.256890647113323,12.375009912066162,12.134945536032319
0.90986251100778748,10.988149295561016,10.961753754876554,10.923289989121258,10.883995311334729,10.881557767279446,10.861077907495201,10.974192946217954,11.000773319043219,11.02209460735321,11.126801832579076,11.108075989410281,11.305521907284856,11.338283657096326,11.480537584982812,11.561918339692056,11.678237683139741,11.695265865884721,11.800643756985664,11.866304025985301,11.910959104076028,11.968987585045397,11.872562701813877,11.965876398608088,11.756743289530277
0.91409392881428575,10.297973047941923,10.251059587113559,10.243275287561119,10.250412524677813,10.260033451020718,10.31419790443033,10.373348476365209,10.358424261212349,10.331277496181428,10.423733265139163,10.40618104301393,10.549141554161906,10.612206185236573,10.758234242908657,10.808243279345334,10.949301340617239,10.958157246932387,11.085271931253374,11.149287645705044,11.178932193666697,11.240021677687764,11.149004509672523,11.251918563619256,11.015749158337712
0.91842604244848758,9.5587326558306813,9.574058560654521,9.6054982980713248,9.6386815700680017,9.6802528742700815,9.7345036072656512,9.7534182202070951,9.7285376181825995,9.7040192699059844,9.7467954289168119,9.6744170198217034,9.7917558159679174,9.8570171883329749,9.9895185045897961,10.018961549736559,10.154200060293078,10.161383524537086,10.300631786696613,10.362487465143204,10.396987802349031,10.440794794820249,10.342957298271358,10.425536039285362,10.186060310341418
0.92286124818752313,9.1181210186332464,9.1168427029624581,9.1920973071828485,9.2255412824451923,9.2989525943994522,9.3077551200985909,9.3238119054585695,9.2593928808346391,9.2723752539604902,9.2895618351176381,9.2152192229405046,9.3362354431301355,9.3173199631273746,9.4350577043369412,9.4454622333869338,9.5610582809895277,9.5521830227226019,9.6896603303030133,9.7267265291884542,9.7687156815081835,9.8149486752226949,9.7171853017061949,9.7865389501675963,9.5508903795853257
0.92740199933316925,8.8939423337578773,8.9136680066585541,8.9832636574283242,9.0597389321774244,9.1028261408209801,9.0934912050142884,9.0970302214846015,9.0494019677862525,9.0595477484166622,9.0779476370662451,9.1073839487507939,9.2439215881749988,9.0536627322435379,9.1372229550033808,9.1304361270740628,9.2125599356368184,9.1985971722751856,9.3204698264598846,9.3585847150534391,9.387572105973959,9.4369898801669478,9.3457239149138331,9.4056921927258372,9.1863411432132125
0.93205080756887715,8.7161100581288338,8.7493179086595774,8.8194532617926598,8.8432571245357394,8.9119981871917844,8.8865741742774844,8.8802493577823043,8.8904240382835269,8.9003811087459326,8.9989860588684678,9.0271351365372539,9.0503567717969418,8.8824475603178144,8.9374576015397906,8.9085536943748593,8.944367416203022,8.9281162917613983,9.0297029046341777,9.0468097506090999,9.0703347763046622,9.1202247831970453,9.0302478633821011,9.1014532614499331,8.8880571792833507
0.96596257916836192,6.3333311276510358,6.3521307278424501,6.3832494402304292,6.4190298630855978,6.4523119991645217,6.4346775589510798,6.3861945979297161,6.3323341971263289,6.3708306723274291,6.3658788646571338,6.4615071788430214,6.3740694443695247,6.3109083124436438,6.3614178667776287,6.2928303950466216,6.3513935548253357,6.2965612318366766,6.2961205360479653,6.2089341883547604,6.1346648563630879,6.0503191989846528,5.8831481845118105,5.7927123457193375,5.5055946228094399
1.0011081979397787,4.5186554985120893,4.5343312071636319,4.5071981204673648,4.4973740195855498,4.5032173809595406,4.4642836234997958,4.4670668533071876,4.4561132215894759,4.4446157403290272,4.4766914630308747,4.4968509378377348,4.4073027179110795,4.382017299067229,4.375826288247481,4.2356551419943571,4.2233276043552905,4.1113361187744886,4.0757667496800423,3.9631921683903784,3.8954528109170496,3.787500967271626,3.66119038767647,3.5693884640932083,3.3295143308350816
1.037532556224986,3.2777398168109357,3.2583624720573425,3.2106011933647096,3.1678367888089269,3.1716345967724919,3.2019168518017977,3.2330541356932372,3.1689868844114244,3.1579985844437033,3.0885053523816168,3.0874903649091721,3.0735759872477502,2.964793563936837,2.9561976082623005,2.8791952077299356,2.8580179690616205,2.7718862720066682,2.734912664280273,2.6390811871970072,2.544903714559041,2.4249380731489509,2.2643257075105794,2.1321673817001283,1.8738860093289986
1.0752821797304957,2.3981405819067731,2.4071343090618029,2.3690484317485243,2.3697834244230762,2.3819906625431031,2.3610906058456749,2.3694800171069801,2.3226921402383596,2.2935688007855788,2.2537332031643018,2.261438703048043,2.2279875073581934,2.1439886071020737,2.1682655471377075,2.0925947371288203,2.0063212501700036,1.9019510284997523,1.8498734389431775,1.7379159271949902,1.6555858835345134,1.5382778940256685,1.4148412570648361,1.3071032379521057,1.1270179987623123
1.1144052869558729,1.5376813870389014,1.5558538716868497,1.5771019195090048,1.5807170611806214,1.5596882847021334,1.5200766950147226,1.5246682885335758,1.4941943991580047,1.4956607278436422,1.4292317149811424,1.4327994422055781,1.3920403685769998,1.3226861051225569,1.2850485816597939,1.2270019656571094,1.2070108041807543,1.1366164819628466,1.0810538907535374,0.99344402064161841,0.93556290719425306,0.84207550577411894,0.74572547738353023,0.65449359091871884,0.51080418582932907
1.154951850784383,1.0686542158655357,1.0646388371533249,1.066057218471542,1.0684867882810067,1.0473312943358906,1.025555840722518,1.0217043267039116,1.0169523263175506,0.99565056891879067,0.95014492279733531,0.94236468346207403,0.90617622961872257,0.86600554289179854,0.84268119477201253,0.78746186866192147,0.72781001069233753,0.671369970208616,0.64608118904288858,0.55451612653996563,0.49628479118109681,0.4145593244174961,0.34083761672445689,0.27702607453102246,0.1879845526191275
1.1969736623145533,0.66511185637500603,0.67861831883783452,0.65389755544310901,0.65393019340990577,0.66027256900270004,0.64198822334583383,0.63066035197698511,0.60303089664375875,0.60625276880455203,0.56111181624146411,0.54337835207843455,0.52586103063367773,0.49558269853878301,0.45600774158810964,0.41496378203737549,0.38795668493912672,0.3348749779179343,0.29817708626069361,0.25043227818423475,0.21522482790624053,0.1662981037497957,0.12374136883499887,0.086870815729071182,0.041490338124404502
1.2405243970141853,0.40784545181668364,0.40966932983428705,0.39209416622907156,0.39485528392833658,0.39411355222546263,0.38441578239144292,0.37046908172487747,0.34852715793749667,0.35015130424653762,0.32213275171307032,0.31755116278509377,0.28992689941514982,0.26036127484985627,0.23042700373844127,0.19938824176279013,0.185857604933517,0.16045935603870021,0.13138322273971426,0.095247393663157709,0.073492999831614725,0.044522896236230736,0.020532903829689531,0.0067872756710585236,0.0012214431209258692
1.2856596832813181,0.19572346582754108,0.20539316234862781,0.19845031531804125,0.19788914179844141,0.18843616772574023,0.18366770707234537,0.17886833371449029,0.15938161302801745,0.16174088677780674,0.14533864474196889,0.12981547778417735,0.11479171062273963,0.106026335343131,0.089482030854696859,0.074860640999474981,0.060703010983900185,0.04225167129231977,0.030290677585753656,0.010906564641878447,0.0036922450048280098,0.00014376958678496976,0.0031779433376741828,0.014242739987565756,0.043399523888155045
1.3324371734997151,0.092095515376968251,0.10039860737060735,0.09718905216004714,0.095266590822120634,0.087990225801377164,0.082661366719094076,0.085783039630086932,0.07252046186363259,0.066532949575162093,0.055936382496952319,0.052868815667238778,0.040283517477632813,0.034638768770363981,0.025714681193505839,0.017797913270584331,0.010985798178541728,0.0033016680046387137,0.00087184122796912789,0.00059608552160739237,0.0057100847507314256,0.016640603350083438,0.032896443458355407,0.069266680357031873,0.12815442664441434
1.3809166176796359,0.027178328637887716,0.029605911376393124,0.026420498478955778,0.027026459218802756,0.024006506740931854,0.021563979721634041,0.020163293140115002,0.015315223989034621,0.013297560821115439,0.0091980141859835385,0.0075781773359508975,0.0032857606229867997,0.0015677770967528204,0.00035206580179192315,0.00074926671908315257,0.0019372305122260514,0.0069572898959222584,0.012003993520352196,0.030468692094927974,0.048695696990876058,0.083914330680272542,0.11636545101464435,0.16680871652533824,0.24775100111401116
1.4311599397779586,0.0011022431202150074,0.0015708463125818639,0.00071830008807438617,0.0009913343308145528,0.00059597879322126346,0.00012238986242962824,7.0718565254423993e-05,0.00013577369052342192,0.00026394356097658722,0.0019062267781748687,0.0022270763333693822,0.0067314996738900845,0.0089325873715182524,0.014806805070179507,0.023697848404708566,0.029109238878504584,0.048519516436044796,0.060100534970615627,0.097218552345566422,0.12104171264854813,0.16613038346895337,0.21523362483094388,0.28178119728545425,0.38243503817648161
1.4832313167951348,0.0066676294106393641,0.0056532475824980638,0.006417863235288479,0.0069643001366479079,0.0081947339634496075,0.009937915830585009,0.011362735983680317,0.014719646627852967,0.015564487590175702,0.024299512198354023,0.02602712499005122,0.035650144814070472,0.042755566446089688,0.052762178245757241,0.072753337626181747,0.085205085148118087,0.1141915538446483,0.12498510761815851,0.17263736937820795,0.19934830072998011,0.26873831847478868,0.32168747033210821,0.41259090300445678,0.52058338034112239
1.5371972607500117,0.031454553416040198,0.029032942300844411,0.031514058308232507,0.031541695606591702,0.035580116589272848,0.038021456757405758,0.039226631270821599,0.048467098633864225,0.049898015087364911,0.062583037032140965,0.066436968814286956,0.080429342034676665,0.09189743851629828,0.10891922861947023,0.13147712345426044,0.14790570800141722,0.17967164793299162,0.20106770967504417,0.26612582398229279,0.30243701445215265,0.37585653625865234,0.43874651531223208,0.52242703130468726,0.63251865039637778
1.5931267036372287,0.070213185332022476,0.065828466214952641,0.072307326191548782,0.070040790656776153,0.075480321005215956,0.080091435150734469,0.082654356672264839,0.093894435459333181,0.094732479014510318,0.11006278163358729,0.11673537340357143,0.13643226174008305,0.15198111861900543,0.1697314108532737,0.19120094379104557,0.21783987159687968,0.25674451143640908,0.28449217556044459,0.36074582985747838,0.39178414615162183,0.46281666275172029,0.51768363978771959,0.61630914729903452,0.74811170154134743
1.6510910854757086,0.12032208450727921,0.11069999852861656,0.12019582166794862,0.11714247102827358,0.12414562353933434,0.13041088770387432,0.1323518597155271,0.14588905564414745,0.15165524949043174,0.17157011412928114,0.1795812120399205,0.2007821199058526,0.21189154184503423,0.23786839320382569,0.26670509905306972,0.29710868358597509,0.33941944744583452,0.36801012438081671,0.43376650390564464,0.46550413545628544,0.55244524723093491,0.6287974781007506,0.74670684032025747,0.86827610136242583
1.711164445560706,0.1689402036008687,0.16290769597253529,0.17031370943550428,0.16942770858258882,0.17811159949269495,0.18266635864529235,0.18727373595720564,0.20240258620833629,0.20790020458298386,0.22819568515842548,0.2313152916431136,0.2584100535059406,0.27443227206094889,0.30890046430431539,0.33659936748153996,0.36208682563301409,0.40875611190131167,0.44182475413253997,0.51353754820593167,0.55370064728776924,0.65005205810302868,0.72783075261395425,0.82131564363953657,0.92164270969806239
1.7734235170359758,0.21515687388091465,0.21149335395602975,0.22047665872014477,0.21787851412591408,0.22566836256009992,0.22994760999426944,0.23878078304915107,0.25530456611886621,0.25749528540472966,0.28129853581776842,0.28745109130977653,0.32022372779465513,0.33761100800620625,0.36252345465618419,0.39105359981476795,0.41919308487558737,0.479800401837565,0.50948109988530632,0.58457029008422978,0.62022632264415734,0.71538341697305441,0.78164740934153087,0.88536431337706745,1.015179795853328
1.8379478249068584,0.26417504325945629,0.25973929274914553,0.27003289056301583,0.26597766961640446,0.2759905697312206,0.28348817992082331,0.29006311269040452,0.30344415806030156,0.3060852204580442,0.33484808375214925,0.34578505984245567,0.3722048507843283,0.38707237267226446,0.41672995271801483,0.45481698669027537,0.48466941989318002,0.53785914400941692,0.56121534961857833,0.63652892020763829,0.68231892943731509,0.77544117806246504,0.84074386116117239,0.9590748097980395,1.0586294834502041
1.9048197876194761,0.32374291653832188,0.31210231476143235,0.32086970785894664,0.32124469945847522,0.3290164520876715,0.33942931790079456,0.34264453783544013,0.35973455138446297,0.36795199128391687,0.39592217961035203,0.39899065233475994,0.42591065140732098,0.44699261619825847,0.48287613625871018,0.51572054240386933,0.54525330528849736,0.59381427630432881,0.62457158262259327,0.70249862855416723,0.75160738182603382,0.83407339587574825,0.90343888133065775,0.99189069471322,1.1180938595207408
1.9741248223357917,0.36065380238869693,0.35082738984783646,0.35859953809995204,0.36146137151808944,0.36777877484564669,0.37279008173209149,0.38108107366133481,0.40040038556617219,0.40621122518496122,0.42833325978426728,0.4370803659548983,0.47338991158176214,0.4899766243470367,0.51862598350271583,0.54563574315398,0.57960451656254008,0.63304407405667007,0.66989731646026485,0.73423540184739977,0.7807303640875034,0.86049589246977121,0.92866196599788964,1.0355418233084492,1.1416509951232001
2.0459514540389971,0.40134937586844899,0.39617135644948576,0.41001338792557362,0.40471710945712402,0.41206048939784523,0.42274783065658994,0.42961721644678619,0.44462351707625203,0.44906178300152533,0.47497915732674301,0.48716191420680843,0.51550070094526745,0.52999364977586083,0.56376136592007242,0.59914101281901821,0.62873083562590182,0.67773434083210304,0.70763509580865502,0.77877800515852869,0.82060969481244683,0.90589811844984069,0.97008851473219693,1.0624028320307843,1.1519482058938593
2.120391428608599,0.43090902968833689,0.42554619314614683,0.4367315058625536,0.43134336406365037,0.44025537962443195,0.45217931768274866,0.45536347903544083,0.4706927144434303,0.48074445550446399,0.50776981108356267,0.51231716701295227,0.54025745124090463,0.55840070071280934,0.59117741242516786,0.62233537694555707,0.65135434898547828,0.69901190273230895,0.72939192742342129,0.80371658207150176,0.83930739137576893,0.91800701397005469,0.97213888476835564,1.0627229888923466,1.1667155153118074
2.1975398300096316,0.46611535124247894,0.45228105125715956,0.46084742198581807,0.4625735399313271,0.47109369115787558,0.47528115008026361,0.48364737196243368,0.50285594735760242,0.50508176753646694,0.52961022392264567,0.53454902357771061,0.57139078655745834,0.5864752477791626,0.61392733288812451,0.641789244429674,0.6708920705714263,0.7225478850887157,0.75325137650361285,0.81280511344084516,0.8528422893723473,0.92813483823556453,0.98360886808950454,1.0795881543308496,1.150110415648669
2.2774952017456838,0.48152601686888374,0.47735172920511104,0.48784615963813849,0.48306766164023429,0.49258166499203071,0.50082755510811694,0.5071264611906372,0.52513714003725909,0.52615078329108655,0.55373733543092385,0.5626373001432512,0.58933710106066428,0.60258883266942576,0.63395721331471577,0.66290998883778229,0.69340371654834598,0.73470001481473446,0.76324304897570983,0.82119028025772423,0.86269902851199731,0.93894747260492295,0.98789325694087893,1.0676727907266468,1.1474276509834453
2.3603596727308824,0.50041082908865064,0.49407280821469612,0.50534972851164639,0.50114611597382464,0.51004368235589936,0.52136500590131618,0.52326360455481336,0.53700128398486413,0.54599269948084839,0.56902647390961647,0.57514885131968185,0.60193859529681504,0.61692839226452634,0.64698503050021827,0.67479058890603483,0.69831998250447214,0.73955721140373498,0.7703841284965165,0.82800455851247534,0.85752779763424769,0.93080203991848975,0.97801044827792794,1.0558454408310354,1.1388766235904768
2.4462390877416023,0.51703466565231793,0.50552468452951871,0.51287519253673963,0.51710505489609204,0.52286814266699366,0.52515852017677389,0.53454648709157482,0.55017186264740303,0.55313952924916521,0.57607062545139343,0.58102013927418739,0.60982739366590977,0.62558572896523401,0.64832444599596784,0.6727617455762811,0.70126304519362748,0.74206971022067592,0.76575421128654853,0.82021997775882483,0.84770975413266569,0.91494735807646066,0.96683401940390468,1.0358152241678908,1.1028560859849676
2.5352431426145392,0.51693918602541089,0.51292800693772733,0.52154603903181851,0.51785404415568337,0.52667788870166987,0.53346428007353097,0.53820193151477724,0.55351287982193753,0.5540962417726405,0.57736672548344359,0.58875123003963381,0.60795315774157643,0.61990295490249991,0.64858090679626912,0.67244111548643559,0.69647865742444992,0.73188651842065156,0.75609692989382893,0.80469246645225212,0.84072345856111497,0.89441875205375254,0.9400406873319298,1.0059196221409366,1.0675237912219018
2.6274855243638315,0.52184869180200621,0.51613911561435089,0.52550894347950816,0.52204547607107088,0.52927833871217445,0.53757931699510664,0.54021926986752078,0.55227311537601054,0.56141392455901951,0.5785384209593758,0.58297547767870128,0.6099179161246866,0.61896728974534199,0.64523662440478802,0.66699405596591532,0.68753139080945402,0.7212489303201437,0.74949931888841093,0.79293265100568533,0.81919703783933073,0.87605145864654332,0.91059412946924567,0.98287034593522549,1.0324299731291831
2.7230840563962109,0.52467098878696561,0.51530921866651624,0.52115378796588629,0.52342458517523482,0.52984251006273553,0.53159394743852317,0.5399923583609052,0.55335995001951233,0.55409293045522645,0.5755148958414793,0.57966107787797228,0.60214826004812494,0.6166535546653904,0.63384180288994685,0.65580366895301268,0.68020517914555967,0.71097257605288178,0.73065908823627979,0.77478584996424615,0.79832620895467699,0.85602664831094444,0.88651470467448235,0.94787099189125001,0.99723095877561718
2.8221608490096681,0.51214649935718626,0.51022690784884617,0.51855983940185979,0.51408029044978321,0.52120152552379295,0.52807519125053659,0.53066959936404601,0.54433224094100296,0.54668033152120188,0.56303340365411714,0.57299553096527234,0.59020388824865222,0.59831625095102936,0.62476511247223243,0.63954597630072385,0.66198874189285561,0.68901816930156201,0.71010034799110144,0.75039450090844184,0.77421252860222012,0.82023705274332315,0.85298407368827611,0.905499626416713,0.95835165376774967
2.924842455367862,0.50719842367107049,0.50086304126307368,0.50720344163710251,0.50641503534279764,0.51201569160912186,0.51822274836013094,0.5218284351285547,0.53061486332444474,0.53769971482688561,0.55399037624010816,0.55395492597017437,0.5779571192106232,0.58709207188803703,0.60462422558339313,0.62528505467344075,0.63958355609793216,0.67034856072859839,0.68821853445842862,0.72411203943192959,0.74617728462908417,0.78743119479622692,0.82268505019601434,0.86819756322074682,0.91522800107486546
3.031260033149513,0.49711483344435692,0.49139603303046897,0.49674947862513363,0.49720328289549798,0.50328640593215823,0.50444964144844562,0.51095404679654166,0.52346752898301929,0.52223683171905577,0.53804360731737688,0.54647843498969451,0.55998130445368588,0.57149977167136967,0.58849700761493295,0.60337053547846153,0.62634954077657312,0.64395516488002613,0.66614467365434393,0.69457736623007804,0.72019626724068075,0.75870212540030479,0.78547786665149033,0.82984583382494748,0.87040821474511176
3.1415495120792514,0.48089443729259074,0.47881960618542507,0.48622395563870668,0.4821777167962864,0.48730383079964668,0.49460815289057791,0.49567618523724377,0.50336210284149274,0.51113071717554703,0.52281998394755647,0.52602926036342978,0.54494607722153887,0.5493669377756305,0.57065559172770008,0.58327332558110356,0.59771497594192624,0.62347352528013289,0.63659960520453751,0.67161756462883204,0.68486679601483047,0.72491701960097998,0.74646238924469799,0.79381835262756795,0.82430939702317119
3.2558517675539145,0.47035915736341849,0.46277325763367116,0.46602266741683707,0.46889701910549775,0.47373210015939549,0.47379620838910341,0.47994160151574761,0.48947156104259193,0.48950544459512457,0.50484376127133146,0.50743222836172208,0.52224465337349102,0.53259591001551598,0.54452944977674633,0.55935540387872607,0.57498741871677339,0.59479953936534002,0.61052671185461804,0.63700352562591434,0.65422495489474386,0.68959200161043555,0.70974379463586956,0.75044382305350155,0.77829284453764558
3.3743128005860736,0.44727996434085071,0.44646987860323861,0.45234825677471235,0.44829815981211141,0.45336586312623695,0.45909447845770046,0.46045615238836035,0.4683090039761737,0.4721386157325469,0.48140789661556482,0.48799533833516762,0.50075305550126359,0.50603013974614441,0.52260732144350186,0.53424662735778838,0.54757024685386568,0.56628677732078359,0.57950762083055452,0.60499757179059088,0.62145324039738625,0.64999202638864517,0.67259349126834422,0.70503647858276963,0.73754131607711315
3.4970839242946243,0.43414354225387797,0.42872758372686803,0.43229430867359042,0.43383351131342351,0.43676062539452687,0.43820937455166131,0.4438163610175252,0.44967174564953893,0.45244042004924268,0.46376467071240768,0.46503147931070998,0.47894174192333594,0.48606533266138285,0.49918121064547449,0.50829598045675084,0.52410502661950886,0.53715877543436363,0.55432384525192901,0.57267697248607874,0.58992012863745913,0.61577542219310999,0.63582775776740164,0.66682989778928459,0.69229317188728601
3.6243219571806642,0.41209502954734489,0.41026709805009887,0.41405122558353469,0.4124982695793733,0.41730367142008618,0.42019886954221874,0.42120810766937211,0.43020999460713938,0.43157261336455122,0.44024039042415097,0.44473045272752643,0.4563334213453345,0.460506537463516,0.4736297158524394,0.48448678990826011,0.49438312044367194,0.51216262573143467,0.52035897923633456,0.54351958772167563,0.55570335173979402,0.58048137690639123,0.59911274234764278,0.6241290228208527,0.65302673762198538
3.7561894234355293,0.39404118701349944,0.39165553689235821,0.39537141053006053,0.39486136380583048,0.39751635672291741,0.40067059185821563,0.40428849856834859,0.40746779245091602,0.41177729610353708,0.42073942977003753,0.42337346664862707,0.43205287418095395,0.44004128023516387,0.44909445231314749,0.45931011764332652,0.4697955627925694,0.48257935169385746,0.4938258538604714,0.5136338013689965,0.52233906171750277,0.54943488270509988,0.5596734436112456,0.59099293523468077,0.60849714826326817
3.8928547605368364,0.37526016472838819,0.37202795123448595,0.37510954908793792,0.37487691454589367,0.37821338139474392,0.37976594414794818,0.38242835307028145,0.38888258661609143,0.38953767600469291,0.3978183763101697,0.40066237468272448,0.41142228030366823,0.41316857072524726,0.4261963217286393,0.43281325773568824,0.44334702880587429,0.45530986780067906,0.46508151752641425,0.48067778523545712,0.49353841796983033,0.5129766984609887,0.5270246165455319,0.55198370671132579,0.56798154849093407
4.0344925343977183,0.35379014856880531,0.35301238880492747,0.35552286659367383,0.3549997319933027,0.35768359329085797,0.35993092757416889,0.36234681558562443,0.36677994427736849,0.36869541776832193,0.37630966946016997,0.37896036019083112,0.38664089777739719,0.39173066371586174,0.40041859913617373,0.40745817654533312,0.41816990415100008,0.42642418184550479,0.43754571373574436,0.4518139754072763,0.46228785323910415,0.48068833217257634,0.49297138617839664,0.51437172677833587,0.53118026512674987
4.1812836623440468,0.33544367970898747,0.33228449220769107,0.33536806714255363,0.33466172963380814,0.33784424531040713,0.33911188825732097,0.34133312583435327,0.34535712219076231,0.34870364214293659,0.35271612944779918,0.35643571813125163,0.36448097787797451,0.3681658455170691,0.37509509472874925,0.38417471654247493,0.39006426831474528,0.40156872500665486,0.40913764096330851,0.42180706845829263,0.43322618689853698,0.44761898694559932,0.46031572599895298,0.47875028086127713,0.49293982936069369
4.3334156442044778,0.31398567411815748,0.313940588850528,0.31539541826350614,0.31572744605364278,0.31691544508794323,0.31941093731438741,0.32154906803043559,0.3250280765350908,0.32576896075624973,0.33388424367876723,0.33393317338777706,0.34170767100295052,0.34520959097426385,0.35290351731237024,0.35784726456040516,0.36654699454084039,0.37563195958500728,0.38058363867457956,0.39604067400796339,0.40235778212081641,0.41747652977937832,0.4289886673213914,0.44313669949769974,0.4604212999693118
4.491082801808477,0.29682934918673709,0.29387463559396565,0.29685221560066566,0.29573845095001161,0.29898255201987922,0.29967304685851559,0.30128031969070435,0.30514601006871089,0.30709513614419848,0.31125105737010017,0.31377111427718773,0.32038607174763456,0.32320794416591525,0.33043307019397616,0.33475868438836187,0.34313236840534955,0.34942238248186186,0.35747815191280097,0.36819670646218583,0.37424565234687179,0.39041979284957051,0.39652598724933341,0.41358582366956398,0.42759581643622369
4.6544865271982525,0.27691735548432916,0.27677676672465168,0.27768401044886559,0.27841549293952994,0.27913566667120904,0.28126953716855496,0.28323450320749544,0.2855750544113107,0.28746484915609471,0.29137317286222242,0.29488034342648461,0.29852500808192417,0.30251222371589392,0.3089365724590607,0.31293480825843289,0.31951662444043905,0.32662930665537715,0.33316821529297158,0.3416613886365667,0.35028793138917536,0.361611915868707,0.36843324627261609,0.38524964137468487,0.39429902459960431
4.8238355398716433,0.26011671757441945,0.25785560958320275,0.26023679156787694,0.25937602249905467,0.26183111799764447,0.26253283122787252,0.26376401749439538,0.26722718222299591,0.26816065239836462,0.27325847395695746,0.2730464878550265,0.27986097711254843,0.28197909571463242,0.2868121030041948,0.29227029834873974,0.29668069578474388,0.30378148844465613,0.30961698695318773,0.31764663499779999,0.32482376584084705,0.33442233229288831,0.34223210893105716,0.35591862653382123,0.3644437471521087
4.9993461533845398,0.24159696788410656,0.24108473671367392,0.24210352011141367,0.24237997652380727,0.24354423303157091,0.24458813818637282,0.2464876739832107,0.24844278587261215,0.24975867490866221,0.25345943649881519,0.255460757878609,0.25993932969868183,0.26132209532079287,0.26720575493527576,0.27133549511199817,0.27523191191721708,0.28228535861126147,0.2867716507462319,0.29388978795032017,0.30069104372523725,0.30959038448054343,0.31623641832266003,0.32852044008905068,0.33596589334774762
5.1812425516533773,0.22579953688546084,0.22470522555522621,0.22605635455693118,0.22589525429066271,0.22720440381090157,0.2284617661498487,0.22943022125400603,0.23131549573736265,0.23352073546266183,0.23565535820671357,0.2380641913623549,0.24090565906953998,0.24425849938415922,0.24883243840304203,0.2507508918934036,0.25708595180185512,0.26129622338339686,0.265797846368514,0.27360154667985626,0.27820066083222628,0.28613601910183206,0.29311262155533768,0.3034377422882244,0.31019092944916338
5.369757075310627,0.20982824769453146,0.20861515364958905,0.20990955349407159,0.20973247991059907,0.21111445556744002,0.21199330239323899,0.21262410562485456,0.2156297683250159,0.21536862285574898,0.21941372903529555,0.22009484696900472,0.22431214779498987,0.22592850783257745,0.22955935992649756,0.23301286410423927,0.23804149351781234,0.24069597665220499,0.24624956856132485,0.25274383844225667,0.25557999373995699,0.26511095964815468,0.27038192938198335,0.27814234510879032,0.28611959700356238
5.5651305184790614,0.19384738290682435,0.19414404392591678,0.19469896596274339,0.1947225050535053,0.19576644178596325,0.19603267213096842,0.19832250752369873,0.19870188253116794,0.20060229740920477,0.20288373692892492,0.20407704601529986,0.20736744461464696,0.20922615769086406,0.21255168833886273,0.21607829825370573,0.21847728904685937,0.22335313149960712,0.22782425276818685,0.23235120365279727,0.236208106885897,0.24491301100351848,0.24779197663883679,0.25611563713755459,0.2645142758556176
5.767612436343863,0.18094604398356751,0.1791747214156203,0.18038540121051483,0.18046308515476994,0.18122216040501371,0.18277732701972127,0.18239947225083597,0.18465323554119095,0.18576737015973777,0.18771684551029466,0.18889044885872863,0.19197925689513795,0.19317611519363709,0.19683459406951442,0.1991058565035928,0.20235229449463077,0.20668936322908849,0.20938911943812855,0.2138583000341896,0.21908047783654183,0.22472187553648837,0.22803248098352924,0.23656308697536588,0.24258524537435733
5.9774614639154509,0.16566910935216583,0.16620605398202315,0.16679827007465065,0.16650858923094347,0.16767682999488898,0.16750205142307095,0.16929153780802153,0.17062589191482402,0.17098569462541491,0.17289893943234347,0.1745359924971126,0.17682971811154857,0.17810489988187328,0.18151814199518412,0.18286620936123654,0.18677001292235218,0.18955355088110082,0.19276803592219949,0.19715347659075633,0.20111630912288092,0.20521594141609967,0.21001217325101607,0.21730722687789239,0.22150222270283848
6.194945646390174,0.15409271570388228,0.15310881764162332,0.15382597458665259,0.15394844874390401,0.15465250134002417,0.15540547537966631,0.15602560879779048,0.1569991379219573,0.15781946128117852,0.16035359335364774,0.16078215965535492,0.16256684710970148,0.16478810051921755,0.1668616776005365,0.16904949629679322,0.17179060832131654,0.17448108646203764,0.17722138759563677,0.1816671364067588,0.18434977158904076,0.18904349344666116,0.19311579442000948,0.19883898904663511,0.2026228153554257
6.4203427815308789,0.14178263173380401,0.14116790393018164,0.1417052936158143,0.14195719816780183,0.14234187443798874,0.14312273614632431,0.14383675057615619,0.14447967903106473,0.14594434722675942,0.14701069866714533,0.14749229361768812,0.15062770916847512,0.15122936488478445,0.15327983679890167,0.15510186829487793,0.15807866558316164,0.16032809857279062,0.16279070297605358,0.16663410665933043,0.16870408592512831,0.17358867125585675,0.17670261737657711,0.18225769768469036,0.18559475068468601
6.6539407745046546,0.12974879560351837,0.1301737752801273,0.13078870359458961,0.13028897263575345,0.13134389226615895,0.13144769884820562,0.13192281255032867,0.13368172539048828,0.13373259546642657,0.13484422815963626,0.13640232880425174,0.13783848224557005,0.13870062082423829,0.14095450927561615,0.14292019177810289,0.14488926154444925,0.14647558018623386,0.14967722787696403,0.15248126485676039,0.154897099811933,0.15873538603773341,0.16177752807561774,0.16643510959693231,0.16952181194210425
6.8960380056310022,0.12027514225337654,0.11936954803240951,0.11957528861239552,0.12014032452134416,0.12043878066469915,0.12095167364168447,0.12175341116380878,0.12196194475109223,0.12271644404972903,0.12444886664161459,0.12519009754760191,0.12635889754164964,0.12708108955121133,0.12969952845014632,0.13092320509895217,0.13229512484394945,0.1348909199150512,0.13710460475704167,0.1394133695284836,0.14146535306645092,0.1453930486459285,0.14838935813168064,0.15177080409193877,0.15496281180821825
7.146943711510179,0.10969441296765581,0.10971533380507026,0.1101370833494002,0.11012436015880667,0.11056992322846781,0.11080765615042765,0.11145183697226457,0.11225154933345038,0.11274730147852097,0.11399403132963926,0.11431592753797304,0.11557236968656071,0.11734330520266667,0.11879255763778929,0.11912135507736821,0.12147949798963964,0.1236119433742715,0.12538718522409908,0.12732676840096246,0.12945933145238087,0.13329432554019149,0.13484646187862381,0.13836954605358187,0.14176553495053668
7.4069783800185238,0.10029810197011102,0.10055405020830221,0.10114872186386492,0.1007234423304908,0.10120371666562278,0.1017355278308969,0.10189233657729346,0.10267962221405469,0.10366447472188156,0.10403858502104413,0.1045151520811487,0.10643506192718633,0.10698435173253529,0.10806841390149202,0.10943736782064661,0.11142622433544602,0.11291478286148049,0.11398743669269606,0.11606472419225611,0.11890401117852889,0.12140433430613484,0.12264484121988062,0.12630654459644575,0.12931357255729381
7.6764741596753083,0.092658371999277733,0.091994961796444841,0.091909771494101733,0.092415295745013282,0.092856586052221246,0.092940774920862168,0.093618786340812221,0.094053514985716902,0.094163931542425416,0.095269857891253196,0.096201765511068515,0.097185975944739766,0.097550369886448607,0.098771117860451341,0.10008998416014947,0.10197236853127833,0.10268195964454208,0.10405756054387894,0.10669191276247147,0.10826546922908165,0.11011867858178448,0.11183075873123016,0.11551039494224824,0.11827860779885668
7.955775283904007,0.084175323834642768,0.084134301621816121,0.084388396659051068,0.08444867399521172,0.084776568721281365,0.084913274142309092,0.085346541425678879,0.085981895419536158,0.086368191448855214,0.087022035950212739,0.087649451772449538,0.088501158854342066,0.088907093420857564,0.090673098529805429,0.091718934403616004,0.092324974204530008,0.093317376988125034,0.095415613686782308,0.097316935774870217,0.098424586481996812,0.10014034571941011,0.10192468987952452,0.10547236287675332,0.10710724630916957
8.245238510729914,0.076477708353195339,0.076750140702642966,0.077313101261097472,0.077061893782229163,0.077128432465542573,0.077573203830979764,0.077933937958732713,0.078143730628653429,0.078823195217410102,0.079689104146382306,0.079727098942385055,0.080419580219313502,0.08143292698514415,0.082602014008443803,0.083038936449156608,0.084153732655977365,0.085398437760886736,0.086909781457507052,0.08831119148817379,0.089080687597743236,0.091042284111608751,0.093373634401359595,0.095784590419498272,0.096652276755776256
8.5452335784757096,0.070380594101152383,0.070035881486546714,0.069932692662405316,0.070149294522707351,0.070592355339613277,0.070721139600209426,0.071042633375327569,0.071448052898631431,0.071676975647278596,0.072198291010863613,0.072799131048668642,0.07370460442325566,0.074172526605252642,0.074998766343924217,0.075406567542813718,0.07652188391512027,0.0780031460308237,0.079249663875089027,0.079877348412992433,0.080920162974507548,0.083243706641951576,0.084725433691346552,0.086537687027885113,0.087744937729439698
8.8561436780371032,0.063981874365708791,0.063771232511498965,0.06372426434973022,0.06387898170214612,0.064308174849429633,0.064365898062533233,0.064527776921750046,0.065012038481654599,0.065431973831437062,0.065704540756996721,0.066061633886420168,0.06700960570742609,0.067491504072677344,0.068022150800970849,0.068653568647278007,0.069979622247046791,0.070721907650295179,0.071378327607817482,0.072518735949415714,0.07389510165376123,0.075676248059608042,0.076761897558753844,0.078201342541433405,0.079304994687845465
9.178365942341749,0.057708787811861839,0.057918917555070948,0.058405849376867991,0.058332518623501528,0.058265536543331109,0.058436989296751563,0.058824972016736865,0.059075940975162666,0.059377799123467412,0.059949621951091103,0.06034140049450798,0.060710924473823979,0.061027787683997303,0.061933222663355991,0.062653153232531622,0.063529732404276729,0.064162000773649197,0.064856305121793412,0.06580677905731136,0.067148339905543253,0.068702890719578136,0.069333316932898015,0.070773100807855371,0.072366358333965763
9.5123119536166563,0.052683526664623059,0.052667806317913346,0.052864460783894174,0.052869559862301685,0.05295076117181452,0.053114331763936207,0.053483414601942059,0.053706810766016133,0.053864602807152551,0.054239983517618384,0.054712810626369901,0.055266383824346121,0.055490242077212315,0.056158959225285798,0.056800593047228176,0.057522114664607216,0.057924239583371673,0.058820904465392232,0.060054348279663827,0.060953122134378646,0.061823235650081187,0.062549955713620875,0.064230283373035491,0.065566371493332554
9.8584082691120543,0.048103489556524437,0.047865031847322825,0.047638736105000135,0.047703815420391038,0.048147228415473364,0.048356780433095992,0.048429624308482744,0.048574184118479025,0.0489193857574719,0.049225660273805261,0.049410580504627433,0.049915076146135107,0.050440658742445521,0.051081195488222875,0.051327678498637397,0.051893118587031495,0.052511265574139543,0.053346787208283786,0.054220876823819708,0.055056500372302253,0.055976901421672665,0.056621358038682956,0.058068232516234275,0.059320883388863876
10.217096965953182,0.043350801279302686,0.043314129394275369,0.043357313406886533,0.043417792603577254,0.043601881556242006,0.043711973623430822,0.043840745052875718,0.043986171756841941,0.044290852478297893,0.044692066559946397,0.044915936767210951,0.045174425082223024,0.045482314922992373,0.046139158032019623,0.046540936855308246,0.047039591496286448,0.047537997576000635,0.048346032555855345,0.049053255061153322,0.049545356305316091,0.050404088142386172,0.051340330523089506,0.052747565277968533,0.053536194645857904
10.588836205816014,0.038926092409383273,0.039074979329598136,0.039424259684892604,0.03950679906483856,0.039402626582159428,0.039339387763902778,0.039578405685460893,0.039886764185212087,0.040117368869687198,0.040296517752722139,0.040572953359514941,0.040982289181556553,0.041200322251825128,0.041556932697858429,0.041885185688443016,0.042557796241453616,0.043081597294076346,0.043628096871543676,0.044179735792567953,0.044780924457882065,0.045578588458738523,0.046243759643402882,0.047419325019291136,0.048249051527818665
10.974100820148156,0.03541964186297264,0.035420665317360545,0.035515134957677219,0.0355466381261067,0.035609249211120186,0.035667486077727517,0.035855916994478321,0.036082081111089792,0.036257972828025231,0.036384831182658672,0.036555200280417921,0.036944381252396852,0.037311703581508482,0.037708880372520071,0.037874143174121855,0.038315774956572568,0.038788304544141283,0.039393026650941465,0.039874209243862424,0.040374222699028905,0.041177547078405041,0.041845383613690501,0.042755916401802097,0.043304731723765144
11.37338291668245,0.032204503801040119,0.032080497487186221,0.03190139044818352,0.031856747005804209,0.032096520724735456,0.032341407339117723,0.032506253661267692,0.032517312956770184,0.032614257841487415,0.032818728283018572,0.033051789054297842,0.033333217947074445,0.033537799750774866,0.033950071705476148,0.034258593710546847,0.034666519273741869,0.034931594702356961,0.035381795809371397,0.035896239172870992,0.036435074918699684,0.037066406701342203,0.037608275561069604,0.038481808827782515,0.03909392927744193
11.78719250801797,0.028912936235428788,0.028880818306788569,0.028832264459197177,0.028845947126683313,0.028981531871977495,0.02913181504845852,0.029252246367832413,0.029288428289873991,0.029379355706623755,0.029593862585898023,0.029869114547182107,0.030131366187561071,0.030239330044423696,0.030473598450043937,0.030727275017852662,0.031235113474394893,0.031586979053827235,0.031964466910721967,0.032283773678500438,0.03272195085810381,0.033351580466842279,0.033838421648397343,0.034554577810922638,0.035099694949167315
12.216058163071356,0.025820347080298234,0.025902775731083238,0.026086320202011848,0.026195151505817194,0.026213340755930403,0.026138752749830019,0.026182336940109963,0.026322713369154371,0.026529403839958832,0.026728233740868745,0.026881502166361315,0.027084586075943662,0.027235503719566623,0.027485659797093831,0.027653661316435318,0.028007177763356594,0.028347874722385313,0.028775665297871456,0.029121323590516113,0.029450620557327056,0.029931315049907425,0.03038573651065235,0.031087843057321152,0.031536233815131709
12.660527682230573,0.02323780007645837,0.023302638826862676,0.023458586661945446,0.023558398816021509,0.023567839714814909,0.023500010134739568,0.02353976699305349,0.023672470486417296,0.023899182853710954,0.024073326007055584,0.024161140569049167,0.024264741830847925,0.02440921571724175,0.024725284360101796,0.024972691209768527,0.025269303356253658,0.025416159509404679,0.025719798974023433,0.026060720263558323,0.02648574559680128,0.026954863998980727,0.027319085205817828,0.027884551307579386,0.028283241976168938
13.12116879707348,0.021091078877361724,0.021058309335785452,0.021016909271565964,0.02101000644506712,0.021064141446913709,0.021156071656150743,0.021289904829245643,0.021385992286013789,0.021486376475877478,0.021569649439697969,0.021659792128048139,0.021789779581013136,0.021934033227807959,0.022202090191058232,0.022436753195506753,0.02273607776442077,0.022894862959219608,0.023094225049135275,0.023325370151724201,0.023684366280576796,0.024175394575649989,0.024575876486778725,0.02505612595450657,0.025323692956590094
13.598569895544994,0.019008596571438829,0.018957814381792559,0.018838114867321565,0.018773367039102595,0.018843336631107377,0.01899500717081537,0.019176317535311682,0.019251180292485515,0.019279096735772328,0.019290295436803717,0.019372078433661954,0.0195594478136627,0.019743313752769609,0.019969542221588199,0.020079013962458703,0.020298109327995917,0.020464634200834553,0.020748416292917682,0.02099654961602937,0.021284089247274096,0.021631059480569093,0.021937620069365948,0.022376951603291673,0.022673244598991005
14.09334077351912,0.016941461763053667,0.016933853299633483,0.016918923933189944,0.016917119557547267,0.016973414534732001,0.017042488814695389,0.017138404304205324,0.01719098330977431,0.017246555264136987,0.017290459554715198,0.017391353483617422,0.017557453551489743,0.017730663712427486,0.017917720491823275,0.018000868951276061,0.018128527290173224,0.01824944904728909,0.018519429997468251,0.018835356555428007,0.019152109131027828,0.019452031439868733,0.019623661244622781,0.019935751912271371,0.020175216679490404
14.606113413705872,0.015046013852042961,0.015084601269336417,0.015181566541286884,0.015268898738213466,0.015323658728448208,0.0152944322253461,0.015289065622710041,0.015287296744645573,0.015377052393887425,0.01549876935496286,0.01564305201463867,0.015780266399815446,0.015877916051977081,0.016001346188204479,0.016076564947070437,0.016229779390414478,0.016353671051547281,0.016582235899477382,0.016817923669805168,0.017099014414270641,0.017384211536409566,0.017572551818375359,0.017841289425632567,0.01803768102581671
15.137542792897909,0.013451818767862278,0.013491440858160786,0.013585319413323305,0.013675041930582665,0.013718477044676547,0.01369261301260849,0.013667272263774066,0.01365962475847482,0.01374992793353158,0.013876373198399961,0.014021626626345096,0.014141636719614326,0.014188246322191844,0.014261926069593756,0.014322580746920721,0.014498190413178236,0.014664449508018151,0.014898654404532863,0.015072782102834026,0.015245126582158264,0.015437780866704998,0.015604719126713462,0.015914779203740181,0.016160494931682479
15.688307718588129,0.012119717382120143,0.012128726650189492,0.012137078739215212,0.012156859898823313,0.012180619457467401,0.012196671171295748,0.012238294739290723,0.012276862734324823,0.012356871089650667,0.012431488318725314,0.012521605800429825,0.01259452824251639,0.012644639599784568,0.012720339162115124,0.012790756582035101,0.012959782111465756,0.0131215265555511,0.013340876826987369,0.013499820536708285,0.013635013770908699,0.01375525915864273,0.013874231144654914,0.01413858171144966,0.01440404062577727
16.259111696026753,0.010908645475865342,0.010893422809203912,0.010836752435352537,0.010796617636515293,0.010795524386594479,0.010840364508112543,0.010937687677142094,0.011019317589671118,0.011104704884928651,0.011134867846521956,0.0111621996957183,0.011189725139956863,0.011234064383643272,0.011340243446284148,0.011441296556768066,0.011606485951233481,0.011726770926543395,0.011891552539964323,0.012008516673631675,0.012132840385675081,0.012269626690795121,0.012395634449603676,0.012629611161173671,0.012841083790590346
16.850683826825456,0.0097367448306613369,0.0097250838089166791,0.0096747342313392437,0.0096364393293697503,0.0096346520867882646,0.0096709493318485329,0.0097617760848152102,0.0098409828451622161,0.0099177616539236624,0.0099420411333994707,0.0099503202172854799,0.0099669653591263341,0.010006743100348103,0.010116384331922745,0.010227805811155122,0.010385271192717482,0.010483454059794894,0.010592930132588663,0.010660555983122322,0.01075827561544429,0.010898475681642594,0.011059269071665767,0.011310814236821898,0.011510977265061229
17.463779740256346,0.0086198989756667288,0.0086265443114825757,0.008626149530755356,0.0086334704619730473,0.0086515182138100499,0.0086784304048705962,0.0087208946206374094,0.0087530242526554503,0.0087977491812125663,0.0088185680433525704,0.0088527582565802732,0.0088950976460182574,0.0089518899303584476,0.0090513732493491261,0.0091396896195874433,0.0092652392422678531,0.0093367516155922203,0.0094269864730449626,0.0094754695446681581,0.0095588175800003228,0.009683817571385589,0.0098414995773055125,0.010090315508023195,0.010285842011398927
18.099182558435352,0.0076233640861573804,0.0076429865512182005,0.0076835451354781981,0.0077339304643828655,0.0077738951395076583,0.0077934875348546484,0.0077968362907085975,0.0077819288444516133,0.0077916513710079016,0.0078085296013341576,0.0078615781962980691,0.0079349367924805847,0.0080149028472078498,0.0081100981365125335,0.0081681748770279228,0.0082519025881993002,0.008290967091852508,0.0083617612099260441,0.0084223947301325097,0.0085136873885858222,0.0086420322272715566,0.0087820298967926647,0.0089854078960343031,0.0091469724025046162
18.7577038966229,0.0067809352231051889,0.0067997619012203359,0.006840784104042541,0.0068969892622590123,0.0069383372369884455,0.0069544437992590247,0.0069534717999886198,0.006927084410108364,0.0069269791715669271,0.0069367094870358414,0.0069911958071315894,0.0070702038042327331,0.0071523857159263571,0.0072415372192153882,0.0072880804914348118,0.0073406781034464075,0.0073582597819950024,0.0074143775332231598,0.0074739696306096448,0.0075811574888575706,0.0077167337117316492,0.0078501747093469021,0.0080212814073092886,0.008128975736326538
19.440184899919522,0.0060736257200915134,0.0060830316397186834,0.0061003342257208715,0.0061266346647244063,0.0061494770161516499,0.0061616713805960899,0.0061716625955341442,0.0061682750806539843,0.0061828338452869502,0.0062044790811341954,0.0062496984514837095,0.0063056843700906029,0.0063661646272521466,0.0064368515313617536,0.0064767701533128275,0.0065281208608212182,0.0065455716735414171,0.0065964675563918718,0.006649351352280064,0.0067519995150178147,0.0068815003205600078,0.0070045344273239607,0.00715204945026926,0.0072396245086565614
20.147497317680724,0.0054302574344546883,0.0054348338967429299,0.0054416944285549107,0.0054399196928898164,0.0054380675155698555,0.0054409412773566146,0.005458710446873738,0.005482774702613824,0.0055234376432053978,0.0055585581599189027,0.0056006059858191293,0.0056329755548176763,0.0056652983680578473,0.0057018023489945335,0.005719606314869452,0.0057653945773381565,0.0057947469867940526,0.0058613660398805223,0.00592937475812505,0.0060263699324423214,0.0061326880663727934,0.0062339352061826503,0.0063530596130476624,0.0064223388876598619
20.88054461702329,0.0048784942678139487,0.0048754934564385621,0.0048520108121010708,0.0048286225783158443,0.0048138175702661101,0.0048126492474693805,0.0048373277813880122,0.0048708699891903962,0.0049244884448853554,0.0049671151837173966,0.0050101759993594897,0.0050354919244455232,0.0050442373126315942,0.0050597536742316152,0.0050647795465010859,0.0051027347813032975,0.0051414951553852006,0.0052104331107329926,0.0052790309118790901,0.0053687065656049526,0.005462691631691996,0.0055434219598282652,0.0056329576391362934,0.0056824306630005594
21.640263136845526,0.0043365489013922343,0.0043346909774300002,0.0043161950591183995,0.0042983196137811319,0.0042868818684382859,0.0042853407198890636,0.0043054984507762128,0.0043343504394215415,0.004382068342238199,0.0044185406161432184,0.0044558072977451957,0.0044755270087080135,0.0044850760384633759,0.0044957444840747485,0.0044999242902576952,0.0045334554101827962,0.0045684278843509674,0.0046403928545259987,0.0047101321006266517,0.0047944125080903177,0.0048736412647940597,0.0049298710973744164,0.0049974604633007402,0.0050309669859416317
22.427623283835395,0.0038338586837198818,0.0038353431359610113,0.00382955295276588,0.0038290628635877511,0.0038309886531351367,0.0038364976771845249,0.0038532435635261209,0.0038686476534621761,0.0038981834213700495,0.0039183370952287078,0.0039423847551915969,0.0039599704161901172,0.0039736916539823142,0.0039917421311201906,0.0040055038089121808,0.0040441634614580835,0.0040777688502657838,0.0041388571044080891,0.0041964862964505301,0.0042646296167276887,0.0043260691543309804,0.0043729818419251387,0.0044287153098139243,0.0044555175534242153
23.243630771994255,0.0033798926169765764,0.0033869452320232085,0.0033940391931537306,0.003409315066619456,0.0034251458437211113,0.0034389165068660077,0.0034533298216956609,0.0034600586589021987,0.0034705449595548998,0.0034739249674657913,0.0034838585440866154,0.0034950737292547274,0.0035101095970730967,0.0035375444520013843,0.0035632709018500464,0.0036097101551604283,0.0036458030408539344,0.0037010141716109501,0.0037425383218305797,0.0037931469255454431,0.0038358826554940606,0.0038694683310041,0.0039151317635059968,0.0039432949922684202
24.089327907259467,0.0029906734075666463,0.0029977043163853523,0.0030114343164768798,0.0030335890803598886,0.003055710169746817,0.0030729525112747069,0.0030894059223101067,0.003089519013201425,0.0030916430675915763,0.0030847897264720814,0.0030864474688314658,0.0030907354955616029,0.0031040767046306428,0.0031359740394236724,0.0031669156783209473,0.0032157897680917813,0.0032549382990509912,0.0033062260849874292,0.0033373640428635554,0.003374127862343812,0.00340340551861118,0.0034243579120811773,0.0034611983683134895,0.0034866839964706742
24.965794918866774,0.0026609929116148123,0.0026675327865177678,0.0026782301215462212,0.0026986285158727696,0.0027187394759948802,0.0027337750984770537,0.0027479250520627829,0.0027493605191466486,0.0027508126379416353,0.0027432421904904913,0.0027442029522717348,0.0027473233899399929,0.0027594139241955418,0.0027872544842466596,0.0028162800660993526,0.0028616906067782111,0.0028969678044177272,0.0029425066825297108,0.0029718030134517903,0.0029987077878104174,0.0030205634293452022,0.003036627590745411,0.0030668323379359208,0.0030899355006113183
25.874151339153041,0.0023792404123241795,0.0023840278597617726,0.0023891423592203864,0.0024004081463999682,0.0024120238283558137,0.0024207883323015267,0.0024312051755259745,0.0024339376860780249,0.0024391768466784924,0.0024381011803598085,0.0024437500431986336,0.0024512973658374904,0.0024641020178250983,0.0024873252757515729,0.0025106495073714541,0.0025469057702594,0.002573620528551146,0.0026090632292152804,0.0026318897130295227,0.0026576399991427024,0.00267646286715717,0.0026923079116158988,0.002721818813711252,0.0027455694295213107
26.815557433561711,0.0021336482096785403,0.0021364528004141903,0.0021354198130438817,0.0021374781324539072,0.0021390839530113226,0.0021406417658909049,0.0021466661785325414,0.0021482833659547396,0.0021591568824987917,0.0021648083153422704,0.0021776354705025369,0.0021910620966991701,0.0022070975437600282,0.0022280043351656786,0.0022454333869745824,0.0022709462255079416,0.0022880431992007288,0.0023124004708279244,0.0023279148963410989,0.0023479060487261449,0.0023661617959760406,0.0023852775119621583,0.0024157804990636578,0.0024426243186326246
27.79121568267772,0.0019119777331297882,0.0019133321010258442,0.0019080423530795088,0.0019038801463011623,0.0018984551481935341,0.00189517209571477,0.0018968503090945887,0.0018976891244619765,0.0019089635003410876,0.0019206010100560889,0.0019382229862685563,0.0019555232588572835,0.0019747097677509373,0.001996111737753381,0.0020101245237356125,0.002028356408345644,0.002036402932958481,0.0020525161755813315,0.0020598997084562143,0.0020748504698531178,0.0020901441545220223,0.0021112584163347492,0.0021427358238952365,0.0021713879906428701
28.802372318184783,0.0017075706165314841,0.0017082205276892637,0.0017018293116279892,0.0016954545286580469,0.0016877507454182705,0.0016820254617186947,0.0016820260373151541,0.001682860331811753,0.0016929753070371589,0.0017047981282303226,0.0017238733889826108,0.0017424951738576056,0.0017613930541529044,0.0017814863273315495,0.0017944603719115548,0.0018092928219175519,0.0018136373861352695,0.0018242874991756253,0.0018279220652175354,0.0018383350816293387,0.0018511793768993812,0.001869216365776083,0.0019006049434437955,0.0019295024385428405
29.850318914707021,0.0015179671287341989,0.0015184257879354845,0.0015135696729657866,0.001508338296389411,0.0015027064511059507,0.0014979153663716716,0.0014983491498696822,0.00149897633866658,0.0015080080813731911,0.001517584062980859,0.0015344764535711874,0.0015505649930673826,0.0015672538617081955,0.0015841121844459849,0.0015956964725774014,0.0016086627223330652,0.0016126446689668228,0.0016216852965271755,0.0016246358222815616,0.0016340094779252468,0.0016452260995265533,0.0016606763309710004,0.0016891030941224017,0.0017162180520244874
30.936394039568196,0.0013448804908193779,0.0013452416745849405,0.0013428830143880077,0.0013412542131163718,0.0013387577548655827,0.0013369653833592565,0.0013394029637652238,0.0013412799056595759,0.0013488740787579445,0.0013560476921838927,0.0013682397811294322,0.0013799669461036501,0.0013920828039317712,0.0014050703622956462,0.0014136405080193981,0.0014255999328156577,0.0014296880730171324,0.0014395657260024564,0.0014438477080602752,0.0014542352831767857,0.0014665477914377334,0.0014818939288829824,0.0015067125369796486,0.0015312450602777972
32.06198496257587,0.0011887224463293933,0.0011901398020768283,0.0011898417021711793,0.0011915863132685445,0.0011931599366903356,0.0011951909766594326,0.001200022284649549,0.0012028714522784867,0.0012103181147153919,0.0012148309908752708,0.001223116065659724,0.0012298219040189906,0.0012373943346233318,0.0012458125896728234,0.0012509654706036599,0.0012600141370171514,0.0012647249220094636,0.0012750492870736707,0.001281985477987746,0.0012940829590206704,0.001307855923698753,0.0013245930421135199,0.0013480606577331855,0.0013695057681388789
33.228529428014404,0.0010507825573995433,0.001052947489199596,0.0010539669466993473,0.0010583693174339714,0.0010631214783529686,0.0010679556029913329,0.001074569878312559,0.0010790737835009168,0.0010858233512180959,0.0010894964112253547,0.0010945747575306086,0.0010975858928077287,0.0011011014614723535,0.0011054385515762988,0.0011079741704520529,0.0011143638386670318,0.0011181689934574024,0.0011284633171726455,0.00113687847925803,0.0011502665341822649,0.0011654152506821447,0.0011828361273842347,0.0012063257217391765,0.0012260724193993155
34.437517491110206,0.0009319421599798261,0.00093356692531187946,0.00093569132980064751,0.00094095574883112931,0.00094703803887341564,0.00095365535889868625,0.00096118774553133335,0.00096597623667094012,0.000972938877055185,0.00097569638552386095,0.000979365251737363,0.00098022465670055681,0.00098131615146712647,0.00098312670110090039,0.00098342355170188966,0.00098816185965233672,0.00099033970417394812,0.00099926450985776683,0.0010083145048724873,0.001022032209846202,0.0010372402385314672,0.0010547138236915998,0.0010775892750984895,0.0010968241539899282
35.690493421315054,0.00082903671682288405,0.0008309983237495544,0.00083285446987702016,0.00083813904564067343,0.00084429604947899861,0.00085046589566672992,0.00085756834300809714,0.00086255099444088046,0.00086851203309379343,0.00087109055743894714,0.00087452137375976235,0.00087486459227648083,0.00087486623641552796,0.00087563482122732239,0.00087534236718056491,0.00087896772146223157,0.00088052772571245441,0.00088851190798777679,0.00089633306799896673,0.00090893202212782853,0.0009235849711899391,0.00093985733883528155,0.00096071072670156354,0.00097857653042865422
36.989057674838449,0.00074083366146737717,0.00074254613929269908,0.00074403037541515005,0.00074817929265691419,0.00075293431689260615,0.00075816136316575466,0.00076419442231667745,0.00076789020522483042,0.0007732064064214228,0.00077539687316630079,0.0007785986962574043,0.00077915436355624479,0.00077970518444203663,0.00078062288983460348,0.00078059336038904803,0.00078404872678561333,0.00078598228520831981,0.00079296829474628794,0.0007993957859753209,0.00081076114170741675,0.00082389943844418667,0.00083819448707345146,0.00085638387551512096,0.00087204339817503751
38.334868938948745,0.00066447260337554326,0.00066562595301888905,0.00066637089057053345,0.00066918714071562135,0.00067242634318631644,0.00067572481398769924,0.00068009470533070271,0.00068260950325793601,0.00068653510342642221,0.00068839418625543658,0.00069147042495387723,0.000692483439706848,0.00069387871891990471,0.00069560127482759526,0.00069657420931434899,0.00070074042187684427,0.00070324509624697384,0.00071006243487659049,0.00071608770915077002,0.00072583626001687662,0.00073689157039780184,0.0007489534008868759,0.00076431971027091095,0.00077728755854877818
39.729646250654199,0.00059708357971999249,0.00059802752861060071,0.00059799301828888929,0.00059967020513340685,0.00060106864339104504,0.00060262489202500547,0.00060507760554173728,0.00060638685550884475,0.00060936338860528849,0.00061010846667386431,0.0006128861107015382,0.00061435691517885971,0.00061664839952868533,0.00061936096798831386,0.00062149103158049002,0.00062634898034730213,0.00062974646678526369,0.00063681548871841187,0.00064264894351140356,0.00065167167934987447,0.00066099096602556529,0.00067091115823814107,0.0006836002741010816,0.00069391550167097193
41.175171192470152,0.00053686953577880558,0.00053764942700240681,0.00053728687979059941,0.00053770060407032361,0.00053770375717476782,0.00053781522944973403,0.00053873791381420233,0.00053878867927892315,0.00054041484654021588,0.00054097392126095656,0.00054312520435928491,0.00054457293609289081,0.0005473500237656026,0.00055094666754484933,0.00055411810268424233,0.00055959104975045193,0.00056377807038643368,0.0005711057119697216,0.0005772147153777496,0.00058541450349025581,0.00059362648383398664,0.00060229411070622518,0.00061245855840752483,0.00062070164040051168
42.673290168077123,0.00048238648628284864,0.00048316897522227009,0.00048226463857758972,0.0004820053969183391,0.00048135696326312427,0.00048028156652435428,0.00048014985142685873,0.00047934739816923866,0.00048020503851375906,0.00048007066737909554,0.00048165542065703448,0.00048328707967471018,0.00048616673069545868,0.00048979083842937143,0.00049364428144826888,0.00049957525772015288,0.00050417267124203136,0.00051163814202936919,0.00051777786802631454,0.00052569257076129361,0.00053306312588574656,0.00054094869071263929,0.00054956882780743399,0.0005559588071264443
44.225916760776492,0.0004330383927992898,0.00043336135802007902,0.00043236883128372483,0.00043178182534120424,0.00043070068315387289,0.00042928459393465346,0.00042847844247262401,0.00042723302343006253,0.00042745432084245749,0.00042717203386644087,0.00042865924301338509,0.00042970981785117601,0.0004323020769447794,0.00043613050397084407,0.00044002288603905981,0.00044574867169444587,0.00045053884370815922,0.00045771813809381001,0.00046366236043127174,0.00047120978580039719,0.00047809950621058306,0.00048507349814030931,0.00049261053234772589,0.00049832380952352651
45.835034177756413,0.00038743626372195195,0.00038775524977552323,0.00038683934450034485,0.00038620097105024342,0.00038505087171358809,0.0003834810794387522,0.00038267174988959596,0.00038127994892533934,0.00038143088647757395,0.00038102364304393177,0.00038216123047618566,0.00038316571954055689,0.00038545999700545508,0.0003887621263913843,0.00039237906558753366,0.00039788799557527454,0.00040239575091050028,0.00040905348011222031,0.00041447597202193265,0.00042140699487447364,0.00042772607207552937,0.00043393281765702341,0.00044102433010095865,0.00044577042947935297
47.50269778328984,0.00034575447674001225,0.00034610103499232991,0.0003453622340146012,0.00034490088245320294,0.00034389546557633821,0.00034270905213418246,0.00034200337042022966,0.00034080849431461502,0.00034094715526578057,0.00034060614798647748,0.00034176024337284616,0.00034279961842287321,0.00034473297363035726,0.00034758147985769483,0.0003506238361552505,0.00035556801707059549,0.00035947613962150626,0.0003653787131554509,0.00037014356387032876,0.00037634561991239934,0.00038186543255847027,0.0003874278509101714,0.00039360116063846817,0.00039815044328861404
49.231037724100673,0.00030793652797456161,0.0003082131923832776,0.00030768998783514689,0.00030749631402215982,0.00030678631952696378,0.00030602484783059936,0.00030568113412243747,0.00030490506219393865,0.0003052681739035279,0.00030520415219825736,0.00030634717845146042,0.00030730875569418004,0.00030911717477977163,0.00031155508509073115,0.00031409339088384058,0.0003182367827747612,0.00032154665093742096,0.00032652766896035246,0.00033058302096833359,0.00033578716980287027,0.00034050007947428185,0.0003452288641483392,0.00035067062812288441,0.0003545638041799748
51.022261650251231,0.00027369084956774259,0.00027393008295462096,0.00027361744561460455,0.00027357216295342823,0.00027334741905349347,0.0002730594038240497,0.00027319629883493235,0.00027284753714695853,0.00027351744131465239,0.00027365645472343658,0.0002750075845341371,0.00027598409315032768,0.00027769783935127634,0.00027983197384173764,0.00028191781326825094,0.00028527561005375901,0.00028800447236676519,0.00029211193115941114,0.0002953166394092932,0.00029963223866502631,0.00030352015683376976,0.00030743119496889904,0.00031197184738118722,0.00031527725273861051
52.878657535026633,0.00024293583199863633,0.00024323567770778709,0.00024302224612426926,0.00024334385366842071,0.00024337043738142938,0.00024348520959449615,0.00024399358243698543,0.00024412335312717914,0.00024511130283144666,0.00024558029572574469,0.00024692237042245324,0.0002481855683242884,0.00024973490214108551,0.00025160009357705349,0.0002533105839432892,0.00025622497165045388,0.0002582329359626101,0.0002615753612218441,0.00026409912273095415,0.00026755863191851859,0.00027060042175719445,0.00027372759669219704,0.00027746156397512323,0.00028018304372068314
54.802596597418052,0.00021550690885874246,0.00021591694242317772,0.00021579735810206557,0.00021621840723895502,0.00021651622535046045,0.00021700374132649358,0.0002178314225034228,0.00021830928638166824,0.00021951847158163673,0.00022021126017079951,0.00022177803898415505,0.00022293630403424913,0.00022463215687196225,0.00022635585207808617,0.00022795871689140768,0.00023022576424835961,0.00023184397034015092,0.00023455443904651929,0.00023636296886309083,0.00023914758017440363,0.00024150268149014664,0.00024397179478086173,0.00024685373566057933,0.00024898779284399097
56.796536330937336,0.00019139183018523909,0.0001915933700118444,0.00019166291565397842,0.00019216881425165866,0.00019269492877782568,0.0001933003831879887,0.00019436683893303552,0.00019510401257605281,0.00019649777642172239,0.00019739195717249913,0.00019902760799794805,0.00020024669761653513,0.00020180114323409271,0.00020341644879806609,0.00020497454285361982,0.00020693723515563534,0.00020828985898191377,0.00021039437781666948,0.00021174715772076524,0.0002138960321929062,0.00021567467685912334,0.00021759176905078448,0.00021992888940047806,0.00022155244478483382
58.863023642632825,0.0001699165877440123,0.00017026766272465466,0.00017023221818845968,0.0001708043238721757,0.00017144228386456462,0.00017223824101364471,0.00017334043380401454,0.00017423734703214677,0.00017567888620817484,0.00017671911166416976,0.00017824655242293375,0.00017954275182319179,0.00018105486818598138,0.0001826439021783699,0.00018390673213275477,0.00018571342335604868,0.00018682002830416877,0.00018869502979868003,0.00018968591578527594,0.00019141915898757134,0.00019275703911603159,0.00019422909306854308,0.00019606360915247478,0.00019727551924120235
61.004698106314358,0.00015112905295211476,0.00015132318450383764,0.00015143533504868856,0.00015201874679604543,0.00015264990325647432,0.00015340171133004787,0.00015456453689211003,0.00015548819701649563,0.00015691299020659244,0.0001579697920703893,0.00015946529075705485,0.0001607339831721788,0.00016210183896703256,0.0001635670595661054,0.00016472329538430586,0.00016645743643550759,0.00016739286551370469,0.00016900426954435943,0.00016983005613013802,0.00017122451070150646,0.00017222166424346597,0.00017336816659963006,0.00017484137451617698,0.00017581499473351414
63.224295334144671,0.00013448370584256963,0.00013474583715833433,0.00013487144530444084,0.00013534362540923439,0.00013593432161229657,0.00013670829940082285,0.00013773147719575718,0.00013867616357288171,0.00014000653287382647,0.00014100177873643815,0.00014243503930799761,0.00014354594021881439,0.00014487670954821397,0.00014622634726890738,0.00014730968084109008,0.00014877133961022082,0.00014963546118451632,0.00015102425159341237,0.00015181235585970398,0.00015292326197169359,0.00015383662059065273,0.00015474445323349073,0.00015595779940014154,0.00015672527823085147
65.524650470901975,0.00011987497865106889,0.00012005998699748943,0.00012017717512335935,0.00012063562430242314,0.00012115621548858257,0.00012182829082263424,0.00012274768300457595,0.00012357205523727544,0.00012475797734978755,0.00012571195092192511,0.0001270041450247561,0.00012802523507815522,0.00012922526011394098,0.0001303523194060574,0.00013132912050295431,0.00013262273816039283,0.00013339113382926371,0.00013473360538895918,0.00013542283473100269,0.00013644846033500357,0.00013724072469756265,0.00013797852649233278,0.00013898972102666107,0.00013962373598630506
67.908701815378791,0.00010692669334488869,0.00010710694384741259,0.00010720584223378182,0.00010758499677976374,0.00010801782761049594,0.00010859852378786172,0.00010939041190383136,0.00011008741082463303,0.00011115696377217432,0.00011191997083415117,0.00011304487295404897,0.00011395557020321689,0.00011493341172297278,0.00011598791837386102,0.00011680851405060366,0.00011794777847029536,0.00011864799955674243,0.00011983125963865859,0.00012046548292588,0.00012143744455528349,0.00012211558694019686,0.00012278572505053376,0.00012370504926906278,0.00012426398719611598
70.37949457354128,9.5451095546650322e-05,9.5596992018442961e-05,9.5635157148166172e-05,9.5996490930616574e-05,9.6336090173565481e-05,9.6797880871690722e-05,9.7458668534500248e-05,9.8033998952473667e-05,9.8916602901510942e-05,9.954064426409559e-05,0.00010048417916763697,0.00010121979443056262,0.00010210449950420752,0.00010296154949074321,0.00010370092923395191,0.00010466255566043969,0.00010527582183783579,0.00010632436626778485,0.00010687399041486856,0.00010778549906476087,0.00010838758185016673,0.00010903636104586667,0.000109910159817872,0.00011043339571514821
72.940184748243709,8.5191116674820933e-05,8.5351119768262151e-05,8.5358709313254622e-05,8.5630633098077169e-05,8.588451564506272e-05,8.6245861005807001e-05,8.6778348737936994e-05,8.7217138368345104e-05,8.7911990394928807e-05,8.8414862922547854e-05,8.9178226936326155e-05,8.9793610079880182e-05,9.0495186217509627e-05,9.1210062429070149e-05,9.1822408354147456e-05,9.2670882896328521e-05,9.3161788466744611e-05,9.403318767908786e-05,9.4581583013564341e-05,9.5369870201977847e-05,9.6005245111996373e-05,9.659921474636235e-05,9.7386200259563793e-05,9.7904549249960837e-05
75.594043170467017,7.5984240627491317e-05,7.6121544299923016e-05,7.6100711417836919e-05,7.6329981638423305e-05,7.6550234719974242e-05,7.6779648292557567e-05,7.7192938174874826e-05,7.7511183860679012e-05,7.805852925457657e-05,7.8427791198265595e-05,7.9033169434694628e-05,7.948720834605183e-05,8.0063607413194404e-05,8.0660554775846549e-05,8.1135884681060588e-05,8.1842841698431812e-05,8.2257146093667188e-05,8.3002276554111631e-05,8.342310429654276e-05,8.4185830452554455e-05,8.4720714230712701e-05,8.5311141662103296e-05,8.605616449308684e-05,8.6555236830321292e-05
78.344459677229182,6.767789382777778e-05,6.7795126144076789e-05,6.7769508158121994e-05,6.7944633741490179e-05,6.8063140215457452e-05,6.8255025231778177e-05,6.856542081656869e-05,6.877973169316931e-05,6.9198872045816984e-05,6.9453037500721848e-05,6.9919431560094836e-05,7.0259444900244716e-05,7.0697981986000968e-05,7.1162830499460483e-05,7.1538061369835759e-05,7.2114372024145723e-05,7.2448985012130152e-05,7.3077297548351794e-05,7.3431911337351607e-05,7.410291368969979e-05,7.4578992025564617e-05,7.51178009323894e-05,7.5796086656865214e-05,7.6270477903150891e-05
81.19494744150586,6.015213243237838e-05,6.025158677402942e-05,6.0224090125515772e-05,6.0354495305503519e-05,6.0459061263173908e-05,6.0553480976111018e-05,6.0779032589053372e-05,6.0907219461725504e-05,6.1219778110910283e-05,6.1376524595146975e-05,6.1728683578010646e-05,6.1966177463901317e-05,6.2294396323991919e-05,6.2645055264098914e-05,6.2927132301382471e-05,6.3390946465347042e-05,6.3646134963235568e-05,6.4188480211058163e-05,6.4459593572152585e-05,6.4987493477275393e-05,6.5452486115447073e-05,6.5933400636097872e-05,6.6588067191730715e-05,6.6984476802645077e-05
84.149147459689956,5.3310437037268343e-05,5.3394698092290582e-05,5.3344475215766352e-05,5.3462068462906132e-05,5.349730388637397e-05,5.3576278732592186e-05,5.3734791435999796e-05,5.378178108372822e-05,5.402169977664073e-05,5.4108726146750996e-05,5.4361824199489206e-05,5.4517037996859585e-05,5.4753973403265377e-05,5.5023347965033054e-05,5.5210512272196866e-05,5.5579871068189846e-05,5.576574330845574e-05,5.6196640782602003e-05,5.6447676243465139e-05,5.6867581557540348e-05,5.7263132088536395e-05,5.7683463779767408e-05,5.8220705925648986e-05,5.8661838256313104e-05
87.210833202324253,4.7079979820452422e-05,4.7127806279689821e-05,4.7099441628617456e-05,4.7167580783380458e-05,4.7202773124865871e-05,4.7245864946532379e-05,4.7353529181393128e-05,4.7356254556873978e-05,4.7519055765832263e-05,4.7556717611030308e-05,4.7734063677751237e-05,4.782635919653444e-05,4.8000947485249412e-05,4.8183022036241141e-05,4.831893647327945e-05,4.859678981361526e-05,4.8723905225145359e-05,4.9070233089310022e-05,4.9268201323116045e-05,4.9639908814569367e-05,4.9935986154991951e-05,5.03282967194707e-05,5.0765007660658057e-05,5.1155141926884085e-05
90.383915434045193,4.139796994451217e-05,4.1440715923712901e-05,4.1408167650303085e-05,4.1456291928199107e-05,4.1456777033488379e-05,4.1493492235034068e-05,4.1542269281436006e-05,4.1537005573744068e-05,4.16505601901207e-05,4.1637231525726293e-05,4.1763945567652172e-05,4.181187054008717e-05,4.192981867667811e-05,4.2054197073149169e-05,4.2140042689098323e-05,4.2367247536034824e-05,4.245151592208174e-05,4.2709877730473522e-05,4.2860227218000091e-05,4.3164819929053522e-05,4.3406766291553822e-05,4.3734745782231244e-05,4.4134410634555366e-05,4.4439835268583749e-05
93.672447208896912,3.6179331449837093e-05,3.6255930227824251e-05,3.6221890745480323e-05,3.6247497533281603e-05,3.6248377737635451e-05,3.6250228703238463e-05,3.6284017718379857e-05,3.626537600087687e-05,3.6343759924228891e-05,3.6304767719208542e-05,3.6391836186311366e-05,3.6409454176045131e-05,3.6479384293741646e-05,3.65628026521847e-05,3.6612415606818161e-05,3.678537144224947e-05,3.6835203509610892e-05,3.7052314363350547e-05,3.7169079194931953e-05,3.7415975993049244e-05,3.7606574649018398e-05,3.7858456680694985e-05,3.8194910855438025e-05,3.8454302093704484e-05
97.080629047394183,3.1473896714651062e-05,3.1517038789452556e-05,3.1477026503523575e-05,3.15008534919059e-05,3.1519621448872215e-05,3.1502944700889657e-05,3.1530884457176001e-05,3.1498214418057557e-05,3.153814799627952e-05,3.1505318538904703e-05,3.1558206507575903e-05,3.1551535989216006e-05,3.1596326358851456e-05,3.165095349277891e-05,3.1678243169963594e-05,3.1806140721180043e-05,3.183332204770295e-05,3.2018416942669603e-05,3.2085521190161614e-05,3.2284083993694423e-05,3.2457737083824156e-05,3.2664666142601106e-05,3.2945141538398559e-05,3.3147327963334305e-05
100.61281430194772,2.7208838965897542e-05,2.7242123674220409e-05,2.7211001525806466e-05,2.723052289788086e-05,2.7219699530789399e-05,2.720730680128014e-05,2.7224274914416924e-05,2.7187017686891579e-05,2.7225266769903556e-05,2.7187420925223194e-05,2.7215033359340168e-05,2.7203087929805747e-05,2.7232112101316375e-05,2.7266153332483611e-05,2.7278898953042585e-05,2.7368384935222423e-05,2.739604679291574e-05,2.753061246085764e-05,2.7576714097143906e-05,2.7735969623243761e-05,2.7866901584516768e-05,2.8035026326200807e-05,2.8266288643052917e-05,2.845292316155934e-05
104.27351471750627,2.3343770997996671e-05,2.3374507210682793e-05,2.3347272812834774e-05,2.3359587598470455e-05,2.3368265888557005e-05,2.3352683797384088e-05,2.3363710683454997e-05,2.3328815561107774e-05,2.3356243913141839e-05,2.3309904250368163e-05,2.3339809820832613e-05,2.3314443112987249e-05,2.3329415668627007e-05,2.3352331721682162e-05,2.3355746078479456e-05,2.3426088214151264e-05,2.3436505099727611e-05,2.3544776090567154e-05,2.3576119053903e-05,2.3720831314300028e-05,2.3817714026375114e-05,2.3953264552734055e-05,2.4156701344146825e-05,2.4303349480447878e-05
108.06740619451595,1.9886610878927513e-05,1.992630345526436e-05,1.9901570293967552e-05,1.9918870255430932e-05,1.9907444260613971e-05,1.9894494277306052e-05,1.9901888918649746e-05,1.9872386527897135e-05,1.9891288423501408e-05,1.9857058195071886e-05,1.9869355310841996e-05,1.9852479704152159e-05,1.9865443083855183e-05,1.988248571516138e-05,1.9880211763911859e-05,1.9935688553740505e-05,1.9933603153887702e-05,2.0033322194024095e-05,2.0055675738372969e-05,2.015946288169701e-05,2.0235912730370842e-05,2.0362260092721129e-05,2.0509368211296675e-05,2.0628314475690246e-05
111.99933476156073,1.6823129138199278e-05,1.6848675026714943e-05,1.6827525927354259e-05,1.683601916235844e-05,1.6826333596231535e-05,1.6830451125215973e-05,1.6836779902273946e-05,1.6810033715231043e-05,1.6821639266417776e-05,1.6792436078549855e-05,1.6811434415231474e-05,1.6796221229853359e-05,1.6795044647466284e-05,1.6807103272675761e-05,1.6805594190927309e-05,1.6857041702955655e-05,1.685388365046947e-05,1.6924529966821922e-05,1.6941457512853475e-05,1.7038389384715913e-05,1.7100889017296339e-05,1.7190589653548471e-05,1.731667615967325e-05,1.7420575050941522e-05
116.07432276531028,1.411420906105576e-05,1.4132354365870015e-05,1.4115225115851615e-05,1.4126734014130449e-05,1.4130234492704119e-05,1.4121495216290469e-05,1.4126937357250569e-05,1.4108329794648711e-05,1.4123655661890666e-05,1.409924585882294e-05,1.4112576256941622e-05,1.410040652682909e-05,1.4101501923935444e-05,1.4112715254643859e-05,1.4110671260780805e-05,1.4148095691446372e-05,1.4146420308058794e-05,1.4210426250826913e-05,1.4224064407653003e-05,1.4294218007027126e-05,1.4346278919052935e-05,1.4429441532293197e-05,1.4532513228360244e-05,1.461068764063711e-05
120.29757528568456,1.1749866431598477e-05,1.1764897833943522e-05,1.1756467316548225e-05,1.1763049887258958e-05,1.1764871137742716e-05,1.1758445838561116e-05,1.1763789419694248e-05,1.1750587316727845e-05,1.1764417947812689e-05,1.1745418010855602e-05,1.1756915870630991e-05,1.1747990372068529e-05,1.1751361727041498e-05,1.1761697847445518e-05,1.17630471774266e-05,1.1793740310794831e-05,1.1793356107236974e-05,1.1843064370964385e-05,1.1854003644229394e-05,1.1919839084661987e-05,1.1960743552030806e-05,1.2020835322257284e-05,1.210444987931325e-05,1.2176408558328689e-05
124.67448678442648,9.7069851676678809e-06,9.7243174654870757e-06,9.7124792148850503e-06,9.7183765772612674e-06,9.7213739129742294e-06,9.7170044093264352e-06,9.7223666080115123e-06,9.7094304203348969e-06,9.724568011071355e-06,9.7082087144872986e-06,9.7222782915462602e-06,9.7164221000145545e-06,9.7211736345137467e-06,9.7310595845723213e-06,9.7338151170411891e-06,9.7617216834322562e-06,9.7632459807872607e-06,9.8034452049589049e-06,9.8138727662178127e-06,9.8623509232620421e-06,9.9023677913034902e-06,9.9521181227135713e-06,1.0020391386422745e-05,1.0072148328710284e-05
129.21064799557803,7.9621415762787251e-06,7.9769113452421436e-06,7.9674779420724207e-06,7.972750396545436e-06,7.9697750485774321e-06,7.9671648036683251e-06,7.978953563192448e-06,7.9695902941434582e-06,7.9826572285668362e-06,7.9710279354827662e-06,7.983999674276987e-06,7.9806987269837038e-06,7.9897024354291801e-06,7.9990248298411615e-06,7.9997552699939689e-06,8.023825637692994e-06,8.0265837159032571e-06,8.0579797177016133e-06,8.0704808085307889e-06,8.1109795300182697e-06,8.1393748583291625e-06,8.1806258815930732e-06,8.2406901802389854e-06,8.2831376067016294e-06
133.91185306665858,6.4917835078670549e-06,6.5000969282635879e-06,6.4967474715516005e-06,6.5014269405860858e-06,6.4995414812418772e-06,6.5037263582423677e-06,6.5088610911034905e-06,6.5023265893859872e-06,6.5135161497753558e-06,6.5064631075140156e-06,6.5173280927588451e-06,6.5159733049213742e-06,6.5247387432965098e-06,6.5335984251735368e-06,6.5357409309019232e-06,6.5564636416715061e-06,6.5601189012109984e-06,6.5867398033603308e-06,6.596076617348956e-06,6.6318163662870688e-06,6.6555750800612046e-06,6.689769296075454e-06,6.7351188597353229e-06,6.7729217081424764e-06
138.78410695966824,5.2697928445422093e-06,5.2800520579099341e-06,5.2742573914965618e-06,5.2783627895180985e-06,5.2772830408942539e-06,5.2767929445973749e-06,5.2862374119166944e-06,5.2818483293748386e-06,5.2910490526691945e-06,5.2866958182296031e-06,5.2966274607380015e-06,5.296640906760075e-06,5.30493525907616e-06,5.3131796837746492e-06,5.3180961097076818e-06,5.333940919061142e-06,5.3381189124568351e-06,5.3632618258747655e-06,5.3721135695461442e-06,5.3987851371672946e-06,5.4186579363513232e-06,5.4469740166096514e-06,5.4838147036662122e-06,5.5123430081627234e-06
143.83363312137053,4.2685685127108464e-06,4.2769819220689342e-06,4.2724859055098818e-06,4.2760481022141583e-06,4.2755292413709789e-06,4.2793898916704265e-06,4.2838007289214275e-06,4.2809750442351913e-06,4.2890706231091258e-06,4.2860616651374528e-06,4.2949565143279855e-06,4.2958498239209497e-06,4.3034927634799658e-06,4.3110061110906983e-06,4.3144807668760166e-06,4.3295851118174689e-06,4.3339519102403301e-06,4.3549532898756738e-06,4.3629323855931545e-06,4.385081330382512e-06,4.4016900708765405e-06,4.4251154813768068e-06,4.4550196361958783e-06,4.4784261701291683e-06
149.06688143264944,3.4623594175609007e-06,3.4667090820783564e-06,3.4635111837988397e-06,3.4665712313475261e-06,3.4664251336025131e-06,3.4699116286951437e-06,3.4738653290067312e-06,3.4721368224466254e-06,3.4791769826791885e-06,3.4791259585498224e-06,3.4871528948876573e-06,3.4884320378458789e-06,3.4951682464368083e-06,3.5000231258242032e-06,3.5048594804187871e-06,3.5164622655403655e-06,3.520774578935626e-06,3.5382865168909206e-06,3.5454003504131748e-06,3.5640094755984286e-06,3.5780557333664476e-06,3.5975825660172767e-06,3.6220593750413421e-06,3.6406338462802168e-06
154.49053644709775,2.8186199042545823e-06,2.8221360875990698e-06,2.8195176813849976e-06,2.8239273618391181e-06,2.8240484559183265e-06,2.8247255844382479e-06,2.8287404921223391e-06,2.8277589100289546e-06,2.8338411451889201e-06,2.8342640712164524e-06,2.8412402003907822e-06,2.8428092596621823e-06,2.8488335393483943e-06,2.8544759522186602e-06,2.8590498868941161e-06,2.8698594246590048e-06,2.871703684903526e-06,2.8863314900928749e-06,2.8926300242315683e-06,2.9081357489912918e-06,2.9198950987074923e-06,2.9361018987761334e-06,2.9560889751034658e-06,2.9715013522002565e-06
160.1115259293569,2.3129488600226455e-06,2.3173029769507636e-06,2.3152211595378613e-06,2.3174809393178286e-06,2.3177394098128357e-06,2.3185103792955353e-06,2.3215995330339023e-06,2.3222388346733069e-06,2.3275652203391672e-06,2.3277111290964658e-06,2.3333288708682343e-06,2.3350170796632153e-06,2.3400840366838427e-06,2.3453659112881997e-06,2.3495789361061004e-06,2.3587840567440566e-06,2.3626010432487021e-06,2.3748638922904686e-06,2.378033191280382e-06,2.3930536274252567e-06,2.4030833543631225e-06,2.4151604525179948e-06,2.4311605356375221e-06,2.4444556310787569e-06
165.93702970411763,1.9219080411581047e-06,1.924272135578331e-06,1.9226156666163341e-06,1.9245644059806555e-06,1.9248989610864964e-06,1.9270008146388129e-06,1.9297384624972214e-06,1.929614354689857e-06,1.9341976622289092e-06,1.9342181346582166e-06,1.9394605667300002e-06,1.9417340381688852e-06,1.9452612385062462e-06,1.9499461038074983e-06,1.9538065509361324e-06,1.9617307117913985e-06,1.9643475451802672e-06,1.9748202100544621e-06,1.9798185779962285e-06,1.9914505813567462e-06,2.0000287484223112e-06,2.0116018246141287e-06,2.0243176270251517e-06,2.0356498552920321e-06
171.97448882708204,1.6207526198352973e-06,1.6227540917679306e-06,1.6214510850653951e-06,1.6231857042359188e-06,1.6243480870647975e-06,1.6251820439683318e-06,1.6276676596538309e-06,1.6277527448704809e-06,1.6317935404852602e-06,1.6324309308202167e-06,1.637124598691253e-06,1.6388530541533441e-06,1.64315594172737e-06,1.6473304641495545e-06,1.6508410641824511e-06,1.6573343905867954e-06,1.660667681813166e-06,1.6697445684166201e-06,1.6742578215211967e-06,1.6829737635448705e-06,1.6896018813217228e-06,1.6995778719663956e-06,1.7114212611246682e-06,1.7212199084903901e-06
178.23161508960192,1.3919331564443693e-06,1.3937284641801773e-06,1.392639917011107e-06,1.3941808266609845e-06,1.3946100226869262e-06,1.3960184743200266e-06,1.3982599060824441e-06,1.3985146811307247e-06,1.4021644820783052e-06,1.4025998037320297e-06,1.4068067547973184e-06,1.4084992657759088e-06,1.4124865427844746e-06,1.4154233692609264e-06,1.4187570144125194e-06,1.4249739423849439e-06,1.4281165489349323e-06,1.4352502293729641e-06,1.4394123472455389e-06,1.4483294639988653e-06,1.4550306872557206e-06,1.4639168696983784e-06,1.4743888571283614e-06,1.4831183238889212e-06
184.71640086913607,1.2175543462195071e-06,1.2190921309801483e-06,1.2181906463293313e-06,1.2199471129542561e-06,1.2204170823787441e-06,1.2212526629418186e-06,1.2233382354481792e-06,1.2236963109479859e-06,1.2270147732862391e-06,1.2275560045543754e-06,1.2314618913211728e-06,1.2331643436253037e-06,1.2368425150316442e-06,1.2404321430847798e-06,1.2435683482830973e-06,1.2486723094534691e-06,1.2516921048394414e-06,1.2590300254300413e-06,1.2629528816365809e-06,1.271053205451067e-06,1.277213244790798e-06,1.2833765164338429e-06,1.2927757001152118e-06,1.3006781582197702e-06
191.43712933810426,1.084105677395808e-06,1.0855147038191237e-06,1.0847508793987437e-06,1.0861143988627475e-06,1.0867686281029743e-06,1.0876126814579612e-06,1.0895848274877773e-06,1.090027704819807e-06,1.0931771545624747e-06,1.0938247227559872e-06,1.0974767756244397e-06,1.0991711670294002e-06,1.1024466162190549e-06,1.105874680759622e-06,1.1089099169053762e-06,1.114240322147575e-06,1.1171642404633753e-06,1.1224660967229516e-06,1.1262150298868567e-06,1.133737511815891e-06,1.1395040620532093e-06,1.1470208646224833e-06,1.1557722350147293e-06,1.1631702042380621e-06
198.40238504418352,9.7934988969872183e-07,9.8074769325218192e-07,9.8006438697950671e-07,9.8132452684696059e-07,9.8182961436044103e-07,9.8266572261251905e-07,9.8455869335101198e-07,9.850146908962909e-07,9.8801994199981813e-07,9.887470012737154e-07,9.9223840027695687e-07,9.9394883362746711e-07,9.9730225462668631e-07,1.0003372363093233e-06,1.0026885808728236e-06,1.0077633522398433e-06,1.0106482175725739e-06,1.0171084162541311e-06,1.0207657298449968e-06,1.0278843040750774e-06,1.0325240576702921e-06,1.0396347483038193e-06,1.047882659088728e-06,1.0548916579561363e-06
205.62106487555539,8.9365914449079931e-07,8.9486741550182103e-07,8.9417669787983378e-07,8.9538784978082653e-07,8.959131264502096e-07,8.9675616959938864e-07,8.9859182249296676e-07,8.9915005194174391e-07,9.0203279480560727e-07,9.0258306113810693e-07,9.059416092166428e-07,9.0765994266439609e-07,9.1091082785044186e-07,9.1398109484941426e-07,9.1687938290341275e-07,9.2109975330378902e-07,9.2393921019562342e-07,9.3010759952272259e-07,9.3367983187986336e-07,9.4047302108546393e-07,9.4579243518910783e-07,9.5260119244156005e-07,9.6048847654517377e-07,9.663425085404409e-07
213.10238942511577,8.190994394419171e-07,8.2023833757050024e-07,8.1970397669550721e-07,8.2085739698534166e-07,8.2116329262749144e-07,8.2200257674192034e-07,8.2377611258788175e-07,8.2437004436664019e-07,8.271375636775824e-07,8.2801032443013955e-07,8.307969342480348e-07,8.3249787656558549e-07,8.3563711132661478e-07,8.3875574877212422e-07,8.4158309905657536e-07,8.4625766393064961e-07,8.4904579118749712e-07,8.5494510436434634e-07,8.577797983994051e-07,8.642671893849263e-07,8.6938668239500139e-07,8.7589852247604849e-07,8.8342486716241897e-07,8.8986730256701563e-07
220.8559147681589,7.4997643891017152e-07,7.5104285172933327e-07,7.5056717301069664e-07,7.5166344690180686e-07,7.5219618136945776e-07,7.5301199610466885e-07,7.5451383287072904e-07,7.5511516330062367e-07,7.5773416718938336e-07,7.5856277252650539e-07,7.6162248112410236e-07,7.6329007450692821e-07,7.6581718308488256e-07,7.6880920452104817e-07,7.7153469288382404e-07,7.7598409110868349e-07,7.7868578847450909e-07,7.8428397921881388e-07,7.876487674723931e-07,7.9380833424569364e-07,7.9808200581510391e-07,8.0426379651943325e-07,8.1085300394911908e-07,8.1696035605927086e-07
228.89154466858096,6.8252700163168312e-07,6.8351274998962319e-07,6.8308972187708372e-07,6.8411564860954011e-07,6.8478464028409736e-07,6.851950175440491e-07,6.8677640596009892e-07,6.8737156887904716e-07,6.8982551053309304e-07,6.9064150336195507e-07,6.9351161037511933e-07,6.951093824009158e-07,6.979347258739832e-07,7.0076553095044236e-07,7.0285560667404656e-07,7.0702702276159712e-07,7.0959563283623517e-07,7.1483205077438328e-07,7.1801882964295238e-07,7.2377992763050791e-07,7.2783585769453651e-07,7.336221025805445e-07,7.4028611052323612e-07,7.4602551509983517e-07
237.21954322919666,6.1498343346955142e-07,6.1587929374440353e-07,6.1550548888927858e-07,6.1644666996679698e-07,6.1692991980277778e-07,6.1765852402140276e-07,6.1873005645363133e-07,6.1944098857930063e-07,6.2169535331585424e-07,6.2247211234101041e-07,6.2511139907461821e-07,6.2660318295160167e-07,6.2921015666489444e-07,6.3135142835957225e-07,6.3374264513971212e-07,6.375763277541302e-07,6.3996262049392794e-07,6.4476729756679507e-07,6.4771843487354541e-07,6.530046517336241e-07,6.5724931962857225e-07,6.6257568214628249e-07,6.6820338387452161e-07,6.7347854222632453e-07
245.85054800232226,5.4734011570301e-07,5.4813863314961964e-07,5.4781108988627425e-07,5.486558669332009e-07,5.487045281402092e-07,5.4936896841384364e-07,5.5069154034081969e-07,5.5133444285676569e-07,5.5336057386279336e-07,5.5407578779254063e-07,5.5645012211197331e-07,5.57805586873239e-07,5.6015694958194695e-07,5.6207731463642219e-07,5.6424049054565328e-07,5.6768613169999593e-07,5.6984857500774755e-07,5.7416255880293754e-07,5.768295458785655e-07,5.8157685887960664e-07,5.8501059099769215e-07,5.897859157028007e-07,5.9526348383798222e-07,6.0000704833057528e-07
254.79558357737798,4.8087969281573884e-07,4.8157787264219154e-07,4.8129394479567988e-07,4.8203632958820908e-07,4.8206197704458997e-07,4.8265085065418711e-07,4.8381494693189309e-07,4.8429096129870564e-07,4.8608305671521412e-07,4.8672880172129229e-07,4.8882803588279344e-07,4.8960536726261328e-07,4.9168408703531563e-07,4.9383485802717564e-07,4.9574631106469313e-07,4.9877498253803054e-07,5.0068716884316133e-07,5.0447729883079662e-07,5.0682991529354959e-07,5.1100194775610674e-07,5.1435887924583534e-07,5.1824475101602818e-07,5.230494627139759e-07,5.2722194762017116e-07
264.06607566285891,4.1748379006611991e-07,4.1808362669093491e-07,4.1751134803591494e-07,4.1815502293401918e-07,4.1849165603041749e-07,4.1900207554262936e-07,4.2000602961528299e-07,4.2042110213330597e-07,4.2196682433631727e-07,4.2252846883111816e-07,4.2395495637725933e-07,4.2499456618522169e-07,4.2679167520931482e-07,4.28587076127529e-07,4.3024896928534062e-07,4.3287131910874077e-07,4.3453423473338582e-07,4.3781303705331398e-07,4.3985427914533526e-07,4.4314917909543672e-07,4.4607189788464785e-07,4.4969266824873566e-07,4.5382358417750401e-07,4.5742122944947283e-07
273.67386568066814,3.585596222537013e-07,3.5907500966700368e-07,3.5886950843638799e-07,3.5941847632836588e-07,3.5970640773624885e-07,3.6031026425659141e-07,3.6116209128564392e-07,3.6151621157429203e-07,3.6249076958497217e-07,3.6296488746187516e-07,3.6450347368210956e-07,3.6538657383067275e-07,3.6691503558713978e-07,3.6843806610828422e-07,3.6985267376846154e-07,3.7207652987120143e-07,3.7323620466142571e-07,3.7601254031932596e-07,3.7773594088394424e-07,3.8079309958721774e-07,3.8324318774735078e-07,3.8632868182980618e-07,3.8984012400156143e-07,3.9290532775904108e-07
283.63122589144717,3.0653199542540754e-07,3.0696483010669851e-07,3.0679123774399186e-07,3.0725273861276214e-07,3.0722304874414297e-07,3.0759039811381617e-07,3.0830924795458015e-07,3.0860734725329797e-07,3.0971433634049972e-07,3.1011528281443823e-07,3.1141372368662101e-07,3.1215808886722596e-07,3.1344807860031465e-07,3.1473030528625379e-07,3.1565420662363342e-07,3.1752344770152874e-07,3.1881893245225279e-07,3.2114932492846582e-07,3.2259572727705299e-07,3.2516315407599139e-07,3.272162820457114e-07,3.2980830971807151e-07,3.3269594202495201e-07,3.3526380667850408e-07
293.95087507023055,2.6120316929528764e-07,2.6156778741223685e-07,2.6141954504940723e-07,2.6180732341091195e-07,2.6200725314687312e-07,2.6231415891503351e-07,2.629148570347517e-07,2.6330186372880426e-07,2.6399866500173563e-07,2.6433080611149018e-07,2.6541772011473563e-07,2.6603663080132511e-07,2.6711625252667792e-07,2.6818516354540356e-07,2.6918301056222393e-07,2.7074574715860167e-07,2.7174029782611742e-07,2.7369656831546796e-07,2.7491020597458782e-07,2.7695295895524552e-07,2.7866866147627234e-07,2.8084178531340154e-07,2.833005345176387e-07,2.8545620970460428e-07
304.64599475244148,2.233428661180259e-07,2.23649058762182e-07,2.233359319911421e-07,2.236625886581356e-07,2.2383055057334511e-07,2.2408851828997767e-07,2.2459331215987643e-07,2.2480092718227263e-07,2.2557969623152041e-07,2.2585790128079597e-07,2.2677193643044768e-07,2.2729023820347583e-07,2.2819809041701999e-07,2.2894423001851294e-07,2.2978095271658505e-07,2.3109156841935596e-07,2.3192356954707116e-07,2.3356546409794565e-07,2.3457939457918742e-07,2.3638904371806047e-07,2.3782655756560134e-07,2.3965299383865712e-07,2.4187196246902576e-07,2.436766997175599e-07
315.73024607098245,1.9176506094870094e-07,1.9202411408354714e-07,1.9191560637898952e-07,1.9219045862065021e-07,1.9232938695996904e-07,1.9242045800303698e-07,1.9284610430769789e-07,1.9301898129993333e-07,1.9367681254427171e-07,1.939085376087557e-07,1.9468085737071872e-07,1.9519235560164216e-07,1.9595915084873183e-07,1.9671417752185894e-07,1.9742167399819377e-07,1.9852748359659722e-07,1.9923044488993902e-07,2.0059421264491395e-07,2.0144806842613272e-07,2.0297593906516698e-07,2.041870314651445e-07,2.0572881043352809e-07,2.0746519993793122e-07,2.0899289270015498e-07
327.21778720592988,1.6599966063714222e-07,1.6622013732439656e-07,1.6612445067482051e-07,1.6635803574797936e-07,1.6647409216245801e-07,1.6665693052843322e-07,1.6708000834426973e-07,1.6722829106891046e-07,1.6770550127775952e-07,1.6790330985803903e-07,1.6856401593295933e-07,1.6893512719620696e-07,1.6959068876130912e-07,1.7023498026860762e-07,1.708390631044443e-07,1.7178386973147608e-07,1.7238313069350975e-07,1.7356796812133257e-07,1.7429679574805512e-07,1.7560345107192621e-07,1.7667362899737027e-07,1.7799288141301384e-07,1.7947661110247204e-07,1.8078318199908627e-07
339.1232914691148,1.4510505714354638e-07,1.4529479093819408e-07,1.4522407663399017e-07,1.4542809376183463e-07,1.45530935807478e-07,1.4569072464588884e-07,1.4600524781728519e-07,1.461321341208327e-07,1.4661889881709134e-07,1.4678876348629688e-07,1.4732011697528302e-07,1.4764054259534809e-07,1.4820830689619979e-07,1.4876567971423837e-07,1.4928849559510404e-07,1.5010668662045201e-07,1.5062485492559063e-07,1.5165146118739647e-07,1.5228149322088491e-07,1.5341395346799014e-07,1.5430739958542661e-07,1.5545033119936102e-07,1.5680515438529219e-07,1.5793806830248502e-07
351.46196604669831,1.2818813455509059e-07,1.2830766143306915e-07,1.2823970912088922e-07,1.2842255438065553e-07,1.2851621415156667e-07,1.2865994283330073e-07,1.2893984784392853e-07,1.2905437931504116e-07,1.2948585071011209e-07,1.2963797832617197e-07,1.3014419546035494e-07,1.304178312722809e-07,1.3092078570905996e-07,1.3141429736421295e-07,1.3187763631995753e-07,1.3260068854915874e-07,1.3305981730153682e-07,1.3396646086384634e-07,1.3452378793202269e-07,1.3552380795714414e-07,1.36312757505197e-07,1.3732212729607174e-07,1.3845307582707744e-07,1.3945235978474191e-07
364.24957142367305,1.1427118210265846e-07,1.1439054735298132e-07,1.1432797498642233e-07,1.1448818682674444e-07,1.1459662726046038e-07,1.1471861056325944e-07,1.1493999748160566e-07,1.1503860583659403e-07,1.1541894275653858e-07,1.1555056864641366e-07,1.1599689687859932e-07,1.1624503818731535e-07,1.1668919707840536e-07,1.1712392170362684e-07,1.1753141508641374e-07,1.1816982981027735e-07,1.185732333109854e-07,1.1937448810093315e-07,1.1986496936330915e-07,1.2074887217015939e-07,1.214451075988443e-07,1.2233692053484346e-07,1.2333712120712881e-07,1.2421965858364081e-07
377.50244151511083,1.0221865924878171e-07,1.0236055063804483e-07,1.0230934134602965e-07,1.0245782568110012e-07,1.0253383350786877e-07,1.0264986985680097e-07,1.0287283904938938e-07,1.0296398272793134e-07,1.0327872569833307e-07,1.0340107435991702e-07,1.0380533777779727e-07,1.0403499753428719e-07,1.0443518978862226e-07,1.0482697862610607e-07,1.0519411914895055e-07,1.0576749404772601e-07,1.0612972836145096e-07,1.0684813944120825e-07,1.0728718792540892e-07,1.0807876581458292e-07,1.0870113567856138e-07,1.0949890414183039e-07,1.1039286667256787e-07,1.1123353795255281e-07
391.23750452986189,9.1261379782207885e-08,9.1381206622498379e-08,9.132848460650933e-08,9.1454179201866381e-08,9.1515157062647956e-08,9.1611905896418766e-08,9.1804289678067141e-08,9.1878938496443852e-08,9.2191937126062662e-08,9.2293807398696748e-08,9.2646807912065421e-08,9.284120586466188e-08,9.3190694562192422e-08,9.353217934188196e-08,9.3852774432287567e-08,9.4321328738752874e-08,9.46400625220431e-08,9.5277282672820429e-08,9.566544420351597e-08,9.6368966934906597e-08,9.6955148403722602e-08,9.7665014610337497e-08,9.8462137613358758e-08,9.9165415227454867e-08
405.4723045933643,8.095966886126349e-08,8.1060820501278885e-08,8.1009524875545746e-08,8.1116041199084943e-08,8.1165535747301787e-08,8.1251622994875372e-08,8.1418665790269906e-08,8.1482172437259692e-08,8.1744159353795698e-08,8.1830999460082154e-08,8.2139908462626476e-08,8.2309189056509191e-08,8.2615778054621891e-08,8.2915759724334903e-08,8.3197727892767026e-08,8.3642025172289691e-08,8.3921580068882506e-08,8.4466302899960377e-08,8.4808604457718706e-08,8.5428211337411353e-08,8.5916437727283357e-08,8.6543310494520409e-08,8.7246915125675784e-08,8.7869078338118078e-08
420.2250241571752,7.1146806761117343e-08,7.122764505377438e-08,7.117635961347013e-08,7.1260872650663609e-08,7.1295881342789413e-08,7.1357998820617552e-08,7.1493235499243968e-08,7.1487823041435639e-08,7.1706066822121994e-08,7.1772304527546738e-08,7.203146284648354e-08,7.2169557645100635e-08,7.2427291010999928e-08,7.2679499201096232e-08,7.2894866960312998e-08,7.3272953018434228e-08,7.3509633151391807e-08,7.3989617587269518e-08,7.4281599190227643e-08,7.481504371142228e-08,7.5235135323960256e-08,7.5776789169867964e-08,7.6385374575896337e-08,7.6924875708032914e-08
435.51450722385113,6.2529330640409553e-08,6.2602708942975649e-08,6.2560899891962729e-08,6.2633172961436279e-08,6.2660955403581742e-08,6.2335231960572446e-08,6.2445149019534074e-08,6.2476594096978755e-08,6.2653156585566749e-08,6.2698581115155916e-08,6.3273743232741819e-08,6.3376825931368841e-08,6.3580692055004162e-08,6.3778826892534057e-08,6.3963712117719174e-08,6.4268054643726313e-08,6.4451412654792373e-08,6.4482083176470306e-08,6.471445855409097e-08,6.5153602695280921e-08,6.5143853015051101e-08,6.5593743320616071e-08,6.64345058435864e-08,6.7188746298400825e-08
451.36028341684715,5.3738664815804194e-08,5.3809363386066178e-08,5.3785248602111757e-08,5.3860103324792491e-08,5.3899478213558644e-08,5.3952309688430622e-08,5.406403284823405e-08,5.4111241615511368e-08,5.4281692788652608e-08,5.434234341900393e-08,5.4540988654247502e-08,5.4651343262511476e-08,5.4846857803266674e-08,5.5036530163549841e-08,5.5214415786448284e-08,5.5491546767805905e-08,5.5665120258455852e-08,5.6011731313417717e-08,5.6189167407447171e-08,5.6568896239592853e-08,5.6864179602891807e-08,5.7245483184916596e-08,5.7671206248055551e-08,5.8046428637239383e-08
467.78259292617025,4.6433255596837336e-08,4.6477018444783524e-08,4.6442397949944536e-08,4.649348618861876e-08,4.6516823878472308e-08,4.6559544879688081e-08,4.6649395143635863e-08,4.6687055334140165e-08,4.6831904109475436e-08,4.6886294516584187e-08,4.7060231645173339e-08,4.7134677803612607e-08,4.7310538069632313e-08,4.7483081189615001e-08,4.7622169701156541e-08,4.7871151523729005e-08,4.8034232541169231e-08,4.8344459486430319e-08,4.8538578218369766e-08,4.8878863531318095e-08,4.9146633479893453e-08,4.9487591259698288e-08,4.9864384747168311e-08,5.0197885737013337e-08
484.80241236166279,4.0638990706463873e-08,4.0692473743907109e-08,4.0677084367501948e-08,4.0734557660987436e-08,4.0766321966582975e-08,4.0813030920995585e-08,4.0898374112276897e-08,4.0936244528715082e-08,4.1045953123788198e-08,4.1092904709636585e-08,4.124090463618682e-08,4.1323315240135439e-08,4.1468193989757651e-08,4.1607526857050103e-08,4.1738249603046063e-08,4.1940359605825012e-08,4.2066337001007287e-08,4.2318069526457031e-08,4.2468225343924443e-08,4.274385583761392e-08,4.295635182846938e-08,4.3231953913026172e-08,4.3538751314745744e-08,4.3755028902164872e-08
502.4414815469259,3.6021509689995734e-08,3.6062497378499397e-08,3.6041574131423504e-08,3.6084355813700147e-08,3.6103813715136074e-08,3.6123986244147865e-08,3.6189470792487299e-08,3.6213432540004031e-08,3.6317154496375015e-08,3.6350083474495642e-08,3.6472729225689449e-08,3.6538436443134259e-08,3.666009032367995e-08,3.6778002903119916e-08,3.6889476501267282e-08,3.7065121335014273e-08,3.7175026539309347e-08,3.7396997187768427e-08,3.7501441641722005e-08,3.7746316686442655e-08,3.7936481540358502e-08,3.8183708665415206e-08,3.8458844934217973e-08,3.8703009110508529e-08
520.7223312881207,3.2115988498606848e-08,3.2153641203562511e-08,3.2135972954754066e-08,3.2175202578643702e-08,3.2193512670367769e-08,3.2223274448045514e-08,3.2283246767690621e-08,3.2305755953395202e-08,3.2380276808593664e-08,3.2410260482557476e-08,3.2520442188547355e-08,3.2579426729106506e-08,3.2688388545022012e-08,3.2793749866685817e-08,3.2893249183024026e-08,3.3049920155226592e-08,3.3147667965506555e-08,3.3345438414612502e-08,3.3464291302864185e-08,3.3659980595108704e-08,3.3828712480126616e-08,3.4073143015400653e-08,3.4318879593622093e-08,3.4536417093354588e-08
539.66831215310629,2.8607438999931831e-08,2.8630159913190303e-08,2.8617415425216675e-08,2.8654997634046039e-08,2.867311334393309e-08,2.8700980239356258e-08,2.8754793688929442e-08,2.877463039846137e-08,2.8857170310649452e-08,2.8882353575628017e-08,2.8978256810851047e-08,2.9027868306535226e-08,2.9121455719094413e-08,2.9211302775538489e-08,2.9295632878768851e-08,2.9430571351924534e-08,2.9512966140399222e-08,2.9684420228956107e-08,2.9785749293236019e-08,2.9976181677724215e-08,3.0101282955151756e-08,3.029389031533429e-08,3.0509172750875849e-08,3.0700370097459448e-08
559.30362429767843,2.5239816338730806e-08,2.5279192226047159e-08,2.5275693714237046e-08,2.5316819314341252e-08,2.5341284250060894e-08,2.5374129198826867e-08,2.5429685250773215e-08,2.5454672052463434e-08,2.5534124543490772e-08,2.556206369838665e-08,2.5651014380059442e-08,2.5682490636122837e-08,2.5766538046213469e-08,2.5845700696389834e-08,2.5918502630575824e-08,2.6034409077342613e-08,2.6102577469931318e-08,2.6248037709487859e-08,2.6330499862045609e-08,2.649074684136013e-08,2.6612220474378848e-08,2.6773642575325315e-08,2.695500327803968e-08,2.7115262998681292e-08
579.65334837701255,2.2062248730605333e-08,2.2085355483878258e-08,2.2072877087957535e-08,2.2100829857396934e-08,2.2104335461623978e-08,2.2129314180803841e-08,2.2176114344374734e-08,2.2198957989319132e-08,2.2271112741978003e-08,2.2300882055945048e-08,2.2385403286454345e-08,2.2435111863552612e-08,2.2518459130141041e-08,2.2598469649618216e-08,2.2673609579269838e-08,2.2786004202825921e-08,2.2856913704620563e-08,2.2993811010178083e-08,2.3075134362093505e-08,2.3222232704931539e-08,2.3333921839651869e-08,2.3465692495453633e-08,2.3624643901744291e-08,2.3763299073723682e-08
600.74347758178226,1.9225838982688329e-08,1.9248024750017495e-08,1.9238098349387209e-08,1.9261395950648588e-08,1.9272510498732562e-08,1.9290381453665462e-08,1.9325717178463042e-08,1.9339269944360429e-08,1.9394221333502576e-08,1.9412040485906196e-08,1.9476397026402248e-08,1.9510681043000133e-08,1.9573936688947052e-08,1.9634691319440206e-08,1.9682038113243497e-08,1.9772070313471557e-08,1.9827611447446533e-08,1.9941120783274757e-08,2.0008229386020773e-08,2.0133464789231711e-08,2.0217045988701887e-08,2.0342329255101932e-08,2.0481247847226394e-08,2.0604466349685019e-08
622.60095083988949,1.6749507992814411e-08,1.6775048161101966e-08,1.6764077164529816e-08,1.6787850725991267e-08,1.6799429036241931e-08,1.6815208932294962e-08,1.684415354983107e-08,1.6852768512090263e-08,1.6895268792295123e-08,1.6904472332351927e-08,1.6952405178303868e-08,1.6973489508982816e-08,1.7018859250041499e-08,1.7061558848564286e-08,1.7101398035635103e-08,1.7169464518749025e-08,1.7208807145344812e-08,1.7298471773280824e-08,1.7349776524309968e-08,1.7452072228877659e-08,1.7531064129463342e-08,1.7637229545223142e-08,1.7756778425241648e-08,1.7864628610404429e-08
645.25368722619839,1.4644333404235065e-08,1.4658379160329728e-08,1.4648699503080377e-08,1.4664082411460638e-08,1.4670731335276674e-08,1.4682880700666277e-08,1.4708434774063535e-08,1.4718308564759183e-08,1.4759395566940788e-08,1.4773342998041471e-08,1.4822296589439045e-08,1.4849193586655325e-08,1.4897974642781239e-08,1.4939260006472353e-08,1.4983912638324819e-08,1.5052815104631134e-08,1.5096056742006959e-08,1.5182105468094197e-08,1.5233350887785754e-08,1.5327476577775383e-08,1.5399348771193491e-08,1.54930580450411e-08,1.5596216756974014e-08,1.5687277345514082e-08
668.73062162424412,1.2961918621334084e-08,1.297609050104117e-08,1.2968230655887973e-08,1.298126910966816e-08,1.2985452565550219e-08,1.298825817567812e-08,1.3006981258224283e-08,1.3011050211948587e-08,1.3041993253263585e-08,1.304850753012024e-08,1.3085719207219307e-08,1.3103387586890954e-08,1.3140676182821567e-08,1.3176708638703433e-08,1.3211394121596422e-08,1.3268156071662845e-08,1.3303398740580584e-08,1.3377286648091728e-08,1.3421762957012244e-08,1.3505061820153624e-08,1.3569920441231648e-08,1.3655055697498267e-08,1.374937351819594e-08,1.3833917031987226e-08
693.06174168545101,1.15024512667471e-08,1.1520594418007978e-08,1.1519415693897472e-08,1.153687439884362e-08,1.1546231907426721e-08,1.1558487819423799e-08,1.1579683933840394e-08,1.1586982087458293e-08,1.1617121294560558e-08,1.1624437090749888e-08,1.1657760730170684e-08,1.1672550444003643e-08,1.1703492222982052e-08,1.173226289231423e-08,1.1758773204597305e-08,1.1804089597921771e-08,1.1829647997285697e-08,1.1889079711609879e-08,1.1919346550124527e-08,1.1987129145307925e-08,1.2031286226402843e-08,1.2101220451805721e-08,1.2180010718542897e-08,1.2251127312059781e-08
718.27812613307788,1.015250864725304e-08,1.0159931172521071e-08,1.0150652993818308e-08,1.0158230366900597e-08,1.015638421259478e-08,1.0161571127945135e-08,1.0176060876213554e-08,1.0180135154237886e-08,1.0206022909827264e-08,1.0213853443141047e-08,1.0246329531257529e-08,1.0264337071811715e-08,1.0298119744326165e-08,1.0331301047842613e-08,1.0363610181184438e-08,1.0413041179541463e-08,1.0445519261722581e-08,1.0507599097894435e-08,1.0546196838566446e-08,1.0614206183358517e-08,1.0666951506983768e-08,1.0734477081525418e-08,1.08080463679305e-08,1.087295662001702e-08
744.41198445982059,8.8834154279588545e-09,8.8909809554818878e-09,8.8842291361091938e-09,8.8922382138851772e-09,8.8949811424365692e-09,8.9010429914302552e-09,8.9151315056938858e-09,8.920113536594991e-09,8.9438208145976861e-09,8.9517035939336471e-09,8.9806601682681543e-09,8.99680729557744e-09,9.0262900201074081e-09,9.0549068832183541e-09,9.0824361287031308e-09,9.1244282353266509e-09,9.151441709249683e-09,9.2022272590061398e-09,9.2340181303196198e-09,9.2911485475785649e-09,9.3348206669390844e-09,9.3912882972069407e-09,9.4528661058143094e-09,9.5070503804486894e-09
771.49669806976499,7.7722091543154688e-09,7.7821731803932176e-09,7.7774253088636926e-09,7.7867336037754607e-09,7.7907586560938165e-09,7.796937346899336e-09,7.8092350323387578e-09,7.812880720853288e-09,7.8319554060982295e-09,7.8366332539425536e-09,7.858955734449391e-09,7.8696717099196491e-09,7.8916190636847509e-09,7.9125570683785153e-09,7.9325834060630339e-09,7.9651574168260707e-09,7.9851359020550843e-09,8.0273351401910671e-09,8.0523570693269431e-09,8.0998016893912145e-09,8.1363997603734091e-09,8.1847859711558363e-09,8.2382976726276883e-09,8.286268284864954e-09
799.56686291725964,6.8182391047672507e-09,6.8229610893436043e-09,6.8171524152723512e-09,6.8226892741126907e-09,6.8244544625855122e-09,6.8288973044589897e-09,6.8394986255495074e-09,6.843350803620394e-09,6.8613417625491835e-09,6.8674408144225353e-09,6.8893929480555449e-09,6.9016399621138133e-09,6.923886506184692e-09,6.9453608937740212e-09,6.965970593105289e-09,6.9973331586446752e-09,7.0173819849048656e-09,7.055542159252557e-09,7.0790609471354723e-09,7.1216508519371391e-09,7.1540997696219188e-09,7.1962996958468105e-09,7.2423582831836891e-09,7.2830865674271272e-09
828.65833369715347,6.0041225432758659e-09,6.0084164398401321e-09,6.0048571509088364e-09,6.0115133998115897e-09,6.0150336820760653e-09,6.0210686387359054e-09,6.0325563962584927e-09,6.0381503965106602e-09,6.0560852443991564e-09,6.0634557581579381e-09,6.0845767608369572e-09,6.0969087608414574e-09,6.1177794042168755e-09,6.1376067670045054e-09,6.1563816070855579e-09,6.1842015655535348e-09,6.2017681563678907e-09,6.2356214972883635e-09,6.255544515384754e-09,6.2918810381511377e-09,6.3190967396859962e-09,6.354677538843688e-09,6.3934709658105583e-09,6.4275586317144931e-09
858.80826964286234,5.3066562320347021e-09,5.3100062607309897e-09,5.3052531159131482e-09,5.3092353756662228e-09,5.3103645455303879e-09,5.3136284976001633e-09,5.3217063120591587e-09,5.3247079513608561e-09,5.3386688611274224e-09,5.3435969422097399e-09,5.3607910023502521e-09,5.3705904812055821e-09,5.3881243799092007e-09,5.4050562369757898e-09,5.4213194060099158e-09,5.4457564535289119e-09,5.4614224953163006e-09,5.4909993911804109e-09,5.5090000782758233e-09,5.5414502178835565e-09,5.5658703494634171e-09,5.5975729872114778e-09,5.6319459430548714e-09,5.6620374029505566e-09
890.05518199074425,4.6794928580391575e-09,4.6847925537800081e-09,4.6796569831545655e-09,4.6839012466780988e-09,4.6847961541985825e-09,4.686759173843421e-09,4.6921102604690918e-09,4.6923438091095882e-09,4.7015059372512626e-09,4.7023010974400412e-09,4.7134421365675316e-09,4.7179107368078028e-09,4.7291023204647925e-09,4.7398314950665085e-09,4.7502829792541584e-09,4.7681845119409288e-09,4.7790110514484962e-09,4.8029293419195405e-09,4.8170400944707713e-09,4.8443650078801997e-09,4.8654519423519792e-09,4.8935545183907952e-09,4.9245850116698669e-09,4.9525124107242195e-09
922.43898317142953,4.0786898295092945e-09,4.084113185934702e-09,4.0834376117005605e-09,4.0892605454156267e-09,4.0927137894540035e-09,4.0974772072500595e-09,4.1054677885640854e-09,4.1091642147587319e-09,4.1206112645555005e-09,4.1246857164587564e-09,4.1374724822997901e-09,4.1441225309484745e-09,4.1561273480920924e-09,4.1672088624061191e-09,4.1774442523343121e-09,4.1935368285262852e-09,4.2028628054202339e-09,4.2229555000995213e-09,4.2339933162141921e-09,4.2560138883475113e-09,4.2717579955915599e-09,4.2937946146759734e-09,4.318171353449125e-09,4.3398282555508552e-09
956.00103779092444,3.5880381160776839e-09,3.5921447035707019e-09,3.5908073091556539e-09,3.5950129870080706e-09,3.5963788535750552e-09,3.5994870182067592e-09,3.6053569850999587e-09,3.6075126217717263e-09,3.6164532450514222e-09,3.6190439557106605e-09,3.6293406976853435e-09,3.6343956773949009e-09,3.6442993055782816e-09,3.6535248850257974e-09,3.662232192768464e-09,3.6761785011235875e-09,3.6844447066062842e-09,3.7022249188859921e-09,3.7122894138048868e-09,3.7320425767502826e-09,3.7468492519504484e-09,3.7668001543172524e-09,3.788828030910343e-09,3.8085264700792303e-09
990.7842154666115,3.1641074258565664e-09,3.1658644518049121e-09,3.1629020063575399e-09,3.1649139750470658e-09,3.1652358397336617e-09,3.1667644636679086e-09,3.1710289258237052e-09,3.1723816147264348e-09,3.1800329134291233e-09,3.1825154606915027e-09,3.192087003224672e-09,3.1974373712140378e-09,3.2073119906467218e-09,3.2168683415829957e-09,3.2261462675853367e-09,3.2401475312754478e-09,3.2492156947319141e-09,3.2665957257942482e-09,3.2771124799013587e-09,3.2959482692206891e-09,3.3102150461894811e-09,3.3287023398081983e-09,3.348685185373089e-09,3.365488233312685e-09
1026.8329455856465,2.7867589712899602e-09,2.789624849058891e-09,2.7881804343484395e-09,2.7908277417298868e-09,2.7909466407204748e-09,2.7925481865343025e-09,2.7961930305366554e-09,2.7969909387849179e-09,2.8029640136299815e-09,2.8041496724195546e-09,2.8112801449557603e-09,2.8145214783591556e-09,2.8215899939047166e-09,2.8282800929816526e-09,2.8347447579259643e-09,2.8453537023401124e-09,2.8518033569525795e-09,2.8656555468284167e-09,2.873756106669921e-09,2.8893774656261985e-09,2.9012893292251068e-09,2.9172193825356425e-09,2.9347214317975573e-09,2.9504792676702998e-09
1064.1932740556724,2.4486029486295562e-09,2.4508120994334685e-09,2.4494207419181561e-09,2.4518041297168008e-09,2.4528432407476368e-09,2.4547312757504988e-09,2.4586063388220289e-09,2.4601448191433582e-09,2.4663578621222189e-09,2.4684840165857536e-09,2.4758770047578161e-09,2.4798971579189201e-09,2.4872366375560317e-09,2.4941944340640303e-09,2.5000215178610672e-09,2.5101191680889723e-09,2.5164001411315338e-09,2.5289625721396309e-09,2.5362674824648112e-09,2.5499348264818684e-09,2.5601228250386352e-09,2.5736214861305342e-09,2.5882928614376658e-09,2.60127751257951e-09
1102.9129221203705,2.1563121900704642e-09,2.1577666286772337e-09,2.156047652329793e-09,2.157612968755533e-09,2.157985812777357e-09,2.1590929177720593e-09,2.1619285215941208e-09,2.1627244461589834e-09,2.1676086566673521e-09,2.168936647458145e-09,2.1748831944916856e-09,2.1779112652599904e-09,2.183872503869937e-09,2.1895395619606376e-09,2.1949818793608709e-09,2.2035256989569058e-09,2.2087974135132213e-09,2.2196085849835422e-09,2.225912992107385e-09,2.237817999143992e-09,2.2467783305493358e-09,2.258668798800728e-09,2.2716637565852642e-09,2.2832255165846325e-09
1143.0413473149401,1.891287351922055e-09,1.8927394814085901e-09,1.8914682264566975e-09,1.8930745026310512e-09,1.8929256286081327e-09,1.8941491896961931e-09,1.8968700571186199e-09,1.8978384876545788e-09,1.9023465248137498e-09,1.9037616508731613e-09,1.9091757111594065e-09,1.9120217926570527e-09,1.9174022654848541e-09,1.922469577235182e-09,1.9273207437143407e-09,1.9347977858253426e-09,1.9393923044927746e-09,1.9487367325154775e-09,1.9541006671537327e-09,1.9642881287593736e-09,1.9718293503399485e-09,1.9818953178899965e-09,1.9928277337377025e-09,2.0025081026438067e-09
1184.6298066394043,1.6613748280206418e-09,1.6624378191057703e-09,1.6611227450659795e-09,1.6623159215236813e-09,1.6626307610951956e-09,1.6635317962282025e-09,1.6657702216291842e-09,1.6664991484493467e-09,1.6703588457062449e-09,1.6715609359592128e-09,1.6763032743442657e-09,1.6788658364452584e-09,1.6836957514505292e-09,1.6883257224583519e-09,1.6928246831648258e-09,1.6996888581104989e-09,1.7040933661188144e-09,1.7127037887964061e-09,1.7178890884822365e-09,1.7263315408401004e-09,1.7334458680338645e-09,1.742779854769518e-09,1.7528630742800599e-09,1.7618420101067926e-09
1227.7314220303958,1.4643663964525235e-09,1.4664895191479708e-09,1.4664340774398887e-09,1.4684523271836503e-09,1.4695391429881029e-09,1.4709541750675147e-09,1.4733360577495985e-09,1.4741774169449114e-09,1.4775439316331868e-09,1.4783645165255405e-09,1.4820858085785285e-09,1.4837135263145161e-09,1.4871723376022996e-09,1.4903316457242168e-09,1.4932904035289498e-09,1.4982714292120108e-09,1.5010952924933495e-09,1.5076332953662731e-09,1.5112504099629403e-09,1.5186907020045375e-09,1.5242834846705602e-09,1.5319772851351784e-09,1.5405262239069671e-09,1.5474454383420451e-09
1272.4012482150895,1.2889900742369016e-09,1.2905078137096849e-09,1.2901075178650364e-09,1.2915166259721981e-09,1.2921202388824497e-09,1.2930318802570904e-09,1.294815320331585e-09,1.2952927944776893e-09,1.2980161602068534e-09,1.2985650221813321e-09,1.3016939471026823e-09,1.3030427035024884e-09,1.3060364622332612e-09,1.3088062585748725e-09,1.3114393298396939e-09,1.315858209855825e-09,1.318418295259585e-09,1.3242220553742268e-09,1.3274811116138958e-09,1.3340625460808611e-09,1.3390144322652196e-09,1.3457747986950186e-09,1.3532444487901474e-09,1.3600079631602966e-09
1318.6963430339215,1.1312560404421845e-09,1.1325718170720881e-09,1.1322261282353742e-09,1.1334638168910942e-09,1.1340112299513421e-09,1.1348393570961087e-09,1.136436922851195e-09,1.1369098755489794e-09,1.1393460237153134e-09,1.1398959946998656e-09,1.1426960218574285e-09,1.1439439084916779e-09,1.14662162668019e-09,1.1490913320082933e-09,1.1514317169606454e-09,1.1553037343863004e-09,1.1575389609300873e-09,1.1625671212861575e-09,1.1653542140676568e-09,1.1709987911585483e-09,1.1751939658972868e-09,1.1809308486882084e-09,1.1872512325813837e-09,1.1929336209384376e-09
1366.6758403219349,9.9769046249222537e-10,9.9875972347785976e-10,9.9843038084559228e-10,9.9955158788854557e-10,1.0001199946536149e-09,1.0009824963876026e-09,1.0025599932962019e-09,1.0031815039787477e-09,1.0055482463060413e-09,1.0062726157569106e-09,1.0089753569859743e-09,1.0103117154797278e-09,1.0128904808534393e-09,1.0152685535067874e-09,1.0175082538211038e-09,1.0210663899744396e-09,1.0231550470415646e-09,1.0276686781350683e-09,1.0301795790054291e-09,1.0351775352711312e-09,1.0388708879491304e-09,1.0439043200417527e-09,1.0494280870595443e-09,1.0543845650704963e-09
1416.4010254418536,8.7678349887235826e-10,8.7791969495613605e-10,8.7783083401712968e-10,8.7899292919036689e-10,8.7965651307005252e-10,8.8055560064392076e-10,8.8205368299599206e-10,8.8269182961568616e-10,8.8482377331224613e-10,8.8549410228469733e-10,8.8786265791979558e-10,8.8901003435058615e-10,8.9121800546799589e-10,8.932254928246822e-10,8.9509514532878746e-10,8.980970789507171e-10,8.998066438473183e-10,9.0362392224987162e-10,9.0569043605971677e-10,9.0992972946496616e-10,9.1303390380577084e-10,9.1732000675890301e-10,9.2204269513154443e-10,9.2629113223035436e-10
1467.9354135653359,7.6868128978633556e-10,7.6911638053150607e-10,7.6853916939766294e-10,7.6911574245481064e-10,7.6934041721223338e-10,7.6986249228813935e-10,7.7100298114844636e-10,7.7150161764024381e-10,7.733989987538238e-10,7.7412770080532338e-10,7.7642233119949288e-10,7.7773713314180782e-10,7.8004109540637744e-10,7.8221918722989675e-10,7.8431202398448812e-10,7.8739822091157281e-10,7.8935658792640478e-10,7.9311643209445219e-10,7.9530904797158928e-10,7.9932567734349556e-10,8.0227466647987819e-10,8.0616164805036522e-10,8.1032305240542456e-10,8.1396991668300066e-10
1521.3448308024374,6.7913953656962059e-10,6.7999386974825784e-10,6.7987965949838493e-10,6.8069133471205254e-10,6.8109700409983709e-10,6.8166473939478413e-10,6.8267627453618578e-10,6.8302656326663493e-10,6.8451787284490393e-10,6.8490078560835832e-10,6.8659462896020662e-10,6.8737341538547474e-10,6.8898752327050446e-10,6.9047137054949453e-10,6.918821929869669e-10,6.9418147690222158e-10,6.9552630741273732e-10,6.9850174757202406e-10,7.0016581157648157e-10,7.0350445652265256e-10,7.0574448512661044e-10,7.0913226566122881e-10,7.1284097705911196e-10,7.1619326735708564e-10
1576.6974982828699,5.9839646826114487e-10,5.9885155398136498e-10,5.984393218670084e-10,5.9871990420402236e-10,5.9873638613364014e-10,5.9890471793653676e-10,5.9946991681504016e-10,5.9948475883127381e-10,6.005208990634539e-10,6.0062854815545979e-10,6.0191922639614903e-10,6.0245586564115316e-10,6.0377047553738204e-10,6.0501544200182878e-10,6.0624993682156531e-10,6.0829904166827763e-10,6.0956470202854006e-10,6.1228632283933954e-10,6.1390013780682358e-10,6.1700197967638954e-10,6.1937513559147004e-10,6.2256164471281546e-10,6.2603084063808483e-10,6.291902003239798e-10
1634.0641192964952,5.258071981662719e-10,5.2626932339774565e-10,5.2598367160242368e-10,5.2640126836268225e-10,5.2651122342734814e-10,5.267531617902737e-10,5.2734496157924343e-10,5.2745084786016082e-10,5.2844543545454547e-10,5.2861998087091458e-10,5.298179456295841e-10,5.303457220469886e-10,5.3153763999668987e-10,5.3265564348649774e-10,5.3374607878470671e-10,5.3553416960879473e-10,5.3661991643733911e-10,5.3867948527836006e-10,5.4003628415096819e-10,5.4267944211790664e-10,5.4467598889889062e-10,5.4737624116907259e-10,5.503161684183367e-10,5.5298705146770467e-10
1693.5179696043303,4.6304055266783062e-10,4.6350844024750388e-10,4.6334947088273238e-10,4.6383156981517622e-10,4.6406526990516359e-10,4.6443075242124125e-10,4.6511315025116184e-10,4.6537397858722345e-10,4.6641130979685529e-10,4.667205778245058e-10,4.6791159760926893e-10,4.6849253117170031e-10,4.6962854810123349e-10,4.7066669315536764e-10,4.7164440398589054e-10,4.7319441881734259e-10,4.7408760900563075e-10,4.7604288679982453e-10,4.7709692303061178e-10,4.7924237534244577e-10,4.8078862067738276e-10,4.8292126249680379e-10,4.8524563285641423e-10,4.8731505757290965e-10
1755.1349910354293,4.0570215909117217e-10,4.0621112145839181e-10,4.0612513927774723e-10,4.0660219064599069e-10,4.068607970333666e-10,4.072349359229274e-10,4.078778049173209e-10,4.0814983452210909e-10,4.0908903640575977e-10,4.0938625631638964e-10,4.1044362222861035e-10,4.1095903318979457e-10,4.1195320608362451e-10,4.128512023605723e-10,4.1369535724233776e-10,4.1502977829730228e-10,4.1579321042928058e-10,4.1747863564921468e-10,4.1838078640762239e-10,4.2023680891663229e-10,4.21571924755454e-10,4.2342632813557424e-10,4.2544705945209019e-10,4.2725704144628857e-10
1818.993888489214,3.5822420490076484e-10,3.5850507436331321e-10,3.5829196140910885e-10,3.5855502700312964e-10,3.5861711114866632e-10,3.5877204879415701e-10,3.5916354894873132e-10,3.5923348986187267e-10,3.5989829640820667e-10,3.6001671067572032e-10,3.6081898616656654e-10,3.611734861923635e-10,3.6197189426121564e-10,3.6271965187571027e-10,3.6345004056123728e-10,3.6464502483966432e-10,3.6537265977025783e-10,3.6694021052322305e-10,3.6785371367289359e-10,3.6962899234269e-10,3.709745674138011e-10,3.727933507037377e-10,3.7477547076365987e-10,3.7658128615705093e-10
1885.1762304671172,3.1486403449663058e-10,3.1513812312162299e-10,3.1500399580170878e-10,3.153125577460826e-10,3.154667691810997e-10,3.1572265263198887e-10,3.1620229410162415e-10,3.1641202620852284e-10,3.1715211224392012e-10,3.1741475652036482e-10,3.1827655697205847e-10,3.1873638846033391e-10,3.1957446168958379e-10,3.2034912037422214e-10,3.2108694627838252e-10,3.2220562959175167e-10,3.2288413082278127e-10,3.2426760063515169e-10,3.2504220191467313e-10,3.2653879881659449e-10,3.2762300140582021e-10,3.290896976567624e-10,3.3066835078396947e-10,3.3165635804366118e-10
1953.766553261999,2.7732600832033958e-10,2.7769834559792663e-10,2.7768816791769483e-10,2.7803448767536984e-10,2.7821499991877413e-10,2.784520996601986e-10,2.7885219591169746e-10,2.7898599360196398e-10,2.7955303502784942e-10,2.7967766014581408e-10,2.8030175666070572e-10,2.8055715248150341e-10,2.8112848310774495e-10,2.8163591691422578e-10,2.8210843704244845e-10,2.8291450516397358e-10,2.8352946611851502e-10,2.8458908322408097e-10,2.8513452717328391e-10,2.8633205207621425e-10,2.8719341888939055e-10,2.884173587146808e-10,2.8976619623652627e-10,2.9098837047245995e-10
2024.852468938368,2.4480903329160615e-10,2.4501815040684535e-10,2.4488351551514299e-10,2.4505644850265305e-10,2.4508233507042441e-10,2.4515964256896868e-10,2.4538507361924014e-10,2.4538576944748894e-10,2.4577793370554005e-10,2.4579683925984717e-10,2.4627082053176231e-10,2.4644015339123028e-10,2.4690752847446583e-10,2.4733940006922624e-10,2.4776301069734174e-10,2.4849966064279156e-10,2.489279814322384e-10,2.4992410128381364e-10,2.5048694419099624e-10,2.5163502713789734e-10,2.5249938958727666e-10,2.5369031563429164e-10,2.5499392381598006e-10,2.561890745177465e-10
2098.524777241385,2.1469820519306505e-10,2.1482180367236929e-10,2.1467403552211426e-10,2.1482723002377445e-10,2.1488386756196007e-10,2.1501763273886691e-10,2.1531150062248714e-10,2.1543649326296541e-10,2.159288937830087e-10,2.1611399852978575e-10,2.1671299618959488e-10,2.1705352822704548e-10,2.1765873439610656e-10,2.1822895514830105e-10,2.1878257510674428e-10,2.1959513933400608e-10,2.2011578161895343e-10,2.2110919646572941e-10,2.2169162548600499e-10,2.2275540216031074e-10,2.235344061858019e-10,2.2456468716328408e-10,2.256580572460021e-10,2.2662224519043989e-10
2174.8775815775493,1.8953952505187374e-10,1.8972805154070715e-10,1.8965451559357986e-10,1.8981978840390307e-10,1.8987296520602356e-10,1.8996657714266668e-10,1.901740793345348e-10,1.9020823447869507e-10,1.9054273747538754e-10,1.9058843994782014e-10,1.9098278783902158e-10,1.9114013448517778e-10,1.9152478152826289e-10,1.9187877125313154e-10,1.9222378931513717e-10,1.9280590920057425e-10,1.9314751930683176e-10,1.9392207589181271e-10,1.9435929683675414e-10,1.9524292959230942e-10,1.9590373880042994e-10,1.9681212080923017e-10,1.9780233368596532e-10,1.9870574527070271e-10
2254.0084092152333,1.6610026693890796e-10,1.6625199418892109e-10,1.6620885127387224e-10,1.6640821292431067e-10,1.6654159477222206e-10,1.6673964929242772e-10,1.6706277607505572e-10,1.6725503379230267e-10,1.6772553798888713e-10,1.6795244570134169e-10,1.6848797861289649e-10,1.6881216128646775e-10,1.6932606045393035e-10,1.6979701076582748e-10,1.7023881248612348e-10,1.7086244278476359e-10,1.7124453412615891e-10,1.7197389772478987e-10,1.7237152370380091e-10,1.7312588165567153e-10,1.7340910593842293e-10,1.7411338857215426e-10,1.748584583105499e-10,1.755002287929963e-10
2336.0183358586128,1.4667754719686378e-10,1.4683125846654883e-10,1.4679108425883153e-10,1.4693786705481199e-10,1.47002902188598e-10,1.4710138446727904e-10,1.4728770241934644e-10,1.4734168111856953e-10,1.4762291389133666e-10,1.4768094124118213e-10,1.4800087787326705e-10,1.481347721778056e-10,1.4843662275148954e-10,1.4870848842321518e-10,1.4896773596371018e-10,1.4940119749352269e-10,1.4964603785315894e-10,1.5021582708950066e-10,1.5052465115669033e-10,1.512945847163133e-10,1.5177309498022378e-10,1.5244094319730742e-10,1.5317304484179883e-10,1.538417671214981e-10
2421.012114754074,1.2868927320751003e-10,1.2883604976297525e-10,1.2881013644844451e-10,1.2893945754967952e-10,1.289928252467683e-10,1.290698131652873e-10,1.2921782486292565e-10,1.2924823161778487e-10,1.2947140447101916e-10,1.2950073003406098e-10,1.2975479378331725e-10,1.2984916056734736e-10,1.3008958887085126e-10,1.3030657916453497e-10,1.3051607737514374e-10,1.3087933418043886e-10,1.3108479815057326e-10,1.3157458602544282e-10,1.318444978479631e-10,1.3240985526435269e-10,1.3283150008231058e-10,1.3342025514231822e-10,1.340657622631776e-10,1.3466034807353041e-10
2509.0983104940628,1.1329941044111233e-10,1.1336985773850164e-10,1.1329754672637695e-10,1.1337090036533245e-10,1.1338844331976018e-10,1.1343807336199646e-10,1.1356106988293717e-10,1.1359222266333523e-10,1.1380208842483322e-10,1.1385126232288674e-10,1.1410450148895699e-10,1.1422342434978051e-10,1.1447394942365853e-10,1.1470517702489639e-10,1.1492954977738046e-10,1.152855414091393e-10,1.1549925215938728e-10,1.1595533196128593e-10,1.1621179244235898e-10,1.167180390542372e-10,1.1708966376705143e-10,1.1759800495334184e-10,1.1814698666863315e-10,1.1864296494869597e-10
2600.3894376892281,9.940197234390661e-11,9.9482040847562902e-11,9.9438069009554722e-11,9.9521108043780992e-11,9.9555183219137187e-11,9.9616686005728097e-11,9.9741356855001582e-11,9.9785297647134662e-11,9.9984031979466638e-11,1.0004226180703244e-10,1.0027751199357131e-10,1.0039553941690278e-10,1.0062789501488111e-10,1.0084354106600698e-10,1.0105337586379206e-10,1.0137817787260776e-10,1.0159685668666127e-10,1.020094072875236e-10,1.0224803451141395e-10,1.0270526991189221e-10,1.0304420192485775e-10,1.0350312442057287e-10,1.0399550063712332e-10,1.0444154217914274e-10
2695.0021046860479,8.7924558541608086e-11,8.7971826983989618e-11,8.7909182571474596e-11,8.796025921300061e-11,8.7969035531431283e-11,8.8003768244911904e-11,8.8096335218183823e-11,8.8119134750238475e-11,8.8281311836404521e-11,8.8320651272823507e-11,8.8518926920720919e-11,8.8614800763558478e-11,8.8813554692844721e-11,8.8998712594750857e-11,8.9179685891317342e-11,8.9463459325010204e-11,8.9638267676499765e-11,9.0001208591021606e-11,9.0210591946927339e-11,9.0613655810967673e-11,9.091288946534964e-11,9.1318270861085089e-11,9.1754789043542489e-11,9.2150456737436626e-11
2793.0571625134503,7.7649650393328442e-11,7.7691080815704537e-11,7.7633894370946464e-11,7.7676271680866382e-11,7.7680735398808745e-11,7.7708328139963561e-11,7.7787811783039883e-11,7.7806931233071456e-11,7.7951379526628183e-11,7.798941879542522e-11,7.8171202880822664e-11,7.8265212970384841e-11,7.8453916832999605e-11,7.8633516477177287e-11,7.881282393056355e-11,7.9085640242188969e-11,7.9264338250287485e-11,7.961112498273203e-11,7.9822548063854969e-11,8.0205394075607401e-11,8.0494826534726802e-11,8.0876123838638254e-11,8.1281351973079259e-11,8.1646081098243081e-11
2894.6798592487494,6.7894737041705876e-11,6.7963003039520621e-11,6.7945466812863837e-11,6.8010652470545564e-11,6.8039970396950095e-11,6.8084855301958822e-11,6.8169004918351687e-11,6.8195905610930464e-11,6.8323759350827649e-11,6.835419230738054e-11,6.8500876467009563e-11,6.8565988065000821e-11,6.8705759444539943e-11,6.8831859891034332e-11,6.8952559646351424e-11,6.9148582057648373e-11,6.9260868354555549e-11,6.9514040498296813e-11,6.9650496199339401e-11,6.9933006815116365e-11,7.0136913765051954e-11,7.0421519667384058e-11,7.072974078962858e-11,7.1008212295974035e-11
2999.9999999999977,5.9686586188609545e-11,5.9775984099070628e-11,5.9794346825325475e-11,5.9888952652852972e-11,5.995422031327663e-11,6.0034185163181827e-11,6.0148573267527287e-11,6.0211070643804754e-11,6.036008368367632e-11,6.0419623176856261e-11,6.0577332728137725e-11,6.0657910087260597e-11,6.0798734372163594e-11,6.0921475676571586e-11,6.1033312113856959e-11,6.1205591071229539e-11,6.1298080968950181e-11,6.1509650095705644e-11,6.1613311461839712e-11,6.1841990993366408e-11,6.1997983466350495e-11,6.2223084067258123e-11,6.2467617268607264e-11,6.2685715979653116e-11
