t\s,0,0.04347826082608696,0.086956521652173921,0.13043478247826087,0.17391304330434784,0.21739130413043481,0.26086956495652175,0.30434782578260872,0.34782608660869568,0.39130434743478265,0.43478260826086962,0.47826086908695659,0.5217391299130435,0.56521739073913047,0.60869565156521743,0.6521739123913044,0.69565217321739137,0.73913043404347833,0.7826086948695653,0.82608695569565227,0.86956521652173924,0.9130434773478262,0.95652173817391317,0.99999999900000003
0.0010000000000000002,1.0758721701129792,0.98838845538348585,1.0706680430562154,1.0233590009403302,1.0767411789438315,1.0114740310323826,1.0743468407584202,1.0307029623205706,1.106652733686311,1.0632858775600802,1.1157511198852774,1.1035510531260619,1.150410073587268,1.0929320156587163,1.1796735642567013,1.1646016255016665,1.2454557405583604,1.1738552376999494,1.3395349247808737,1.1535486225370606,1.4528036813670724,1.2127610082107374,1.4249448800354969,0.52827382947958768
0.0010363068525512035,1.0756426488630741,0.98817647135420916,1.0704392597873815,1.0231396288199235,1.0765099357110648,1.0112545103419497,1.0741101085235587,1.0304744545512812,1.1064049398720248,1.0630455436869806,1.1152469067663273,1.1031840938848385,1.1501330185210399,1.0922184658086347,1.1790846921013813,1.1642125147235094,1.2449023710196636,1.1727861859428912,1.3381226110239415,1.1525006492557277,1.4504607919013868,1.2113365021154356,1.4179347795639927,0.53303723120558288
0.0010739318926445826,1.0754059356160786,0.98795796132455493,1.070203443223867,1.0229135269438239,1.0762715879323657,1.0110283506306557,1.0738661405018519,1.0302389641964709,1.1061496836794482,1.0627981110271705,1.114726235420451,1.1028042554914232,1.1498479612220855,1.0914817744537715,1.1784777153983426,1.1638113200846882,1.2443297492715157,1.17168355613986,1.3366611544332283,1.1514211837527801,1.4480401666443292,1.2098737817712046,1.4107147480871163,0.53798806946610966
0.0011129229795208641,1.0751620312199288,0.98773282929214101,1.0699604456882572,1.0226805396327467,1.0760260028613071,1.0107954279616085,1.0736147382173162,1.0299966359491564,1.1058868416377166,1.0625433775007158,1.1141886657068465,1.1024109937088165,1.1495551001832598,1.0907213550641068,1.1778520797418817,1.16339763784432,1.2437373649002321,1.1705464833611687,1.3150522109920881,1.1503095079477381,1.4455391644379549,1.2083721977502617,1.4032806774830817,0.54313371615103279
0.0011533297100391751,1.0749107055809477,0.98750102033989073,1.0697101398417201,1.022440611908682,1.0757730488117156,1.0105555223419622,1.0733558597569455,1.029747099297698,1.1056161411881198,1.062281311340775,1.1136337912110252,1.10200389236379,1.1492542265059635,1.0899366251758575,1.1772079837178526,1.1629715914440624,1.2431244697632566,1.1693743460966397,1.3138752706419639,1.2778394005971621,1.4429558624740118,1.2068318164285499,1.3956287843312936,0.54848240615672239
0.0011952034817644893,1.0746517671891387,0.98726237399373651,1.0694522804363966,1.0221935660488699,1.0755126567996052,1.0103086875674419,1.073089221574516,1.0294902656967284,1.1053375438240918,1.0620116806984203,1.1130611897021565,1.1015824926879989,1.1489451545576201,1.0891269887018682,1.1765445298546022,1.162532549199812,1.2424905839547278,1.1681664357283386,1.3126580222873259,1.2766862821159488,1.4402878192334132,1.2052525885752354,1.387755152912689,0.5540410808150682
0.0012385975583455986,1.0743851456244764,0.98701678992963704,1.0691868051328217,1.0219392803751988,1.0752445269366357,1.010054797515813,1.0728149965126372,1.0292261555514883,1.1050509891263542,1.0617345632778319,1.1124705389900442,1.1011464990316182,1.1486280563418481,1.0882920213788916,1.1758616088641602,1.1620805491522219,1.2418349357780412,1.1669218792678984,1.3113989810526543,1.2754981577547855,1.437533368878114,1.2036344326815129,1.3796562703869313,0.5598192743145205
0.0012835671372667327,1.074110759617747,0.98676421344393273,1.0689136847447389,1.0216776774189795,1.0749687627888105,1.0097936743935674,1.0725326954313312,1.0289545634038488,1.1047562580663157,1.0614497800063871,1.1118611698885124,1.1006953130001063,1.1483027156825392,1.0874309701810807,1.1751589122502784,1.1616152398359736,1.2411571155564229,1.1656402207811933,1.3100971757822011,1.2742740248314641,1.4346899452948882,1.2019774496577567,1.3713288481265096,0.56582488498526118
0.0013301694200590472,1.0738284599184449,0.98650449424545694,1.0686326868336915,1.0214086814031909,1.0746851121261349,1.0095253373570474,1.0722425980435628,1.0286754561387885,1.1044533342560159,1.061157283097919,1.1112329292297864,1.1002286114391104,1.1479693265684729,1.0865434909601248,1.1744362102063515,1.1611364464371938,1.2404564007943824,1.1643205482346848,1.3087512469972522,1.2730133934351726,1.4317552190688918,1.20028192391998,1.3627699285998034,0.57206734621206579
0.0013784636850612507,1.0735380779647294,0.9862376249052146,1.0683438027783636,1.0211322031690295,1.074393549848232,1.0092495792005065,1.0719443029579303,1.0283888492880824,1.1041421328423622,1.0608570888865718,1.1105854618835664,1.0997458713396291,1.1476277305384759,1.0856288128651834,1.1736931973242462,1.16064411218609,1.2397322437522877,1.1629624908107281,1.3073602336065826,1.2717157094625933,1.4287274524579452,1.1985484654081224,1.3539766065434264,0.57855564841133855
0.001428511362821959,1.0732396040343504,0.98596351323551978,1.0680468909593934,1.0208481220377488,1.0740940276194419,1.0089665174073119,1.0716379606570434,1.02809455416992,1.1038225698813835,1.0605491016363968,1.1099182864312214,1.0992466582908273,1.1472780079423779,1.0846866799189381,1.1729297044870872,1.1601381159183057,1.2389839254433075,1.1615654094843357,1.3059226969731281,1.2703805351515611,1.4256042930363968,1.1967773743117531,1.3449470012029252,0.58529936452646325
0.0014803761142396545,1.0729329902747087,0.98568215370689294,1.0677419546194058,1.0205565332320563,1.0737864958948471,1.0086760822450427,1.0713234345110318,1.0277926533442874,1.1034946908258594,1.0602333170022844,1.1092310855403191,1.0987306027127071,1.1469203694791477,1.083716502406757,1.1721455941083587,1.1596182474033927,1.2382110514433526,1.1601288774156164,1.3044374939622037,1.2690073092187255,1.4223838678624254,1.1949696649155417,1.3356785563774025,0.59230847031443545
0.0015341239115396782,1.0726181659484781,0.98539345742909545,1.0674289068169303,1.0202573444967291,1.0734708851272134,1.0083782915197044,1.0710006813754429,1.0274830946657143,1.1031583809517178,1.0599097321833773,1.1085235211402502,1.098197197925586,1.1465547950950297,1.0827178888609308,1.1713407601661157,1.1328517233596864,1.2374128972116762,1.158652450928195,1.3029034816611926,1.267595641654659,1.4190642957472299,1.1931263640859502,1.3261703250277748,0.59959282068308539
0.0015898231221912246,1.07229502694582,0.98509756081296662,1.0671077128763302,1.019950434875381,1.073147164261562,1.0080730416644157,1.0706696566624612,1.0271659891123472,1.1028137105025788,1.0595785298564635,1.1077954240913437,1.0976460018709291,1.146181663020384,1.0816904257573536,1.1705151384354553,1.1316667313464337,1.2365888708509596,1.1571358061985828,1.3013195019976216,1.2661452909882538,1.4156433375081736,1.1912487227426372,1.3164211228648668,0.54580224844505665
0.0016475445958711165,1.0719637505668709,0.98479436398780629,1.0667784633404769,1.0196359840915092,1.072815449040966,1.0077604791806629,1.070330519373986,1.0268412605697916,1.1024608213102531,1.0592396472754364,1.1070461799449647,1.0970765004618472,1.1458008395492505,1.0806338961615178,1.1696687418671519,1.1304477980537029,1.2357385951791209,1.1555784939490279,1.2996845418564478,1.2646560889433156,1.412119633370482,1.1893381527554636,1.3064306831770409,0.55304981258717589
0.0017073617545849409,1.0716241810465994,0.98448399426895405,1.0664411798261475,1.0193139295285636,1.0724757763665551,1.0074406432997702,1.0699832930705928,1.0265090838869988,1.1020995881448601,1.05889329796568,1.1062759597515941,1.0964884140527147,1.1454128592482369,1.0795478152258324,1.1688016693874381,1.1291946970465339,1.2348614371710345,1.1539806544815217,1.2979972726339251,1.2631278313014014,1.4084911816775207,1.1873965749918511,1.2961992618019025,0.5605767400646755
0.0017693506860602217,1.0712764815596627,0.98416656466670016,1.0660957722374171,1.0189845277734106,1.072128158190929,1.0071137047013079,1.0696279156479029,1.026169639581469,1.1017302932242266,1.0585396162740179,1.105484408445035,1.0958812564964573,1.1450179221947951,1.0784321365193064,1.1785454127338517,1.1279069458153848,1.2339569002457673,1.1523421372359812,1.2962568709687514,1.2615606427247219,1.4047566600866492,1.1854261128665646,1.2857278052822778,0.56839373324737608
0.0018335902405303805,1.0709207142708281,0.98384217185326128,1.0657426206923455,1.0186477673309033,1.0717727477250758,1.0067797747272724,1.0692648170056682,1.0258229338221416,1.1013530226462018,1.0581788320380088,1.1046714130265356,1.0952547105367625,1.1446164536293373,1.0772866157716732,1.1771387033566239,1.1265845110214219,1.2330245347304054,1.1506630344848228,1.2944622400049661,1.2599545750571657,1.4009146399133137,1.1834293003410359,1.2750183388107814,0.57651042258459029
0.0019001621310326443,1.070557063305053,0.98351096644320379,1.0653816487222154,1.0183038263137969,1.071409707056872,1.0064390500588878,1.0688938764299709,1.0254692689887761,1.1009680983635639,1.0578112382229814,1.1038369154581227,1.0946083565616385,1.1022506431532313,1.0761111621234849,1.1756900918866431,1.1252273028439248,1.2320639233614257,1.1489435691740901,1.2843919338303511,1.2583102066727712,1.3969640462177271,1.1814089661796094,1.2640735103900198,0.58493771586552157
0.0019691510373474265,1.0701856712070221,0.9831732334658001,1.065013146894185,1.0179529277427073,1.0710393085577985,1.0060917045521247,1.0685154838958222,1.0251089407903684,1.1005756738595198,1.0574371007833168,1.1029809562467605,1.0939418711288158,1.1013062129828544,1.0749059893224309,1.1741989869635912,1.1238352518353976,1.231074825777748,1.1471841785080914,1.2828404583563153,1.2566276135971863,1.3929039568651405,1.1793685897429693,1.2528975109027414,0.59368622943463834
0.0020406447137114505,1.069806721654494,0.98282914998589099,1.0646374207372775,1.0175953770087824,1.0706617428689729,1.0057381818131101,1.0681299341763633,1.0247422380817039,1.1001761709988518,1.057056757077707,1.1021036316653408,1.0644209153610316,1.1003393196332205,1.0736710324301684,1.1726650439462485,1.1224084822438587,1.2300569061512889,1.1453856061202066,1.2812396611950636,1.2549078908751783,1.3887334967597624,1.1773118001826601,1.2414944577862315,0.60276726325525942
0.0021147341004415644,1.0694205904200276,0.98247912359183209,1.0642547127536233,1.0172314789438075,1.0702774137236204,1.0053787040654698,1.0677374912297639,1.0243695664788826,1.0997698369775089,1.0566707419572532,1.1012048668909393,1.0641616410723067,1.0993502224624492,1.0724067446158791,1.1710878724862965,1.1209472184462834,1.2290099159956049,1.1435482641466388,1.2795888715934951,1.2531518222617126,1.3844524488925671,1.1752430698901346,1.2298709851093435,0.61219155960367289
0.0021915134396113,1.0690276347781102,0.98212353943088426,1.0638652939532203,1.0168615864708492,1.0698867138971451,1.0050139261670101,1.0673386191674372,1.0239913389514244,1.0993572167599519,1.0562795493180073,1.1002852444338056,1.0639025823951589,1.0983391051784397,1.0711134400191831,1.169467101418358,1.1194519036195212,1.2279338153397044,1.1773545283174047,1.2778873708279563,1.2513605226701312,1.3800609276990627,1.1731672958374659,1.2180343101044429,0.62197045235598125
0.002271080394927248,1.0686281680342915,0.98176281896848361,1.0634697857092728,1.016486210763371,1.0694900669799383,1.0046441140322793,1.0669338219813007,1.0236081478061241,1.0989389783765193,1.0558838372912223,1.099344957263324,1.0636443122079466,1.0973071691769449,1.0697917849781022,1.1678027761610341,1.1179230842288497,1.226828510968315,1.1753511492451905,1.2761345532391448,1.2495356775179263,1.422175650212389,1.1710899357972231,1.2059932342186954,0.6167251928725932
0.002353536175957802,1.0682228850051279,0.98139753906726135,1.0630685865100773,1.0161058214818131,1.0690881007302575,1.0042699486220914,1.0665236206501252,1.0232206450830823,1.0985156422619529,1.0554843417747364,1.0983844950155086,1.0633878706384157,1.0962545967835517,1.0684423702396013,1.1660948799469089,1.1163616756034416,1.2256941666285772,1.1732955169030412,1.2743299397686623,1.2476787273192778,1.4169223872238721,1.1690173261162906,1.1937584296749151,0.62706622973081494
0.0024389856668722248,1.0678122859375534,0.98102833310855519,1.0626624819812949,1.015721211038344,1.0686813959690942,1.003892147874615,1.0661087678366239,1.0228294469957673,1.0980880772357526,1.0550816949346598,1.0974046409874521,1.0631342549871574,1.0951823890323225,1.0670662932050905,1.1643436919644086,1.1147685442559745,1.2245308947662159,1.1711879078783041,1.2724732388471642,1.2457921040843174,1.4115371608410303,1.166956473296243,1.1813419132804626,0.70657229669654953
0.002527537559853855,1.0673969905017333,0.98065595800407679,1.0622520093486911,1.0153329246785874,1.0682707355970942,1.0035114769238462,1.065690052064332,1.0224355116392401,1.0976570115229176,1.054677224188725,1.0964060990588207,1.0628846383168469,1.0940915212552915,1.0656646264593981,1.1625495155734398,1.1131449065977979,1.2041326941422481,1.1690290606498079,1.270564312833709,1.24387809435704,1.4060211227276636,1.173931613918942,1.1687577691080691,0.71523937325150655
0.0026193044933570972,1.0669779290665826,0.98028116235281759,1.0618381431990793,1.0149418987756933,1.0678569563885598,1.0031288660105786,1.0652682730870044,1.0220397398911842,1.0972235571487616,1.054271625273367,1.0953898178703372,1.0626403979629981,1.0929835970111166,1.0642388588088736,1.1607129704774946,1.1114925711736603,1.2031620993085959,1.1668195229032374,1.2686032838199401,1.2419397035391313,1.4003759387146468,1.1702092498492505,1.1560221012768324,0.72414708639928449
0.0027144031953841201,1.0665559726231753,0.97990494702453268,1.0614216753988885,1.0145491458042584,1.0674411826533408,1.0027452410263047,1.064844587636713,1.0216431373115435,1.0967887976695065,1.0538662969379162,1.0943569363629724,1.0624027956403257,1.0918598356799714,1.0627906184834106,1.1588350393333366,1.1098130317778234,1.2021881776996237,1.1645604661259006,1.2665904130455008,1.23998039620721,1.3946038685987596,1.1664792242204243,1.1431531424242678,0.73329568514645871
0.0028129546319634463,1.0661322741632264,0.97952841626898146,1.0610038110589357,1.014155712564947,1.0670244070435337,1.0023618654657425,1.0644200602681184,1.0212471526176776,1.0963539871811201,1.0534625780124118,1.0933089452232054,1.062173621122906,1.0907219493943681,1.0613218320411888,1.156916825393717,1.1081086778468785,1.2012135822080652,1.1622532973401589,1.2645262358891718,1.2380038738914918,1.3887079054613753,1.1627510746202638,1.1301717916380056,0.74268062373619159
0.0029150841610193702,1.0657078838615941,0.9791528212825128,1.0605857140348764,1.0137627131948133,1.0666079261526071,1.0019800161588361,1.0639960757788869,1.0208529598996545,1.0959205345862124,1.0530619705420614,1.0922474115448984,1.0619546498216867,1.0895720626033705,1.0598349988339366,1.1549597941107028,1.106381935834978,1.2002414835791213,1.1598999064502511,1.2624115994653018,1.2360147522905431,1.3826922106426061,1.1590361564693623,1.1222835447105979,0.75230219213619876
0.0030209216918278487,1.0652841809053211,0.97877943097351094,1.060168785884787,1.013371833233113,1.0661932715706564,1.0016011534958575,1.0635741382433199,1.0204621747937983,1.0954903018562501,1.0526662826453321,1.091174163495477,1.0617476432170254,1.0884125980619523,1.0583327908671882,1.1529657793531884,1.1046358211531091,1.1992754433584365,1.1575024719172819,1.2602476768061517,1.2340181178836598,1.3765612233413336,1.1553465732499717,1.1102145941973163,0.72723687136283388
0.0031306018502617766,1.0648629012157387,0.97840994002831505,1.0597547050039804,1.0129844539390529,1.0657819084545579,1.0012269526952786,1.0631559471139891,1.0200765436615726,1.095064754338555,1.0522774937052919,1.0900914698010009,1.0615550828283653,1.0872460982960297,1.0568181963272754,1.1509369708546959,1.10287368416809,1.1983190512031958,1.1550636732450408,1.2580361013762185,1.2320196600268134,1.3703209904841658,1.1516964048398997,1.0981405892723188,0.73833693800122546
0.0032442641500357553,1.064445508815268,0.9780460572183175,1.0593451235983125,1.0126023308372105,1.0653758869180612,1.0008593112783861,1.0627432514222857,1.0196981389805106,1.0946463577387004,1.0518974488447315,1.089001725185073,1.0613791442303309,1.0860757669372141,1.0964087025859901,1.1488759890454483,1.1010996083928393,1.1973771565742715,1.1525868463757081,1.2557787390158812,1.2300259976412642,1.3639782829563127,1.1481002936511722,1.0860947337805555,0.74973071359897858
0.0033620531701682613,1.0640342013718764,0.97768973472579768,1.0589420220662999,1.0122276241196786,1.0649771332798528,1.0005003382815403,1.0623383212491062,1.019328990693565,1.0942371547440033,1.0515289468550399,1.087907984535128,1.0612225657212662,1.0849048864880264,1.0952154067496862,1.1467860333221054,1.1261320234036449,1.196454615761297,1.150075623122166,1.2534781814482092,1.2280443036371387,1.3575415542695171,1.1445752594977989,1.074114298769814,0.76142794734732888
0.0034841187388868658,1.0636310872433155,0.9773431407706884,1.0585476474456974,1.0118623922523309,1.0645880037633031,1.0001522242552772,1.0619435241920558,1.0189716073304191,1.0938396574814964,1.051174504682884,1.1278312522382066,1.0610881932331333,1.0837375606691373,1.0940089628988838,1.1685073453941346,1.1237293132212758,1.195556848345767,1.1475346620085902,1.2511372552994735,1.2260829469028529,1.3510201223364608,1.1411395122187393,1.0622402141705436,0.77339515848871088
0.0036106161242105187,1.0632384682082601,0.97700863192794207,1.0581644756265678,1.0115090618553775,1.064210932806998,0.99981773476304747,1.0615614409379532,1.0186287223238031,1.0934568396672562,1.0508369003441018,1.1265645317379995,1.011793774024244,1.1386870779304765,1.0927917832699585,1.1673753819187025,1.1212829123016896,1.1946899021312207,1.1449689331557298,1.2487596013881801,1.224150742301477,1.3444251822994886,1.1378130834633566,1.050517517625039,0.78554981068748475
0.0037417062314512271,1.0628591854448071,0.97668904605704321,1.057795209619725,1.0111706763740769,1.0638489071835318,0.99949939325471138,1.0611949985975326,1.0183032273863517,1.0930918082514043,1.0505196712031544,1.1252810066796477,1.0110681661501197,1.13757796793031,1.0915675341271869,1.1662496803821183,1.1187961899202352,1.1938606257151714,1.1423843723129328,1.2463494948561908,1.2222581235078556,1.3377692161123274,1.1346182237949343,1.0389959462928147,0.80370866365797156
0.0038775558078864491,1.0624961327249467,0.97638724453261805,1.0574429658720246,1.0108499251254028,1.0635049203870648,0.99920067896725895,1.0608473563605683,1.0179984671140918,1.0927479556951314,1.0502263052430614,1.1239835110123853,1.010373093644475,1.1364622838164793,1.090339106325152,1.1651351692573892,1.1162731263485328,1.1930764187442806,1.1397878458156672,1.2591439654076417,1.156153954404874,1.3310668900480769,1.1315789416640278,1.0277295331630043,0.8193139962826308
0.0040183376548624441,1.0621527955742582,0.97610655562273763,1.0571110176224061,1.0105503154801905,1.0631824784897197,0.99892480041256315,1.0605221537643801,1.0177181706935057,1.0924292483010036,1.0499608245104293,1.1226751267129393,1.0097148429255713,1.1353432295421204,1.0891111669023394,1.1640373172993941,1.1137184247012162,1.1923454120265737,1.1371869237446601,1.2566889068628209,1.1547431760942519,1.3243342947752301,1.1287214072626384,1.0167775417119671,0.83544742701656105
0.0041642308475984867,1.0618327464776862,0.97585060695368919,1.0568031407900256,1.0102754963820089,1.0628854029439831,0.99867589373720189,1.0602233581887814,1.0174662032137523,1.0921397623113254,1.0497275005789581,1.1213593689386621,1.0090999421428051,1.1342247666007392,1.0878879090993898,1.1629621470182989,1.1111375201515274,1.1916766697729324,1.134590404631751,1.2542443205972216,1.15341697557953,1.3175899233295179,1.1260743810531721,1.0062046216855194,0.85214181873232064
0.0043154209629714174,1.0615400404484958,0.97562338435785845,1.0565234210726948,1.0100295749289327,1.0626179445819881,0.99845788557824011,1.0599551972271302,1.0172470674805121,1.0918842063693583,1.0495311856166878,1.1200404168715485,1.0085358369648489,1.1331111880454037,1.0866745566710108,1.1619163662760663,1.1085367140505904,1.1910800646915918,1.1320080676282023,1.2225343185713184,1.1521899088779968,1.3108545639461378,1.1236686581213284,0.99608079099276381,0.86937114129636939
0.0044721003155703968,1.06127917727237,0.97542917467502999,1.0562762677519832,1.0098169595061932,1.0623845760095738,0.99827547639670833,1.0597223977230459,1.0170655699419209,1.0916676398054614,1.0493771167070878,1.1187230536296096,1.0080306997236714,1.1320072836067916,1.0854769326680649,1.1609074958219641,1.1059232915841295,1.1757953164201507,1.1294509439338545,1.221145276783993,1.1510776575917401,1.304151282337759,1.1215379507384036,0.98648208764259238,0.94878100495384388
0.0046344682023220004,1.0610548953712875,0.9752728756274206,1.0560666784117896,1.0096426516158765,1.0621905585232059,0.99813366656612934,1.0595303297830589,1.0169269472266027,1.0914955429470226,1.0492707835197628,1.1174125301127715,1.0075932286783837,1.130918706601447,1.0843015593060472,1.1599438786428746,1.1033054853794548,1.1736087845530647,1.1269312777800096,1.2198716407301817,1.1500978355172702,1.2975054959096839,1.105431471424545,0.97749060338899341,0.96904326759454307
0.0048027311559969499,1.060872504056612,0.97515965356511791,1.0559000347242407,1.0095119188577051,1.0620411495184121,0.99803796095535513,1.0593844864195832,1.0168369156586163,1.0913740716680627,1.0492186759676867,1.1161149255538314,1.0072331119377398,1.1298515005978953,1.0831557681100481,1.1590347844262636,1.1006926027291402,1.1714726194401159,1.1179188799631792,1.218731917184396,1.1492692122823378,1.2909458685887478,1.1045898370957588,0.96919503533251827,0.99003586978790281
0.0049771032079208013,1.0607381231470117,0.97509509739973144,1.0557821066933579,1.0094305548183007,1.0619424731189278,0.99799428005486379,1.0592909945955002,1.0168017343880522,1.0913097650981065,1.0492272581512618,1.103127926386902,1.0069607884488967,1.128812522663017,1.0750972086231863,1.1581901530662142,1.0980953781387932,1.1694007143477063,1.1179440464856158,1.2177461087947798,1.1486120354618414,1.2845036007443236,1.1041115633724274,0.9616907344886485,1.0119745751039773
0.005157806160222907,1.0606578802502471,0.9750855513506933,1.0557192752736808,1.0094048150087911,1.0619010789916588,0.99800912764640504,1.0592567559990163,1.0168281755982362,1.0913096262621373,1.0493039643692348,1.1031993710059695,1.0067876837759033,1.1278095866003683,1.0753600939651888,1.1574210871191715,1.0955256520997019,1.1674083067748893,1.1181170210144362,1.216936539352339,1.1481487680149822,1.1843861525003301,1.1040371864497516,0.95507974828701947,1.112857234876401
0.005345069867969808,1.0606385212251053,0.97513750720115377,1.0557185859686815,1.0094415960300529,1.0619239969303567,0.99808946961651479,1.0592888038125237,1.0169235916465809,1.0913814805821815,1.0494564965389805,1.1033467111891917,1.0067260245344438,1.1268508409082916,1.0757406571395411,1.1567397778729607,1.0929966778187181,1.1655123048850884,1.118454732319301,1.216326535211097,1.1479026168396587,1.1803571994594013,1.1044100949817306,0.94947141863630335,1.1388712822971456
0.0055391325315420729,1.0606875132511322,0.97525822892482605,1.0557873073254107,1.0095482746514497,1.0620188052110309,0.99824289947986822,1.0593950471527513,1.0170957239658212,1.0915334993356633,1.049693400401543,1.1035784617792117,1.0067891950537469,1.1259458184686209,1.0762512537961539,1.1561593638548961,1.090523243294216,1.1637311777546735,1.1189751185039425,1.2159422716655093,1.1478993132244248,1.1766161666232167,1.1052762361662047,0.94498153824099518,1.1658030943976883
0.0057402409996263441,1.0608129834343667,0.97545547581592662,1.0559335146109265,1.0097327705766568,1.0621936180171196,0.99847742006982654,1.0595838563652018,1.0173530888285045,1.0917746585647561,1.0500236611896014,1.1039035666136896,1.0423203483057635,1.1251047192294177,1.0769048062197615,1.1556941643335912,1.129933341775506,1.1620852682121716,1.1196975160236828,1.2147185017774857,1.1481658240032431,1.1732087338384805,1.1066844032511085,0.94173485097455156,1.1341535597339316
0.0059486510832081497,1.0610232862648619,0.97573748519820458,1.0561658282088282,1.0100036384333744,1.0624573478320616,0.99880165511063268,1.0598642500414202,1.0177046576391027,1.0921144570504357,1.0504568832333159,1.1043317508569379,1.0411299406858425,1.1426369309441182,1.0777152146567728,1.1272612660924954,1.129613806249075,1.1605964771578627,1.1206424687903507,1.2125169810592917,1.0956213382490319,1.1701842137696228,1.1086862859334374,0.91114405524589159,1.1608565318657611
0.0061646278809647488,1.0613277739610745,0.97611310177582133,1.0564933939338175,1.0103698508431309,1.0628191324585861,0.99922487883820721,1.0602457750677221,1.0181601285892552,1.0925629414036244,1.0510034470435774,1.1048734442043213,1.040026322851564,1.1435878105410255,1.0786969750186479,1.1284305426641719,1.1294496175430431,1.1592886453822253,1.1218317954696433,1.210530822127402,1.096742044723042,1.1675954258547547,1.1113362107326381,0.91194087057333917,1.1880831088847117
0.0063884461164719786,1.0617360738902626,0.97659179231204352,1.0569259894894518,1.0108411178110568,1.0632891872819865,0.99975695337698212,1.0607385733365069,1.0187296728829045,1.0931309647845988,1.0516740388561563,1.1055394532469973,1.0390248643205164,1.1446902918869053,1.0798654732102246,1.1298900132062299,1.1294600047683967,1.1581876493569019,1.1232885517047606,1.2087916940333578,1.0982491742501193,1.1654991941831196,1.1146909616899734,0.91440440182062943,1.215810951892081
0.0066203904876540346,1.0622585729726075,0.97718329868580267,1.0574739667886908,1.0114276151383204,1.0638777639424459,1.0004080536593742,1.0613535937791938,1.0194240417742115,1.093829762816108,1.0524801098408108,1.106341203185949,1.0381421598151477,1.1459569621275731,1.0812367111873469,1.1316665936600572,1.1296651621504328,1.1573212092101985,1.1250366308566644,1.1821658968396993,1.1001788418571383,1.1639565343366787,1.1188099724250478,0.91869532721769787,1.1902389459196456
0.0068607560289206783,1.0629060559831185,0.97789815349300602,1.0581481440992468,1.012140065510112,1.0645960615894454,1.0011890906550642,1.0621019359717527,1.0202543834331923,1.0946712147387201,1.0534336260532806,1.1072908579831231,1.0373961545340928,1.147400721674283,1.0828273232835102,1.1337887800479649,1.1300867559595633,1.1841474375693184,1.0963416633984036,1.1808153164763675,1.1025686480330403,1.1630320510734311,1.1237544904511836,0.92498225108347398,1.2123232083721405
0.007109848486452487,1.0636899927259029,0.97874719970323465,1.0589599724184926,1.0129896947618637,1.0654554915721759,1.0021112714675038,1.0629954130965298,1.0212326860731182,1.0956676923075945,1.0545469376802907,1.069269771443166,1.0368065007532883,1.149035039755375,1.0846549023903558,1.1362860237970778,1.1307478891866256,1.1838305855137323,1.0995050593503795,1.1798950833083561,1.105457740562505,1.2049446711379381,1.1295883972549419,0.93344236666206903,1.2345340962759792
0.0073679847071115197,1.0646220615050683,0.97974170309838993,1.0599210634440359,1.013987917467726,1.066468026055083,1.0031863295910945,1.0640463656281058,1.0223707391314842,1.0968319199835865,1.0558327691163014,1.0701705632437841,1.0812769787513172,1.0810771612678147,1.0423137121772603,1.1391891675309456,1.1316727440564978,1.1837192494434063,1.1031960575618154,1.179455845922478,1.1088869144585427,1.2050017850929369,1.1363763004035548,0.94426043417395533,1.1759376742227232
0.0076354930414721384,1.0657144178414235,0.98089324163944558,1.0610437609849184,1.0151469691898294,1.0676458633945227,1.0044261317988594,1.0652670780380675,1.0236811981301985,1.0981769476695988,1.057304073475698,1.0713600972677999,1.0823914812802355,1.082949568926262,1.0439356455315592,1.1030294274531669,1.0927074531147536,1.1838364735080593,1.1074547720796186,1.17955127279271,1.1128972292036554,1.2058989333246548,1.1943060097903029,0.95762785851973753,1.1946002043440558
0.0079127137614846063,1.0669795270385454,0.98221353468468964,1.0623402194408413,1.0164787327869358,1.0690014927274345,1.0058428685499123,1.0666704584406728,1.0251764898715283,1.0997159575076845,1.0589739210845719,1.0728644764746196,1.0837071891283223,1.085168024809013,1.0459134996204886,1.1043884236219772,1.0949333423837908,1.184206540744577,1.1123220732626482,1.1802376731211031,1.1175306927026014,1.2077162031221103,1.2037969559245241,0.97374156933947731,1.1522880926231664
0.0081999994933027124,1.0684298385637587,0.98371433914349016,1.0638229827734889,1.0179954830594766,1.0705473398611474,1.0074486369172186,1.0682691400551259,1.0268691343436913,1.1014620610959072,1.0608553008536128,1.0747112021518672,1.085239783731029,1.0877587904073456,1.048275758896664,1.1062138927007676,1.0976424995521725,1.1848541794075707,1.1178388657178608,1.1815736918441668,1.1228294616896193,1.2105360751558041,1.2144862474438654,1.0261435949055846,1.3467469385309414
0.0084977156658260031,1.0700776482958969,0.98540734375310057,1.0655040469756121,1.0197092577708935,1.0722958189208822,1.0092552702801871,1.0700756168366912,1.028771492843529,1.1034282466683165,1.0629610427216902,1.076927897160072,1.0870045036079041,1.0907479335363304,1.0510511084046801,1.1085465273612132,1.1008729731746589,1.1858050736544756,1.1240453339372287,1.1793348515302615,1.1288348102538546,1.2144426726831088,1.2264414435308879,1.0511547725979895,1.3886085059729112
0.0088062409755271989,1.0719350465960986,0.98730370089151731,1.0673955989070976,1.0216315592563001,1.0742586922466493,1.0112743661030681,1.0721019654104187,1.0308952856836824,1.1056268277329711,1.0653029664139773,1.1003577556873199,1.0890166933287908,1.0941614452344215,1.0542683306160976,1.1114278046745025,1.10466251601407,1.220573250666805,1.1309809904858561,1.1835987596790996,1.1832354119711557,1.2195206797935545,1.2397274456740632,1.079285720077797,1.5428101635029634
0.0091259678681560284,1.0740134364928817,0.98941408572260503,1.0695087705872679,1.0237734873063093,1.0764471895572778,1.0135164693261536,1.0743594986915954,1.0332514052362864,1.1080691648865826,1.067892197181135,1.1009762517252342,1.0912910303989625,1.0980243371880749,1.0780349290809985,1.1148992078272137,1.1090487808741667,1.2257028430060035,1.1386827212608424,1.2015071187084605,1.1924623195092288,1.2258546261450329,1.2544042145791394,1.1106649812733504,1.5964375425394337
0.0094573030379321976,1.0763231957586916,0.99174803339494133,1.071853820998915,1.026145156680204,1.0788715538983185,1.0159912599927337,1.0768585708136187,1.0358498439220183,1.1107656662814862,1.0707385003091296,1.1019769964473725,1.0938411745575074,1.1023602783823567,1.0800691023910907,1.1190020169950126,1.1140681382533213,1.2313458130993697,1.1159320616233899,1.2046856105572785,1.2025093069013639,1.2335266889808105,1.295437268692865,1.1454037992739714,1.7147758759227258
0.0098006679448624564,1.0788734645105658,0.99431372659198214,1.0744396856649878,1.0287549652445347,1.0815403540509363,1.0187069107898514,1.0796077941436271,1.038698763426803,1.1137246555800875,1.0738496142349283,1.1033949671379251,1.0489789373156766,1.1142563344679521,1.0824299640535915,1.1237762189924432,1.1197552738595906,1.2375187315124927,1.1213590323979581,1.2085366448922901,1.213396499374598,1.242615962031278,1.3052909054040072,1.1835906983898195,1.767428920894929
0.010156499350839883,1.0816714971709138,0.99711760490708823,1.0772732428172125,1.0316096904918863,1.0844601565487029,1.0216694162077093,1.0826137145146777,1.0418040060377334,1.1169524801876498,1.0772311199342597,1.105265605432562,1.0534800458482003,1.1164500589538018,1.0851335794457522,1.1706438214853323,1.0905034915032523,1.2442337408683581,1.1275263427647566,1.213097352338756,1.2251355454576025,1.3239184156774679,1.3163013196699325,1.2252857734068527,1.8632196612932148
0.010525249875207218,1.0847221790793387,1.0001636052777316,1.0803590835774524,1.0347136006394384,1.0876354009566935,1.0248825351310291,1.0858803960870078,1.0451690502278168,1.1204522884925256,1.0808852856911471,1.1076237121462036,1.0584836166041702,1.1191067633125629,1.0881935324767937,1.1749054056880996,1.0941494289844256,1.2514975735655403,1.1344631889412788,1.2397380946543748,1.2666887500262227,1.33663024143029,1.3284793460732658,1.2705127355502022,1.9198147286219296
0.010907388570490948,1.0880273228957904,1.0034527857492495,1.0836987431758109,1.0380680601089483,1.091066943522375,1.0283464727661622,1.0894084460868489,1.0487938919146291,1.1242238853523479,1.0848107221914147,1.1401936698391637,1.0640048405864171,1.1222531098157726,1.0916205984371485,1.1796677313684301,1.0984461672094445,1.2593093706126097,1.1421922180537223,1.2502422928860037,1.2786074763172763,1.3508150995428165,1.3418221585139349,1.054401993549541,1.9864577757325037
0.011303401519038452,1.0915852630491374,1.0069825251555677,1.0872899866829344,1.0416705854360548,1.0947518608550895,1.0320577622564566,1.0931946282974097,1.0526741922103797,1.128262534959791,1.0890014693018975,1.1435575501974367,1.0512906890100457,1.1885967304677238,1.1441063069512492,1.1849403473114122,1.1034218026545597,1.2168260128523785,1.19846879859527,1.2618682669839638,1.291357502798931,1.3664835017761594,1.3563116951043384,1.1041119784882247,2.0408237502906559
0.011713792451317229,1.0953894749272495,1.0107458143071231,1.0911260519565165,1.0455141643850017,1.0986826985673712,1.0360082274580176,1.0972305835320213,1.0568008849878443,1.1325583524256753,1.0934462392976529,1.1472863454690903,1.0553268950155084,1.193479161726634,1.1504398570616701,1.2218118841945431,1.1090984405207154,1.22559879297595,1.2082183805807603,1.316902511878745,1.3049030072114043,1.3836246665816696,1.3719116093683539,1.1579457229719146,1.6513464491940795
0.012139083386662601,1.0994284888129009,1.0147304073944725,1.0951948193497667,1.0495865440532042,1.1028462560287615,1.0401842292076231,1.101502508858976,1.0611590934444481,1.137095033207864,1.0981271378289525,1.1513836651887959,1.0599397141163638,1.1987054141888203,1.1570052239179569,1.231281922877602,1.1795281632262196,1.2351768414265263,1.2184797437385075,1.3320108254550926,1.3191886059470512,1.3105895641781253,1.3885640967115904,1.2159013519558528,1.601533399664163
0.012579815297288934,1.1036845443752421,1.0189181058820624,1.0994778757072943,1.0538693288528014,1.1072230667250866,1.0445655199804924,1.1059897783801809,1.0657269721831426,1.1418493568743193,1.1030190814722136,1.1436370742991135,1.0651442447808859,1.2042563341831645,1.1637558319030719,1.241279070966502,1.1866952208648884,1.2455446689264749,1.2291972613949316,1.3480791980781039,1.3341348562848516,1.3330880648223622,1.5090410119454276,1.2779068650716945,1.6188834089105626
0.013036548796408986,1.1081325560617212,1.0232836167751418,1.1039494499294646,1.0583367584921306,1.1117861139910907,1.0491246917707628,1.1106640287612479,1.0704750502844917,1.1467897471942103,1.1080883996038882,1.1510248555046991,1.0709479274753475,1.210102954855979,1.134918471661015,1.2517546748298569,1.194248807068206,1.2210832889690399,1.2605461672437208,1.3215242615585647,1.3496351799572537,1.3571010650891657,1.5335230879292538,1.3754992767925671,1.6348425200419001
0.013509864851336774,1.1127392921974857,1.027793806087816,1.1085758835115129,1.0629550748668986,1.1165000387755113,1.0538258871124118,1.1154882538488864,1.075365180507236,1.1518753307791678,1.1132922107442043,1.1587854387620262,1.1354492440198261,1.2162049022027455,1.1446869005974909,1.2626425335826532,1.2106820833534346,1.2285407342390173,1.2775258799132985,1.3364611357291332,1.286764772199497,1.3825117093718111,1.5587897949461933,1.4439549268783853,1.704243053417315
0.014000365522480943,1.1174624987649973,1.0324068295139424,1.113314095910888,1.0676816547621533,1.1213200218329404,1.0586242069151588,1.1204161202657019,1.0803496116363154,1.157055018252642,1.1185771623750922,1.1668635436107873,1.1401071360059967,1.1997980432659858,1.1547843243387081,1.2738561902649086,1.2240488086211911,1.2364354448461878,1.2949941343264211,1.3056827526923191,1.302028058655047,1.4091576468446365,1.5845920077787099,1.5155171194112018,2.0947701508145968
0.01450867472916862,1.1222502503942207,1.0370711444903096,1.1181111235127406,1.0724638570352611,1.1261912908148666,1.0634646526042948,1.1253904180690744,1.0853699407265731,1.1622669811306958,1.1238785301376413,1.147573502009535,1.1449574708884684,1.2095260799114933,1.1651147739097842,1.2213994037261893,1.237768582967103,1.2446924146228877,1.3127850594822803,1.3260158368207513,1.3174909054042097,1.4368227700003566,1.5660389379463382,1.5896733250084734,2.2493132312549022
0.015035439043273929,1.1270393649263362,1.0417252399297436,1.1229033632932133,1.0772386088174108,1.1310481120935771,1.0682815834208168,1.1303430111889277,1.0903567031392671,1.1674370577503126,1.1291202200019037,1.1558348708542254,1.1453523137371118,1.2195190425886033,1.1755603735790174,1.2336999748652748,1.2516927316866457,1.338430053933531,1.3306945799352246,1.3089570747671195,1.332936000798906,1.4287430302582647,1.5925584513462283,1.6657428581469014,2.2278077273207373
0.015581328511660681,1.1317559594126794,1.0462966063761323,1.1276159811791249,1.0819317423987416,1.1358133860264117,1.0729981610069319,1.1351941374101817,1.0952290838627907,1.1724793707538479,1.1342136353040364,1.1645087324866377,1.1537582355475724,1.1798704269846054,1.1399405904009137,1.2463435602342083,1.2656414100097635,1.3497952679780802,1.2570077270427333,1.3297891175937606,1.3816652019815372,1.4589403384411215,1.6185259949769595,1.7428529935464323,2.1751044556365287
0.016147037508485406,1.1363144792636373,1.0507020010482733,1.1321627646587649,1.0864580561248316,1.1403984926864035,1.07752671728676,1.1398523283469439,1.0998945281109607,1.177295809639973,1.1390583194232624,1.1961240417791479,1.1619873225752722,1.1883456758842836,1.1476146877887308,1.2622417467982556,1.1945045040812206,1.3607941827863392,1.2717004007673349,1.3308742573027377,1.4022979891369705,1.4888731660865935,1.6434292315290442,2.1633219897660032,2.1810818621382708
0.016733285618444747,1.1406182921913279,1.0548478769513263,1.1364464019054912,1.0907214214521297,1.1447037573754923,1.0817685303754327,1.1442148251652555,1.104249700927749,1.181776699119977,1.1435423925332922,1.2010468231051057,1.1698817554383991,1.1970775307259502,1.1552508093311626,1.2689774561432579,1.2074753187108671,1.3711808798665475,1.2862419253883495,1.3450905705313994,1.4221719561208648,1.6158575241723718,1.6666831054312148,2.2369285368533447,2.1653361145138916
0.017340818552090808,1.1445604482705898,1.0586308911972817,1.1403593958998921,1.094615801585213,1.1486193274148495,1.0856153350324003,1.1481686469078467,1.1081809123340491,1.1858016910315561,1.1475440372383598,1.2056691347127944,1.1296160287918275,1.20593709775345,1.2177979549513496,1.2752821716379064,1.2202261225126581,1.3806776635867561,1.3003524501495303,1.4143633684511316,1.4609003776063592,1.644966778610816,1.6967163551565108,2.3051266335866401,1.819456869105494
0.017970409094378741,1.1480251493205889,1.0619396690185079,1.1437855695602053,1.0980268203402188,1.1520268498809516,1.0889506912988223,1.151592173074389,1.1115668072190106,1.1892424338248888,1.1509335450140421,1.2098655090637149,1.1388863498191788,1.2444013523503312,1.222208266447435,1.352869258336395,1.2465659480747713,1.3880617849399033,1.3285414851799056,1.4346996827383218,1.47316190272063,1.6716178011932421,1.7059389271391225,2.3658793704762684,1.8404214549109419
0.018622858087653158,1.1508902668044141,1.0646571397159215,1.1466026286869422,1.1008340866234936,1.1548019845148816,1.0916528286415588,1.1543581304441908,1.1142806220826835,1.1919650615727702,1.1535766314960876,1.2396025293010238,1.1714364559961825,1.2481165749303795,1.2369060438864614,1.3570547309764869,1.2529068568329,1.4024306735024477,1.3331618643127872,1.5283116443088922,1.4833700647825481,1.6949541010471487,1.7106766080507363,1.8558569626242345,1.7820393744168399
0.019298995450323576,1.1530305962521585,1.0666640267702556,1.1486855178902595,1.1029148570371179,1.1568181021951069,1.0935984506022223,1.1563373019561882,1.1161944185451165,1.1938344890178292,1.1553388006144991,1.2442757053820759,1.1747320303891771,1.2887168740892108,1.2445787701794657,1.3594758442642696,1.2577162009159246,1.2978844622151562,1.3359180172617275,1.5409285688743706,1.4910208953423627,1.594468539432697,1.7102405015222253,1.8883812588168984,1.7873989900871634
0.019999681232524824,1.1543226745958557,1.0678433915131433,1.1499111670484732,1.1041486725764262,1.1579512335144553,1.0946670620390235,1.1574034756527318,1.1171839514858279,1.1947200973371921,1.1560910055777596,1.2309825767521807,1.1770294534426069,1.2930069611588979,1.2507322899625497,1.3422766281287215,1.260694550442073,1.3055800576531582,1.3364893669350795,1.5005400155690858,1.4580634288631753,1.6091205018385406,1.7478742412672217,1.9116925392369271,1.8260862057329592
0.020725806710105182,1.1546504488934266,1.0680863179924478,1.1501645238673119,1.1044230322880262,1.1580859756760553,1.0947476277079182,1.1574398039614082,1.1171352032393469,1.1945023283071901,1.1557168322292477,1.2362362616807401,1.1781654681469251,1.2955977907499086,1.2550571908182806,1.3456413900078303,1.3502309897957554,1.3119062261785519,1.429565668073649,1.5085186909950861,1.4595041195720331,1.6187077732560278,1.7490885757024492,1.9241084016917824,1.7010848808013956
0.021478295518333718,1.1539128629206203,1.0672989217153532,1.1493456339174417,1.1036409362825323,1.1571231375520388,1.0937458183609783,1.1563465520884224,1.1159523271612664,1.1930809461586576,1.1541204138546155,1.2396655312022267,1.211205008280487,1.2557725235129236,1.1899644230205424,1.3467411519049444,1.35092884337604,1.3165618451292298,1.4283213345933026,1.4745007682326592,1.4573174955134247,1.6224214172059557,1.743507414894141,2.2593812312551336,1.560869291727097
0.022258104826769043,1.1520318728556471,1.0654108229272476,1.1473785416872802,1.1017291020560227,1.1549884584770331,1.0915923337637907,1.1540501282318885,1.113566366230694,1.1903844782491269,1.1512364557708337,1.2252079263994777,1.2074813140791374,1.2587631401416957,1.1927492527174821,1.2952356240979543,1.2894154445276724,1.3825590050415077,1.3485864044321234,1.476595660489008,1.4425736388816612,1.6779330441439653,1.6664224106422476,2.2383649948801896,1.3926895976093059
0.023066226556783781,1.1489627464149454,1.0623843556804511,1.1442204933652329,1.0986476421680957,1.1516423047154554,1.0882530106617463,1.1505129328150185,1.1099456482478072,1.1863809802914274,1.1470407215721905,1.2228241890242986,1.1806238639966866,1.2465103323385724,1.2025060074344838,1.2904507829291403,1.2896166645741758,1.3761610254552084,1.3462688419831728,1.474820120168971,1.4407729055498832,1.667366643607425,1.6448384840417272,2.2007235840332342,1.2038314598026822
0.023903688643293591,1.1447042857636986,1.0582244909548679,1.1398734567696782,1.0944004377464305,1.1470908227980074,1.0837391775185456,1.1457444185028813,1.1051058359458681,1.1810890304277839,1.1415612232969796,1.2194982309416171,1.1777524139033571,1.2409315754987034,1.1961303216476293,1.2837537356534938,1.2867109917543189,1.4386490402444856,1.3410773892507817,1.3977023039252119,1.4348133794584677,1.6644941375677433,1.6155015336652498,2.3052006570112127,1.1129939147369585
0.024771556342295536,1.1393096622874057,1.0529897484611144,1.1343938022186564,1.0890457187527387,1.1413965755238458,1.0781179497391999,1.1398124702846228,1.0991220683108007,1.1745894450385461,1.1348893831421476,1.2094410432003471,1.160505435802818,1.2793221216570616,1.1882043878384416,1.304576123066632,1.2108058650880436,1.4316884824993958,1.27892390529535,1.4402293671283528,1.3925219192692646,1.6390785542021504,1.6352781838284214,2.2246577747319165,1.015136784727662
0.025670933585879095,1.1328977358957966,1.0468016914620648,1.127903998227042,1.0827069550473147,1.1346890007213464,1.071523004316316,1.132853225135521,1.0921376433315271,1.1670359452389094,1.1271906634865116,1.2194445042056636,1.1534427164315666,1.2646240495388872,1.2166570714668736,1.2874021848825776,1.1982917007079879,1.4209562833323393,1.2602205768256918,1.4636013165150539,1.3715044542954766,1.6055035518588348,1.5864843988465922,2.1272657628924989,0.92643289838228504
0.02660296438643335,1.1256613459664624,1.0398538934839929,1.1206009170106459,1.0755805686603381,1.1271738513775607,1.0641625075285517,1.125081004994456,1.0843741733629408,1.1586640026008048,1.1187130233876599,1.2080102356789937,1.1538808831997409,1.2474785362761158,1.1893408439971471,1.3177967162400628,1.2741549902541793,1.297532589818871,1.3345771946665783,1.4667593152225735,1.3473954813525668,1.5099809373533635,1.400741319226114,1.7216583184175356,0.84232939051216782
0.027568834291836514,1.1178749631132032,1.0324178209615447,1.1127631577170543,1.0679435736033565,1.1191393147319393,1.0563256788047348,1.1167942024701103,1.0761369602291795,1.1497971351632879,1.1097922909627278,1.1916492803651759,1.1384230762339149,1.2347015586744858,1.1809978194660815,1.2999863023003477,1.2518004374175635,1.2869547054936259,1.306832871228983,1.4367875504445282,1.358838828758492,1.4606902654600384,1.3572770932762421,1.5956582297996391,0.70570341431499273
0.028569771893478792,1.1098970655700986,1.0248450680951258,1.1047530039823965,1.0601551389493424,1.1109583665755398,1.0483838651107629,1.1083772681182693,1.0678159095011104,1.140848422097003,1.1008528220734659,1.1832267398848477,1.1367772817732282,1.1990390669733071,1.1714621829273795,1.2307488569784348,1.227902847690735,1.2562222653812849,1.2780921713700548,1.4580002454823271,1.3327806172473093,1.4928507003816591,1.3130060222341577,1.622596240941732,0.58264898477106364
0.029607050389036851,1.1021669940277017,1.0175633775953443,1.0970131114952064,1.052653039606225,1.103084618711043,1.0407867678314924,1.1002965268537994,1.059881463782111,1.1323146309128396,1.0924015030393575,1.1385070789881784,1.1203368825695741,1.1866599575688093,1.1349135621690607,1.2194323422761457,1.223811051696303,1.2345529259224239,1.2661159657996097,1.3485077828772249,1.2302577834692112,1.4448115550172433,1.4172708212925795,1.5071534850765289,0.59881203664132698
0.030681989201987656,1.0951940886853782,1.0110658534863297,1.0900554330274663,1.0459426670536707,1.0960407249635855,1.034049950921186,1.0930881598938789,1.0528714162693218,1.124763636804796,1.0739483374271885,1.1427846165731244,1.1009710666134205,1.1747640296676307,1.1365165178325887,1.1790952275518476,1.1184021283125856,1.3152849997170188,1.2495302572902176,1.3065625876347271,1.2132142824045591,1.3985521404578014,1.3704285085617363,1.4591860661693516,0.62357925734725939
0.031795955659921847,1.0895369445420764,1.0058899784614499,1.0844399579498445,1.0405756941105346,1.090396529426148,1.0287330838404904,1.0873350781654518,1.0473681860346886,1.1188092781921135,1.0627857500539855,1.1297072662696686,1.0746603964719148,1.1664362455704258,1.1194674865121628,1.1670765633099782,1.1090003978877561,1.2901171153734934,1.1619463998838948,1.2764681525148285,1.2520228132444595,1.2627690549487665,1.311967892598318,1.363723555483503,0.65018641085998752
0.032950366733791245,1.0857713368414226,1.0025862428906436,1.080742460170077,1.0371187910705226,1.0867353879767272,1.0254066940173132,1.0836338161742585,1.0439639653526815,1.1150752491527185,1.0537742748639722,1.141786390617737,1.0690031060704717,1.1611643988689289,1.1054240009309773,1.2052983573690397,1.1040496498207091,1.2517476718908371,1.1567673693937373,1.2212637667439066,1.2364230043481221,1.2332147937923656,1.285504877754736,1.2926148501151715,0.71233613559843434
0.034146690840303091,1.0844459082113775,1.0016745905644449,1.0795092256546699,1.0361081234677001,1.0856084513464168,1.0246067004473987,1.082546037849802,1.0432132153959917,1.1141448899767423,1.0478257000817603,1.1403325841014458,1.063732828921796,1.1489917220713231,1.1268650998322602,1.1963807306598695,1.1153567234361135,1.242965513862148,1.1682969766091764,1.2837689416860472,1.2282479156726041,1.2203585237642929,1.2708523401273411,1.2439961939838031,0.78642404708620006
0.035386449709753513,1.0860243704641808,1.0035891173521565,1.0811998981954323,1.0379933175311034,1.0874758859342715,1.0267761299525824,1.0845391561677944,1.0455722340666236,1.1164967441691132,1.045783673162445,1.1155418979313851,1.0602442510095318,1.1577266683292284,1.1189101207861816,1.199151724901979,1.1599215552448183,1.1783949754327885,1.1649916436043606,1.2296162229633818,1.242381145314873,1.2128858164615182,1.1394928432363827,1.2191367398488728,0.91805325810182126
0.036671220321676121,1.0908184023287477,1.0086128062001234,1.0861192923558081,1.0430703998700417,1.0926372674785281,1.0321975514209409,1.0899149068754821,1.0513279063846701,1.1224300726559191,1.0483273460480451,1.1023085148117175,1.088653731640751,1.141368210378263,1.1250615560718389,1.167788821267113,1.1643076626787536,1.1842730420771701,1.2252348245642688,1.2295587191888064,1.2251103515710984,1.2505435800782387,1.351960419414926,1.0880581092850545,1.0537113958996542
0.038002636910767926,1.0989138534146552,1.0168076540378115,1.0943441278459267,1.0514093445779806,1.1011576131739589,1.0409192605073598,1.0987326000508251,1.0605213119985524,1.1319834054942517,1.0558622252844088,1.149560267283958,1.0935280112596102,1.1563560272087663,1.1087043282027151,1.1844438562418278,1.1446160484526171,1.2336383807666207,1.2345471967648756,1.2867775202508476,1.2463269885024175,1.2886009979767088,1.3872840387338492,1.1503623021886629,1.2930725894840975
0.039382393045644108,1.1100998266775699,1.0279468787934825,1.1056519345291982,1.0627841603213597,1.1127948046082978,1.052685822188661,1.110735659298655,1.0728744961468901,1.1448578432922625,1.0684066763921756,1.1589740422663781,1.0874374428976337,1.1491690460107862,1.131113631861369,1.2080540824246639,1.1508322805708664,1.245543813098108,1.2438612713726247,1.313641649284738,1.3468663138906081,1.2876321033375735,1.3796842730870296,1.415417317347532,1.469918949297778
0.04081224378306586,1.1238123165882472,1.0414631089999862,1.1194660641077172,1.0766188251869333,1.1269453856382508,1.0668846436709067,1.1252949528988612,1.0877356576769146,1.1603588922811034,1.0854872382728282,1.19487098787932,1.1074601904076715,1.1947399630862363,1.1436542914678798,1.2407056301179546,1.1829732357773013,1.3052968877302584,1.2470165377710725,1.3164883492619066,1.3781995859547784,1.3511060700331878,1.4406767926163795,1.5578358550820575,1.453851109141425
0.042294007900381417,1.1391093281398028,1.0564268556563952,1.1348311305193111,1.0919644306546925,1.14262086744169,1.0825259769716959,1.1413866432088169,1.1040590573295419,1.177376429635947,1.1060649125171276,1.1763943009438131,1.1442654643874817,1.2181930378255728,1.1963326823996825,1.2621811407181582,1.2282395124144569,1.3029154713779034,1.282842779837237,1.3608891398164396,1.3449860679807646,1.4074654160209299,1.4017557868858574,1.6705501300767729,1.6835945454236594
0.043829570209020015,1.1546955799284815,1.0715735890305678,1.1504403397684002,1.1075260324212612,1.1584782626287318,1.0982743523974565,1.1576242310091316,1.1204405264192046,1.1944233414012397,1.1285170807164744,1.2010830047562175,1.1990893821938275,1.2624928360444327,1.2135289277854842,1.2941643161207519,1.2764581519642544,1.3239202020656804,1.3416284335751429,1.4101379495741106,1.44275832534926,1.4871247541166237,1.4676068137175307,1.6723297248320756,1.9622421770242795
0.045420883951981537,1.1690138426040839,1.0853960320553235,1.1647282156654299,1.1217567029516451,1.1729178642199423,1.1125492307547242,1.1723622466455383,1.135225721578631,1.2097520510880269,1.150703883350968,1.213920866620029,1.1871998456009862,1.2496411419215478,1.2056061652456487,1.310205901460723,1.2992104641412476,1.3606559612533176,1.3865023023661083,1.5091460243772814,1.4801236129071587,1.5708794543007605,1.6186535210760695,1.8656522512952847,1.8031607152197466
0.047069973288371467,1.1804128658028026,1.0963097820332353,1.1760421219889974,1.1330274134176292,1.1842610070636652,1.1237032880879809,1.18388149054346,1.1467001867979827,1.2215561355963784,1.1631119627640065,1.263973862263676,1.1960209881858379,1.2745821533799448,1.2476849119227902,1.3044041691981652,1.3317449894544175,1.4111367900876783,1.4052917109443248,1.5496362466077502,1.5372810316329986,1.6829300313600628,1.6913081084010706,2.0929444403920971,2.0022505347937525
0.048778935868141471,1.1873909970653633,1.1028909205604005,1.1828870462509395,1.1398699496785494,1.1910021023941244,1.1302729727111815,1.1906494671899057,1.1533530569505877,1.2282510573418657,1.1962303793478724,1.2783952060298436,1.2011001348078505,1.3292976929500024,1.2580965331264442,1.3165019975298335,1.3254686648420475,1.4393506515205254,1.4144502314471161,1.526347481494003,1.481134472249118,1.6445823764255048,1.7261792445170343,2.0302201944563425,2.0105032035356984
0.050549945500310701,1.1888907921761871,1.1041606330343572,1.1842217795982464,1.1412696361535195,1.1921102000383446,1.1312764205403973,1.1916303712316076,1.1541880641089715,1.2288011922154491,1.1979582621110125,1.2412397909880299,1.2343281776395185,1.329153608584261,1.3035194870390527,1.3501504985613548,1.3305777786386184,1.4386426852533709,1.394719623773375,1.5494055075889281,1.5277206091091975,1.6453393141126191,1.5767471287442998,2.1146869951234724,1.822539353318021
0.052385254918061869,1.1846015478953054,1.099874739956213,1.1797607941510977,1.1369621511359784,1.187333747719715,1.1265104006055751,1.1865937233202535,1.1490290348237844,1.2230386857260913,1.1739011673787185,1.2498653125984589,1.2390980382569698,1.2739194923551835,1.2615831233133761,1.3699453311423808,1.3383800733232114,1.438133719087878,1.3741091791792885,1.5444374898254034,1.50997513111389,1.6521767233373406,1.5626385544090333,2.1318790163083516,1.7029888754605629
0.054287198644229165,1.1752044715704195,1.0907532979478836,1.1702163729667703,1.1276693945630607,1.1774407782814165,1.1167800398529053,1.1763541535839899,1.1387503040844733,1.2119026345197539,1.1663018732783756,1.2593480194656947,1.1857651711260742,1.2537646629323793,1.2127629183964679,1.3106755739954861,1.3110877405702175,1.3940991476234403,1.3537832893884549,1.5257124889985476,1.5136100260524181,1.6865678945075484,1.5309924170484877,1.9487546716166264,1.6770709525213536
0.056258195960823126,1.1624821561287095,1.0785754505088514,1.1574031316564453,1.1151992517023148,1.1643158752596572,1.1039850867983323,1.1628630622253175,1.1253574872032603,1.1975170137924289,1.1570601915554179,1.2224006374486174,1.1629081891872419,1.2596696855000071,1.2414784368972374,1.2799708511335717,1.2850547028374621,1.360193616242213,1.347597161418979,1.4682521523319578,1.4110421541441824,1.5390718245192785,1.540115152347507,1.7805464448050934,1.2881726210466358
0.058300753986369434,1.1492154792502334,1.0660673191173089,1.1441281951351332,1.1023332326469144,1.1508394821812007,1.0909906987789153,1.149078566451611,1.1118436500604361,1.1830358627369471,1.1462126995900683,1.2027599474478992,1.1763690754062153,1.2559826545182748,1.2117506112034915,1.308722990084763,1.2254416207858891,1.3581996078085599,1.3078159289746218,1.3577072343133394,1.3437724039961727,1.4245482693946538,1.3581208792893644,1.6371887178614948,1.2365735260515276
0.060417470864976577,1.1388086020545476,1.0565265641227795,1.1338092998466365,1.092446533456215,1.1404915061589529,1.0812281430350865,1.1385563729483359,1.1017710602755335,1.1722003937071941,1.1102121454729681,1.1780722351500519,1.148581630978172,1.1889601870648097,1.130404168522021,1.2668450985929207,1.1906664026346858,1.295365350100206,1.2465911230849105,1.3165554940651478,1.381099228283394,1.3467611171020937,1.3227096455502885,1.4128526329076383,1.0609475763606184
0.06261103907118791,1.1346225084714803,1.0531692781748672,1.1298020995573808,1.0888430292703655,1.1366623805932645,1.0780120102814899,1.1347471500415414,1.0985619387810766,1.1685936776906236,1.0846997521426696,1.169416329323604,1.1289024769739155,1.2170740016407922,1.1380880980265276,1.2012970764390105,1.2208845054948951,1.2183008989088557,1.2352843447906345,1.3233286568611313,1.310867238182956,1.3749887755412054,1.3106280513703652,1.3574437154090102,0.98597395535179544
0.064884248834823202,1.1390715849419,1.0582543274971679,1.1344929556106478,1.0938593246941481,1.141729398983709,1.0836290864041649,1.1400524724375534,1.1045531424759443,1.1746484783043374,1.102105606381802,1.1510538720003325,1.1397999825775686,1.2020252392802271,1.1734704305339356,1.2311378865686708,1.1989938117287418,1.2577807689033187,1.2274521178513726,1.2733922967302969,1.2959141815365385,1.3644380599368158,1.3782094652060159,1.2880076201417876,1.4751337549230072
0.067239991690164716,1.1526518854662999,1.0721513651570742,1.1483279091075389,1.1079061451929162,1.1560719165327387,1.0983713188139066,1.1548165606124468,1.1199907903904021,1.1905908430949086,1.1100510819044009,1.1810630703448444,1.1356825912498447,1.1971235180989115,1.1629570091221906,1.2761020726720205,1.2368346198055296,1.3065097784766588,1.2363260826033819,1.2898121883237259,1.3456108177034185,1.2939122958387004,1.3339696578651257,1.3356517778366028,1.3238598157265358
0.069681264154003733,1.1732169387676992,1.0926592255475533,1.1690943096945805,1.1287614083648867,1.1773506664504407,1.1198359561524023,1.1765895744339079,1.1423040008687098,1.2136799319604434,1.1261079985061531,1.1999986263660878,1.1562324726598492,1.2449969688299241,1.2198638929545993,1.2622245696453502,1.27464696783038,1.2812844341736636,1.3264664010805465,1.3795604368408387,1.4004342487176062,1.5014721393473174,1.4634416880383121,1.5302474994332282,1.8118150462931908
0.072211171537224589,1.1959248550077588,1.1149865999266568,1.1918829260345376,1.1515401309003805,1.2004913939703741,1.1429317429420616,1.2001214021920812,1.1661264467312442,1.2382408886547553,1.1909956259973185,1.2282004173977945,1.2085320019226735,1.2903735797144713,1.2593001340636922,1.2912879797570957,1.2679888251272731,1.3464031985484162,1.3562508098848483,1.470922142365005,1.4068514238241079,1.5793018707794366,1.6070862646241721,1.5728818569692811,1.8559754571673324
0.074832931894776314,1.2142280411333664,1.1327495044727303,1.2101024174714092,1.1697110142641174,1.2187503711756773,1.1609651035103856,1.2184824449728362,1.1844632894949676,1.2341001246484939,1.1965385853495811,1.2840482973468637,1.2382650343290367,1.3001003489683036,1.2746290315268762,1.3654904645850312,1.3260137487325174,1.4276232108062779,1.3577741364488825,1.4637545600093589,1.4563616162386488,1.6806359374181334,1.6111720732923267,1.8662494345695699,2.1084667422405055
0.077549880119054199,1.2219443515623094,1.1400110876761933,1.2175753783526135,1.1771836467551227,1.2258824694849115,1.1678164946508192,1.2253205953806612,1.1910011383663186,1.2555915123328198,1.229128270024251,1.2963458575973976,1.2436458707336238,1.3318963138899609,1.3106169270228771,1.3662771216455509,1.3841326283373916,1.4263883944857645,1.4432772869265911,1.5654798843129603,1.5804438548781796,1.7373357772691733,1.7338782687955892,1.9515621498019384,2.1798848398039965
0.080365472181900266,1.2158710679205207,1.1338197824622187,1.2111656544386227,1.1709126421491578,1.2188241739805701,1.1605984701738492,1.2176199063854403,1.1828861723643713,1.2608188846649291,1.2333413909865745,1.2903443758029598,1.2871467988128233,1.3298988546299473,1.3054663885784175,1.3981456626060376,1.3369035940035772,1.4887580509457632,1.438928112979156,1.5194813783008698,1.5033413846089956,1.7632544920458053,1.6414662070467005,2.1080669186130998,1.9766456896061682
0.083283289530616339,1.1978779595545179,1.1161989942515564,1.1928579044920504,1.1529355379027844,1.1997724160989076,1.1416678285773136,1.1977850188939128,1.1627633016283248,1.2478106347041535,1.2176777076195655,1.2899626262632564,1.2437863932004702,1.3087808513656256,1.2832858263944757,1.3588920158911266,1.3412648277114254,1.4553273913418046,1.3974664174081166,1.5122427846719444,1.4565811795074715,1.6068254528340487,1.6646704253155384,1.9714422725087211,1.7755825523480311
0.086307043643583686,1.1753290158512253,1.0944756741232702,1.1701373554327958,1.1307143143351019,1.1764943409105568,1.1188489726704913,1.1738735067163779,1.1389049233895716,1.2220543353119289,1.1919846453299252,1.2244118545342129,1.2262505287060168,1.2901827138403905,1.2342170808784605,1.3188707334397742,1.3075724638664035,1.372770718096002,1.394865274441949,1.4303860719458146,1.4672962563310459,1.5400377713920619,1.567744475573984,1.6357012683553087,1.6395267452189435
0.089440580751281543,1.1591624664577922,1.0793295173625244,1.1540176317093966,1.1151554022226051,1.1602457268379509,1.1033028886127179,1.1574046608274515,1.1229198358658385,1.1956590921415367,1.1419903223331906,1.2287655550073018,1.1933312098517013,1.2646470059078054,1.2149657454459404,1.2784670095935209,1.2580447197543041,1.3444867386074015,1.3290448540807365,1.3521883555180356,1.3657553650532406,1.4470894017941507,1.5374258172644417,1.4577829540595699,1.4703056009467765
0.092687886728712393,1.1597427644140306,1.0807214781147316,1.1548522263902203,1.1164653687028605,1.1614817996621181,1.1052688191600657,1.1589818591384813,1.1253354712356372,1.1805984755251848,1.1445478947727148,1.1942601629569873,1.147850748045085,1.2110957816347026,1.1985769881174955,1.2630418686366012,1.2506530851755628,1.3081017422174055,1.2663419301113619,1.3256012120071232,1.3372553886130039,1.3582174339690885,1.4119362883413356,1.3642302696258002,1.3340243174376667
0.096053092165454393,1.1814959759940922,1.1027105906547274,1.1769618707583773,1.1388521313349025,1.1844116104554641,1.1287169053744188,1.1827672797721513,1.1500948938666729,1.2094744886413447,1.1669708239678034,1.2282609175068449,1.1837874094539949,1.2821212587463815,1.2262985117109722,1.2790382674721912,1.2767455276947111,1.3384048286010479,1.3194226739503332,1.4127226562973703,1.3628667249115622,1.3929621058573134,1.5111552433396547,1.3921359829594575,1.5713068066214362
0.099540477619792678,1.2186051614996254,1.1393652273063068,1.2143563217451256,1.1763085981293873,1.2227031473364403,1.1671620618691154,1.2221153911579254,1.1902439786250292,1.2437856928933479,1.2057829478590598,1.2672557886115876,1.2063581441199069,1.2715900045685118,1.2545703635509913,1.3589134114065144,1.3056750571024187,1.3858979754432399,1.3739370203915104,1.4747260225738605,1.4374893594039477,1.5489861152755218,1.6394210120578006,1.5487276602395026,1.8854333486230104
0.10315447906361094,1.2553161642489323,1.175202524502029,1.2511174209603366,1.2130145692837191,1.2599788318111316,1.2042460903929335,1.2601261606467868,1.2286015851997414,1.3049471743319729,1.2529900639351119,1.3241862102964477,1.2998079016331303,1.361439608247546,1.3478558165012515,1.391177408997887,1.4047246398188609,1.4843435851391202,1.4391682452505243,1.5752245892262695,1.525012160171995,1.6368529085671664,1.6722670685293082,1.7756711811602064,1.9269280331085028
0.10689969352496964,1.2734508010696941,1.1926297526019622,1.2690255954692122,1.23093623909919,1.2777230797458419,1.221691252980647,1.2778646923539436,1.2461895427107981,1.303232928918902,1.2832400475058221,1.3465581496836032,1.3040434227579876,1.3838941846121702,1.3578117975302857,1.4787540249271824,1.3989911519609839,1.5258478488746774,1.4912047355136866,1.6309351480608731,1.6227482401910907,1.744023679798324,1.7678766964382824,1.9373929004190065,2.2967993721007129
0.11078088493554963,1.2645581344116161,1.1837857896855171,1.2597823957270107,1.2219610915201742,1.2677820643078772,1.2117253416553488,1.267235689323432,1.2352422035350292,1.3337872972708504,1.2665490218861462,1.3301944369044953,1.3050661349997794,1.4063124898838226,1.3533036065971928,1.4314544092860384,1.4419359988491571,1.5121219531833909,1.4797344815228293,1.6046967191631887,1.5379580306574039,1.6308286533570786,1.7374013230748964,1.8929134490929793,2.0909165051851835
0.11480299019039646,1.2381736117142277,1.1583829606508904,1.2331958991484075,1.1959410092812404,1.2405167311041876,1.1849745844304003,1.2391478946414638,1.2071851928843822,1.2609518440073588,1.2486988369592704,1.3001966439966595,1.2582393113659571,1.3132777806898093,1.2834823686343133,1.4079669457415629,1.3298795386137345,1.4337930072327236,1.4432942712165233,1.5131665891933204,1.5443052293785526,1.5795073149629089,1.6194922360195081,1.7842329414027247,1.588420276370561
0.11897112542767653,1.2180484578824928,1.1397079778851515,1.2132100683141591,1.1766412329009968,1.2204458946912706,1.1658424756601815,1.2187537856368214,1.1927746524650467,1.249622658734556,1.1966918203353647,1.2693885415111308,1.2275747699274562,1.296141330123227,1.2910505192434627,1.303806635424011,1.3271604040655376,1.3385986248910859,1.353725748733732,1.3981330409878534,1.4513947064933701,1.3870202786734243,1.5174253646594806,1.6230435296493955,1.4905564259283537
0.12329059253642989,1.2259529950291368,1.1486612712600097,1.2215357757464667,1.1854870995740685,1.2294352173926493,1.1757362331131409,1.2281986012053157,1.1911561078061834,1.2483054447163062,1.1876597542908569,1.2513190117509461,1.2237761547344679,1.2800542274515725,1.2558582061017982,1.3355806531724985,1.287754360380517,1.3815741714246021,1.3232985638689305,1.4039514328907243,1.4549511400768296,1.4696158919248972,1.5440702003026221,1.5061613423636722,1.5379836028658289
0.12776688590060065,1.2620841420724991,1.1848154298691478,1.2580482811784597,1.2221925502454063,1.2668661795220983,1.2135612669083704,1.2664921488861247,1.2244559240772976,1.2808771360235802,1.2605083008406859,1.3050886141994678,1.2857090390427102,1.3430218877761022,1.314228221492689,1.3859927697603394,1.3469732248980026,1.4170528760983236,1.3918843605833251,1.4829512597485204,1.4615776897769521,1.5494013612061925,1.6619719793048358,1.6590391284216599,1.7807557249340249
0.13240569938792018,1.2992500201649628,1.2211907440855976,1.2951803539457325,1.2592912861057122,1.3042688195817078,1.2507153908521431,1.3042269730074132,1.2706236186387048,1.3538201136680137,1.3083796459515691,1.3713085341725078,1.3422621619181876,1.4140387397487726,1.3772256518428172,1.4641959540397826,1.4406970166170785,1.5343901215287739,1.5110826857550013,1.6018908268441119,1.6243259416748739,1.7720532232215378,1.7514050197307469,1.8901985347070926,2.0555994932494031
0.13721293359253647,1.3051856092868206,1.2264992007096542,1.3006194336881161,1.2648017916228771,1.3089067254991948,1.2549080195856126,1.308119571510485,1.2983323614856499,1.3614426358829399,1.3260327773759712,1.3820248690041139,1.3376123934748709,1.4399053800555508,1.4198768927063981,1.4821249213047845,1.461154890907908,1.5820510567066079,1.5456829892156443,1.6369022177857306,1.6862250394714904,1.8356663002569202,1.7791410944686552,2.0471423627493728,2.0498573725847451
0.14219470334059872,1.2783460359642955,1.2000467698885799,1.2732710974656665,1.2379232383656913,1.2804429384221405,1.226555558191569,1.2785784520282666,1.2643622345804171,1.3297265016859017,1.2967357817559906,1.3627895153163123,1.3195596570003474,1.4049593938682783,1.3759438306673015,1.4472190310916349,1.437887976992728,1.4837028187082661,1.4784227259206664,1.5605711747916857,1.5939701575543135,1.7266936178307506,1.6393076070620398,1.8835445560563153,1.7754766329635827
0.14735734546834808,1.2562798639556605,1.1791267521543691,1.2512162947056849,1.2166066312112163,1.2582183599161239,1.2051988010118311,1.2562274200739993,1.2101575147388215,1.2951771993400867,1.2533188471072534,1.3174147713826891,1.2995256847490857,1.3379976058631331,1.3192583346420363,1.3842008633337999,1.4015712955250044,1.4401463288552196,1.427364043615202,1.492078928201005,1.5158610422462822,1.5606825521086765,1.5678393142982907,1.6392238396907868,1.5619035673784012
0.15270742688260411,1.2796603057332809,1.2031922529765824,1.2751488531106432,1.241086541693827,1.2833283864769998,1.231282383396044,1.2825896112868218,1.2264145915040729,1.2926200145615705,1.2711808843448007,1.3107029445063707,1.2959512903459465,1.3392846428690428,1.3311052101872631,1.3911436072638361,1.358401899132355,1.472568679377702,1.4235714879440495,1.4871376277495472,1.5018947835428431,1.5361325792998275,1.5555676985814486,1.5759874148098894,1.6055353337328242
0.15825175291390461,1.3408334491725487,1.2638508710757388,1.3368214365955313,1.3028983223470871,1.346435685602656,1.294723859769833,1.3472770285042257,1.3067570699545641,1.3508059586568621,1.3395270592609134,1.3849224840287602,1.3511892435432555,1.432775227499504,1.3977483103513793,1.4780388024356022,1.4522589214745514,1.5429943710568685,1.510722558745341,1.6144099152541065,1.5945921341124993,1.7073977621477092,1.7884217635671966,1.752216438427316,1.8796687430714627
0.16399737597291922,1.3779095944683826,1.3000817616448122,1.3737191340742989,1.339798298944461,1.3833111404855121,1.3312555093567426,1.3855250950361937,1.3697741452949193,1.4162659982892338,1.3831877834722628,1.4536691020988954,1.4211581414635699,1.4970243941624273,1.4725900085715335,1.5576814871663114,1.5491668958761062,1.611654250375129,1.643540384612276,1.7120152505525272,1.7072051998512254,1.8833789671047714,1.854524274701399,1.9215535597426343,2.1460345419485609
0.16995160452115241,1.3529029465848901,1.2754483441416231,1.3481152515296864,1.3145739025500562,1.3563203945391724,1.3041896078421857,1.3740265492069756,1.3377458135753133,1.3955557738867241,1.354017578855931,1.4267754974080118,1.4039299909341063,1.4733897028272884,1.4448559125596878,1.5167509873966016,1.5183637623476132,1.5700317076718258,1.6026765727270489,1.6317926621255892,1.6927818920306903,1.8045810920622776,1.7933468053287944,1.9591163369778899,2.029031088249504
0.17612201236734229,1.3166287391350404,1.2407367797777833,1.3117566600805917,1.2790135286646576,1.3193743818662078,1.2681453897782262,1.3338203188028124,1.285469677707896,1.3371101166330825,1.303461070734621,1.364778566074782,1.3331619437317728,1.4166227012906796,1.3687400755196908,1.4352699866244292,1.4253432921091029,1.512456025099741,1.4904241470536497,1.5726731605036182,1.61718693630585,1.6165452936947247,1.6497041719142649,1.7478155278521319,1.6989150513218938
0.18251644830138475,1.3426068873029597,1.2675733725213618,1.3383382004607298,1.3061775931721027,1.3471629391733519,1.2969828566737123,1.3482921252635844,1.3051670666731581,1.3609510788282924,1.3231293073540815,1.3809848497800568,1.3489939063300502,1.4348653094849042,1.3952032186427923,1.4662390538693368,1.4294926808710899,1.5498659331864522,1.514779510741036,1.6050458292470342,1.5597955709443969,1.6309100739345013,1.7283394327989274,1.7184038441786216,1.7787200561119434
0.18914304607803245,1.4076888346624661,1.3319117680367398,1.4037214476448594,1.3716428029202796,1.4135973387538008,1.3634897118651876,1.4141350980339098,1.379227217869889,1.4604185756867518,1.4079723550491119,1.4715500108486181,1.4611762082102473,1.5251969448724076,1.4983797708103452,1.5466895956082745,1.5770812347246288,1.6424677675905137,1.6575386909207364,1.724051558149164,1.7549142768893997,1.8061537202870275,1.9136570041417382,1.9263486952419608,2.1699604937467996
0.19601023476307319,1.4147186952040507,1.3383506370813518,1.4101082984978497,1.3781430420855674,1.4188307500105239,1.3681817800961218,1.4656892767164762,1.4029350086737857,1.4798716246244505,1.4537851201142198,1.4924723410267267,1.4773430611424856,1.5672718505817811,1.5272747972509615,1.5955934809946459,1.6433603015636509,1.6770383082208129,1.6720981453404167,1.7574681044852918,1.7935196285085588,1.8763698600731362,1.9082707563245096,1.9721897649211111,2.2304681077580311
0.20312674945514284,1.3751916720045738,1.2997870953927237,1.3701365817231865,1.3388829129858397,1.377723506751785,1.3275490443304017,1.3967068043109099,1.3577933621444702,1.4219398934565868,1.3938015612881229,1.4504214759001006,1.4111810755158321,1.4992819189463531,1.4534301247308232,1.5434335772968784,1.5020817872586443,1.6139370771696582,1.5649299347840675,1.6270553225047264,1.7392100013337348,1.7373548750794316,1.7505942979791493,1.8959112010439927,1.941953985773667
0.2105016423968161,1.4071218871811764,1.3324606400007246,1.4027667290925416,1.3722371494875409,1.411934492436234,1.3567869367757304,1.4012685786853178,1.3636865439299353,1.4424444706134842,1.3931733002851945,1.4521533566775093,1.419998372662417,1.4836558282621546,1.470623582293352,1.5234942042954058,1.5025420139092498,1.5934067820426892,1.5580593635353663,1.6074939478856201,1.6291494234273136,1.6883403874917717,1.7857797705330594,1.8283335400591119,1.8699134389510306
0.21814429448910344,1.497400189355234,1.4218918327898615,1.4936347937850685,1.4632655583713405,1.5046004985291606,1.4374332438855797,1.5066087517029736,1.4633983558504209,1.5333048150062352,1.5049437846946629,1.5562187815051285,1.5325342464794547,1.6005027563668639,1.5992556545207561,1.6388553325092357,1.6534309938843608,1.7026201775212448,1.7447540116215077,1.8136598135574689,1.8222869546775531,1.9522102335024698,1.9730049383605159,2.0382186233242408,2.176629519031831
0.22606442722400577,1.4918219983698824,1.4161737664734653,1.4873219172325571,1.457118842527557,1.4967003957244036,1.4604751460999852,1.5245067532717744,1.4854172243135246,1.5495889375609302,1.5230603180241584,1.5912112673791532,1.5546705389372442,1.6370172755978669,1.6057349780527441,1.6614461590844214,1.6766453853655974,1.7444800650795076,1.768599740410814,1.8202380217748422,1.8421615878951925,2.0089076414553109,2.0133138450424584,2.1073218172900479,2.2447251047482357
0.23427211505029999,1.4424565016435906,1.3683072535045659,1.4376204350946091,1.4082324983576224,1.4458815551918078,1.3975142038810573,1.4612438374216763,1.4139679282554187,1.4870208848748154,1.4469816064670007,1.5171625723437403,1.4816041099836412,1.5546165463065138,1.5291600973400929,1.6050302139082966,1.5682800058645538,1.6712686183122183,1.6724129480877399,1.7519947546011643,1.733184106169146,1.8337464040657629,1.7902788473534947,1.9440832581589729,1.9777167817845722
0.24277779818828998,1.5156148920628727,1.4415069064145509,1.5116548166608128,1.4828356321387908,1.5221506576497554,1.4600736400222294,1.5193003005688706,1.4994374552818339,1.5440684355546397,1.5161144609901074,1.5583578012018879,1.569265373070003,1.5889564806240406,1.6029672577277347,1.6495872036120058,1.6623339518080797,1.7323641223695905,1.7168499860390209,1.838366340897446,1.812120625969591,1.924244556536598,1.9611849208106662,2.0886184040600755,2.0576267010082745
0.25159229590981802,1.5789064936924502,1.5037774339995695,1.5747753501479478,1.5459987180318548,1.5739296510737009,1.5512700745276038,1.6053233423413844,1.5755044049206353,1.6366344323034956,1.6021498154373939,1.6693471320083737,1.6535782791158113,1.7188979936371744,1.7303077727184402,1.7803403971914631,1.7901051665053975,1.8517215982991833,1.8883427555370158,1.9730053906811031,1.9727654314495382,2.0609212779417225,2.1539329821994784,2.2464826383823833,2.3119206774868051
0.2607268203004347,1.5249957328272012,1.4508175738385329,1.5200513339681521,1.4918615801661184,1.5363490414840106,1.486993311622917,1.5562947464955839,1.5116922118081304,1.5840626184256132,1.552990353013872,1.6154054127621078,1.5884277536417417,1.6638659203436958,1.6389296278316654,1.7279168845286577,1.6781190922232936,1.7825743524272719,1.7933757440350953,1.8523136939156524,1.8612395380829301,1.9650608438364991,1.994144110217027,2.0638918856320636,2.1482480693520047
0.27019299052122669,1.5920394630880021,1.5181526057044334,1.5880259626495694,1.560618692050181,1.5680163888197374,1.5355290709141292,1.5920140991906724,1.5673745817157361,1.6222487418336011,1.5926655601699897,1.6328750094411744,1.6324746106091395,1.6901045484579633,1.6716722902741337,1.7152026277771677,1.7317371793887943,1.7933869360759234,1.7993750297849065,1.8478438179290109,1.9402069856691888,1.9749507139716664,2.008575843076013,2.1311533904269,2.1940453448399708
0.28000284758844979,1.6805120103341489,1.6057393565459908,1.676677347415938,1.6493770036937314,1.6858376869700682,1.6332904471106504,1.7054996753886336,1.6727259259862599,1.732077960695642,1.7051243543758172,1.7758856324829564,1.7488855044007865,1.8183267515945274,1.7869613681734595,1.8686221047434164,1.8768489941278927,1.9320535413704272,1.9676423476116263,2.0712469424254909,2.1055149834356905,2.1699405598542105,2.3161167158839842,2.3790418877014554,2.4488841419655873
0.29016886968976069,1.6112015221730607,1.5376284278689862,1.6063822692758307,1.5796050839771341,1.6330878383563263,1.5923743474672274,1.6297486893206485,1.6115566691105077,1.6763515705986329,1.6529526170301523,1.708537021982748,1.688699166181145,1.7323610857776197,1.7301314401124648,1.8264257840691278,1.7881667867713147,1.8713641664496861,1.8937774501491718,1.9540420175105087,1.9451778213970741,2.0881201742767952,2.1282628778778467,2.1528402356091885,2.2505527021997764
0.30070398805653642,1.7170188598662484,1.6429447698602777,1.7132397198534774,1.6716443371656808,1.6980848627538228,1.6655667765568536,1.7182779373688799,1.6825360310528632,1.7405825393016885,1.7210883125166783,1.7778063846909271,1.7617826843405755,1.810573114081298,1.8346713244408779,1.8716181645205676,1.875698250644632,1.9596501569779452,1.9462959000325544,2.0192732984741326,2.0693421413887112,2.157976989073477,2.1831430401246266,2.2696145567334671,2.439975152232158
0.31162160341246387,1.7767149254978087,1.7019528838451254,1.7726021617700591,1.7429924706729674,1.7964861691602718,1.7501504399140493,1.7922602830755154,1.7813679965487399,1.8471531978635167,1.8268835633437801,1.875735605520306,1.8551708055360132,1.9625012332230363,1.9077824202230218,2.0115092319262602,2.0119671491877367,2.0412806779794512,2.1264342775305796,2.2349755583223248,2.2126350495343323,2.3106597178170434,2.3892509810189893,2.5312969305517523,2.6487104059001068
0.32293560301933,1.7296253177852046,1.6561444812756561,1.725014433965927,1.6930324385773914,1.7404844078497481,1.69697437164396,1.7488398740598465,1.7233157852232166,1.7990368733041202,1.7479449097957032,1.816743763026119,1.8070015129075694,1.8280761025800918,1.8501729333016215,1.9099820556925966,1.8814368548661351,1.9901578513623281,2.0022203265776319,2.0753349712492426,2.0797946006624777,2.208561805722006,2.2446292873306302,2.2912775383810016,2.3647272934829591
0.33466037834168677,1.9106739051545167,1.8356955167447353,1.8746483641216498,1.851646087906115,1.9049743525962128,1.8723486978853137,1.9167906949962488,1.9008203559289258,1.9402604624130859,1.9372284021037673,1.9923097788449384,1.9501145391935761,2.0445375549217575,2.0586306119119921,2.1090048121860416,2.1305357676529724,2.1955806711814256,2.2031793063937357,2.3147860763010293,2.3844665432753995,2.4818679376640249,2.474597264591365,2.6032696732761007,2.7838472119763296
0.3468108433528686,1.8398689240382204,1.7660361991740063,1.8461266719446225,1.8068145185347788,1.8714503151712778,1.818491427061784,1.8823454616750661,1.8480089628533074,1.9274777707792086,1.8960921472235244,1.9624682847828825,1.9414272094179359,1.9889618237831066,1.9797330794244363,2.0702414345064524,2.0711718314745804,2.1452394812422853,2.1636726406885645,2.2907460324756932,2.2939960578709533,2.3624353306096273,2.4293263739021267,2.5887395842110825,2.6573424513085357
0.35940245350563965,1.9990899235566255,1.9239173657237041,1.96531338364451,1.9370985107948382,1.9857958176336972,1.9513642566251121,1.9849816669820974,1.9738100446604676,2.0358169187766917,2.0050529839584694,2.0886348272387565,2.0424263889101688,2.1284541325373327,2.1308474774038011,2.188482495966853,2.1670562798167303,2.3096145594466568,2.3066710094370393,2.3328893184777098,2.4040722382737307,2.5247348993687044,2.604762797845197,2.6913908673891047,2.7406887536752897
0.37245122539160996,2.0324057418033559,1.9572593189521443,2.045652362727969,1.9938507401258683,2.0658373782272288,2.0042539721591091,2.0674575894169296,2.0331296434459492,2.1135077679426071,2.0916544366628771,2.1564204519052317,2.1556022620292294,2.2079139584287875,2.195794041673925,2.2874279296395197,2.3190647255270838,2.3457576830331202,2.3851315563809052,2.4979905069571173,2.5768618940642334,2.6209193969551525,2.6873306947997895,2.8010874106988841,2.9471549872953089
0.38597375711441811,2.1011452492119407,2.0357782424452671,2.0784459801458341,2.0582946698056412,2.0937464058621149,2.0704967694313554,2.1050512666281982,2.094037918087623,2.1523094072973707,2.137112176915668,2.1981258354650768,2.1742815119161758,2.2315465325219339,2.2592228468184086,2.3190079005986801,2.343141243294081,2.3995489513261532,2.4641185640147238,2.5187339280825665,2.5376105657125301,2.6061718333153632,2.7421363533883962,2.8497888549152357,2.9456787526428627
0.3999872494026056,2.2225423170906335,2.1605262161187424,2.2180157668632399,2.1969215491901943,2.2425442146691728,2.2037956561689089,2.2650652361746602,2.2351195908922001,2.3082806388940891,2.2916749051622132,2.3216770791977908,2.3323112426661723,2.4069721639973309,2.3959389372218896,2.4799427104456004,2.5414994872239971,2.5954213063949494,2.6312692245594551,2.7164806059852569,2.7702447769192871,2.9183747907557276,3.0045905451151196,3.0489968519779378,3.1754047564358938
0.41450952748902736,2.2881070659355771,2.2201310150515905,2.2813573191509802,2.2420274595704184,2.2911900699488736,2.2575444920124124,2.3061554234872377,2.295235937732099,2.3420039520498346,2.3206145805494689,2.4070712979865068,2.3857202741818586,2.436603975473524,2.4488034173933055,2.5293697042895484,2.5141207800114049,2.6187630104477293,2.637460562562028,2.7822549896225137,2.7838038328800181,2.8864106730982702,2.9183755469759447,3.02588119238027,3.2306509500111069
0.42955906378464082,2.4368385906124486,2.3939939488217643,2.4444566542012467,2.4311563525778475,2.4579463586299974,2.4325631593527985,2.4918641108959072,2.4520441742091732,2.5469088992230695,2.5120076042541468,2.5817287413973311,2.5823423738826277,2.6733168492612602,2.6649768059133576,2.7464230520498809,2.7523709820031392,2.8988607525565264,2.8762813835440655,2.9819829757992347,3.0128253257069151,3.1598795693701351,3.2710272892201537,3.4053909841980339,3.5516867802734318
0.44515500137550273,2.5462195574842887,2.5024560812968222,2.5598256969233262,2.5250977878304628,2.585273294901028,2.5247051540460017,2.5980051864605755,2.5800316737931706,2.6294285464636324,2.6195366191467429,2.7018260403157743,2.690359307874461,2.7426651042514081,2.772313833670923,2.8720767208733538,2.8590985038558934,2.9255359817842344,2.9874297958011162,3.0867427596471657,3.1979935065291905,3.3046636248270378,3.337040404437154,3.4450803097072775,3.5960492038613658
0.46131717837287423,2.7143901470899245,2.6189709764985825,2.7044391427667529,2.6639328069494965,2.7171305034008792,2.6816047834338148,2.7278445126889261,2.7195560520280369,2.8035846739228623,2.7710357071103076,2.8383848030156535,2.8645003926871357,2.939294319851447,2.9336810497280927,3.0020190021315605,3.0333865632995636,3.1592589408650094,3.217101009293601,3.2914192487687326,3.3472875236867239,3.4422935801696717,3.5401675548394476,3.7464281637095516,3.9411970571830945
0.47806615314739531,2.9703775215641635,2.9139122119847709,2.99196235414923,2.9764732991853471,3.0070487813378648,2.9824328512178706,3.0486720761024895,3.0136666071533931,3.0901347288509182,3.0931084573289702,3.1808503439149689,3.145088217107773,3.2003664649825065,3.240606325630532,3.3547915729662066,3.3927264303436253,3.4678563793698522,3.4843488554542343,3.610368464260544,3.7408927421653502,3.8666632535640382,4.0049243120821423,4.1365678927320797,4.2156252615127023
0.4954232304794392,3.0473372972420201,3.0184163126332901,3.0407542895215407,3.0165169931055171,3.0730382207856142,3.024477680423816,3.0937417509691425,3.1007887671674776,3.1796793466289826,3.1198094641920378,3.193166595619628,3.2196486819456727,3.3091977199527047,3.326324895993551,3.3751021180178142,3.3859429824198433,3.5672580468713111,3.6107187502210873,3.7514016688409821,3.7717338200200388,3.8514263255010164,3.9851547770097611,4.1662143037532857,4.3154042778184518
0.51341048865889705,3.5010393590759339,3.4479168176259067,3.4899469840307358,3.5087523651548329,3.5600014382889871,3.5342476761948838,3.5816756987765883,3.5651251755339395,3.6498211827284379,3.6473608694975486,3.7439392353316645,3.713299536928,3.7847872384716883,3.8406215121345593,3.9950977930547324,4.0179008819228113,4.1070278548444863,4.1380638979091469,4.266765997151456,4.3633232392047621,4.5744457659924045,4.7523338795021282,4.9099310356416517,5.0559051665376487
0.53205080756887724,3.7985660520685638,3.7203577763106015,3.7714116530958233,3.7338948422447569,3.769317253245049,3.7376448316056496,3.8429230415436244,3.8300751490772207,3.8915741802472521,3.8831193711847671,3.9706744417851105,3.9986259846744456,4.088742691488136,4.1108967279488766,4.19955119974213,4.2312008279878661,4.3577231491450519,4.4788247246425321,4.6209764536315703,4.7057103234868656,4.8716926254845934,4.9603989818658469,5.0883263045122717,5.257004757954256
0.53669961580458514,3.9358813851698429,3.8965629970117241,3.9691812497988099,3.9378057174118695,3.9842581086292785,3.9588567423130421,4.0293702802291307,4.0267802215455113,4.0775828469717492,4.0669125975520419,4.1923917639606252,4.238311872304628,4.2900809169055201,4.3093109358349402,4.4064334700345871,4.5063524176499286,4.6306159494547181,4.7499358245550987,4.8697606425015003,4.9301857274231153,5.1100741962821168,5.2190220373821639,5.3881570628031987,5.6057892441983235
0.54124036695023126,4.0300563512864302,4.0260282666382352,4.0746759319619814,4.0751374272557239,4.1418269538448094,4.1182796419255787,4.2082801091045878,4.1432790330106197,4.240810427372435,4.2677477247946864,4.3691545991285503,4.349501135292428,4.4422591326824401,4.4577922373912049,4.5620279151524183,4.6768727627295092,4.8049914975217201,4.9036008700921663,5.0083302764455864,5.0707742927548889,5.2404720741027138,5.3646299398137351,5.5947126441769459,5.8571267281286872
0.54567557268926681,4.1220680641430407,4.0608548800772226,4.1228748456312312,4.1251917209525635,4.1826726659809186,4.150466347094925,4.2163524402645107,4.1921151942199106,4.2741066157560184,4.2880144373600917,4.3714232458321671,4.3606395128867534,4.4444301751873301,4.5076780997019483,4.6293807990097724,4.7145910869744174,4.8419760741996223,4.9142734579043221,5.0098562623097953,5.0983015338873798,5.2875965763215094,5.4265030175000071,5.6733867506531332,5.9292052054367606
0.55000768632346864,4.1350361829484505,4.0610238230519196,4.119784674101842,4.1189033684192626,4.1849549440433123,4.1441418675589166,4.1909566903141942,4.1738481866476889,4.2944846955623781,4.3167285611347612,4.3740653403068759,4.3315233757198648,4.4563288757343891,4.5180947884968123,4.65577769947188,4.7178050984463784,4.8233677532778065,4.8841132513136074,4.9882140217862929,5.1189160351397049,5.3100136016589889,5.4467167522529749,5.7035961535278119,5.9439619537888913
0.55423910412996691,4.2060190301927758,4.1198899914923999,4.1744616452225465,4.2078095628328018,4.2249368345445255,4.1805444059351213,4.2206355852430359,4.2689956433154652,4.3551018017966427,4.3356018498428952,4.39364830753677,4.4020373526791836,4.5219636602576561,4.591696723061764,4.7338971295154106,4.7704826552843631,4.8611991124723595,4.9227028728115059,5.0466293697659754,5.2024671822987614,5.4242159551922082,5.5580316564116075,5.792182828205295,6.0395326589713818
0.55837216668672762,4.354279427219625,4.3071869469530935,4.3526137441573525,4.3486196806062658,4.3414425392397167,4.2903137146487076,4.3945224775054079,4.3817491791641441,4.4994959873013016,4.4758942214499253,4.5697765453247587,4.5483161719147684,4.7067104156680948,4.76167168706999,4.8894291488575714,4.9097646470242591,5.0119636620887942,5.0830717780674561,5.2508588728373127,5.4287137639071688,5.6418385807707914,5.8332133559394634,5.9821252228724724,6.2427008462337632
0.5624091601672252,4.5473829082931392,4.4825977599731495,4.5609603140152295,4.5382521799550819,4.5436846870493532,4.5185101391812008,4.6018865568000518,4.6299134552439831,4.690668872185709,4.6722294293520115,4.7589506210148347,4.8020715440828212,4.9347104776892579,4.9828613370794965,5.073847809215323,5.1086171751817542,5.2449822565099549,5.3434432383691508,5.5349469211931215,5.728907418068971,5.9290988088936913,6.0971749547711056,6.2868773385650663,6.5088551761994111
0.56635231760502469,4.701862706479524,4.6834326640315656,4.7566489364160223,4.6914876098963685,4.7579140021788593,4.7266473504272692,4.8309996922958973,4.8035156744430907,4.889236513453846,4.9039021784025039,5.0251937530650768,5.0520480171954762,5.1760522782377016,5.1892449761647264,5.2817059166460734,5.3211567989553696,5.4885129789264298,5.6105167652467891,5.8091603432771883,6.0083562933709374,6.2115778481226194,6.3372276568657391,6.5261091905325674,6.7666454503642051
0.57020382012896664,4.8498306959777118,4.8040315132861231,4.8601167613876672,4.7878817356745573,4.9228341137978759,4.9036365475001027,4.9704454367783111,4.9623357876617042,5.0420349335752794,5.0527472652559204,5.1847428337043144,5.2265326825251526,5.3022021802263319,5.322794654420993,5.4506478783042098,5.4951191504586738,5.6784679913280307,5.8101395453548452,5.9991902165395468,6.1796198306538166,6.3564951405751229,6.4901272356472477,6.6595552264940157,6.9355604844795575
0.57396579816964266,4.9221495557365946,4.8548057099731325,4.915073164443597,4.882240732558679,5.0111772515368962,4.9619644255399953,5.0443179710135286,5.0096048484027023,5.1004231977774452,5.1524290434719964,5.2739433220050627,5.2921801857443462,5.3667361259060486,5.3855240380827318,5.5149516722548366,5.5933479209901202,5.7864243803631981,5.9071864909700622,6.0980867369817684,6.2402473989692941,6.391883818289422,6.511983296752665,6.7290176482598785,6.9963807424102846
0.57764033263782832,4.9910501510692642,4.9030592196582656,4.9562221430915923,4.9151435086218438,5.0412350615461099,5.0056895760875868,5.0561613783622441,5.0628907602416424,5.1668758033829469,5.1905240998303395,5.3044622583841106,5.3074377453083112,5.3810877308485976,5.4175876425691021,5.5610900983382416,5.6396079671399448,5.8473860354683556,5.945439522903559,6.1353085698553178,6.2501362841670582,6.376919023018818,6.5227679394142708,6.7799336948759805,7.0305860826979387
0.5812294560755239,5.0038587072399636,4.9359716880694888,5.0096270625853139,5.0014134402522261,5.0736933665452177,5.0172525307481752,5.1028930908393324,5.0987408058376325,5.2073207076785533,5.2367591266172191,5.3367299580302507,5.3309761528355821,5.4349425161618123,5.4637250787859699,5.6614235372996848,5.7439646498142789,5.9327054400574797,6.0052262209541398,6.1850931634185136,6.2790279407951379,6.4193268490617061,6.5852661932410186,6.8551200131852887,7.1360701496631922
0.58473515378023855,5.1546111296736612,5.1051190012639402,5.1463124870879149,5.1350337151817378,5.1671113213131239,5.132024434009514,5.1996582800738196,5.2296216454840003,5.3529167247077183,5.3472569703064341,5.4351074457339195,5.4414069450198657,5.5550850317912239,5.597783623684693,5.8196207369727038,5.8951386623382103,6.0605001802988525,6.1348797274123648,6.3047194692150086,6.4023876106521023,6.5617853606539196,6.7532234180185533,7.0395406988023428,7.3661855584695566
0.58815936490314524,5.3304495972371004,5.2627895982147095,5.3528785085235668,5.3261501266151559,5.3244236609303677,5.2922556921745798,5.3979423167473506,5.4202353947560038,5.5228792013123886,5.5279993564244876,5.5872250991141996,5.615520106335893,5.7496974487030705,5.8209844632838479,6.0079918870292754,6.0964096536242387,6.2568022134068855,6.3246643326371519,6.4971024699572535,6.6357112044768787,6.8137978494124667,7.0521066521005444,7.3755908607478275,7.7323628408839191
0.5915039835217073,5.5538845107579444,5.5243328324122754,5.5902357197323358,5.5296852328753552,5.5366140081464366,5.5227347048313575,5.6328657889803466,5.6236161759226011,5.7311147826613063,5.7222696850603931,5.8352713926843283,5.8740732961153981,6.0294656089139291,6.1036156469564702,6.2746754811611822,6.3354777599029948,6.4972762185141288,6.5588791792097219,6.7471288940725618,6.9189594294629764,7.1464239404506849,7.4044852030932233,7.7629434661988981,8.1331737849356252
0.59477085968737287,5.736122050116176,5.7002248222313412,5.7981535202919492,5.7243239378166226,5.7678714828300066,5.7690277433109314,5.8632240525609864,5.8827891658611033,5.9705952137503697,5.9620079075567149,6.0355352088699181,6.0933504661461466,6.2832321361853429,6.3336231495056374,6.5028780627634353,6.5648767668541561,6.7198579256619668,6.803587561010632,7.0055798346058893,7.1944873933448577,7.4430116589114341,7.73588075663071,8.0886587512167161,8.4707301804214836
0.59796180044891845,5.9173867364255166,5.8940004047989305,5.9381387426771735,5.882498056053187,5.9288704490439299,5.9454680149062611,6.0730402281926423,6.0458229463252211,6.1285100670661725,6.1283117590833083,6.25556857564984,6.3233165808553773,6.4816883462668979,6.5514489257125783,6.683661166522807,6.7477424355282292,6.8989683030149571,7.0097191485617305,7.2369883652124445,7.4291004919055359,7.7031666341177933,8.0079836593876266,8.3426023689109172,8.702538596514934
0.60107857085200456,6.0334932213399419,5.9562768091968135,6.0440232329608472,5.9541624720293118,6.0486489065677462,6.1315146167949663,6.2001947995854945,6.1700155084950818,6.2612652696793463,6.2910846209426214,6.39024843795743,6.4864339018401918,6.6594786319598178,6.6678325652627741,6.8125707580443446,6.8727979159648083,7.0229950293070544,7.1365044364761943,7.4141976292007223,7.5931702439305342,7.8911273849757322,8.1677276473095759,8.5198534986717416,8.8333427973385419
0.60412289491549709,6.1258633939904357,6.0513419059361659,6.0878926797393866,6.0679040588157465,6.128004142564258,6.2065354855259747,6.267961759093696,6.2527703684119915,6.3689356396506334,6.3807574358043082,6.5141240672545875,6.5673362041824781,6.7170726243425101,6.7342507500923308,6.8732534046569018,6.9470184664048134,7.1141510157433103,7.2341213709587988,7.528809270831891,7.7042232800399635,8.0085659768696651,8.2939049011938799,8.5989706692158823,8.8993667186299206
0.60709645658509692,6.1655633211589649,6.0947520516668794,6.1701750981210708,6.1164201722152676,6.2285124410894301,6.2510200819942376,6.3386320407899159,6.3056132902999602,6.4146288206412496,6.4522820082729195,6.5953083828412034,6.6440035826401571,6.7825758065352479,6.8357322334181552,6.9261037076945424,7.0247872618923219,7.1948234275516629,7.3629218994573709,7.6271691671872404,7.8157199225620193,8.0823690657737721,8.3396162693455214,8.6668653752906302,8.9669554695761278
0.61000090066480195,6.2671703798969549,6.1973130454836483,6.2439640329482238,6.2400686852154816,6.3468368390737044,6.3391630188073904,6.4065824727771812,6.3905366433455484,6.5496343461672675,6.5768424250240374,6.7195901552530417,6.7483651863427561,6.8779354306695577,6.9004086129235809,7.0336183118966069,7.1335962791921927,7.314250031463331,7.5066684756889241,7.7664331617681341,7.9522601936721014,8.2258568689376936,8.503949563553892,8.754800562890674,9.0097698157380179
0.6128378337267173,6.386385776607951,6.360785394094199,6.4143371489032965,6.4058463384444844,6.4887265123391931,6.4280513638755625,6.5066017080175786,6.5347640598255321,6.6712956470137241,6.69482801616833,6.8427262523151775,6.8531729277642333,6.9929640018058086,7.0256277586626208,7.1942046312471897,7.3168076747036714,7.5271479424786571,7.7003455146292605,7.9661190157961812,8.1376269698362034,8.4050671992137662,8.645604391290231,8.937923038995752,9.2249596879795757
0.61560882499972069,6.5793846243388572,6.5322126437059698,6.616315328850022,6.5914335178773467,6.6937976370321817,6.5902969700604839,6.6860077656760648,6.7060685589910634,6.851654731273725,6.9027490849940669,7.029507973102505,7.045665834613434,7.1723260761615215,7.2295557598172211,7.3785473824297929,7.5419289413903972,7.7588782629455224,7.965410532533685,8.2211558074180502,8.3862220962450316,8.6595798765905698,8.8511814899887078,9.15215700923196,9.4776704842021928
0.61831540723746925,6.8318243949552873,6.7773662157724193,6.8725282738644795,6.8357272227842367,6.8852736507244527,6.7932776069253871,6.9104017450283814,6.9528666858627695,7.1029837297362652,7.1116213287431025,7.2422803399503772,7.2310444217605134,7.3930940016758209,7.4743389815777723,7.6453680040421546,7.8404335210179443,8.0675369700876143,8.2456918343540568,8.5060044717179899,8.6629644435048281,8.9419500861416079,9.1987936261253651,9.4829830304753457,9.8303094738983603
0.62095907756623026,7.0268595259745652,7.0116695672566554,7.128023163815902,7.052926850127001,7.1208492626563826,7.0204948735981327,7.1646267294027348,7.2014654100104574,7.3529190775960371,7.3324950516891336,7.4565480010734611,7.4740112359212434,7.6436115707716938,7.7291767711020798,7.9266234596616876,8.1144534140164062,8.3442836937620051,8.5320527224003335,8.778951892472362,8.9394552311490543,9.2284091530140113,9.4680018654512956,9.8296828258082112,10.180363231434033
0.62354129831300709,7.3068799682714802,7.2433515802999802,7.3423904278899954,7.2814042453445804,7.3410029361234113,7.258135471277134,7.4161080229033507,7.4389990751067501,7.5802808023966,7.5808462412122335,7.699696250932929,7.7150407974737716,7.8733893891256646,8.0291885455066101,8.2199843770421595,8.3979865335372104,8.6217555932509953,8.8069420419524249,9.0567118722562761,9.2170448192065866,9.4913976150997179,9.7972599037128738,10.150860552551348,10.507957353063137
0.62606349781441384,7.5034485304356338,7.4456572067410338,7.5261991179064367,7.477436201988036,7.5350176754212157,7.4986752244980464,7.6274213193490894,7.6584201755129948,7.7862078487788047,7.7712952219277565,7.9026691843326269,7.9315843191238633,8.1274421674007673,8.247169389278973,8.4535977322409757,8.6314414437709992,8.861222786202017,9.0409578680532814,9.2793439379703955,9.4270861707502185,9.7398260543839914,10.029568849505711,10.393144077331776,10.829686393595509
0.62852707120674933,7.6289328308352751,7.5897080002356887,7.6717483582359511,7.6040223811638272,7.6794756438613652,7.6973821295964067,7.8334172958452495,7.8445629731685456,7.9730643209672722,7.9487208933340368,8.0710895912381915,8.1212364740294287,8.3162411100057128,8.4610276457533615,8.666823515435091,8.8298492717323018,9.0394041115947008,9.1985851940890679,9.4265247174815983,9.6054966285746879,9.9146125796207141,10.245306524944727,10.653708732571562,11.065638329721004
0.63093338119770714,7.7991941556544022,7.7172391965913354,7.7720199569024802,7.7468017160565372,7.8328056701425988,7.8834551153639323,8.0000956905390836,7.9881312643903781,8.0961913549933069,8.0853613004342311,8.2135600864075933,8.2752976796361768,8.5041837682655981,8.6371109989787804,8.8228395014586596,8.9728582067059754,9.1864653252282,9.3475063109695835,9.5640463189564464,9.7317391511173348,10.06835847396542,10.387371309504296,10.837552034849754,11.256148811817308
0.63328375882014665,7.8955682774327283,7.8186896328421014,7.8430796792404847,7.8186142414955082,7.9480539140522701,8.0195806052871443,8.1178127562812872,8.0890162983773592,8.1931024708644475,8.213829063121084,8.3434889446166682,8.4179674691660455,8.6222465391998551,8.7614143655314773,8.962783545519871,9.1014933364038715,9.2728594876939834,9.4390104965201793,9.667262491667346,9.8489980040714062,10.19444261106867,10.56262541613782,10.978940739840311,11.42347058262178
0.63557950416834508,7.9901178603665155,7.9023852882960837,7.958625240490397,7.9347464622520727,8.0586614748214025,8.120873074487216,8.209748526612362,8.1910240543101693,8.3208680132594814,8.3455599038523971,8.5013832599654187,8.5958252902902057,8.7953082907735336,8.9025324138441881,9.0943713632610539,9.2175499299198655,9.3955262242019373,9.5673683467728932,9.7678725523110188,9.9914256859172639,10.355961748227505,10.696959854998394,11.156528249833693,11.612308993034006
0.63782188711713461,8.119897565370934,8.0361905504402049,8.0864556655807363,8.0491780409946916,8.2090358318399055,8.2421351232776132,8.3393207040896016,8.3024788165801571,8.4372437987853672,8.4518137698248061,8.6310694168695932,8.7278351455009613,8.9365785758302092,9.043016131493351,9.2314305554832661,9.3383035474552738,9.508778133455758,9.6858683662541356,9.9155946939993616,10.157189479293198,10.502661344177859,10.893444668414677,11.33312627584807,11.81736218441671
0.64001214802432438,8.2605672310574683,8.1833642489854928,8.2352776173659183,8.2180318144561504,8.386577446966756,8.3571859119742165,8.475258355648343,8.4527700303364917,8.5642027388699731,8.6046522222048516,8.8182089553821896,8.9262843963275849,9.1051109798443957,9.2077527701941939,9.3936841159489521,9.4752094499023372,9.6867009164703806,9.8493967945311347,10.114867263126616,10.364450230924188,10.767836830407674,11.153927662086707,11.608439426711364,12.079294816498404
0.64215149841679564,8.403732838318092,8.3644111449190017,8.4550026659599311,8.4232478825270487,8.5414704243938129,8.5489499903600059,8.599993712335019,8.6059764942745378,8.7590369367900891,8.847691784743084,9.0260966498455417,9.107165142245103,9.3143886345545859,9.4042442895239091,9.5879206694996455,9.6763177151210122,9.8875229769430533,10.084805591210682,10.346433984279924,10.612714175283383,11.036289167842243,11.451903406933916,11.888510303270225,12.38221399355878
0.64424112166064906,8.6437591647315273,8.6013858987119871,8.71680497986784,8.6414809220417617,8.7791566153972784,8.7587129811189524,8.7917059768753507,8.802212618976144,8.98203967789477,9.0389571273265261,9.2471180580515355,9.3416931220427841,9.5137458724096824,9.6097503092370804,9.8043366736729407,9.907292732187674,10.152425529541398,10.355142172534807,10.65628937125032,10.957540982848705,11.362498765795021,11.804010045345304,12.297703758725655,12.752850856298426
0.64628217361577467,8.8994838693840421,8.8408860708566852,8.9444388579077945,8.9001102586645029,9.0358556074060967,8.9889279140871405,9.0164764395412007,9.0554701662329062,9.2337570497487178,9.2977376483811955,9.5166318987135554,9.6091491167277105,9.777009117895215,9.8757776581736252,10.060325933062238,10.177543226659935,10.430671474023191,10.670785631672686,10.986973428194192,11.339722472545919,11.755240777513956,12.194724252284614,12.648929969419573,13.162733506730291
0.64827578327520763,9.127828356647921,9.1029259218393577,9.2389629734294498,9.1953155582348245,9.2782963337364848,9.2342320144199999,9.2832286240295296,9.3037262243884413,9.4990858772983309,9.5491649965526246,9.7702373175677746,9.8581350128974403,10.023105454219706,10.109428823068482,10.328419355588867,10.476642384611733,10.744831049995913,10.989172250494386,11.331929379574186,11.680840102330109,12.131785704755321,12.568864347507171,13.101548203736684,13.567115608795874
0.65022305338962305,9.3987140761993153,9.3869418678108314,9.516943245217929,9.4600613780727336,9.5173107976128186,9.4877835416752561,9.5126361620724111,9.5579080536957743,9.775191992349896,9.8357582452577059,10.037077398177336,10.130316851997669,10.268613318027704,10.373005574250016,10.594575082124287,10.762969112534901,11.058707591823396,11.348888535197236,11.706424004146779,12.04431551089367,12.512904654043863,12.971956959022565,13.481368441357994,13.968048461126823
0.65212506107731316,9.6952714401650706,9.6008729080885864,9.7634338920403394,9.6872459248555494,9.7417882194340155,9.7287540587174792,9.7668415955413028,9.822395200367172,10.044990180194681,10.085669161412849,10.288653839242947,10.331645432505464,10.565309464148461,10.640403442134494,10.886375085604243,11.038992328272254,11.403798646653732,11.664101211636901,12.037070889610755,12.390785233508545,12.916628695437449,13.35403431911061,13.859191140430053,14.3332650949758
0.6539828584199886,9.8914775480138939,9.8481938057233425,9.9485814589885031,9.915802129547572,10.000423290164768,9.9503422070486316,10.018471041729562,10.099824711294168,10.310809822558799,10.351974179350378,10.516579241224877,10.586132802839895,10.759093403681089,10.885872277692146,11.129183707935464,11.306514993590305,11.679057186171281,11.978280875918601,12.356072966991253,12.726029283846078,13.252057486100902,13.649082214566326,14.18630479055825,14.655667996631891
0.6557974730447298,10.101527786021109,10.064899366069508,10.144726025027815,10.136252362394952,10.201766323246652,10.151307420619402,10.287357893662154,10.35735372324719,10.543283572847349,10.557097761751358,10.726530412969224,10.800270164668778,10.977626140835866,11.087431129487847,11.392644467826376,11.576429590914806,11.929942383681018,12.236073168982399,12.64090570454643,12.975469867555745,13.532951230137922,13.936393027689737,14.427802366868153,14.931608789988939
0.65756990869241005,10.297752894641285,10.241407477963872,10.327317818984259,10.304084237570637,10.380270616688147,10.357948120810466,10.493691538144606,10.573308988131338,10.717202284059329,10.779707653972464,10.916784233343746,10.976295888065946,11.182199817633855,11.293751100478755,11.596648194212507,11.805010036920264,12.183383976075151,12.491048001823531,12.868794363403868,13.251512027081432,13.751777149345862,14.149284941231375,14.674484208581605,15.143337633408683
0.65930114577290932,10.527433402834523,10.393256086930556,10.467685500158556,10.398064573573485,10.505885178652337,10.5289478726146,10.695920689975889,10.749858538632257,10.941135631509798,10.948449115883548,11.110679053494371,11.157997650286315,11.348271062505507,11.466768059697948,11.808835588708606,12.016200287864013,12.395657112715233,12.691956889247866,13.0888100305603,13.428035872488035,13.930646425065701,14.344747396711853,14.804084716605168,15.334570178483876
0.66099214190741984,10.62825183129463,10.550787211077591,10.584793640380678,10.563825989837657,10.675728480282407,10.699493222313873,10.878235403218472,10.922099883386501,11.091143492687893,11.099564415729297,11.256296050178381,11.317227818996445,11.519223381725524,11.682307393336432,11.993880043382832,12.218096428520587,12.606540053524064,12.889005543025037,13.266117455121504,13.644807831250798,14.108214128316106,14.502194236464909,14.998464155240569,15.509401450867184
0.66264383245814684,10.762068255945625,10.687699571996717,10.711137036132122,10.679789714589431,10.829379762430158,10.861282107543467,11.080358584552291,11.08581507867456,11.239407623967494,11.278435611670101,11.41595376771971,11.461191971956865,11.709624107199739,11.865271952190671,12.184161835372958,12.375049394715173,12.779613442560343,13.065153232509822,13.44867249188335,13.779237915420165,14.239236458635126,14.664698424788902,15.169518946767667,15.632723607255539
0.66425713104569861,10.936153766403454,10.825907448109833,10.865180788274184,10.825427380927744,11.000553960086862,11.026129549511767,11.249261213920448,11.2870003468913,11.404923427518701,11.434894582096904,11.571906538855867,11.640466427717739,11.894516909474815,12.050981259377989,12.369730843253686,12.602134210210449,12.99001768756891,13.237004707159755,13.621695175649652,13.973160197873657,14.408396036052089,14.80365284990452,15.27603044761883,15.823403212724791
0.6658329300544481,11.071291949623758,10.967979521552261,11.026696075259689,10.957089181861676,11.140529540485547,11.170451265648893,11.423071806842,11.433139607053294,11.558902383256317,11.591410044126002,11.753069962548587,11.83716993521721,12.103457358029075,12.253647447275268,12.571018736588439,12.786643333573403,13.185384089212491,13.430017696576105,13.795887624447712,14.135847003329676,14.60689514392228,14.991889773855931,15.46733423716222,15.992219584938439
0.66737210112614909,11.225943711594883,11.143850387970295,11.201473295956639,11.138276496274878,11.287886226295285,11.358358077520437,11.581704016583409,11.598408045887281,11.728614351226453,11.76542854099147,11.937095411502854,12.018253965838085,12.320088523251982,12.474185669693973,12.808539818992308,13.003728534861056,13.394527904957698,13.635421680467367,14.020370008310195,14.365625405666467,14.809451742727823,15.159233122490065,15.66533845313716,16.208302128730686
0.6688754956420786,11.377838778398075,11.333442471410116,11.387515034049894,11.332678459400752,11.498244098803571,11.549579610601905,11.762907241352499,11.751400277344695,11.911280485723347,11.942650796897311,12.144978903076593,12.248461224754632,12.548484426384011,12.716731662131055,13.04485415299369,13.261214600898466,13.633038181017145,13.854541414529027,14.229613088892329,14.574010370476536,15.037606539579897,15.418109612592943,15.894737672012113,16.471182299429692
0.67034394519397233,11.591747958484673,11.524440845959415,11.609736563208818,11.547100846587107,11.760981049835433,11.755345654104007,11.954604079385158,11.984117402657967,12.089190325000938,12.162287210497075,12.38888997858202,12.487702707337592,12.769730626931452,12.963178345494947,13.314056328234649,13.5156123427777,13.889690451666453,14.097853375710471,14.488942384817605,14.827976896248604,15.303727876129116,15.703884292159728,16.208120689639799,16.788832197200954
0.67177826204401314,11.802829331541094,11.736793701844318,11.865867489676329,11.802556751593453,11.989026160652021,11.981201104316812,12.192012426065764,12.190973525986813,12.316696388310602,12.413709303182358,12.630732006265454,12.751226396159559,13.056590648217213,13.236492580574078,13.592436606964988,13.776168571778012,14.15846141708964,14.375159215113133,14.766605748039453,15.121585336823362,15.580271012418123,15.97886882881366,16.546061708667288,17.111124700930347
0.67317923957412851,12.058139143199384,11.97632110712007,12.121164122617666,12.05332305694504,12.197918223059764,12.21349618335497,12.4092187597977,12.411993112675031,12.565216148732812,12.657999713404147,12.87271953267372,12.996502165463754,13.340258859614179,13.52258537750029,13.878734516635234,14.083967503872984,14.458603408524077,14.657002308323317,15.074098368209548,15.425861572809321,15.883652880852864,16.342740963592,16.895898117173495,17.533171089153861
0.67454765272484374,12.289836022799847,12.244411708757401,12.380664928157666,12.345623091141366,12.467354951031965,12.491213057127061,12.629348029019173,12.632352276956547,12.800421691083544,12.896128828378799,13.15188770845999,13.311547699881423,13.621840309961382,13.810153567210335,14.163098884826006,14.391127401122716,14.743598126868413,14.976067254836934,15.37990163788718,15.752063619606517,16.236041998812979,16.666024162853972,17.274748470086578,17.956575866165664
0.67588425842393451,12.550080884569404,12.495666861769152,12.675288027996363,12.628053804241265,12.754132560428925,12.764363903867828,12.868401469698963,12.837908648170426,13.056365418958237,13.163627679193013,13.433225742591379,13.601407456430518,13.912672819565195,14.125751956995227,14.481293649847906,14.672254566088441,15.050580403777474,15.272939815173444,15.70723834621581,16.076317515990731,16.584996669225859,17.072056618967139,17.716494503770726,18.390295289817736
0.67718979600511597,12.822393526421084,12.783926182777506,12.940270501607962,12.930843170263532,13.05541387183246,13.022733743717168,13.086775005939696,13.090487414018266,13.33115900019774,13.455374974579541,13.715299193595598,13.885816911957889,14.221751279643705,14.427032153204511,14.777050546674779,14.984770162219974,15.375140030961113,15.600995239790677,16.044185966407923,16.443988799391299,16.958542449602618,17.490026320471657,18.139715817808309,18.84759769048582
0.67846498761700058,13.103246442698421,13.047831948858004,13.215887403122991,13.213748248876286,13.313096563345567,13.286542696944746,13.334717237261863,13.373880835484801,13.598684336109429,13.720913901992468,14.036591233882049,14.201676938626459,14.541455165498462,14.723687973397389,15.051441128896343,15.273232127312937,15.658821618576297,15.91151332052462,16.355464868916371,16.767105478132208,17.339761788669207,17.87829427219225,18.545444326420139,19.310225519687023
0.67971053862254782,13.375069801263678,13.316368213030255,13.501801313077785,13.484957997119615,13.586480227253844,13.529432910131611,13.598285133014429,13.635096059797718,13.891833292932823,13.996471743886488,14.32559496887373,14.498293659384323,14.82956187683223,15.009639247582193,15.361054349365766,15.554736327226152,15.953685957384408,16.222341155263933,16.686044321397844,17.135270222388044,17.69261093560597,18.234147445502288,18.985234089177283,19.763557681961629
0.68092713798923221,13.640795984385953,13.56098479531159,13.756591039693461,13.736771198371741,13.839678392731422,13.786388981682116,13.843258042558134,13.901492373452051,14.134121116650768,14.284712830602324,14.612546134791586,14.740553262218384,15.082927076402271,15.280077006483623,15.629777691180621,15.824251395832832,16.261110924001713,16.533563286651074,17.013571280889437,17.481405684015357,18.065228910329978,18.645644532487381,19.402236397932768,20.187615553005102
0.68211545867013967,13.908982303260011,13.812598699192243,13.988654837249427,13.973762908787911,14.053851455450541,14.016233678129332,14.068273343492571,14.155488175781024,14.39213850895414,14.541918695344975,14.84151414638275,15.009597479417828,15.351446733189164,15.533855593888688,15.873868403984787,16.122253734667964,16.532983012475498,16.827867376291053,17.2963645087505,17.777630018133621,18.410187104352758,19.020440454561523,19.791730129725394,20.611649089152877
0.68327615797620667,14.118706580407931,14.082256856192011,14.212987170722428,14.223470880761127,14.311573205347628,14.234075048040232,14.397808114938172,14.357994176616195,14.630205599905324,14.788702571174682,15.093664395621914,15.260590336347462,15.610066827497789,15.799344150753313,16.115140573777495,16.360125519733984,16.787186155623218,17.069548510827005,17.583155453593903,18.120938616056137,18.722673076247588,19.319724654124443,20.133242180544869,21.00718906370912
0.68440987793980756,14.354076119027326,14.307856824448649,14.401608293210074,14.426653277703764,14.542125168134632,14.475052724175441,14.594221611384526,14.595767230809244,14.905207556238977,15.03325351986733,15.371573495786478,15.507765023886108,15.810706381522692,16.024174635418575,16.348492007254464,16.586926091576089,17.03554208365361,17.338759685729769,17.853186379957151,18.414313402992875,19.030756524534269,19.66636257949861,20.49446434223853,21.371613468293049
0.6855172456698897,14.57852806881138,14.500943347266769,14.604977939657246,14.58863364448483,14.73865827901831,14.65158446145297,14.808478405514037,14.82254356754477,15.133471310104099,15.268493822284867,15.571440131519211,15.724208176555095,16.028376776856192,16.231649129723664,16.573969241589225,16.80228525697413,17.256743309544362,17.567040736739457,18.127183970984277,18.669487882876155,19.323409883256431,19.990392380241786,20.83954122435523,21.716100312121654
0.68659887369885386,14.786367594414202,14.668768048479862,14.821571609219149,14.764045214523193,14.939679317503021,14.854312303550614,15.020048223904709,15.047457523711529,15.324326408114089,15.477358107579605,15.773407298790843,15.930076458442016,16.247093376449783,16.438250973776633,16.776113952183948,17.049840653001354,17.457271787981625,17.803434062884008,18.353585206105009,18.879317164167418,19.600719417425267,20.246124110357869,21.117420346432084,22.032490393923666
0.68765536032137298,15.013674209784341,14.870651869545554,14.977050254043448,14.940301267656125,15.13662733352146,15.047793147693099,15.217069567638532,15.285875328836767,15.544623964890889,15.678021984201266,15.96975551600741,16.118609525669399,16.436969551040988,16.61154032539639,16.964250917945066,17.249068930148127,17.682545182064956,18.031246056185779,18.579872445847911,19.189624744015674,19.861679240274754,20.526111164438646,21.40151697760038,22.336617009016948
0.68868728992533379,15.200423501591587,15.048727255240493,15.138659591446626,15.097344309797023,15.262178213207449,15.198953997691461,15.402843938499075,15.495061674083459,15.766292493047033,15.878340094359004,16.226129127600331,16.30751876445882,16.612515826612935,16.791266064870854,17.172278053689553,17.435470738050014,17.890678904426807,18.241867864227657,18.840582311048962,19.438733635068871,20.086982830380435,20.803931807205061,21.676755506827448,22.621304254268125
0.68969523331508664,15.309394306460206,15.249835687930187,15.311882274957298,15.247972733614006,15.422456960173093,15.378055553251443,15.589205440175903,15.698694362335118,15.980197950891153,16.082296963639664,16.41176954721135,16.489164857419496,16.79700932298033,16.993373435241551,17.345814903413327,17.624901659815009,18.084531461527945,18.431427654433804,19.04220353665491,19.651832614086288,20.330761619210335,21.073250936272785,21.94398445398005,22.891720978811861
0.69067974802718257,15.481713940620324,15.419675789958347,15.448419583581227,15.42287601381733,15.57961765996177,15.556972139639299,15.773172034342025,15.88035217591721,16.165455216035127,16.27421034145064,16.580744487190231,16.698923296840547,16.95881772798154,17.173731175542514,17.519477744929731,17.811932558760532,18.278601697267334,18.645192320356927,19.25909055470035,19.810516482642413,20.595817003802267,21.304590213747048,22.206870095735553,23.156874077207647
0.69164137863876962,15.678943029202969,15.570775500563428,15.599750487984181,15.548007070560772,15.714299631672304,15.7298383412531,15.946113126294222,16.075276901593782,16.347285795625112,16.46192286159291,16.727795137615658,16.859031387793578,17.12446312771047,17.340796129039717,17.693525182198897,18.000756611581238,18.489471395939944,18.8494942392486,19.454689180939482,20.054180052097763,20.839635335855007,21.520781306592568,22.430303569791363,23.382473663087808
0.69258065706882233,15.840993604568126,15.730802166971046,15.772717707222483,15.706099801689419,15.873762880862898,15.941154590293934,16.128911721955376,16.268418184450184,16.513526124076122,16.637025463934975,16.920605041549152,17.03045390892558,17.295631600480618,17.497974617843056,17.872293748756306,18.167178730893227,18.690654324364942,19.047446143077593,19.668831453851823,20.294174765297953,21.052889736971565,21.780156876184606,22.687133390255838,23.642901444599659
0.69349810287236879,16.002494093531595,15.878920256760267,15.938899928808553,15.863447694693662,16.059485532565304,16.103700329606056,16.313896091933543,16.439925198132414,16.69578315332862,16.812022442321222,17.101094416965651,17.200923589601587,17.48618005930723,17.701287420776424,18.063974346132682,18.349939561839051,18.879387958641132,19.248126575085308,19.945249007763664,20.554367406898763,21.292447988675121,22.02975820586073,22.94431186411208,23.916391878228126
0.69439422352787861,16.181251917592647,16.041072781844065,16.10375441363945,16.026768275144548,16.21833473108137,16.26363978419235,16.501954107381835,16.633783055689264,16.88690662172354,16.996250696192448,17.285860504698746,17.406949306725494,17.687300604210577,17.885412827958305,18.262966592729498,18.553548850370447,19.087133001780984,19.483502860165572,20.157984848654792,20.733959986878062,21.539149127095129,22.234604993221353,23.194012045206989,24.153318426763803
0.69526951471797072,16.347296298523247,16.207471097336708,16.293770137296946,16.172158093578645,16.393766737915172,16.419594933420399,16.693365579111912,16.828982570440814,17.073508445293555,17.17721997103115,17.453099647489466,17.59257163146404,17.874632858332717,18.075505128806014,18.427156771274582,18.772533045279744,19.309898817777594,19.705046830536503,20.379175118840351,20.978467943856231,21.77050096687833,22.484700365221215,23.45685184561745,24.416500594153433
0.69612446060359723,16.45917299709015,16.381948683827829,16.470033461435889,16.349102202812418,16.553168116023926,16.615295539573111,16.889279761430373,17.068648101988657,17.266860707323673,17.363457445004087,17.623675668235677,17.783737972772883,18.065427352119173,18.273821951869621,18.635318587197304,18.96444344660253,19.535912609282263,19.937718997685124,20.608407656969689,21.231349336393066,22.054078826930891,22.761959158428056,23.727988619285554,24.688447980630031
0.69695953409185274,16.631759474774242,16.557779494356197,16.617336903749759,16.55601220271609,16.743518521254714,16.799943179167485,17.093461483660093,17.276344825032027,17.459949315778289,17.552688154914762,17.806856667566137,17.94456499681641,18.246869364275199,18.486913000286393,18.851600692125373,19.188900224752075,19.756841521136209,20.200154461393595,20.856686169500335,21.489813902434832,22.32939225720736,23.055358228753903,23.998596360981196,24.971296446490499
0.69777519709756008,16.809943765834618,16.760799859947809,16.824960406885424,16.750844080003816,16.911131873350286,17.029209026574961,17.296828585276899,17.480080200450487,17.683012941737985,17.747615163633412,18.032515243134355,18.135639739488965,18.444128671990995,18.703866171270022,19.07656906175481,19.446348737019662,20.001924953235061,20.446551829277894,21.186345341942513,21.801629910863426,22.604963796501693,23.351714777815516,24.261025184184291,25.248804270057803
0.69857190079877507,17.023125420963623,16.950641345800904,17.019995330732769,16.953612678333457,17.105702259705993,17.233032588974709,17.525786217356284,17.656588822917797,17.890594029491155,17.929375799494636,18.234348823256994,18.338823974461093,18.659648558328968,18.924635233154277,19.306210634469721,19.695911231686807,20.252315383378118,20.704259006435393,21.454832589931073,22.074994550252654,22.880169695723907,23.587795886891001,24.587558213359159,25.540209201366167
0.69935008588635184,17.212298640301498,17.142966661268019,17.227665044296799,17.175164037855779,17.310973041560374,17.420233376580256,17.715407450452858,17.863097575908341,18.086614855957976,18.141695651517921,18.448428599480906,18.552021182436647,18.881698321647207,19.16774550976254,19.545764827062101,19.94507420588468,20.517863739838276,20.974696572385938,21.714310932551996,22.347378593069493,23.146579396640959,23.877753279432909,24.884193479242583,25.873674284086121
0.70011018280770843,17.44045233986418,17.341043775323726,17.454448213576512,17.39507750684416,17.530458820677438,17.63199688423262,17.931898366819581,18.071313381358266,18.280783174239389,18.356692077947628,18.625076289903461,18.771595339411931,19.113183135225427,19.398197778851113,19.803457939675923,20.199624789148515,20.781648870118545,21.26287767884412,22.0042041612096,22.637551553315006,23.455904488796364,24.183260404765974,25.182398568901931,26.185824245101628
0.70085261200492532,17.637876675562239,17.521777958162829,17.668221874262628,17.624434020691837,17.773902520353971,17.876280927179153,18.120972218671113,18.276947492387308,18.484300698021286,18.574647886294485,18.840718484917545,19.039475361117979,19.332832893034151,19.636016217494785,20.058217707604456,20.468770132318468,21.056972394937588,21.532545277658471,22.315920004552538,22.933537717964384,23.769221668663647,24.505299861033905,25.49891832359225,26.500607972840157
0.70157778414730998,17.840224064478775,17.726095316273785,17.89291986567946,17.822312385215298,18.027577735651363,18.096380381315925,18.331709604720402,18.492764440152541,18.672823343294397,18.770582257345097,19.061944623844454,19.253046698638116,19.570426073214207,19.888636239853497,20.30742452275922,20.73474622642641,21.327416179743295,21.8246449863978,22.621478400447756,23.262221952353912,24.078082788323854,24.841580763450793,25.837630184963132,26.816839786190144
0.70228610035855554,18.046821751123559,17.935975550470459,18.109580542164053,18.053108508509013,18.261758369642394,18.320112744772587,18.553147753399799,18.700164271089363,18.901550484554718,18.981890435688797,19.292939011546991,19.476480656361559,19.812083823635987,20.135252183807552,20.56404520043219,20.997010173170395,21.622914188758159,22.121564501381897,22.922186232739534,23.572333887448735,24.388463825375595,25.162795842526634,26.166983422318708,27.156774153520701
0.70297795243861949,18.215947939215141,18.153575783894325,18.333443580313713,18.295317515146792,18.483216163625116,18.54144351412657,18.78821761937138,18.911715538121541,19.131395043740667,19.196180828923787,19.533767958508747,19.695648882936666,20.066966388181811,20.381861182419698,20.878449546395927,21.271134291594535,21.915071845066223,22.433309018044156,23.211918175258404,23.880410625943,24.70139461161807,25.45939734447586,26.489662748634032,27.504231684680349
0.70365372308044494,18.426790187943027,18.377845049881273,18.586157806341305,18.531082388821858,18.7083351393523,18.746391133209443,19.012542158768667,19.126444197765295,19.339593040930026,19.413327308459202,19.777256430591763,19.938615490538609,20.321339668539963,20.648233878600877,21.145719776636611,21.581915213932291,22.199999798181011,22.712017048050541,23.498155105060789,24.187399577627275,25.027250557267394,25.768695369302122,26.815475512636795,27.850580549643951
0.70431378608164452,18.646643684831929,18.594754681847348,18.807239330359835,18.764774265452502,18.943798844494665,18.974399535376733,19.226674566313591,19.356960314851335,19.55438059493332,19.645301356715038,19.998337407247845,20.180831862996854,20.557184099269989,20.910973092059749,21.407081479872033,21.858909188450582,22.480171280033801,23.009679730033724,23.826265428209865,24.487011308539991,25.343599931748031,26.095568014298806,27.157652241828032,28.186192708011163
0.70495850655126391,18.861402382132496,18.822909916907747,19.020914771156697,19.002176716487668,19.178989349643132,19.201909166704809,19.44228818266572,19.565244957886478,19.762922348117911,19.863334901842677,20.224709357764425,20.422081906963967,20.819978444108131,21.169008474992154,21.660593611811009,22.135763115707107,22.759346899486729,23.310380225392294,24.154298602187282,24.781664318751154,25.64885637563566,26.427599229270868,27.502292955066878,28.532553432177565
0.70558824111173868,19.076398472912615,19.040307741327069,19.243558222614979,19.235664903010104,19.400191489299289,19.406383070723962,19.656906090260236,19.763585337044788,19.967734734137252,20.075678789561891,20.439303608677278,20.662900324459429,21.077295711657143,21.430051176236077,21.925759370912658,22.413664083741764,23.048148135154293,23.610067690796029,24.464301471636304,25.088754014845904,25.948281927789822,26.748869260063429,27.836107728676438,28.882068104945915
0.70620333809615832,19.290884859016273,19.268507918351474,19.438096837896808,19.465857302051973,19.629883388445194,19.630106089627986,19.86990743953595,19.967207529025302,20.169606207409515,20.285660165604725,20.654257188584552,20.895291180781101,21.33078832035136,21.664472274574337,22.202008550592836,22.730603797478693,23.332360353612557,23.901339536360922,24.759250753505285,25.390057218468542,26.243783589677832,27.112338956788108,28.14786885900071,29.237843757288601
0.70680413774094331,19.50416376918497,19.450602338532121,19.659281393616254,19.692737542717225,19.856375366252394,19.826123450313958,20.13030622464089,20.157207219868155,20.423498187172981,20.502617454771041,20.874480226060882,21.14071526255384,21.531301148823331,21.909581066113049,22.4640696533138,23.001009064710843,23.6147296668629,24.179818355447765,25.035520306917419,25.689895125225689,26.54476327749785,27.406943203931291,28.470528061594337,29.561551169744462
0.7073909723740448,19.76983831890368,19.649457327985601,19.882315006450426,19.921974426279633,20.097220722219788,20.04454764414163,20.336196836171609,20.36090769910777,20.6286397578167,20.708916848294962,21.096550888278273,21.376316326703659,21.772016933465068,22.162483984739538,22.723385156037125,23.251689632464149,23.888391685068655,24.460320960038075,25.253860503471628,25.979388678645478,26.883529559596923,27.705736080848851,28.789326868687112,29.877118190447163
0.70796416659876948,19.977878903256681,19.859617305922825,20.093943615753005,20.140652928825546,20.323906205734431,20.259349799311622,20.551721828482869,20.568111920586091,20.836914748679192,20.906146674634272,21.314748489829697,21.599777456645938,22.001779025914857,22.412636028254838,22.979917588682781,23.499620187083224,24.135235846572186,24.749402463641786,25.563137959770074,26.274468544930642,27.172514433739821,28.001176687525572,29.097826648978071,30.19770731265919
0.70852403747333148,20.182856786160528,20.066249217950713,20.301086662902094,20.338873466497034,20.536262173580099,20.532258093938879,20.750518023293182,20.763236331865926,21.036779441268379,21.129395505994694,21.523210540531295,21.806350626485312,22.243188796654522,22.652922055876957,23.239640853400601,23.748377428461026,24.403413075603112,25.016222215833523,25.876192375274059,26.553107611448013,27.457674293020091,28.273574213963457,29.401212123099072,30.511452524436322
0.70907089468623041,20.34663272310479,20.277100089703083,20.526011411745401,20.536918124944236,20.743243371935932,20.732803472157912,20.934467947965516,20.949193098892636,21.195569942279576,21.335844818841508,21.7344740964773,21.9882706802955,22.481332328594419,22.894245929553222,23.484202741515105,23.995549238849321,24.667837127899361,25.274860290825814,26.162346760589799,26.822026842581749,27.720079680380877,28.55723115012961,29.705234839426907,30.822906797875703
0.70960504072755393,20.544611630423105,20.459085492577685,20.706947596889165,20.737861356696158,20.967148918874273,20.930865484025787,21.12477241178658,21.13495687817624,21.383251735050749,21.531688914430106,21.938463704690889,22.202942600262304,22.717303503175344,23.126884253852495,23.697433637548102,24.23638927293598,24.921954089527844,25.517244369445052,26.419137344393221,27.085474074508284,27.977621785496467,28.888063498123302,29.993301153559742,31.131337548212059
0.71012677105629751,20.738356707744231,20.652943410462228,20.919057322037361,20.932702762590907,21.162029920083455,21.105579276826631,21.339145630090115,21.298402027799909,21.569334997223564,21.72356195998384,22.136928035917663,22.427190190589727,22.935181859056229,23.352075038931048,23.928842491926844,24.493608449048565,25.163648393522863,25.752571720072183,26.650112042435921,27.338544376765071,28.234847613482884,29.15909477866694,30.274258888689701,31.421393642813655
0.71063637426379578,20.923809523543127,20.842158133765679,21.125870995520813,21.121329830710238,21.372118208052939,21.300522147020274,21.520097080613937,21.46267076845561,21.75108390987009,21.912348913803157,22.334452442927159,22.658194142972889,23.147077721748133,23.570066340991957,24.145994077581349,24.726078909882517,25.39865519476075,26.009480714917345,26.853816604974327,27.575773494580972,28.515685686067513,29.414690290938438,30.527169528652848,31.706084318536341
0.7111341322333542,21.109128567601033,21.026586302735382,21.309691704831607,21.297976308558759,21.532227939670861,21.481872295257062,21.695996231591494,21.634464487359082,21.939117934934302,22.099142908470299,22.526862886570484,22.876818947961624,23.336806332494461,23.783217072319417,24.363855303586888,24.947357536864729,25.622960172324042,26.237506649743864,27.06590935176223,27.807037873041281,28.761644217766161,29.665806266999198,30.790426467078987,31.967934849017865
0.71162032029617128,21.289675374797412,21.255721039775381,21.461239942985685,21.474267993245576,21.708260594744957,21.657843541385091,21.883841416764994,21.796060159504577,22.11392220074174,22.279809836508775,22.718608226464426,23.07083475646732,23.52443203438304,23.98980634649115,24.570060565982317,25.159716260765549,25.8342431211139,26.454842245848681,27.317244445360075,28.035652280759791,28.98468523141662,29.896773425648917,31.043166045819362,32.238437875409318
0.71209520738363574,21.465401938371315,21.430614014138882,21.601553490469541,21.644490256610652,21.878102401956426,21.828453355008833,22.05214921563902,21.963662926008851,22.295278684977802,22.456060262600545,22.871911415391992,23.264086301464545,23.718365219486259,24.190043127999047,24.811131031704917,25.358493075272349,26.045780191666267,26.66241169659736,27.528789443564051,28.290595932229166,29.21171371472451,30.118790275110769,31.291171103338911,32.492077166594527
0.71255905617608395,21.636301341790954,21.600594386526836,21.778536580390323,21.777293250471189,22.035163217752938,21.99376303809936,22.215355139720373,22.127614893169152,22.471036801199375,22.631226209903843,23.052644677861281,23.411571715300852,23.906926599824487,24.379650648433767,25.008837413541414,25.55169606253321,26.25543997462114,26.867214431641628,27.732738797870184,28.507012929225084,29.420720615162281,30.344457402407443,31.521779716448691,32.730691782139729
0.71301212324809993,21.802408141753745,21.765703569326206,21.940357990677967,21.953111302577781,22.193151974430748,22.118814508536275,22.373570549253941,22.310235956588372,22.632990079960905,22.801500575609225,23.235142090878185,23.587470302657152,24.089902485378389,24.561311047197819,25.184698985293153,25.736276924441654,26.457462019375839,27.062347770906172,27.935295095280139,28.712406808971764,29.630935758593068,30.552098963248682,31.749141465310458,32.968133276939852
0.71345465921043727,21.988630880320557,21.86399496987849,22.097491594587609,22.107018772457991,22.347925364585194,22.271598413287961,22.526939703403173,22.4633265618628,22.784317626592042,22.973427919133201,23.413527512413566,23.741227788518358,24.275329190786238,24.742086564841998,25.35553399356877,25.925359339552188,26.648278121993258,27.246790521386288,28.139790598998502,28.900912545622987,29.834906667902487,30.751671416828685,31.967175960472332,33.197244631477133
0.71388690884864314,22.147522002284404,22.020113456917784,22.249427613348303,22.25564760645932,22.494665402306964,22.419530153081496,22.669510710902387,22.613259823904173,22.936844683451568,23.142652307178309,23.580233619704131,23.905893017231392,24.438637276711347,24.917012514412477,25.533957159795591,26.113057419366669,26.82785665855647,27.430267436703048,28.326033658844381,29.084661264444094,30.024030299827245,30.978080423048823,32.179321105751342,33.418833465504122
0.71430911125845908,22.301738097231805,22.171720064920919,22.382807151301108,22.395793622344854,22.636134943491584,22.5728787943317,22.816570714889281,22.762560926358447,23.0882561396852,23.293958542621567,23.745942679394602,24.06842300448875,24.606674712626386,25.092227883683904,25.698838703865476,26.285993596697949,26.992666916899907,27.61795353427226,28.483668412876341,29.268500552301248,30.228137372706897,31.182508704673864,32.383175761135817,33.631926370317387
0.71472149997807566,22.451409726562702,22.318944399985071,22.524595218805757,22.532852582837336,22.790260741610382,22.710695795449737,22.959266601720856,22.903090879331103,23.236104940654172,23.446092553055564,23.903494772625208,24.218850434580759,24.767968024328979,25.257083541547217,25.865588683150463,26.460727982133562,27.16399233083996,27.788637186359892,28.709570586579048,29.444359502097086,30.42385756460294,31.371475952164246,32.579300243234684,33.829468861339819
0.71512430311731179,22.576879401525844,22.461930801765789,22.687415942174312,22.665423084094073,22.922423634248844,22.905418547190038,23.097781998809182,23.042555942192962,23.412576514935608,23.597068380945643,24.057861819417212,24.372982480674068,24.925056396836794,25.427617353639448,26.02784272839142,26.621406553885663,27.338147781661746,27.965755962079356,28.876247144470653,29.617643442879853,30.589302509568597,31.559722239205939,32.769666502130576,34.036214969836237
0.71551774348379282,22.717951195364208,22.600835466207741,22.822428305089943,22.793737736379512,23.050040857492604,23.035368711546425,23.232382914320283,23.174387918925618,23.554863281197981,23.742022517185774,24.159706975652398,24.575360368003771,25.079243035431432,25.582494775988721,26.189242678023675,26.781124166196719,27.498355929846639,28.125412999358105,29.03010586683331,29.782637700288433,30.759848309508243,31.738703532463433,32.954396686633117,34.228284504698422
0.71590203870619395,22.854953828034695,22.714793270448922,22.944833602202948,22.929452317206483,23.173368607465591,23.161238781200609,23.365316271512484,23.308412164583387,23.694207508097293,23.844520651328594,24.304394828063892,24.723256213905302,25.232149721571091,25.742911035220231,26.341940312129395,26.923134690581719,27.663664858208222,28.279187806643904,29.185638309730848,29.938458135402698,30.918310098081292,31.908943735461207,33.132297383334389,34.412351519918047
0.71627740135462092,22.988050055462395,22.844886329980113,23.071956641627025,23.048721335080586,23.292662849553039,23.283262253265207,23.494588474966463,23.448956466663844,23.830236360913204,23.982354355410052,24.433913125963159,24.861993991058171,25.378527568853997,25.851194301280657,26.526526321643701,27.068380830700107,27.813241953039551,28.425909820187599,29.3333603452852,30.092470380154964,31.077330041221785,32.069256227408459,33.301452930459391,34.592499425308006
0.71664403905819096,23.117407154474563,22.971414730701326,23.161517077628901,23.18241187811077,23.408174137190372,23.424474792766318,23.620377437665184,23.578206941965732,23.965070272333378,24.121724731841823,24.572106591103079,25.001943201158156,25.532125291929674,25.992716852040189,26.669383812488149,27.203342830992142,27.957003490643046,28.570080080241951,29.479178033551534,30.226915262604507,31.216625771061899,32.228160124352144,33.460536159505182,34.775852079789274
0.71700215461988159,23.243191519742254,23.094545458726657,23.280590512573553,23.295223062086393,23.483338844565992,23.53924330757286,23.746893397409281,23.713088925532247,24.094723277904222,24.25410201808711,24.716024779439067,25.130891385345876,25.676563733135026,26.134218459690032,26.803492003316251,27.333266932218748,28.097000020572523,28.705560872324895,29.611692526060324,30.371426078397235,31.365724778509048,32.369057225633924,33.622286914433516,34.945686719862806
0.71735194612870956,23.365566928959652,23.214444107942199,23.432979949248761,23.404930247043012,23.642600427095658,23.650786815864649,23.849312919729641,23.83645379176312,24.218696782892607,24.388733547445554,24.84895282893001,25.264056696473176,25.807849955049278,26.267799471361968,26.937940321811311,27.471839709962069,28.221680740831061,28.840992299800291,29.74858650626993,30.513982631366389,31.511176733882849,32.518766882373484,33.779094098509404,35.111625634051279
0.71769360706930252,23.484371127074837,23.414572640355232,23.545106052420238,23.477476314021487,23.748189306946074,23.759313174537056,23.967128961429466,23.96024958753128,24.342568472381913,24.516144846986549,24.994852775247637,25.396032925299664,25.938654229495114,26.407420690347863,27.06200735206744,27.601478113069334,28.352809226802037,28.977512607524432,29.881662280278533,30.650374747304568,31.652442008421758,32.660581945153126,33.932122587534423,35.272429908443655
0.7180273264289232,23.600903598171726,23.528488606557517,23.654389736608209,23.580721754996262,23.85094785958222,23.858812186335967,24.082217792499137,24.078677491398025,24.453028857720142,24.643251351579124,25.14887712466134,25.522532503472121,26.071624287064424,26.534119731102237,27.189606312716705,27.735286046120336,28.469156014167993,29.09371569234645,30.012391332149264,30.794993114304589,31.817656045430567,32.802827346693221,34.093753103300287,35.427224147978905
0.71835328880200677,23.714427353324595,23.639596990535779,23.760996463797824,23.644971657056999,23.951071950648384,23.987351925301368,24.19472204230226,24.164904835522179,24.558741056867916,24.765846344292186,25.281420443618572,25.639958009169732,26.197033827487985,26.657626432941015,27.30876559909143,27.858216812432829,28.59339422923108,29.226699235296564,30.139601676219854,30.924766787361477,31.951478031904117,32.928435327066154,34.239765289222305,35.580204371364289
0.71867167449226776,23.825088735079589,23.748044636782652,23.865083848806989,23.742596647850519,24.037284031821969,24.088103408074858,24.304769166249798,24.279148406324566,24.674115823816464,24.890842748842033,25.403439822415066,25.760845033169971,26.324691394491992,26.783841445452254,27.429915679983196,27.978073659550091,28.708440908602142,29.348239374593277,30.26291682409601,31.06003111743621,32.077828834589127,33.064603227443058,34.381847328231743,35.727211503821081
0.71898265961243357,23.933030751664319,23.853968359795658,23.942873452192543,23.838167407419974,24.132519364560494,24.186450127338503,24.370347997629779,24.380332689255511,24.789432646943169,25.009092204017179,25.523410373438992,25.870165635009016,26.444380670074679,26.901411669157596,27.561209096204493,28.100531267691849,28.843156762617809,29.466876464980942,30.410848096602876,31.183030142468851,32.205743644309678,33.220436845583663,34.519013513854134,35.873151406640545
0.71928641618166045,24.010967091376415,23.957497527724058,24.042425439382441,23.931822991667786,24.216816380348519,24.282551513737076,24.47524412790699,24.490937690356304,24.902747934293302,25.128976437447591,25.640148672533769,25.987200598326808,26.56313225248482,26.998244760030275,27.676872714029514,28.214621401303475,28.957865526242358,29.588141117962095,30.527796126676776,31.303250829757644,32.310150492623279,33.35078757770566,34.654992374235235,36.002172135905312
0.71958311222068394,24.114653701273596,24.058753944713203,24.139929127994151,24.023695350738308,24.308955396505553,24.376554605076763,24.578102042889441,24.592973950638907,25.017102465344351,25.270412366640358,25.754483719205609,26.111710281872774,26.689651533970164,27.110812381587948,27.797906648511116,28.326425159036262,29.070728536701608,29.701476248704921,30.610509896847589,31.385987858753424,32.432195748393497,33.478444614409682,34.784292819985467,36.142668001002448
0.71987291184475888,24.216049226345149,24.157851766287763,24.23147262802263,24.113901851418404,24.399263449602813,24.468596110947828,24.679025865124913,24.700190519587522,25.127042316515826,25.366916874972958,25.857311153200499,26.22428820574396,26.802327751474422,27.215922088381831,27.90855626425946,28.415462454655199,29.18111417999171,29.811371828375968,30.72220881385374,31.501541036440813,32.542757240315268,33.608955665056556,34.914799136774946,36.2800470854786
0.7201559753544382,24.315264285513422,24.2292890057563,24.324969640181052,24.202550205989837,24.487858901002255,24.521551875999421,24.778103390265187,24.805736773084845,25.236950272238801,25.47517812549745,25.96718895382719,26.334529329072893,26.918110212418014,27.323956152173423,28.016908235031906,28.53290058625953,29.288872724327575,29.920023061860547,30.831710137581922,31.618767668097462,32.660338401046602,33.731100559677543,35.039149521112449,36.428649993616546
0.72043245932424249,24.412390746969095,24.29894708223992,24.416727374040192,24.328725320651756,24.582957978947434,24.588518765853678,24.875420163576109,24.917712697876141,25.343248668987371,25.581624915066868,26.06958237729441,26.442912218912625,27.026482003874207,27.429874605635632,28.129116556740655,28.63753525018933,29.394823480321975,30.028658626624519,30.925540676825449,31.730165728603879,32.775771757776511,33.843382038445498,35.164582553284845,36.561202187750496
0.72070251668926744,24.507527811523687,24.391527687724874,24.506836290477167,24.443740482234944,24.668552275788215,24.676500926890867,24.971052116042983,25.020423541394166,25.470232369910036,25.66570309289591,26.17576426430287,26.549339961550686,27.135058987417324,27.528882164683864,28.233205830857969,28.740169700335628,29.498206422957992,30.133268281525261,31.031196680081621,31.842980951364552,32.887262190558431,33.96123605465732,35.287938354990274,36.694345751771834
0.72096629682977909,24.600760668724888,24.48235396735754,24.595375219221523,24.527556191628037,24.752793428750465,24.762909289353729,25.065068463391754,25.135398722941545,25.570146399498526,25.768582694613997,26.28013501543569,26.651249035151295,27.239267584692698,27.630928755293553,28.335349917089161,28.857223318394745,29.600032637638378,30.236041931479804,31.160532271441525,31.950269599026569,32.998969398597183,34.077281336341002,35.412606675471125,36.822609423309586
0.72122394565384274,24.692169978869515,24.571504588668859,24.682418969469836,24.610103330804122,24.83575294718662,24.847829424708607,25.13439512323589,25.235235005983441,25.670685034576081,25.869924520014592,26.38020691633119,26.754153972019822,27.341573311549382,27.73665465980207,28.433784708687199,28.956294060466917,29.700034198579488,30.3434792895182,31.262867423736679,32.055830200499031,33.109380489572914,34.185887484269415,35.532885444744352,36.948984131790894
0.72147560567803015,24.781826024490329,24.6590489036912,24.763776248516706,24.691448564356278,24.917500901066433,24.931338392056659,25.224999811239513,25.333565419073238,25.764175462522644,25.96208940510769,26.480889562959192,26.873810958906688,27.43290950872688,27.835724142277513,28.531895906890895,29.05983424345618,29.788545907602611,30.442928598970866,31.363560521280533,32.154836364008361,33.217573180533236,34.298592908638057,35.651439049322562,37.071811868289842
0.7217214161062524,24.869799839447523,24.745052425583481,24.850260037389035,24.771649393697089,24.998097719831321,25.013499791816457,25.314242899092505,25.460465662120669,25.861380940060144,26.060785494618358,26.556091642125239,26.977378430081671,27.531251605473017,27.93309283919757,28.622950026292301,29.15576880811841,29.885066620190628,30.540810409303504,31.509227645870624,32.257219252090863,33.324183936899999,34.36990779483699,35.75717047523267,37.194893719662559
0.72196151290675892,24.982031798872185,24.809643595588113,24.932939203029719,24.850757246573039,25.077596694366775,25.124627574163242,25.394480016090483,25.555584736841638,25.957109723965004,26.1937121538881,26.666578748494658,27.074572301040689,27.627924786503399,28.039800908467441,28.717560444754554,29.250143345003835,29.97351501630169,30.638062199376691,31.573593361903932,32.35812803802628,33.446099263280757,34.47958035554575,35.871866342892645,37.316369750086324
0.72219602888734757,25.066310724416098,24.886070681169713,25.014353136191403,24.928813987348576,25.145763205105595,25.229773405159676,25.482074149766959,25.649292231863001,26.04359368836981,26.290526290168373,26.763914339070425,27.170130467704894,27.717336184399983,28.134032101998855,28.810632220369826,29.349463344616652,30.085742838363103,30.732412785321912,31.670408975187456,32.452156489229992,33.550190379728747,34.587808090490398,35.98509105910307,37.426928938370565
0.72242509376882647,25.149110966488706,24.967358843854754,25.094550923578254,25.034513684138119,25.223363771571712,25.309770645333856,25.568402278541498,25.742552558664784,26.136502456732387,26.385838569493217,26.859720173846426,27.265384134285341,27.810795571130939,28.22673616094221,28.896179338345746,29.441320201164217,30.177987994645036,30.825428364609934,31.741116812520886,32.550146460304404,33.668747568986646,34.703973686960126,36.090144636990772,37.545091507887264
0.72264883425676774,25.230482251564581,25.047308013391785,25.173568375933883,25.110429569159805,25.289139440453255,25.388582694795787,25.666111083158967,25.833649028045102,26.22806536368148,26.501532194090942,26.96117166606723,27.357525101258716,27.902747721657079,28.322126082576233,28.984316668708288,29.531781171458078,30.268820439395995,30.902489372125274,31.83510618388118,32.646839715856231,33.747260241638742,34.809381661522366,36.201249583861681,37.661882139222598
0.72286737411159396,25.310461126321115,25.1259584494112,25.251439225809008,25.185393216246666,25.363980373255799,25.466249515333402,25.748354381707259,25.923388083594773,26.318061544470538,26.593668721357062,27.054143935163211,27.448210067528635,27.992499872758572,28.411919315662999,29.072862441186999,29.620891038097625,30.363253799746417,30.993218449159031,31.92783700879022,32.739766503186047,33.846754866009178,34.913507680845214,36.311024830847145,37.775597668438422
0.7230808342170354,25.389094186709599,25.203346863931301,25.328193032152058,25.259431641242372,25.437908930941148,25.542804906482615,25.829455197569587,26.013730683544054,26.407087715791249,26.684372061757813,27.145657248475572,27.535548717341726,28.081612422884291,28.500308236400087,29.150887170754686,29.713339702477697,30.451477766207518,31.082741307404376,32.001550111039478,32.833889778429921,33.945025980412083,35.016390437146129,36.434400775920494,37.889816606459135
0.72328933264699602,25.46641321127322,25.279507226799069,25.403855443260454,25.332561411948518,25.510948833050179,25.618278841198162,25.909433238934525,26.101009106589117,26.49480220763121,26.77366934223005,27.241314319044477,27.623022188841105,28.188221100299415,28.589588560939092,29.236548759621428,29.799663110962229,30.538453019162716,31.166518316715155,32.091639601987481,32.926837915310443,34.042106362245249,35.114071807251094,36.541854075468109,38.002707164500407
0.72349298473086499,25.542453347738046,25.35446769468922,25.478449752321922,25.404802831041479,25.583120504470116,25.69269391168109,25.988310003980814,26.186984179429146,26.581215014364489,26.86411499225369,27.329919716111817,27.709096720521984,28.269746434419176,28.675286141666447,29.320941439096487,29.884740165696485,30.618267703260244,31.253845847226785,32.1805764301007,33.027815839732284,34.119665534454725,35.214638883829593,36.647986512220996,38.119162196612251
0.72369190311731035,25.58988366666631,25.42825705937571,25.551997579837689,25.476168134483487,25.654431533637535,25.766078802450238,26.066101454933914,26.271529582600806,26.669811990201197,26.950309111083925,27.417131497126093,27.791340769188309,28.354355276623664,28.759679195921535,29.404097565601887,29.962440913158161,30.70274793210524,31.340051103894439,32.265199894957959,33.1185896563602,34.214519229988127,35.314038330582207,36.768772529712805,38.229155906978576
0.72388619783659014,25.66369078614116,25.500899076785799,25.617206585361373,25.546670151012222,25.724899147260203,25.83844776549995,26.168565168159603,26.354862742518208,26.753805162217304,27.035157457841478,27.502317531908602,27.874718958685662,28.43762376627501,28.842787528940107,29.483527970068963,30.03424676563418,30.786072467672057,31.437448105481508,32.351744934426961,33.219243575185828,34.308249137430266,35.414008922826724,36.872513844976766,38.337905754931398
0.72407597636141408,25.736302529341401,25.572415694357232,25.714586416207567,25.616317161599227,25.825909073515732,25.909823768352453,26.244557591289094,26.397797340713623,26.835911347062392,27.115865999190646,27.586524002969327,27.956774260609791,28.519603555633694,28.929475000103366,29.564628048668965,30.115543963426717,30.851676590140642,31.521497484760403,32.437204374645262,33.307967647188889,34.394415570761794,35.511226669871121,36.975077109128051,38.445419524568479
0.72426134366639228,25.807746178421439,25.642826653003567,25.78540006621165,25.685115252984588,25.87888702038299,25.994300170539645,26.319489550882508,26.479147777248045,26.925328413164834,27.197857939189817,27.657882513012964,28.037528431816554,28.603255920323591,29.009952969923688,29.644546552899328,30.195685005052383,30.93273551364382,31.604464899872028,32.521592073961983,33.384623543397538,34.485926607726014,35.607346631446944,37.076463898302791,38.546280488514185
0.72444240228610046,25.878028771079016,25.750586635029094,25.867935100175146,25.753072316220141,25.946999135954229,26.064813692464668,26.393373107895513,26.571349666361584,27.006205614443388,27.278554762996237,27.738541429857833,28.120786562439207,28.682721769197769,29.089216308821051,29.723300089725171,30.258579248530623,31.012689722348114,31.686367084828817,32.621303797196106,33.471121356127242,34.57634967975082,35.702350261276024,37.183940363510374,38.651302883004973
0.72461925237179625,25.947182979449735,25.818635251248452,25.936124000396148,25.824643098062097,26.014285270270193,26.134355000966707,26.466213634711266,26.65017123278767,27.0858078117692,27.357967226717847,27.812992433882073,28.19901399975106,28.760960211394377,29.16728232180003,29.809064897772942,30.336644726623945,31.091551689181188,31.767674122327207,32.703561231836375,33.556556888625892,34.665681133994894,35.808310330684435,37.282492142937372,38.755111373548061
0.72479199174681785,26.015220510104882,25.927534208208044,26.003345004864968,25.890546494279079,26.080747469353355,26.202936834926049,26.531620732145711,26.727758539128672,27.164148597336634,27.439328814878991,27.891082591710529,28.275949043767241,28.837983169220252,29.244020025516193,29.88576790704542,30.413606418400832,31.164387908270328,31.847466973603105,32.784773506807596,33.640936528401198,34.755731005155212,35.901023092993455,37.379883786813934,38.857709571157102
0.72496071596069322,26.082160484873611,25.993699024664693,26.069605473487172,25.955601007068481,26.146388576309164,26.278359357199633,26.601881193534837,26.804111400246256,27.242416600132856,27.516249506201575,27.967923066287995,28.351653530639396,28.91703354268634,29.319822198639486,29.961346763476286,30.489479044687869,31.241121396046083,31.94069495156873,32.864949401075592,33.706528719094422,34.843204790372511,35.992622236748957,37.476118375402621,38.951618257354312
0.72512551834199346,26.148012988283426,26.058824658228787,26.134914067685031,25.981534424507117,26.211210311497553,26.345065115478974,26.67112688491693,26.885388822443701,27.318348661510299,27.591922271769135,28.043527931097287,28.400341523056568,28.991809993250172,29.394464789153062,30.035815899416093,30.563006864839508,31.31679751309639,32.017917572697343,32.972144377722088,33.788903162118459,34.929597525544523,36.0831030002023,37.556320895608224,39.051649423750405
0.72528649004995649,26.212798229237478,26.122927553343061,26.199277612063497,26.044448803148271,26.275211168688429,26.410830897112646,26.739364337860252,26.959181989002218,27.393045081828859,27.666360763964121,28.105564091315273,28.474434773505209,29.065420548144857,29.45644263991403,30.127431596860106,30.636821307408354,31.391420788830601,32.081880810355187,33.050251845035746,33.870233665038086,35.014910189921011,36.18648067075992,37.650280639774792,39.150481191918061
0.72544372012491098,26.276524918456516,26.186016098033406,26.262699925968036,26.106534320199216,26.338393582359231,26.475660691730354,26.806596166534973,27.031777805040065,27.466531132048658,27.685198498907766,28.178605173444339,28.547325667134828,29.137877765115263,29.529682547920174,30.199731936612579,30.709559486834451,31.46499861362031,32.156834783713748,33.127336935744552,33.950523546039221,35.11158219005938,36.274769935831955,37.74308541563596,39.248105555306211
0.72559729553752883,26.339210802872913,26.248103139681234,26.325190595393906,26.167792039704409,26.400750692465635,26.539559643824077,26.872831865519402,27.103179670811642,27.538831000989148,27.756773004152819,28.250457158518202,28.619027542893718,29.211156684417119,29.601092242608502,30.270308605845003,30.781235779469853,31.538102121454131,32.230777611838221,33.203402358867152,34.03685017987118,35.194814856821267,36.361945456155809,37.834731753987853,39.332679160347197
0.72574730123693165,26.400865432044384,26.309198650400049,26.379239172182452,26.228218468829937,26.462288797417841,26.541091973742596,26.938077056560815,27.116773404221476,27.617259599026511,27.827177760687619,28.321122162681831,28.688025611232661,29.281138107272227,29.671373091162195,30.339818463461143,30.859597983991989,31.609833817607068,32.303713700065146,33.278447758154925,34.115148182805115,35.277050066661104,36.447984060377621,37.913078867640706,39.427989549414178
0.72589382019768056,26.461501403406828,26.369312307626615,26.439587433129645,26.287818830470087,26.523002541967116,26.603037138311038,27.002336868471048,27.195007112709618,27.687037255951736,27.896409064974478,28.390613433921544,28.757484541619988,29.349990417573281,29.740537079498608,30.397789058014496,30.929081779050193,31.687204716306042,32.37564068980646,33.387637789850487,34.192404367477138,35.358213866436472,36.532897432715799,38.002318377511983,39.522080996225668
0.72603693346567244,26.521130639577223,26.428454892311493,26.499018523494442,26.346591916116722,26.58289247061748,26.664088189041422,27.039511454825742,27.261648750791892,27.75563268665428,27.964477465565324,28.449901544958038,28.825783657059674,29.418811072058134,29.808593843670451,30.465278965498783,30.997521804331882,31.756693576238831,32.440953918328432,33.429044427838107,34.268623898770329,35.438287837185726,36.628310154017527,38.090392073195744,39.614954835651588
0.72617672020296986,26.579761491585714,26.486634913636635,26.561671837810763,26.404537952014607,26.641960617903351,26.724247645490095,27.101871395027729,27.32720303044789,27.823056380712615,28.040634368248675,28.517255224975315,28.892930539272584,29.485481687105221,29.874505861046828,30.531732059868546,31.06491950530858,31.815974719494989,32.51100178290244,33.501963739184248,34.343796973499138,35.530644495477191,36.633707325581781,38.177295754555416,39.706604453018372
0.72631325773158939,26.610321969678807,26.55130168387268,26.607704505455558,26.47266948918309,26.700199646297051,26.78351650545892,27.171673841573238,27.391676466287208,27.889318041581191,28.106660441540953,28.58346246303563,28.958943314546332,29.545885198755741,29.940282140115642,30.597154387765158,31.131286086847695,31.883415293944381,32.58004091408975,33.573848503789122,34.430447577585255,35.60851894941834,36.71481274243024,38.263026643832745,39.793729177975365
0.72644662157627127,26.666502282535248,26.607205922221738,26.664295592691133,26.529434608602969,26.757616010673701,26.841898395417957,27.231339892336791,27.455079416675062,27.956183012487372,28.171554622781059,28.648536987285524,29.028019239419791,29.610194611846055,30.004975767519227,30.661545783512793,31.204751915398447,31.949854317245354,32.648033403007503,33.644696875673617,34.503759505677408,35.68535560606324,36.794798915575484,38.35345465077171,39.88329020979927
0.72657688550625554,26.72174148985664,26.662173004430542,26.720000954566331,26.58536560223979,26.829114335490431,26.899395778486905,27.290055434605165,27.524770446890898,28.020092557106636,28.235319693286328,28.712482650623315,29.091885265171413,29.673440311825289,30.068598620269768,30.716928276162889,31.266970556109072,32.015291522337066,32.715031847812952,33.688472326498413,34.576024892327951,35.761106914902484,36.873671531906894,38.437024564904732,39.971611468711217
0.72670412157608721,26.776047817244489,26.730794518581888,26.774826319783188,26.640458626540749,26.884438124940743,26.956012918530632,27.347826637404296,27.585941365166718,28.082874717390951,28.297973564855738,28.77434653868454,29.154637745651826,29.73560946593102,30.131157904051179,30.779367188601782,31.330093171107819,32.079732447883089,32.784361975124284,33.757265776069744,34.64724359955926,35.820666787810296,36.950390188916572,38.519409120637192,40.058688081242053
0.72682840016547245,26.82942671312162,26.78358155026217,26.828778417713238,26.694716472151185,26.938947377457453,27.011753066312849,27.40465691600275,27.646068367741009,28.144537379068424,28.366307138351658,28.83621620516351,29.216293192077046,29.796714784444248,30.200643325327746,30.840793687916403,31.392214154535395,32.143181055997047,32.849502064003445,33.825028014754935,34.71741059419719,35.892534208795496,37.027154811507444,38.600614409450827,40.144519375899108
0.72694979001820825,26.881893283604541,26.806134282716584,26.881860502979634,26.748143687757874,26.982704472702835,27.066619089909182,27.460556286471501,27.705157607189221,28.205093940604002,28.426764208292298,28.896995111268325,29.276857256137873,29.857677488337913,30.261211612106308,30.901214167890657,31.45331530208432,32.201732815902687,32.913653768743188,33.89176452003494,34.786538469993047,35.964744845206042,37.102802907756995,38.680639036116645,40.247513626663022
0.72706835828020844,26.933455380266878,26.85758425732206,26.93407826506791,26.828055024541527,27.035938066578865,27.078449034867617,27.515529556420461,27.763218179749629,28.273364218361849,28.486141224390622,28.956692068753682,29.336345567080116,29.916683287207434,30.320742968478726,30.960637180749472,31.493831518855131,32.263207689568844,32.976820077915818,33.957479500622412,34.861165421719761,36.035878390177004,37.177332046603169,38.759481508217959,40.330776091010648
0.7271841705366443,26.984120969453897,26.908141914567295,26.985439217907924,26.879978931464166,27.088356132755962,27.13164708629256,27.569585974079928,27.820260727080495,28.331671196041952,28.544447663827896,29.015314830062607,29.403493887595687,29.974654846535941,30.379246837003393,31.019069450508596,31.552845495398742,32.323705020024136,33.039003738322208,34.010234036743896,34.927987503591339,36.105937530421215,37.250745252013076,38.843445479892125,40.412790646225858
0.72729729084822248,27.033898710278663,26.957819453872617,27.035948028057419,26.93107068300651,27.139957178951363,27.201536568511983,27.622730907121422,27.863684129305511,28.388909164756569,28.601696062736664,29.072880172532678,29.460827616786901,30.03160533405935,30.436720511346493,31.081112520894521,31.610883562635081,32.383231875039201,33.100209883512434,34.073717613492136,34.993777758646047,36.174923604954984,37.335455942017688,38.919783189982354,40.49356095807525
0.72740778178662024,27.082802169661363,27.006623055437785,27.085610677107752,26.981333681412025,27.190750079725149,27.25318789006792,27.674973454166548,27.91905243622341,28.445093643611926,28.65790381638044,29.134851820065023,29.517118227382298,30.087540917401611,30.49319033501456,31.137650834193664,31.66796118786533,32.44179751168349,33.158911665268079,34.136195130105534,35.058541082747979,36.242833935019007,37.406785907132871,38.994946680837529,40.573086895669803
0.72751570446909608,27.130834608665737,27.054561437950042,27.134435267847493,27.030772912247812,27.240730814873586,27.30398711942621,27.726319440467933,27.973422366437944,28.492736199820683,28.713066384898411,29.190367414544653,29.572376584236736,30.14247587675959,30.555102201686395,31.193214900027215,31.724074206077148,32.499407717268241,33.218188009355799,34.197672737261655,35.122281136559195,36.296075138959168,37.477000199449321,39.068938314647312,40.667729510997106
0.72762111859229639,27.178012548659581,27.101645950337797,27.182425422940696,27.079392808342163,27.289906079055299,27.353940902434033,27.776777525421721,28.026804702173422,28.546724581897479,28.769758098625744,29.244855130249107,29.626618577359068,30.196417906689248,30.60967296415879,31.247819043637264,31.779239244197925,32.565781614242496,33.27649928344681,34.25815403344177,35.185001483139331,36.361765836019913,37.546107898134778,39.14176447222826,40.724200843836115
0.72772408246527609,27.224340308702494,27.147886436721592,27.22959062792961,27.127199938498961,27.338281136011346,27.403054005191734,27.826357780611488,28.079210167730935,28.593357527290891,28.822890393381613,29.346268799541349,29.689456589077963,30.249408447881251,30.663266872071745,31.301469578177603,31.833461502959381,32.621740316750675,33.333849457110318,34.317647559094439,35.244044664651028,36.426403906238647,37.614109692332931,39.213431396903161,40.799618167844073
0.72782465304175248,27.269831447451452,27.193293326795811,27.275936744646742,27.174198523034192,27.385857949844421,27.451332887109629,27.875061932976223,28.130645658373169,28.645366784978251,28.929841567838594,29.39864967986,29.741244699386243,30.301420224528783,30.715893528830065,31.354178252718611,31.883771403779519,32.676753428425855,33.390246595954522,34.376151877728716,35.304635185068037,36.489984993437247,37.681016229270426,39.277219564275129,40.87382187131243
0.72792288595160781,27.314493946573521,27.237874722005017,27.321472735538464,27.220394606059699,27.432642282541565,27.498782112109893,27.922905335654832,28.17891542070447,28.696386338520597,28.980813525721715,29.45003961548673,29.785520841106973,30.352474981332307,30.767568659087146,31.405954805454712,31.936340766560988,32.730825635966539,33.445698596166039,34.432393006135499,35.364224293076404,36.552528843392338,37.746823934950498,39.34651327440497,40.946811578972756
0.72801883553166136,27.358336576538932,27.281639404581483,27.36620630049606,27.265793025142102,27.478637908187011,27.545411508096322,27.969893244879358,28.22822344388851,28.74643566018085,29.030814338673053,29.500450927811016,29.835312297773271,30.40258180444539,30.8182994545366,31.464334925035928,31.98798532159708,32.783968906561313,33.500211102191315,34.488790688410973,35.422816535251059,36.614033085380015,37.826774220484367,39.41466509239126,41.018597306599077
0.72811255485572512,27.455490614905329,27.324599570040618,27.422355756295019,27.310401292550296,27.547731931551425,27.59122460128674,28.016037693353837,28.276604661720285,28.795513113429934,29.079844670708326,29.552843745453401,29.884158574548565,30.451757565977005,30.86809429691948,31.514266274632519,32.038713731706594,32.836201888682808,33.550417086163179,34.544229377410829,35.460993888808844,36.674508750299537,37.89035233574441,39.481677697636769,41.089185941286814
0.72820409576396117,27.497527667736904,27.366763869313218,27.465622028776579,27.35422790981147,27.592184781831293,27.636231416625378,28.061343523765572,28.324071258196682,28.843645121300142,29.12793632201965,29.601220287519254,29.932076666028024,30.50000959752083,30.92332042768976,31.563293129347585,32.08853738648304,32.887517488178673,33.603179040366285,34.598715791280483,35.517679051859432,36.725496534019385,37.952857690876499,39.547562478893269,41.158584704182886
0.72829350889155664,27.538785379674437,27.40814105663253,27.508097660952444,27.397277788840938,27.635855239510875,27.680435869508756,28.105824391028818,28.370633461210673,28.890840861503648,29.174414292811434,29.64865667504796,29.979077628289815,30.547349509458627,30.971257969362341,31.611426858899904,32.137459580760606,32.940475881023303,33.655021940183815,34.652257675342298,35.573394789895701,36.784053296394177,38.01429377015711,39.612326693558771,41.226843495697267
0.72838084369673239,27.579266684910635,27.448744125584881,27.549795415883864,27.439560606185069,27.678756515829718,27.723849424515265,28.149485464099826,28.416302402986275,28.93711372005987,29.220467395703963,29.695171104658357,30.02516884770921,30.597029579505488,31.018292552821549,31.658672261519769,32.185496961722038,32.989769284565682,33.705955582088791,34.704858909126415,35.625928327395286,36.841599471554673,38.074673214565792,39.675978106937237,41.283555703612819
0.72846614848810021,27.618990199287282,27.48858096398726,27.590720099097098,27.481079973169926,27.720890048444517,27.766477727381016,28.240465292851695,28.461090898460498,28.976015401781297,29.265613198859,29.740774642868701,30.070368172647932,30.642558975379188,31.064438884819538,31.705035475053592,32.248055821498383,33.038178452662123,33.755984124706174,34.756533610094266,35.679759674328579,36.898142078167439,38.134007481519347,39.738519608094975,41.349494766662247
0.72854947045138485,27.65796332643913,27.527661283343605,27.631860495851924,27.521846118633448,27.762268910978037,27.808330493389121,28.282371759432863,28.505010886210812,29.020550323037014,29.309866817761304,29.785481265040744,30.105376370795966,30.687215257914886,31.109706927040406,31.750539996504358,32.294191851618507,33.085710783605464,33.805118514591413,34.807288054259061,35.732640960901335,36.953687143026855,38.19230486692004,39.789283562960918,41.414276809090552
0.72863085567552377,27.696192485328311,27.565996929472931,27.671435198669997,27.561869302732021,27.802899313353691,27.849416922360433,28.323481349553958,28.541543933602725,29.064200506825955,29.353249957449862,29.829304826776479,30.148804140835864,30.731011398952887,31.154109294307545,31.795189717742687,32.339471739444889,33.132375685928309,33.853365140258575,34.86188457430535,35.784577143590013,37.008245729804912,38.249563932834917,39.84975634155262,41.477913211869691
0.72871034917816158,27.733690305519531,27.577612053773237,27.710258647798582,27.604284964020053,27.842783962005797,27.889741126762601,28.363808449070348,28.58370379358098,29.106979287385684,29.395782264104355,29.872254297680684,30.191378768713093,30.773954975721153,31.197656472828385,31.849691501425696,32.383908847740713,33.178184956414043,33.900737746535015,34.910733096402055,35.835579445284566,37.061827665692363,38.303282765703898,39.909147882007801,41.540416301964342
0.72878799493055058,27.77046894577029,27.614544358183366,27.748340837319802,27.642681998417856,27.881936422517356,27.929315069866107,28.403363268422936,28.62503706661164,29.148898946568124,29.437461390777344,29.908082490812831,30.233111738061098,30.816061209259715,31.240361055448375,31.892686064817099,32.427509604826355,33.223147378303111,33.952345974231775,34.958694202107836,35.885656498629032,37.114441879847163,38.358440491359488,39.967477471102939,41.601793999682286
0.72886383588187365,27.806537069217939,27.650758853119214,27.78569440679712,27.680360168409379,27.920365076965481,27.968147856833411,28.44215177699607,28.665555111165077,29.189973983740629,29.47830078271636,29.949179273258551,30.274016830066103,30.8573393466163,31.287229427763577,31.934861891764285,32.47029084245878,33.27581822204229,33.997998242828089,35.005775186320079,35.934819728317962,37.166102532258719,38.412598113238346,40.024749522817274,41.66205729431158
0.72893791398300123,27.841904109784082,27.686268656931134,27.822324545518768,27.717326014654873,27.947516940716469,28.006247911045421,28.480186727443197,28.705266133189298,29.230217272574009,29.51112530063233,29.989446720996966,30.314107161494576,30.897801152123975,31.328241512213935,31.976230533140097,32.512255714022558,33.319155775989202,34.042804254529528,35.051988353257002,35.98307835248761,37.21755192370847,38.465765946795727,40.080972064100479,41.721223157303029
0.72901027020969578,27.87657784611838,27.721081506422934,27.824506423753292,27.753593319212996,27.984668986159249,28.043624377795595,28.485841405742804,28.744186563425046,29.269643576743647,29.550182960461598,30.028899126622946,30.353393925750197,30.937462655728268,31.368451134771021,32.016799402056222,32.553420992293468,33.364042490081829,34.086773413360334,35.097336285577512,36.030441267050264,37.267306165071659,38.517954220778392,40.136157979727159,41.763757650760908
0.72908094458527739,27.910573299914859,27.755212230722464,27.859533781081382,27.789166703985302,28.021114282215649,28.080287242855093,28.522492427318866,28.782326631054048,29.308263871569579,29.588445441494514,30.067551000377534,30.391889816125968,30.977166116316312,31.367811536942554,32.056581043745155,32.593796176180604,33.405741895272968,34.159736583972062,35.141839133250869,36.086358334845045,37.316137925491148,38.569175436613932,40.190318632357958,41.82068252824547
0.7291499762027629,27.943899123782785,27.788663930744406,27.893881611136294,27.824057183242303,28.056865806883707,28.116245537032228,28.558428178596614,28.819699082393072,29.339431747644085,29.625923543208046,30.105415527663581,30.42960988747177,31.015234742983921,31.406458530411783,32.095591330948992,32.633388839756208,33.446649926484952,34.201876188913047,35.185501375570311,36.132065744301144,37.364047709424995,38.619441620824546,40.243470200078264,41.876547637666135
0.72921740324648887,27.976565646523341,27.821453712643233,27.927555465951173,27.858275627260355,28.091932530504891,28.151508695076018,28.593652184657913,28.856314734265197,29.376548421438429,29.66263463890391,30.142500358639609,30.466563869886613,31.052540338162089,31.444333733064923,32.133838361853122,32.687629966795612,33.486773562165581,34.243213420584198,35.228336929393208,36.176913344184868,37.41106117182153,38.668760893303443,40.292858601556418,41.931363090773175
0.72928326301323387,28.00858088545624,27.837516224559295,27.96056903428007,27.891828390138471,28.126322192763837,28.186088201285202,28.628176686479037,28.892189979617115,29.412897472464465,29.69858833020885,30.178825682082106,30.489614043842266,31.089094628766361,31.481452230531886,32.171330516358012,32.725664903271991,33.526122437093818,34.283756072764845,35.28221831242081,36.220908688347208,37.457182271552938,38.717151128423211,40.344044435290925,41.985143020506257
0.7293475919328487,28.039958899239537,27.869005176710061,27.992930558310263,27.924726851225387,28.160044867368697,28.21999028212872,28.662014706579612,28.91982251572972,29.448492952451033,29.733797155203092,30.214400593944674,30.525172282112635,31.124910887418082,31.517828249135164,32.207224616709482,32.762955107411472,33.564711051510585,34.323515143280929,35.32333485972913,36.264061835056964,37.502423587981411,38.748882337040868,40.394259541107658,42.037896380461461
0.72941042558840696,28.070704807578977,27.899861375120054,28.024651458028302,27.956980166827179,28.193109700505147,28.253225622632726,28.695174043328279,28.954243171401686,29.483350160154487,29.768276743923934,30.249240293515186,30.560002119632372,31.160001077865672,31.553463726540485,32.243233098835844,32.799507354897742,33.602543536388566,34.362503504683445,35.363658863084765,36.306384939786312,37.546794481370853,38.793233267058895,40.443515485555054,42.08963884458035
0.72947179873588819,28.100833331802733,27.930093248436833,28.055738264789852,27.988597444199513,28.225527178540915,28.285806019093798,28.727666663484115,28.987957917400763,29.517501095411944,29.802040666273342,30.26566052215162,30.594115389505077,31.194376892951823,31.588383397010148,32.278522914483347,32.835334899594727,33.639635368836025,34.399612031706056,35.403202510507526,36.34788926049805,37.590311308688342,38.839430976956464,40.491819832017427,42.140388157973575
0.72953174532340193,28.130351231101486,27.95971329039844,28.086202679649887,28.019589792937722,28.257303753498718,28.314741769063176,28.75950654872986,29.020979155099212,29.550955729650923,29.835096595360483,30.299069496388256,30.627527860810915,31.22804941264576,31.622588646471741,32.313105011503012,32.870451300153491,33.675996169241898,34.437015277917453,35.441973253357446,36.388585784727184,37.632984208629296,38.884190578590733,40.539163546501641,42.190153953451954
0.72959029850996704,28.159271059342245,27.988731690989198,28.11605540809046,28.049962514915251,28.288452763795476,28.346028854724182,28.790696592630184,29.053317149435543,29.583709780869185,29.867460588580798,30.331779784319224,30.660246528285825,31.261030479719921,31.654064529857806,32.346989156670134,32.904865144017549,33.711636953154994,34.473680530829824,35.479984791913921,36.428485788176658,37.68230953104603,38.92807789373137,40.585557431907546,42.238949056134516
0.7296474906838526,28.187602706447706,28.017158101807581,28.145304492968535,28.079727972766023,28.31898296270856,28.376693827948202,28.82125694664478,29.104579185347802,29.615773067944247,29.889431305638027,30.363805364933341,30.692284705161455,31.29333393241086,31.686827777443341,32.380190024164676,32.938585470807993,33.74657036915869,34.509620531082874,35.517244933513211,36.46759733070121,37.72347792866185,38.971106638899073,40.620023778340965,42.286791522773001
0.7297033534804932,28.21535359986342,28.045000314189792,28.173961926287575,28.108896027540595,28.348900672498075,28.406746110798167,28.851188175545531,29.1356634267147,29.64716015465433,29.920450128217226,30.395155762014838,30.72365536541929,31.293401808977706,31.718915609999385,32.412716399359397,32.971626184531942,33.771664521655566,34.544846255779703,35.553770916837948,36.505934677830737,37.763831639987984,39.013290184936977,40.664647245544074,42.338211658529872
0.72975791779998833,28.242535654113453,28.072272200474572,28.202035806099502,28.137476601691787,28.378216677524279,28.43619755503596,28.880509265482715,29.166094594962487,29.677882303503566,29.950816983010554,30.425849194374223,30.754370667825242,31.323085229823846,31.750341725632552,32.444577779388965,33.003999090743491,33.805156031621209,34.579365826911271,35.589567166957295,36.543511928820408,37.803385571533454,39.054639393090383,40.708386574550786,42.384321140374595
0.72981121382419423,28.269157429369898,28.098980907657506,28.232813036943753,28.165477040655105,28.406942238122383,28.465050519777606,28.909225920014933,29.195885502807187,29.707952967927667,29.980537872944751,30.455889485040643,30.784442265456619,31.353450501835596,31.781118558182698,32.475782103213078,33.035712870290354,33.837970550068349,34.613194648497029,35.624649875875548,36.596134597366472,37.842154008234047,39.095167347315964,40.751257687514226,42.429513902188319
0.72986327103341886,28.295230007675627,28.125136828633913,28.259843657750253,28.224527427090834,28.435088732960594,28.49332380704368,28.937350146843073,29.225047430634959,29.738499166662223,30.009629311353365,30.485294523890843,30.813880128438541,31.383183677568013,31.811255857071046,32.506346935655984,33.076930793189149,33.870122045311746,34.646339549232835,35.65902774116239,36.632216650303235,37.90761635190438,39.134887237636576,40.793272967534904,42.473805910772171
0.72991411822272856,28.320762296790235,28.150749793284376,28.28631859335951,28.251547610491571,28.462659239939512,28.521020096531629,28.96489258477186,29.253593514574504,29.799674982955366,30.038101931595975,30.514077863262628,30.842698470189134,31.412294482441666,31.840764328733712,32.536281533092733,33.107333551437932,33.901620799063039,34.678815794601178,35.692715941874667,36.667574995348332,37.944739950888106,39.173810249567396,40.850854665301085,42.517209935807841
0.72996378351787616,28.345764713551489,28.175829464155186,28.312246850579641,28.278015314718914,28.489668678238331,28.541713996855151,28.990949375433047,29.281534215794409,29.827794651717568,30.065967134998346,30.542239748780048,30.867087233705206,31.440797043303519,31.869656199976816,32.565598093834069,33.137113638140363,33.932475753337712,34.710630925243095,35.725717560353132,36.702218367765454,37.981116463570288,39.21195125211716,40.891185664792374,42.559741590308022
0.73001229439085824,28.370244396926637,28.200385243427036,28.33763918089744,28.303934891172275,28.516123744891729,28.568493940284725,29.017500590048712,29.297156540632386,29.855310571631662,30.093236150875327,30.569804345764169,30.894729539471427,31.468712598857564,31.897944612392621,32.594305576561965,33.166278116560989,33.962703107270499,34.741799186551816,35.77968080060873,36.736157431482297,38.016757774792495,39.249320652079405,40.93070037586449,42.601415392920444
0.73005967767511115,28.394211854319337,28.224427270635715,28.362504346128844,28.329320037497155,28.542034886718056,28.594725344414201,29.043496666929514,29.323798115737418,29.88223485939784,30.119918134023919,30.59678076171258,30.921784205674612,31.496039470750929,31.925636717985071,32.621544633587291,33.194838515943957,33.992305962752198,34.77232853519854,35.811355915471722,36.769407041436352,38.051672003089607,39.285932505672463,40.969412998433199,42.642239678435544
0.73010595958035363,28.417676799698029,28.247963384352033,28.386851249141273,28.354176635907152,28.567411946763514,28.620411397740781,29.068946073250117,29.349870743100155,29.908576202127733,30.146029327069527,30.623174019678117,30.94826345959018,31.522787303077621,31.952744499066284,32.649029937588239,33.222806528336605,34.021298745804415,34.802228598791771,35.842384408020735,36.801975203065467,38.085876963429655,39.328899655376972,41.007342387384597,42.682236081126575
0.73015116570708494,28.44064854817384,28.271003790752957,28.410689803892637,28.378515709684962,28.592261890575173,28.645567096261175,29.093857461036578,29.375385900567153,29.93434753392421,30.171580353580339,30.63536189559818,30.974174377976396,31.54896853984792,31.979278020208312,32.675938946440056,33.250191903468931,34.049691685790094,34.831514638659883,35.872774527964793,36.833876439864071,38.119379732426751,39.36400492781695,41.044490665333342,42.72141278899835
0.73019532106074492,28.4631363592664,28.293558142708207,28.434029085998418,28.402347302626367,28.616596260536653,28.670199518291838,29.11824409842734,29.400349827735454,29.959563462852202,30.196574977052478,30.660639823332076,30.999532562931108,31.574592426394702,32.005252505712633,32.70228447649788,33.277006681862531,34.077494379743257,34.852922332533581,35.902539608776351,36.865119784718445,38.15219577521566,39.398390966786792,41.080876458061539,42.759785305615424
0.73023845006554611,28.485146853446395,28.315634437180051,28.456875117959726,28.425678193762451,28.640423388021873,28.694320585373134,29.142115438050951,29.4247797486114,29.984227201952308,30.221032713504883,30.685373225479907,31.024346373679691,31.599671336278334,32.0306724215543,32.728074680998816,33.303256868029621,34.104720276465287,34.880991490727411,35.931690050838824,36.895718666332868,38.184334436140489,39.432067683437253,41.116517547639432,42.797368680697218
0.73028057657798384,28.506694901957644,28.337243409708208,28.479243173841724,28.448518768188933,28.663752529764679,28.717933122649811,29.165475242914908,29.448683162134785,30.008356533086726,30.244959402969926,30.705976466337688,31.048627829236011,31.624215284984075,32.059289425494171,32.753320637895285,33.32895785661367,34.131380070834894,34.908476333235285,36.012591773295298,36.925684509639723,38.191460172110055,39.465050219194836,41.151418693606502,42.83417755679011
0.73032172390003169,28.527780507346733,28.3583905008079,28.501136284119184,28.480646468729446,28.686591407389869,28.741053366230744,29.18833920979273,29.472071274507925,30.031961952031452,30.261379979032881,30.729645482049364,31.07238536214436,31.648232518846726,32.083665834432395,32.778032114477355,33.354114613052843,34.157475614343639,34.935387703423203,36.040760758822216,36.955026168853237,38.22222302353839,39.497345942716038,41.185598412856052,42.870218942457541
0.7303619147920315,28.548418245939729,28.379087806021062,28.522566908282442,28.502684954226197,28.708951871136833,28.763685628708799,29.210715319142764,29.494950076651321,30.055050889847735,30.284327435159412,30.752802512356993,31.095631468883767,31.671734323846977,32.107520283094345,32.802219397713543,33.378741283220279,34.169166304077407,34.961735021949153,36.068345927425071,36.983754934792159,38.252348304662519,39.528971657724924,41.219065015695378,42.905514001301071
0.73040117148528261,28.568615504678519,28.399342168531803,28.543540472338009,28.524256097372245,28.721223617844316,28.785840283971538,29.232613292233509,29.51733400228045,30.077637466368742,30.306776348831136,30.775454815850026,31.118371412822853,31.694731910669816,32.13086430930025,32.825890726709531,33.402847296435084,34.194185355541777,34.987531804414175,36.095343772517936,37.011882643231274,38.281842424872139,39.559936570917216,41.251835777979068,42.954194493950126
0.73043951569433929,28.588381376203643,28.419162447320105,28.564068849618707,28.54536829913468,28.742646028765876,28.807526597092647,29.254040338673576,29.539231722067143,30.099726312584608,30.328729596916673,30.797616827308048,31.140620492535163,31.72883248165499,32.153703703965675,32.849057972159244,33.426443163072236,34.218672776713902,35.012780599387952,36.121777786741859,37.039422028855824,38.310716920463165,39.590253439391745,41.283920561637842,42.988048597798297
0.73047696862902167,28.607722153785744,28.438559244937096,28.584159335331378,28.566028646592486,28.763613764381262,28.828753607537237,29.275006491070144,29.560651797491573,30.121331583599158,30.350208492668116,30.819293319063945,31.162386018388133,31.750853965258102,32.176050815949566,32.871730670264697,33.449531124859732,34.24264282343438,35.037499114483126,36.147653829184037,37.078837765618118,38.338987343449844,39.619934241273313,41.315332403395132,43.021188499079472
0.73051355100614812,28.626648917537295,28.490067976649243,28.603817633739709,28.586246470847982,28.784136904230991,28.849527004068023,29.295524705888738,29.581604614715616,30.140248984005211,30.371214013359349,30.840498330980154,31.183680072686911,31.772401920798529,32.197912801485927,32.893917116389275,33.472130699931768,34.266099497188407,35.061694773506133,36.172984218533202,37.105247259339649,38.366662317611826,39.648990034163035,41.346079745637326,43.053629864898085
0.73054928306099409,28.645164647062074,28.508594743480444,28.623055702491683,28.60603115428512,28.80421965525079,28.869859922989917,29.315594982522498,29.602100888362202,30.160851163022471,30.391761762216447,30.861238158847755,31.204508265087043,31.793478554557623,32.219300044610009,32.915626223177242,33.49424506274363,34.289058651721007,35.085374955783664,36.197777439828769,37.13109783994696,38.393751774861812,39.677431251483995,41.376180581309654,43.08538992957574
0.73058418455848595,28.663283917881699,28.526721257624786,28.64188013873877,28.625391740017676,28.823874812593886,28.889757933121018,29.335232720387921,29.622146369876418,30.181001016928803,30.411855113510228,30.881525777558181,31.224881821093732,31.814097939653948,32.240224777772255,32.936869674398622,33.522765289328163,34.311528951679065,35.108552751757543,36.222043649916486,37.156398173952766,38.420268710699929,39.705270187839687,41.405642853274003,43.116478355284471
0.73061827480413288,28.656406355851686,28.544454164380568,28.660298131664376,28.644332613528604,28.843108493118052,28.909227785615712,29.354445760357748,29.641753385713628,30.200703933808654,30.431507501538817,30.901366806664555,31.24480760738652,31.834270419225049,32.26069073203962,32.957653898600256,33.525219038996966,34.333519584175519,35.131234666153432,36.245792952786815,37.181161512758536,38.446221926520138,39.732518258067557,41.431882078733452,43.146904546470068
0.73065157265470626,28.673668918818748,28.561802821255696,28.678320133632951,28.662865434225523,28.861929278683419,28.928281479368252,29.373240531624788,29.660929993555783,30.219972548084115,30.450727256658411,30.920771216161938,31.262853288746101,31.854000990581426,32.280714687835371,32.97798971138991,33.54596221684551,34.355036611729702,35.153432527721179,36.26903613183822,37.205398197434533,38.471623640149573,39.759188181877562,41.460061378711544,43.176680993150057
0.73068409652866961,28.690556576718109,28.578774791189517,28.695951336022972,28.680996489649715,28.880344321237544,28.946924064401628,29.391626893580906,29.679683668900907,30.238814959700449,30.469523600596403,30.939750170284697,31.281945729500876,31.873302692106336,32.30030320763808,32.997884500290638,33.566255848012133,34.376094140600799,35.17515720072106,36.26699717190013,37.229115698550686,38.496482344942251,39.785287984360366,41.487643852747169,43.205823944018448
0.73071586441636738,28.707078324898703,28.595377186138194,28.713200696874082,28.698737083572269,28.898363381957097,28.965165043648994,29.409613031481967,29.681648145197641,30.257239445157211,30.487902296663378,30.958308358779959,31.300616753972008,31.892180693396313,32.319457848197544,33.01734807516641,33.586113374045908,34.396695578722301,35.196411737982544,36.289310895481321,37.252325152258891,38.520807917805541,39.810830440921563,41.514634064518305,43.234346713519244
0.73074689388997538,28.723240532277032,28.611617643037789,28.730075046243655,28.716091123531896,28.915990548912077,28.983011754176232,29.427205823226359,29.699589576212475,30.275256900711611,30.505874835756458,30.976463804905961,31.318878677229804,31.91064417726011,32.338196997925024,33.036716982444887,33.605541840792739,34.416855143458633,35.217208354223203,36.31114627034367,37.275038080922059,38.544612602561301,39.835825361202296,41.54104449864144,43.262256479378721
0.73077720211322106,28.739052511306681,28.627501238214563,28.746584521465593,28.733065024232246,28.93323695244203,29.000472307302516,29.44441458526012,29.717143893391267,30.292871458082118,30.523450644560853,30.994216984092873,31.336735724287337,31.928702356133272,32.356525731817328,33.055351628167955,33.624543539716797,34.436576067037549,35.237558828692272,36.332512858533846,37.297259795709124,38.567906972218225,39.860282623916191,41.56688985430219,43.289566357500007
0.73080680585087754,28.754515919580399,28.643036725025922,28.762732149271187,28.749670412442129,28.950110328386472,29.017552308743234,29.461246250859176,29.734314605670079,30.31009663174973,30.540634409924223,31.011578372275835,31.354199347847043,31.946378344029654,32.374450984460054,33.073575774730216,33.643137119177482,34.455871103485151,35.257466856524388,36.353418669210441,37.319004582079742,38.590700590462802,39.881803615616263,41.592180670974358,43.335341012003937
0.73083572147803688,28.769643538718583,28.658233940703212,28.77852799898119,28.765913547808395,28.966617148624437,29.034263035486902,29.477708333984538,29.751106480794533,30.326935823381064,30.557436581291313,31.033269692668455,31.371276089161711,31.963683633693563,32.391984565523217,33.091402927805575,33.661322855972685,34.474750382348248,35.276946443230827,36.373868836435577,37.340276735214502,38.61300013273376,39.905194319450857,41.616923174075055,43.361410485988017
0.73086396498916784,28.784439561968838,28.673096617787905,28.793977924885212,28.78180202563567,28.982763589177466,29.05060948356072,29.493808687570436,29.767521320872902,30.343400145030955,30.573867250111562,31.049863973630636,31.387977149877315,31.980605800457397,32.409129241265873,33.108840639577011,33.679112352258471,34.493216208622925,35.29008449092953,36.393877846741816,37.361088694119189,38.634817796450534,39.928080091729953,41.641131727575157,43.386914212806005
0.73089155200696299,28.798910980070332,28.68763180820315,28.809089773256346,28.797342465432394,28.998556972433562,29.066599650908756,29.50955493406218,29.783574121157471,30.359497749829643,30.589930906463906,31.066086974190512,31.404306193448974,31.997153054709997,32.42589759329212,33.125894098591289,33.696513369030072,34.511278864955784,35.308723024898427,36.413451627993254,37.381453121317008,38.656164463744517,39.950470123797459,41.664816151899231,43.411868675587812
0.73091849779098061,28.813065002231042,28.701848735916428,28.823872294152125,28.81253853884914,29.014006536306397,29.08224077308796,29.524953112780622,29.799272782493063,30.375234167192048,30.605637254732756,31.081949318591796,31.420273781678134,32.013336364506813,32.442294127220066,33.142574421397512,33.713535991180834,34.52895005439359,35.32695620188224,36.432601504066497,37.401371870840649,38.677047047554879,39.97237574202336,41.687987291423269,43.436277830983727
0.73094481724608495,28.826909288945899,28.715749870939362,28.879424740859122,28.827403204362554,29.0291171382828,29.097537956283304,29.54001487779783,29.814620958703017,30.390619785775016,30.620989010135418,31.097458846551945,31.435884295215146,32.029159531874029,32.462292721867016,33.158887758766014,33.730183874972226,34.546235527958288,35.344796094901994,36.451332962163178,37.420857545558647,38.69747553214529,39.993803758558897,41.710655788182521,43.460159516971999
0.73097052493069092,28.840446179605124,28.729344788945582,28.89346374621573,28.841941176721548,29.043896080873765,29.112501350407456,29.554741006645145,29.829626488013673,30.405658967022191,30.636002206835201,31.112622706742059,31.451149252952291,32.044631785639922,32.477974908476881,33.174843635067646,33.746465418582375,34.563140634506453,35.3622394955446,36.469654840246221,37.439917203333607,38.717459229166707,40.014767551095247,41.732828132900977,43.483522262772567
0.73099563506481746,28.853683926437498,28.742639885296512,28.907192727251413,28.856156706674028,29.05835201326272,29.127135579669584,29.569142393910624,29.844299847788079,30.420362874971033,30.650676921467038,31.127447220024806,31.466074487309925,32.0597613212949,32.493309546588534,33.190445678691958,33.762389501023335,34.579676855249545,35.379303950302983,36.487577800921372,37.458562254946628,38.713896539481993,40.035275702409308,41.754518788870428,43.506371736913025
0.73102016153795224,28.866630376974399,28.755638919983085,28.920620297859159,28.870059672699881,29.072488871049018,29.141448240263344,29.583225076605686,29.858643709170337,30.434735742470366,30.663440276531674,31.141944861917636,31.480665729510292,32.074554768277721,32.508302463943437,33.205705749861409,33.777963553252448,34.595847245201185,35.395994261116357,36.505106371545935,37.476798906231579,38.733034321219293,40.055330998025966,41.775737345371908,43.528724314871397
0.73104411791673563,28.879293643213714,28.768351250851993,28.933750277210493,28.883654883137524,29.086315160369168,29.155444646955857,29.5969928346492,29.872666878980226,30.448785798934296,30.677486756570943,31.156112629204927,31.494932905271526,32.089018444229168,32.522964306247559,33.220624813733139,33.793195280646614,34.611664866786668,35.412318226332445,36.522251439004776,37.494634601666348,38.751751789263835,40.0749526908603,41.796489021260641,43.550585283291639
0.73106751745246401,28.891671566550713,28.780780956727313,28.946588968001834,28.896949222487819,29.099834844401812,29.169132876139656,29.610459316003471,29.886378329799754,30.462516260107805,30.691219029949934,31.169965082298859,31.508878798375008,32.103159564603175,32.537300938236058,33.235214089721467,33.808087307963888,34.622093849222438,35.428285178972601,36.539021729568049,37.512080481666544,38.770059080383362,40.094138090015349,41.816784180260129,43.571970411031543
0.73109037308842029,28.903779436009472,28.792936102910744,28.959143189570341,28.909948140941651,29.113055718622263,29.156984365770313,29.623620485822585,29.899781501810139,30.475942800665962,30.704643648146885,31.183507619935426,31.522515878777995,32.116985980784193,32.551314442377588,33.249481342478248,33.822652990309052,34.637263593945136,35.443897764548183,36.555419634262307,37.529142456374302,38.787963233693517,40.112907926141816,41.836636483817529,43.592883532186079
0.73111269746703333,28.915614094664306,28.804817831384071,28.971419384744422,28.922659171644227,29.12598779851055,29.169956644483364,29.668118036393935,29.912885352037392,30.489062211367582,30.717764021512266,31.196747368651359,31.535845485238042,32.130503164126367,32.565017247087781,33.263430494563181,33.836895867490966,34.652098647427465,35.459166157943855,36.571460919280071,37.545829675092136,38.805476130150055,40.131263272714023,41.856051042781019,43.595678551151195
0.73113450293687066,28.927189128582768,28.816437607576745,28.983421803635792,28.935087308224638,29.138628849215593,29.182641607242431,29.680720395448816,29.925693939829671,30.501888800594315,30.730592759624415,31.209688375951373,31.548875347745252,32.162637623033334,32.578415119181045,33.277070935052507,33.850821377810007,34.66660560778746,35.47409838829708,36.5871306846484,37.56214798559995,38.822603743824402,40.149214841974754,41.87503855244131,43.61571060768938
0.73115580155946902,28.938506306002182,28.84679993123973,28.995158545712911,28.947240082721237,29.150991590987815,29.195047254838528,29.693042142902414,29.938217350234481,30.514425979862608,30.743127844531955,31.222339189438571,31.561613507362836,32.175546269032566,32.591513714656685,33.290407647622487,33.864439127535206,34.680792317393752,35.48870108199435,36.602451274321083,37.578106479120834,38.839361768455092,40.166769492343974,41.893607397135384,43.635301216701009
0.73117660511600679,28.949570575766529,28.857956189797733,29.006633091986942,28.959121601142442,29.16308052200111,29.207177262337382,29.705087615069033,29.95045550983059,30.52667764042917,30.755383285904372,31.234705292245053,31.574067761223887,32.188166081589316,32.604317700738648,33.303446972141955,33.87775368698567,34.694662915737354,35.502981532523336,36.617433353826073,37.548639696677128,38.855751102485556,40.1839399103701,41.911766889822047,43.654459816490089
0.73119692511381973,28.960390162090107,28.868858642075338,29.017853292697964,28.970738926635477,29.174899051998864,29.219035884200366,29.71686520267599,29.962422109882937,30.538653637281641,30.767361960127346,31.246793383661498,31.586239535112782,32.200501594393245,32.616835787795026,33.316196243191825,33.890772876063693,34.708227529423311,35.516942696519891,36.6320833842924,37.563909173209595,38.871779658111336,40.200729302644504,41.929525311708858,43.673190153876476
0.73121677279276664,28.970965507484834,28.87951927568156,29.028820851293403,28.982095384095828,29.186454999422494,29.230632544938771,29.728380028136598,29.974118065348193,30.546988341700398,30.779070496406348,31.258609359926595,31.598138680968532,32.212562794429687,32.629074210939507,33.328661052910775,33.903500676811291,34.721490100899246,35.530597617115291,36.646408939027879,37.578840896350357,38.887452769532501,40.217143662447597,41.946889843160079,43.69150870274143
0.73123615913144691,28.981306348811358,28.889940161404411,29.039545202721456,28.993199464547388,29.19775589996425,29.241971691273193,29.73963515042783,29.985548793073576,30.558424630435184,30.790513809239656,31.270160546917396,31.609769450552903,32.224350171491096,32.641036851815443,33.3408451916589,33.915945985752387,34.734456075389062,35.543944991464741,36.660417299216988,37.593440595939228,38.902776840890965,40.23319601729736,41.963868573770469,43.709421474741703
0.73125509485327256,28.991414978583407,28.900129623277508,29.050028385189989,29.00405269795715,29.208801603989741,29.253052381448242,29.750639319236825,29.996723711805771,30.569600406630798,30.801698998518532,31.281446606782993,31.621138919017085,32.235872486383869,32.652731475644032,33.352761485392421,33.928578850364374,34.747134981394083,35.556999233470378,36.674112842713384,37.607716027172046,38.917764023445216,40.248894634063163,41.980470175129994,43.726935398470687
0.73127359043240037,29.001298569816072,28.910089005875307,29.060278826437525,29.014665629496903,29.21960275949732,29.263890707412884,29.761395863623193,30.007645208695067,30.58052711066739,30.81263273547529,31.292480336166136,31.63224983025475,32.247136880425842,32.664163146257579,33.36440579124428,33.94045991576786,34.759532412168937,35.56975888243187,36.687504924652785,37.621673954575272,38.932417798006099,40.264242628999,41.996704948205661,43.744060738757526
0.73129165609952529,29.010958308194176,28.919826012694102,29.070297099351819,29.02503872725265,29.230162815887979,29.274486291654966,29.771908534561135,30.018323246697491,30.591199379418413,30.827635316655687,31.303264701281023,31.643112031298642,32.258149419572419,32.675338408932021,33.375791088635651,33.952074119187728,34.771651148237197,35.582237270810765,36.700595003877424,37.635323550169232,38.946742722506769,40.279247274091176,42.000668340194807,43.760805724907641
0.73130930184753973,29.020403872419138,28.929345097325495,29.080092090258631,29.035180345873187,29.240483048568194,29.284842577991185,29.782188881935781,30.028755938310496,30.601633212304023,30.838165330438187,31.313805404830418,31.700476440284547,32.268910554313152,32.68626060547922,33.386921149916361,33.963428786018085,34.783502481325286,35.594435133584284,36.71339748909304,37.648665267122851,38.960749352129824,40.293921126619807,42.016186732138522,43.777178342901607
0.73132653743706055,29.02963783152768,28.938646744386233,29.089666787402621,29.045094364330907,29.250573923972297,29.294968068155413,29.792234810036916,30.038954013321018,30.611830854005802,30.848453177947249,31.324107887855007,31.710701365465866,32.279432358609029,32.696936743722745,33.397800766666933,33.974531029050013,34.795083602999966,35.606361231366918,36.72591261919888,37.661712073569106,38.974444255708931,40.308266010583338,42.031359702002646,43.793184991983253
0.7313433724018289,29.03866325744184,28.947742066112369,29.09902776288709,29.054784572182825,29.260439310029142,29.304867928063913,29.802055136267427,30.048921128144229,30.621797270207026,30.858509518266601,31.334176584460238,31.7209187725839,32.289712829815926,32.707373755976732,33.408436715445532,33.985380441710731,34.806405961180644,35.618021713126382,36.738146587619212,37.674468241658815,38.987833173973286,40.322290183419227,42.046193535197744,43.808833939679971
0.73135981605398293,29.047483729520309,28.956630689556278,29.108176081664851,29.064258230393307,29.270083735839762,29.314544478326297,29.811655542117023,30.05866427528008,30.631535213148709,30.868337685810729,31.344016395003564,31.73090645388811,32.299763475244617,32.71757358693776,33.418833745452957,33.995985621363161,34.817477178343324,35.629421798156272,36.750106568778392,37.68693413142455,39.000924879320792,40.336006332737725,42.060694185016928,43.824132721062597
0.73137587748920918,29.056105867725137,28.965319093114431,29.11711985060947,29.073518262856169,29.279510514549656,29.324005880190953,29.821037621644336,30.068183719527497,30.641051508167038,30.877941220125194,31.353633014838124,31.740665587647982,32.309586917256638,32.727544461562957,33.428996189633381,34.006354861243835,34.828298023986008,35.640563493039281,36.736398329499025,37.699123956415406,39.013723248217048,40.349407482992774,42.074872060821235,43.839089302208322
0.73139156559177365,29.064536268134361,28.973813134401098,29.125860719964294,29.082570618141972,29.288725387824343,29.333253598873171,29.830209157108584,30.077488877784162,30.650352696207847,30.887328965688539,31.363033047196041,31.750203787163628,32.319187003361094,32.737289159764259,33.438928024372672,34.016490322938353,34.838877031072116,35.651457324172043,36.747832115280289,37.711040852345377,39.026231665340219,40.362511374168207,42.088733510769089,43.853712847329916
0.73140688903943607,29.07277750496155,28.982113633408062,29.134406350820882,29.091418042389705,29.29773363829122,29.342290530541504,29.839174553957491,30.079052748749746,30.659441039718331,30.896504305456347,31.372219467945342,31.759524041279292,32.328572389215424,32.746816059190223,33.448640615858949,34.026396251569622,34.849218769878462,35.662106292403678,36.759011231868499,37.722691765682612,39.038463418324227,40.375324745048147,42.102280790868917,43.868009304078441
0.73142185630824996,29.080828901544919,28.990228885333863,29.142757412367473,29.100063876478544,29.306538619505318,29.351128214657365,29.847933584218936,30.087974346982264,30.668323757853614,30.905466120230813,31.381195374400249,31.76863383292266,32.337740733803912,32.756123824305632,33.458130583568163,34.036080514951664,34.859327364003548,35.672516707399609,36.769941088435644,37.734078501495333,39.050418076697042,40.387848345461862,42.115528159687983,43.881982837389842
0.73143647567725134,29.088700681724504,28.998158710326152,29.150921196630634,29.108514582503858,29.315145342595315,29.359763605512398,29.856496237152442,30.096691866125184,30.67700363077347,30.914225566785262,31.389967604950016,31.777538826774617,32.346703156037165,32.765217572295114,33.46740522440632,34.045545407639111,34.869209264524216,35.682691178801633,36.780621610463186,37.745211824449598,39.062107303782795,40.400091129097746,42.128476560069885,43.895642517530632
0.73145075523303749,29.096394197461223,29.005908471691782,29.158900460673976,29.11677643144435,29.323557916723075,29.368207099101483,29.864866994018485,30.105211629756468,30.685485696610158,30.922786145824375,31.398541812228814,31.786238527137357,32.355464822906015,32.774107146601182,33.483329231198695,34.054797389392206,34.878868944858823,35.692637558312072,36.791064924498642,37.756096835606513,39.073531847700451,40.412060523751279,42.141134214974045,43.908996141172338
0.73146470287424104,29.103915055378138,29.013484755296986,29.1666982506149,29.124849581146236,29.331781635675043,29.37646072909547,29.896635945398884,30.113537258854194,30.693774622259753,30.931152656081849,31.406919350414228,31.794740681810254,32.364024372831409,32.78279326205984,33.492200436251551,34.063838389311513,34.888309956953435,35.70236018041669,36.801270755838232,37.766730281365199,39.084700705172054,40.423758157159682,42.153507469192391,43.922049241061359
0.73147832631589815,29.111265570839578,29.020887756245656,29.174321314668305,29.13274113108946,29.339817417245513,29.384522116925837,29.904674856514703,30.121675004596,30.701872615511547,30.939325875877785,31.415108205083925,31.803050098306358,32.372390640782669,32.791282037083874,33.5008705603218,34.07267755670091,34.897539508014688,35.711861742171095,36.811249194325228,37.777128938937949,39.095615555473159,40.435193900590548,42.165600496688057,43.934813128610585
0.73149163309371634,29.118447921550114,29.028123678657266,29.181770042203198,29.140454440725307,29.347673018307887,29.392405806401712,29.912530606662131,30.129624940769645,30.709785983735856,30.947314459057452,31.423107873245044,31.811168860113867,32.380567190892634,32.799579312038531,33.509343621227345,34.081306279074852,34.906557972790779,35.721151777568139,36.821002029155352,37.787293485158443,39.10628739795402,40.434109247932611,42.177422128441322,43.94728181144319
0.731504630568243,29.125471256719493,29.035195170757788,29.189051637024932,29.147992096540747,29.355349551309473,29.400111366846431,29.920209996122594,30.137394352489082,30.717520916262856,30.955121448791033,31.430927156845883,31.819104979583244,32.388557459466938,32.807688117669841,33.517624570529733,34.089741003120707,34.915373979525612,35.730229106075967,36.830533851137716,37.797225523334419,39.116715731119712,40.44503705898569,42.188980649267705,43.959470636870719
0.73151732592893648,29.132330849243317,29.042107979142202,29.196166890878885,29.155359636896037,29.362854193263729,29.40764023871202,29.927713454769219,30.14498877249116,30.725076854589133,30.962751631539504,31.438568767438483,31.826858531646394,32.396365776211951,32.815613330435099,33.525716705384639,34.097983899769133,34.923989737856573,35.739102306924451,36.839851331314549,37.806936201234294,39.126912776768222,40.455716022188881,42.200275490991316,43.971384585363012
0.73152972619814327,29.139037079512491,29.048862730908013,29.203122382824176,29.162560947901966,29.370189683852459,29.415001581716069,29.935044483398087,30.152408478658799,30.732460390378947,30.970208947280298,31.448471600678658,31.834434664241144,32.403996747039855,32.823355998765692,33.533628011436576,34.106039784769564,34.932410444142079,35.74777558010237,36.848955541934629,37.816427251435471,39.136877003612881,40.466155170001457,42.211313219460408,43.983034463273725
0.73154183823498198,29.145591344195736,29.055461722087784,29.209918770954346,29.169596213663681,29.377355843538453,29.42219331071874,29.942211301810858,30.159659301420106,30.739677254024173,30.97749370221436,31.455787181331289,31.841838789948724,32.411453790075029,32.830924192558086,33.541358177764778,34.113914085187389,34.94064133995289,35.756254759692183,36.85785866006745,37.825703566290031,39.146615866167394,40.476358132765199,42.222105628903137,43.994414843335562
0.73155366873913763,29.151998376315305,29.061913162935753,29.216559435126101,29.176470999669846,29.384360377702023,29.429222871787488,29.949213987945768,30.166745569015802,30.746726304173535,30.984612743282923,31.462932089689275,31.849074880264197,32.418743034391809,32.838319464229698,33.548912729457697,34.121609341859312,34.948685477909294,35.764539212585532,36.86655509510274,37.834769280028013,39.156136451152179,40.486328906222752,42.232650639448821,44.005542148583572
0.73156522425456749,29.158255404562397,29.064342362633624,29.223051206031414,29.183192308521939,29.391207234117928,29.436093253090348,29.95605741033296,30.173669606558178,30.753614013760853,30.991569628698926,31.469917988349607,31.856144431411394,32.425863213816683,32.845546919263597,33.556294555080058,34.129128658465561,34.956549627601817,35.771425296720736,36.87505717777276,37.843630052308527,39.165440482126087,40.496077427543241,42.242957938202835,44.016417512008047
0.73157651117312095,29.164373148793175,29.070503448148429,29.229396268549635,29.189759575082007,29.397896826035549,29.442809568093935,29.962745093645481,30.180433255706703,30.760345579411478,30.99836625091757,31.476741039798071,31.86305237204806,32.432821909739232,32.852608178719038,33.563513220540699,34.136477639806799,34.964233758524642,35.779334796936837,36.883365758244508,37.852291151264126,39.174533872502252,40.505603264015917,42.253032852244814,44.027044844507145
0.73158753573807478,29.170350135929539,29.076523458372321,29.235593135332465,29.196177467253619,29.404436715497241,29.449370896591972,29.969281176371169,30.18704418527841,30.766922636945765,31.005007017620301,31.483410412682588,31.86980317441521,32.439622280051026,32.859510402109663,33.570561440526944,34.143660895091671,34.971739956016791,35.787064693375214,36.89148770223801,37.860754432836075,39.183421268593975,40.514912624411409,42.262880617362043,44.037431666229622
0.73159830404758674,29.176192598326452,29.082403685700683,29.241652279057462,29.202449288766502,29.410825395810662,29.455783443670498,29.975664167167452,30.193505512685078,30.773348933584657,31.011496257539875,31.489926191523864,31.876398424821218,32.446267567844643,32.866256533694923,33.577451675680095,34.150681272383736,34.979079453163649,35.794617772390666,36.899424701008229,37.869027625527451,39.192107512599705,40.524012826550461,42.272502141747282,44.04758291974349
0.7316088220580691,29.181900374697079,29.088151789295807,29.247571601955087,29.208578100320665,29.417070249479593,29.462050539793154,29.981907373026388,30.199815285390287,30.779627473513756,31.017838595618741,31.496293722752853,31.882843832839171,32.452759726654676,32.872844949578393,33.584185729979708,34.157540020083161,34.986253576687886,35.802001380099682,36.907180190323743,37.877109432933139,39.200596433423925,40.532904192612477,42.281907893941934,44.057506820433446
0.73161909558748262,29.187481897623911,29.093769596000584,29.253357351434488,29.21456797323026,29.423172942907513,29.4681737938281,29.988003102565926,30.205984178129711,30.785761982521308,31.024031968197505,31.502512893846415,31.889143312112537,32.459106832945963,32.87928395266772,33.590763585596051,34.164240993637577,34.993261027181688,35.80921640101451,36.91476155916007,37.88501155807262,39.208892403785285,40.541594242677547,42.291098785094619,44.067201203313743
0.73162913031855548,29.192931927021846,29.099258763231546,29.259011704438763,29.22042124014979,29.42913637065476,29.474160135759803,29.993960956812316,30.212009686596048,30.791755743385238,31.030084103950685,31.508592933286764,31.895295582704875,32.465302931589576,32.885577012620161,33.5971946617924,34.170792376209647,35.000111580329758,35.816266984119466,36.922167517921935,37.892732401011017,39.217005383769447,40.550087950289708,42.300082267681319,44.07667699502872
0.73163893180192596,29.198258998734673,29.104622418964937,29.264535611757992,29.226139538381403,29.434964631561343,29.48000837129689,29.999783637665587,30.217899036812469,30.797615905914881,31.036000439245527,31.514532356142809,31.901308164727652,32.471362370108181,32.895564358809224,33.603478172893574,34.17719758360272,35.006803062514791,35.823157707058272,36.92940720542947,37.90028005808108,39.224930299814332,40.55838912404306,42.308860591241228,44.085937517690581
0.73164850545921345,29.20346571780874,29.109862456782594,29.269934153289796,29.231727546267848,29.440659764800557,29.485723732404722,30.005474514076923,30.223649980477148,30.803333926339747,31.041779433293414,31.520332565727585,31.907181945376124,32.477281534699159,32.901570637884106,33.609616932791141,34.183447983286896,35.013347652542961,35.829892430808741,36.936481100308811,37.907651667927439,39.232676605907272,40.566501490547125,42.317439101997934,44.094987158362528
0.73165785658601667,29.208554505346456,29.114984908003862,29.275209611095988,29.237189078749907,29.446224515520498,29.491308524906117,30.01103203422781,30.229272759626838,30.808927093524289,31.047424089424112,31.526004275876858,31.912923506070456,32.483065141581392,32.907437426784327,33.615616450047128,34.189561663658424,35.01973716080829,35.836471942073331,36.94339655486101,37.914859965285359,39.240246194588508,40.574429552710171,42.325821916700534,44.103831826698297
0.73166699035484339,29.213522280506822,29.119989829192946,29.280364962598924,29.242524552833629,29.451663332871476,29.496766422128985,30.016465641031118,30.234764575245208,30.814388655947823,31.052941602032206,31.531543440359201,31.918530985881262,32.488716357099747,32.913169290820861,33.62148006926418,34.195536170276682,35.02598500321983,35.84290367556514,36.950150993631269,37.921902366071208,39.247643013094603,40.582177422283621,42.334014957818908,44.112473632585534
0.73167591181797142,29.218380095904649,29.124879245974171,29.285400778222083,29.247738324842885,29.456976546922988,29.502100368988749,30.021771390686808,30.240131529212704,30.819724420355669,31.058330330924036,31.536957889965379,31.924010801363693,32.494239739679415,32.918771220784947,33.627207957467817,34.201370871950985,35.032088010294046,35.849187697230718,36.956753878145264,37.928783327678957,39.252785152440993,40.589745407207374,42.342022141272082,44.120920451077382
0.73168462591024319,29.223126842314969,29.129656832318233,29.290322805840333,29.252833985000962,29.462169563724729,29.507311610892202,30.026956942621382,30.245376854825281,30.824937655158465,31.063597085415495,31.542246419803178,31.929365955320009,32.499634642569163,32.924244507591538,33.632805918541635,34.207075198753046,35.038051913050367,35.855328271866711,36.963205231847496,37.935506760900807,39.259855892730684,40.597141453704353,42.349845308444856,44.129173743228421
0.73169313745179532,29.227764926548389,29.134325402562354,29.295132696575592,29.257812131274477,29.467243456093229,29.512402515379335,30.032025237782818,30.250499429037973,30.830031965313538,31.068741749636501,31.547412640477432,31.934595683516818,32.504908651705136,32.929592879078427,33.638276880166359,34.212645982534468,35.043881422678623,35.861328369796865,36.96950941413661,37.942078468397085,39.266764599673024,40.604373444003613,42.357490270197104,44.137239863091054
0.73170145115072505,29.232295929346265,29.138887615714566,29.299830859289159,29.262676847630019,29.472201511040339,29.517378549441901,30.036976025159674,30.255505504872872,30.835011314111853,31.07376845852059,31.552460992949364,31.939707539496794,32.510057265075375,32.934819754541877,33.643621599172548,34.218092578673804,35.049577218507693,35.867195182948763,36.975669609434135,37.948501622488493,39.273517849896052,40.611435203727069,42.364961260561358,44.145121377498981
0.73170957160569461,29.236725769711938,29.143345005407809,29.304423774295628,29.267432539837273,29.477044971906935,29.522242419675194,30.04181344768358,30.260395651539511,30.839872276572805,31.078679799453312,31.557394513909912,31.944701863040791,32.515091006802322,32.939924239326047,33.648846025662351,34.223414568746193,35.055142462824278,35.872923549369261,36.981691346576099,37.954777207752613,39.280115356210445,40.618339657881734,42.372264195895241,44.152822562211895
0.7317175033084744,29.241051612428237,29.147702043774871,29.308909035828265,29.272078495045889,29.481779303198437,29.526993007806368,30.046540242910396,30.265173816509105,30.844621477090186,31.09805151154751,31.562214307780323,31.949580539894669,32.520008145293559,32.944912104266677,33.653946399516826,34.228613615951417,35.06057954140033,35.878520234430653,36.987571645068783,37.96090634473785,39.28656219110735,40.625085630343165,42.379398007765303,44.160347777362404
0.73172525064642824,29.245280485973581,29.151956864059457,29.313293373741999,29.276613563686396,29.48640399579449,29.531635507943747,30.051158942162147,30.269842417446853,30.849264629756817,31.102748102040096,31.566921495810675,31.954346804885972,32.524811469477299,32.949788401458591,33.658932482440377,34.233694603492495,35.06589378967783,35.883992674079309,36.993320156316713,37.966899120857761,39.292862925005466,40.631677889969069,42.386369949245818,44.167700648324626
0.7317328179049396,29.249413266568354,29.156114218959374,29.317577236009129,29.281046181372403,29.490925308083661,29.536171871420038,30.055671145230917,30.27440379888867,30.853798543387256,31.107337073735835,31.571522254133015,31.959004749436644,32.529505184475056,32.954550528290383,33.663804826252999,34.238659993531655,35.071088027120823,35.889338378845878,36.998937120134087,37.972754101891042,39.299018027406873,40.638116668452767,42.393181399089826,44.174886651369889
0.73174020926978245,29.253445073049079,29.160177143931605,29.321762205737059,29.285379485692602,29.495340350461902,29.540604525917161,30.060080991965151,30.27886022585426,30.858227650073331,31.111819821182962,31.576017141746433,31.963553697995849,32.534092940556093,32.959204727031647,33.668565660889726,34.243510264644101,35.076159839698448,35.894562621055229,37.004425418237588,37.978474319457291,39.305034008096754,40.644410935850829,42.399837342130013,44.181909562771125
0.73174742882943666,29.257389239048734,29.164145820860085,29.325852522968944,29.289613834803276,29.499656574544588,29.544934846748902,30.064386978538096,30.283214516392491,30.86255542449635,31.116200039521118,31.580408586271915,31.967999956773838,32.538577399969654,32.989258944045559,33.673217381660834,34.248249924204629,35.081120674341946,35.899664780632065,37.00978790256022,37.984065880990784,39.310912325498975,40.650561595406089,42.40634154220561,44.188770081870643
0.73175448057734882,29.261242820485677,29.168025114719512,29.329847219310068,29.293749928665875,29.503871614185528,29.549166890096785,30.068595858736899,30.28746961252682,30.866784062962779,31.120481790191207,31.584700139022516,31.972343163190089,32.542952839296049,32.993704098554645,33.677760211555778,34.252880052938508,35.095256829101345,35.904652222090135,37.015027562776595,37.989528392341526,39.316654904073403,40.656571552055993,42.412697601460422,44.19547486836791
0.7317613684141423,29.26500814840665,29.171812977932404,29.33375091244352,29.297790010769859,29.507990546208475,29.553301219966215,30.07270995907993,30.291625494761774,30.870916160812158,31.12466136466719,31.588889841146738,31.976589397876069,32.547234354158263,32.998046461089416,33.682202186682844,34.257403918139062,35.100002418385884,35.909526931661276,37.020147422356331,37.994863661999716,39.322267430329248,40.662441222964389,42.418908416167142,44.202024440098739
0.73176809614977356,29.26868531319451,29.175516134947429,29.337564702189411,29.301737065151656,29.512015916996461,29.557341052899119,30.076726616554424,30.295685735403822,30.874952206522266,31.128744309510239,31.592986173821828,31.980732275358605,32.551410009338724,33.002286191603616,33.686537751477317,34.261825379525362,35.104636728100104,35.914287087949106,37.025150569812013,38.000079340188222,39.32775009568104,40.668180787665278,42.424974264592947,44.208425150793119
0.73177466750564091,29.272279626798991,29.179133865068707,29.341292717092983,29.305594759524183,29.515949577098354,29.561286783835385,30.080651705773562,30.299651000545964,30.878894586948718,31.132736526158169,31.596983172293221,31.984782407745115,32.555492557921298,33.00643040102932,33.690776910072145,34.266144609777712,35.10916899000722,35.918940321585069,37.030036637368084,38.005173657810246,39.333108802291918,40.673784682955556,42.430902426049215,44.214681398042103
0.73178108611664183,29.275797965873153,29.182667185310947,29.344932862235964,29.30936516867132,29.519791242040355,29.565144425909239,30.084486333022141,30.303529518258074,30.882745723918106,31.13663458472729,31.600894782235173,31.988739347244064,32.5594815920158,33.010480981656656,33.694917986963901,34.270365952587326,35.113594145906063,35.923485641892967,37.034811299818557,38.010152439443118,39.338343701133908,40.679262870639377,42.4366972004118,44.220792198336312
0.7317873555331843,29.279222440251942,29.18612113514564,29.348491007240227,29.313048935443703,29.523545134399228,29.568911946970729,30.088232770391642,30.307315191068483,30.886508602290633,31.14044323236476,31.604713541442379,31.992605601636114,32.563378639353687,33.014436261815717,33.698963982044006,34.274489740327681,35.117918438289962,35.927926953993847,37.039480343647028,38.01501898218703,39.343459945709583,40.684615319856221,42.442357513353727,44.226761395659196
0.73179347922315052,29.282573505387518,29.189494761616515,29.351965483689128,29.316644645796714,29.52721591670138,29.57259311159396,30.091893391320355,30.311012499053049,30.89018510916776,31.144163334286532,31.608442118269522,31.996382449736302,32.56718787759155,33.018301284100289,33.702916717166318,34.278515886544938,35.1221444766893,35.932266616693596,37.044036398384378,38.01977354331575,39.348456685680503,40.689842595472783,42.447886471032234,44.225781243725123
0.73179946057381495,29.285847670765634,29.1927911400835,29.355361899077252,29.320159958064551,29.530796197924928,29.576190410723939,30.095469540671729,30.314626989184035,30.893776964131121,31.147798097572377,31.612089486876357,32.000071032574397,32.570906419105995,33.022076612963247,33.706777914298982,34.282454610979585,35.126272407427223,35.936504981755661,37.048491520921289,38.024416461468718,39.353338660267127,40.694952637880306,42.453290568391822,44.231474954702207
0.73180530289371837,29.289048515195191,29.196011342043676,29.358680348153484,29.323594926642045,29.527187324698161,29.579705262005064,30.098964133706431,30.318157372341375,30.897285093859409,31.151349210846547,31.615647488983996,32.003676534822262,32.574542040246797,33.025765011948806,33.710553804965912,34.286298166735833,35.130305226516157,35.940649220119212,37.052842515037355,38.028953460530374,39.358110409292749,40.699945191701318,42.458572232530059,44.237041112898623
0.73181100941449728,29.292174515239822,29.199155700253868,29.361923607852077,29.310321543754981,29.530620351281414,29.583137658195028,30.102376820846075,30.321607044343182,30.900711996183873,31.154818833180343,31.619125955061008,32.007200510077837,32.578092240530168,33.029370974782978,33.71423943507034,34.290055689101791,35.134244735786524,35.944696319892046,37.057094321432942,38.03338843711299,39.362772708148896,40.704821528504908,42.463730646392833,44.242477294445052
0.73181658329267218,29.295229883959109,29.202229885896941,29.365088418547657,29.313595310882874,29.533975815721988,29.5864939688513,30.105712876201778,30.324976251358294,30.904062218255604,31.158208296976227,31.62252314730722,32.010640424156009,32.581561708274876,33.032891074251893,33.71784335794473,34.293727337078508,35.138095947660076,35.948651990112467,37.061252049992618,38.037716070141414,39.367327492973345,40.709589538404543,42.468771048434064,44.247790409183381
0.73182202761139326,29.298213037760434,29.205233467181642,29.368182589588741,29.316795042671401,29.537256197948182,29.589770574794784,30.108970498228246,30.328269532474224,30.907332347765077,31.161518553327824,31.625844033165322,32.014001020081196,32.584950163538451,33.036331160430564,33.721360656841171,34.297315206599251,35.141857130858625,35.952515720911379,37.065307060593113,38.041952466533985,39.371777036646108,40.714246147658287,42.473695621787556,44.252982213196447
0.73182734538214589,29.301128940215222,29.208168105838922,29.371205357938379,29.319919839310614,29.540455202704834,29.592973107990474,30.112154606550575,30.331484892911703,30.910527636542156,31.164755136152962,31.629088146821687,32.017285249737142,32.588260956777049,33.039693632282251,33.724800495135696,34.30082003876214,35.145531901325285,35.95629081716379,37.069271471598313,38.04608314359848,39.37612692892526,40.718794775772949,42.478504571075973,44.258051084816543
0.73183253954641614,29.30397592593863,29.211035099589026,29.37415979411162,29.322972703831056,29.543583167866927,29.596101540259042,30.115264889317586,30.334626703743197,30.913650961693747,31.167913064404274,31.632255473581608,32.020492106358688,32.602445098443241,33.042978296472938,33.728158391404577,34.304243078081072,35.149122560899741,35.95997818368096,37.073147877827068,38.0501240482713,39.380371638299948,40.723237220598094,42.483206277358477,44.263005047540901
0.7318376129773182,29.306759763255286,29.213833936391438,29.37704530640076,29.325954700389502,29.546640212663533,29.599157083923728,30.118301611877541,30.337694992326306,30.916700241795752,31.171000241415641,31.63535181859379,32.023624972097878,32.60560222683489,33.046184105304292,33.731439191526533,34.307586324096974,35.152633209072974,35.963581478016749,37.076934165143939,38.054072238533536,39.384524900119231,40.727581315665702,42.487798510677749,44.267846649774128
0.73184256848118345,29.309476897534296,29.21656999598008,29.379863011716679,29.328869086690929,29.549627463218258,29.602144909174513,30.121272509067694,30.340693901208851,30.91967865593233,31.17401766144485,31.638374273145473,32.026687739663885,32.608687190201181,33.049319318422476,33.734646156694907,34.310854313205255,35.156061462732396,35.967102869088649,37.080631036060822,38.057926526486426,39.388579178483269,40.731822699201985,42.492285823446764,44.272575480134037
0.7318474087991127,29.312133538368471,29.219242901696816,29.382616393029366,29.33171567233876,29.552547154744843,29.605062913700749,30.124170742354181,30.343623145783567,30.922589484199307,31.176962886259844,31.64132874721372,32.029678481768769,32.611702673478703,33.052379807552825,33.737778218224776,34.314045137668472,35.159407809385812,35.970541618607967,37.084245545503563,38.06169549269498,39.392541480480759,40.735967634368535,42.49666901143155,44.277197036495636
0.7318521366084928,29.314729722010725,29.221853388513864,29.385308660625469,29.334496557883085,29.555395058472186,29.607910956569413,30.127001401318921,30.346484855697327,30.925432448756965,31.179839575908773,31.644215294333662,32.032599547461359,32.61464727823568,33.055371064251176,33.74083779051125,34.317165643889439,35.16267844326876,35.973902055103281,37.087773597564592,38.065375241155834,39.3964103090143,40.740019653380841,42.500953817737809,44.281710039563222
0.73185675452447696,29.317264077144046,29.224404516246523,29.387936600411649,29.337216337469499,29.558179067226774,29.61069768124662,30.129770081860897,30.349281612706363,30.928210109590964,31.182651041131976,31.647034784371044,32.035454470491914,32.617521560337536,33.058292563511259,33.743828452033085,34.320211964884038,35.165875557535401,35.977184279451194,37.091224694297125,38.068971545179465,39.400194828609528,40.743975998865153,42.505136706346548,44.286122113353031
0.73186126510143179,29.319739138269597,29.22689707551126,29.390503549544064,29.339869617622526,29.5609010239491,29.613417421791837,30.132472811883872,30.352012073458354,30.930925438612576,31.185397434131119,31.649788277868083,32.038244089516411,32.62033312612084,33.061148366389716,33.746748781954011,34.32318893700085,35.168997864331232,35.980392337434751,37.094592137199015,38.072484451698983,39.403886720625451,40.747841221495491,42.509227717667727,44.290431338875351
0.73186567083435017,29.322159102873684,29.229332116674868,29.393012623887898,29.342462093583435,29.563558137745986,29.61607423564601,30.135113679766619,30.354680451436252,30.933573751830409,31.188080127082685,31.65247862185106,32.040966514324282,32.623078072114367,33.063936754755559,33.749601141551921,34.326097224211026,35.172048398191237,35.983525915182781,37.097883200218348,38.075921003106487,39.407495941012257,40.751618431958832,42.513220547438777,44.294639294038006
0.73186997416023125,29.324522968016936,29.231711026768608,29.39546308227591,29.344995695667421,29.566154339155673,29.618670138653215,30.137694694806214,30.357287790769078,30.936162524557403,31.190700904815458,31.655106621215054,32.043628645657463,32.625760091347274,33.066661096087046,33.752391690433342,34.328937465246781,35.175029490706947,35.986589054234173,37.101100785781,38.089689141302188,39.411023096157351,40.755306199925599,42.517124202963259,44.298755652953332
0.73187417745942829,29.326832205281789,29.234034300464373,29.397857880649099,29.347470357369957,29.568692309883772,29.621210407728086,30.140215165412428,30.359832663096768,30.93869418406166,31.193261121378328,31.657674379329364,32.046226932901391,32.628380537581506,33.069323700334735,33.755113085197536,34.331714097832446,35.177940166843655,35.989578740137404,37.104245336689019,38.092960419988685,39.414467042812248,40.758912636340483,42.520935205066053,44.302770381606024
0.73187828305696567,29.329088020939707,29.236304469398874,29.400196162905559,29.349889940816183,29.571168974635384,29.623687124350454,30.142678338965197,30.362320258724139,30.941164221094823,31.195764449628768,31.660183085482458,32.048768138572541,32.63094006555184,33.071924044088064,33.757772088624279,34.334425222770278,35.180787136327126,35.992501863493089,37.107313609587436,38.096155918346994,39.417834287905407,40.762435352671673,42.524661225173077,44.306695665431562
0.73188229322382481,29.331292869639128,29.238521130022036,29.402483034700708,29.352251243543378,29.573591360371665,29.626107785138629,30.145084230652174,30.364751667932069,30.943577744888444,31.19820645621985,31.66263304280892,32.051247364157007,32.633439840572464,33.074462905275141,33.76037171579901,34.337073875339684,35.183566412706568,35.99535527284479,37.110310084911362,38.099278378813779,39.421122148492941,40.76587449910312,42.528298232573889,44.310533046979344
0.73188621017820044,29.333446406451003,29.240689123817901,29.404714647051151,29.354558706010948,29.575955935707043,29.628473400448001,30.147434450269429,30.367124029585284,30.945936126720426,31.200595895725201,31.665028475514646,32.053672279257626,32.635884091572734,33.076944012660078,33.762912307306124,34.339661428189629,35.186279772586659,35.998145458103863,37.113240926569233,38.102331052920817,39.424335885675646,40.769238447760017,42.531854270944677,44.314279105445166
0.7318900360867272,29.335549917442677,29.242804394582436,29.406895393369268,29.356812895051689,29.578265197351811,29.630784059221241,30.149729610605846,30.369443656777548,30.948239425011707,31.202925405280894,31.667365180574961,32.056039574124497,32.638269087076424,33.079368249726031,33.765392849745695,34.34219045198779,35.188933011056633,36.000868475332481,37.116101992981385,38.105312559717731,39.427474412979791,40.772520072233874,42.53532865712441,44.317940609695142
0.7318937730656786,29.337603081678935,29.244873039475351,29.409025717935947,29.359016282281118,29.580524324084763,29.633040220130169,30.151973391816682,30.371707737386714,30.950490025046747,31.205203421568967,31.669649955614204,32.058351354577098,32.640598985773977,33.081736251564053,33.767814221484969,34.344660925816243,35.191523642831271,36.003530619528192,37.118899097211852,38.108223285340046,39.430539027866871,40.775729978409345,42.538719156927073,44.321514870359806
0.73189742318213735,29.339614366134811,29.246891463115389,29.411108597460952,29.361167454755559,29.582728749671332,29.635245596198274,30.154164490770199,30.373922270251114,30.952686957594324,31.207427909104808,31.671882251189345,32.060611325096033,32.642878877259136,33.084050716513502,33.770185525987927,34.347072756444959,35.194054070627772,36.006132509693998,37.121632273077466,38.111071382765203,39.433534671683447,40.778864982604773,42.542032913352614,44.325008741617239
0.73190098845513896,29.341572782354888,29.248865603220565,29.413143977832988,29.363270680941241,29.584883063348116,29.637400273142248,30.156304672485021,30.376084982092834,30.954833788869564,31.209602220246325,31.674060074327826,32.062818331495691,32.645101011466068,33.086310376642814,33.772494195865875,34.349432014912963,35.196530190849444,36.008671305582538,37.124298515721421,38.113849872558603,39.436463590810945,40.781925449878599,42.545272082774773,44.328421384695957
0.731904470856788,29.343487480989097,29.250792998798261,29.41512768931625,29.365321622442252,29.586988581296737,29.639504406164178,30.15839621448049,30.378194971749053,30.956932261623024,31.211724778117514,31.676189470185363,32.064973599164205,32.647275185159742,33.088519118503427,33.77475365206692,34.351735119519617,35.19894202296382,36.011153234265294,37.126907895355998,38.116562356075065,39.439318980071221,40.784916449032153,42.548436616452364,44.331756247085195
0.73190787231334975,29.345359346699297,29.252676344459815,29.417068318065958,29.367327318299886,29.589044703741365,29.641561417553021,30.160437251761323,30.380257176700525,30.958983818659817,31.213799414575078,31.678270750704087,32.067080160734349,32.649396795703979,33.090676550276385,33.776960859767769,34.353983728694402,35.201303132362227,36.01357783048843,37.129455964375211,38.119215767483638,39.442112518580416,40.787838532632122,42.551528268551465,44.335014502900322
0.73191119470631505,29.34718988086388,29.254515600444847,29.418964693260023,29.369287333477359,29.591051979989516,29.643569871818272,30.162433339818563,30.382273703714873,30.953299157262791,31.215824692470505,31.680304464277469,32.069138090607794,32.651471217419385,33.092783679295735,33.779117577408215,34.356179818638793,35.203607912021653,36.015946097978485,37.131940654496702,38.121806172527158,39.444840971279973,40.790695360277368,42.554545977116504,44.338196134030568
0.73191443987344151,29.348974301329235,29.256313037873497,29.420816111071872,29.371201240112441,29.593014818826759,29.645531791633402,30.164382288616252,30.384241420207218,30.955252938645572,31.217805989916997,31.682288751484066,32.071148600101424,32.653498662253241,33.0948388781012,33.781223354194935,34.35832872562969,35.205862393967891,36.018259212668454,37.134372549528962,38.124339877439525,39.447507734380451,40.793482848310759,42.557495253032357,44.341306553810227
0.73191760960976959,29.35071786447952,29.25806832672788,29.422624650013859,29.373071499080879,29.594930826215659,29.647451722774804,30.166288181055279,30.386164874406404,30.957161990370878,31.219737919364434,31.684225937344763,32.073110422956233,32.655476702509077,33.096850169416484,33.78328045008675,34.360426365409239,35.208063548446717,36.020521609081243,37.136747272966204,38.126811063184959,39.450109467280527,40.796207181496356,42.56037767263706,44.344343484485307
0.731920705668616,29.352422989882143,29.259782894096134,29.42439118800803,29.374897995623314,29.596803863906189,29.649320806103788,30.1681479329186,30.388044701534,30.959027873469495,31.221628441205212,31.686121394871407,32.075028811840639,32.657409143874247,33.098815608681434,33.78529216870038,34.362475344698851,35.210210608471243,36.022730528447482,37.139065123707496,38.129226723385727,39.45265504743702,40.798869372293666,42.563193935333857,44.347308634255114
0.73192372976254316,29.354087957592583,29.261459976983133,29.426118660002885,29.37668257103428,29.598632943791472,29.65115184581191,30.16996405320333,30.389878317196235,30.960849684367076,31.223470284152427,31.687972161098514,32.076902319745386,32.659299154145174,33.100735679700847,33.78725494487071,34.364476135043788,35.212311774610043,36.024885937038562,37.141332756291831,38.131587411819964,39.455139175638124,40.80146886554121,42.565944173878052,44.350206966631049
0.73192668356430646,29.355714045625064,29.263094632470256,29.427805837751748,29.378425042043773,29.600420725529148,29.652938628020365,30.171740805110403,30.391670301988597,30.962635401378975,31.225272736357965,31.689781605684857,32.078732660721471,32.66114321300347,33.102608895185313,33.789173356331503,34.366431970373924,35.214362665004046,36.026992924053502,37.14354622548035,38.133893500259546,39.457568251545581,40.804009523323202,42.56863029574788,44.353041077871239
0.73192956870777992,29.357305422931859,29.26469442242842,29.429451436274576,29.380129077269203,29.602165171193974,29.654683394625408,30.173472740135367,30.393421539048177,30.964370616095948,31.227033979493172,31.691545277179557,32.08052097425616,32.662945055093587,33.104440266216898,33.791050810331399,34.368341855984909,35.216366584310435,36.029051731829895,37.145711731858228,38.136145964868774,39.459941140613864,40.806490567635592,42.571252275155075,44.355810447757904
0.73193238678885963,29.358855514301467,29.266256335416074,29.431061644430883,29.381792641219363,29.60387341514388,29.656388633879033,30.175166112903298,30.395133229289513,30.96606787553128,31.228752673636336,31.693269448001047,32.082266896197325,32.664707046427338,33.106229173160955,33.792876526530108,34.370207783550541,35.218324278243472,36.031061714221323,37.14782216209187,38.138346117847505,39.462257621366462,40.808916627649523,42.573819444300625,44.358507626211122
0.7319351393663468,29.360373982414785,29.267781014316824,29.432634727633285,29.38341867653503,29.605536604560712,29.658055667407552,30.176820874459736,30.396803662811635,30.967728655315568,31.230434825317388,31.694953631618773,32.083973095926922,32.66642538028691,33.107975054013423,33.794665838514447,34.372033925832966,35.22023652711141,36.033029341376732,37.149888775635191,38.140495942624057,39.464520406249903,40.811282749160455,42.57632307080894,44.361148290790879
0.73193782796280948,29.361853339989921,29.269272251288385,29.434170129690756,29.385005049087567,29.607163908777693,29.659682490327214,30.178439356051967,30.398436006055817,30.969348960428306,31.232075525536402,31.696604139204283,32.085639871089825,32.668104735987527,33.109682216494548,33.796412171339398,34.373813893168972,35.222105772441864,36.034946428721469,37.151902827637514,38.142596122319446,39.466730614354674,40.813598246320453,42.578768446778213,44.363728858565992
0.73194045406542529,29.363300416572201,29.270728635568048,29.435670719116843,29.386556117048031,29.608754585926818,29.661271837517688,30.180018450662374,30.400029749542227,30.970931517810641,31.233678551383946,31.698208488826822,32.087266622901097,32.669747085772542,33.111349825122034,33.798119960978966,34.375555608475679,35.223930056141853,36.036821484098255,37.153873525391191,38.144646242271392,39.468890100597491,40.815859419424214,42.581159890735307,44.366247128367377
0.73194301912680371,29.364714744969206,29.27215050309178,29.437136173199178,29.388071600332978,29.610306732068693,29.662825423123195,30.181561476608294,30.401587917722736,30.972479157475391,31.23524590189254,31.699778793410132,32.088856383631537,32.671350841409094,33.112980366770898,33.799786633332587,34.37725518653906,35.225713080775677,36.038654143513668,37.155798657988726,38.146651032808677,39.470999914403365,40.818065513797592,42.583494290447106,44.368707079295291
0.73194552456578976,29.366094407832406,29.273538703605482,29.438567366506504,29.389551194344904,29.611824044959121,29.664342342124655,30.18306701934398,30.403108944681662,30.973991626491625,31.236773128541699,31.701312457765198,32.090410639094898,32.672916561959937,33.114570976979394,33.80141389158598,34.378914956491371,35.227455125912002,36.040443441829211,37.157675189080692,38.148607607891336,39.473060972018629,40.820222704381649,42.585775589765035,44.371109666460143
0.73194797176824899,29.367444649841673,29.274896421915855,29.439965618121278,29.390996099170479,29.613306533337891,29.665824335648267,30.184538394587889,30.404596093843793,30.975465499249367,31.238267206030287,31.702811683442178,32.091928588954943,32.674445565011411,33.116123774402695,33.803005795480203,34.385018102180766,35.229156839232473,36.04219077619382,37.159511942827976,38.150522616200305,39.475074656761535,40.822329266901306,42.588002584337119,44.373457731355302
0.73195036208783337,29.368763734903496,29.276222758174299,29.441332156885437,29.392407935857364,29.614753431592362,29.667272199936178,30.185975792145655,30.406046947637606,30.976907263944213,31.239726779499961,31.70427564330339,32.093412183227883,32.675939330625624,33.117641915715012,33.804558144496696,34.386604933558829,35.23081875947446,36.043897584799197,37.16130557052702,38.152387606894536,39.477042437676573,40.824388114613157,42.590180579581556,44.375753499532948
0.73195269684673103,29.370049027251298,29.277518555834376,29.442666608913441,29.393787578134607,29.616167343013331,29.668686292820439,30.187381484205616,30.407464880369844,30.978316401158281,31.241152576453715,31.705706208264019,32.094859335454657,32.677400496554128,33.119124678890785,33.806077044012,34.388158104267859,35.232440883176423,36.045565939141852,37.163060579489866,38.154214058419711,39.47896419286235,40.826397830375299,42.59230707932511,44.377994468018187
0.73195497733639658,29.371307176420487,29.278782151036012,29.443970472877936,29.395135663894052,29.617549713162589,29.670067754218508,30.188754202858036,30.408850219337182,30.97969158694832,31.242544816104783,31.707103499112691,32.096272764896185,32.678824848883323,33.120574110645066,33.807559949425467,34.389669920020879,35.234028248098639,36.047194401649449,37.164769154047008,38.155996333179246,39.480840723772872,40.828361740931996,42.594383836609268,44.380183025634778
0.73195720481826654,29.372534181090941,29.280017639902326,29.445245150699066,29.396452265964626,29.618899051598873,29.671418519660165,30.190093196170437,30.410204582146434,30.981035248602439,31.24390577998156,31.708466912109088,32.097653826229362,32.680217262855876,33.121988778544619,33.809008104977693,34.391147058730439,35.235577154755447,36.048786028031373,37.166442295338584,38.157739077527822,39.482674898460118,40.830280758912068,42.596413905477675,44.382323956089294
0.73195938052445619,29.373734963074639,29.281224936990384,29.44648759562142,29.397738002022152,29.620216695531326,29.67273608696496,30.191404411815711,30.411526540188788,30.982347226121874,31.245234869754313,31.70980044567068,32.099003836639895,32.681578674710181,33.123371533568843,33.810424118486935,34.392592608211544,35.237092143683185,36.050341856960131,37.168073954630017,38.159439504845977,39.484466809955848,40.832156484218558,42.59839391667856,44.384411388929948
0.73196150565844154,29.374906277264472,29.282404463929652,29.447703662055119,29.398994614619596,29.621506017838783,29.674023648569801,30.192680929251765,30.412817216752956,30.983631306653024,31.246532637146174,31.711102728545484,32.100320704904789,32.682906924965664,33.124723179554621,33.811808551657123,34.39400339513395,35.238569919023575,36.05186204147185,37.169672530385924,38.161102342217873,39.486213953840888,40.833986175482096,42.600332772354705,44.3864537778868
0.73196358139572504,29.376050874627708,29.283556813766609,29.448890095624392,29.400221320865967,29.622761868571615,29.675280536007449,30.193932311254684,30.41407916255821,30.984882980405018,31.247799304767796,31.712373662998289,32.101607834029437,32.684205294190178,33.126043740761816,33.813154399521864,34.395381749880926,35.240013836145408,36.053345274850926,37.171229675578616,38.16272465476186,39.487924813336122,40.83577580777137,42.602223526032958,44.388446974234739
0.73196560888448559,29.37716993911954,29.284681665641529,29.450050725080018,29.401421046073665,29.623990728475746,29.67650975407696,30.195150772772649,30.415311793265118,30.9861058204865,31.249038066795947,31.713617709287973,32.102868221198605,32.685473119265225,33.127329501635813,33.81447256401816,34.396729717341259,35.241423213301005,36.054793979175884,37.172752115684943,38.164308897929914,39.489596204927693,40.837523257976045,42.604071264966024,44.390391342181829
0.73196758924621397,29.378265029690283,29.285780502859325,29.451183697306078,29.402589742853706,29.625193037044028,29.677711471778821,30.196345199186908,30.416514050049045,30.987301075444975,31.250248087093496,31.714829704402746,32.104095439120556,32.686712431235264,33.128587599727325,33.8157625779927,34.398043483720812,35.242801711850461,36.056209663334357,37.174239960236719,38.165862017476684,39.491227806639017,40.8392289929443,42.605876676671869,44.392297464512012
0.73196952357633271,29.379331294835993,29.286854571318145,29.452288986509302,29.403733570072063,29.626367227581341,29.678884508326519,30.197506429449732,30.41768948907702,30.98846761124787,31.251429096458196,31.716018191409603,32.105296754091796,32.687922103021265,33.129820260082397,33.817021342405496,34.3993293256367,35.244149293688679,36.057592167020175,37.175692433558652,38.16737309656537,39.49281861203599,40.840898258579273,42.607638546204726,44.394154426850037
0.73197141294480261,29.380373598622555,29.287902710274011,29.45337056347762,29.404850435628759,29.627510883490231,29.680029065752024,30.198644566416078,30.4188378522731,30.989607730506123,31.252583207319731,31.717172149013095,32.106469532702249,32.689104520653927,33.131018786895766,33.818251140796747,34.400586738573111,35.245462877676346,36.058944037121364,37.177111188465005,38.168849158278135,39.494375671645685,40.84252576770632,42.609363554070569,44.395969344483092
0.7319732583967139,29.381392644757398,29.288926926506974,29.454426051956489,29.405943027281864,29.628628536083852,29.681148283512357,30.199755835201358,30.419961221034555,30.990724217052502,31.253712136893228,31.718304851063294,32.107615238422113,32.69025845027727,33.132192229995781,33.81945071076052,34.401810156826741,35.246748915446005,36.060262994847108,37.178498233294704,38.17029433699372,39.495896868641012,40.844117186477433,42.611044999671321,44.39774277078368
0.73197506095286502,29.382385885699932,29.289927726987571,29.45545690429617,29.407008058729843,29.629721829371192,29.68224080119262,30.200840766279271,30.42105635427879,30.991810806238846,31.254814727728899,31.719408618431771,32.108732125010192,32.691387893080446,33.133340243892235,33.820624178344133,34.403008127890189,35.248001647676574,36.061552708217278,37.179851537862305,38.171705795785783,39.497381414631491,40.845672315307183,42.612687636683859,44.399475442608036
0.73197682161032684,29.383357892691492,29.290905466818913,29.456465290989854,29.408049806741928,29.630789359844584,29.683309906463819,30.201901095988887,30.422125770774073,30.992872027533849,31.255891960929148,31.720487472581226,32.109825303040452,32.692491502387384,33.134457364135869,33.821769642783693,34.404179749444666,35.249228598405352,36.062811300499106,37.181175457591053,38.173081924875532,39.49883246835725,40.847187957254391,42.614297456993427,44.401166715231284
0.731978541342994,29.384308743559359,29.291860847626594,29.45745020415643,29.409068522156986,29.631832800864686,29.684352247104471,30.202936882913036,30.423171316475873,30.99391149946041,31.256942858787625,31.721541210396936,32.110893063277672,32.693564992688607,33.135551690569628,33.822890225407718,34.405320372303777,35.250424976288741,36.064042688073641,37.182467772056498,38.174429210268045,39.50024955580011,40.848671971989006,42.615862001571259,44.402820776625504
0.73198022110212424,29.385234083944397,29.292792866488526,29.458411404158142,29.410060195449432,29.63285036760044,29.685372499923687,30.203948566583676,30.424195966172647,30.994925901594343,31.25796941588851,31.722571832361155,32.111936497997704,32.694616642700566,33.136621472645402,33.823982961987895,34.406437126405308,35.251594717272383,36.065242999627117,37.183730199598358,38.175743163263178,39.501634988051592,40.850119700652158,42.617394801516184,44.404436553376399
0.73198186181686409,29.3861413658733,29.293703991027996,29.459350463152532,29.411032962164654,29.633848054036207,29.686366037267817,30.204936913457459,30.425190125751215,30.995914922144038,31.258972623866157,31.723577231722629,32.112952916059839,32.695643907978592,33.13766378023638,33.825051387502299,34.407527645267237,35.252738336332641,36.066418353168956,37.184964294426209,38.177027172167072,39.502987795983245,40.851536997397488,42.618891419003376,44.406013106291994
0.73198346439476292,29.387023796215999,29.294593932386306,29.460266171061903,29.411980399280083,29.63481792429593,29.687337882962311,30.205901760645702,30.426164090918064,30.996886491372152,31.259954224524336,31.724561578230805,32.113947936868499,32.696648625786111,33.138682551894817,33.826093833725736,34.408595630558011,35.253854982664052,36.067565583173746,37.186167270957867,38.17828320126182,39.50430686288837,40.852917845210413,42.615397461090652,44.407554309721945
0.73198502972227519,29.387888216598185,29.295464989786069,29.46116219491023,29.412904850540599,29.635766944139959,29.688287805541677,30.206844815787463,30.42711679975173,30.997828511309763,31.260910984888596,31.725520143916583,32.11492023042365,32.69762652020745,33.139677472673611,33.827115966628753,34.409634763413578,35.254945748445152,36.068684679297348,37.187344812118681,38.179507972937699,39.505597565110293,40.85426850250542,42.616825493603756,44.409058189410189
0.7319865586652502,29.388732018615428,29.296312275705986,29.46203819818993,29.413809461406572,29.636696246041538,29.68921552640677,30.207766342427931,30.428046303148676,30.998750650824604,31.26184528388103,31.726457235191901,32.115869748423847,32.698584143942298,33.140650513433684,33.8281092008624,34.410650480559525,35.256010897764554,36.069779487262167,37.188494196478132,38.180704352022985,39.506857519335881,40.855587744619243,42.618220131310864,44.41052828058173
0.73198805206941175,29.389557592410711,29.297142550863555,29.462893196357527,29.414692818849517,29.637601301933501,29.690121139634812,30.208665333089812,30.428955594261424,30.99965411848234,31.262760107427312,31.727373608569451,32.116795967005146,32.699519903875625,33.141599571349616,33.829081150366164,34.411643122970418,35.257048689122712,36.070846516558049,37.18961775272237,38.181873657623782,39.508089983610716,40.856874183782111,42.619582126306796,44.411964539815926
0.73198951076082552,29.39036415321516,29.297953281013179,29.463728553731926,29.415557277192647,29.638485935404333,29.691006591016958,30.20954442162747,30.429841525355187,31.000533040456503,31.263652197456395,31.728269069701128,32.117703211585194,32.700432227478359,33.142527317273107,33.830030942241592,34.412616289312155,35.258065057940712,36.071890823442118,37.190712555407117,38.18301546223347,39.509293163167968,40.858135551044143,42.62091583422216,44.413367843429114
0.73199093554635597,29.39115139138994,29.298744551075742,29.464543085832247,29.416400313788927,29.639350685029058,29.69187131085846,30.210404121300598,30.430708057227093,31.001393652921706,31.264524280340993,31.729140694638772,32.118586910257363,32.701323120322741,33.143436286691212,33.830959597737547,34.41356058342808,35.259058219228336,36.072910307251277,37.191786112579848,38.184133335341357,39.510466856065705,40.859362767593666,42.622215835703173,44.414739808577906
0.73199232721411289,29.391917367173846,29.299518798021836,29.465341535116295,29.417223147053846,29.64019878000272,29.692715257111104,30.211242231124743,30.431555969818874,31.002233691106994,31.265376263895178,31.729995980723743,32.11945057645471,32.702194354026233,33.144319713861478,33.831866262435597,34.414486855159339,35.260027333690687,36.073909375880248,37.192831927328825,38.185222124041502,39.511614945616657,40.860566654065678,42.6234826457694,44.416075096897202
0.73199368653388719,29.392668667308953,29.30027239917672,29.466118548869872,29.418029095281327,29.641019931613755,29.721709228844702,30.212061430876929,30.432381657825317,31.003053892488424,31.266205312894726,31.730828722919341,32.120295722365881,32.703047862635231,33.145184518783026,33.832751836626812,34.415392366700416,35.260976197676882,36.074881219204599,37.193855981451634,38.186287172979519,39.512737289996494,40.861737166424518,42.624724815743321,44.417385167093926
0.73199501425757663,29.393403093169127,29.301010858183872,29.466880556132764,29.418814659741656,29.641827826939789,29.722511758685869,30.212860160571381,30.43319274469377,31.003856727943003,31.267019258916662,31.731645205673431,32.121121524449336,32.70387814900505,33.146029535909292,33.833614875777585,34.416273671597537,35.26190109353729,36.075830456462882,37.194851736331202,38.187327651792657,39.51383162532602,40.862881982545332,42.625937000253543,44.418659965756433
0.73199631111960206,29.394124841882331,29.301731431798089,29.467623646308766,29.419582735495624,29.642613778110444,29.723299513846086,30.213641821129386,30.433979277026083,31.004640798470064,31.267811338657339,31.732440952471279,32.121924758084788,32.704691150958297,33.146853951319827,33.834459516228435,34.417136681688135,35.262806789388833,36.076759112841046,37.195827827502853,38.188343271684971,39.514900968928032,40.864001986826679,42.627119156828485,44.419910192760199
0.73199757783731312,29.394819615728466,29.302436217184095,29.468348473316382,29.420331662011904,29.64338141021608,29.724065999403592,30.214405544479632,30.434749450068921,31.005405413460267,31.268588265204016,31.733216063377768,32.122713132076569,32.705482753096931,33.147661574499125,33.835284817973843,34.417980001973774,35.263688121923224,36.07766585005902,37.196782156464906,38.189335236768329,39.515946607956721,40.865095700301936,42.628275397054949,44.421129494015076
0.73199881511138543,29.395503432694568,29.303122715267364,29.469057504276861,29.421063740758882,29.644131959109927,29.724814685483125,30.215151803237859,30.435503047026486,31.006153349409942,31.26934410119793,31.733975412925702,32.123479029690316,32.706259147776109,33.148448356954759,33.836091596676397,34.41880170854165,35.264549632092894,36.078552211898113,37.197712883906661,38.190306115316162,39.516966843327737,40.866164405258587,42.629404789425735,44.422317606980414
0.73200002362620842,29.396170038625769,29.303793766091076,29.46975020026639,29.421778728833942,29.644866542088948,29.725549229726766,30.215879375959503,30.436236961704708,31.006882361358294,31.270084592972125,31.734714481047831,32.124230724190511,32.70701778668672,33.149219411316608,33.83688135963439,34.419605351422888,35.265391791439924,36.079417135432323,37.198623581284664,38.191251504053525,39.517963044368116,40.867207019150555,42.630508629111318,44.423482534460163
0.73200120405026303,29.396821373988587,29.304452646013033,29.47042581758069,29.422478019760092,29.64558259497835,29.726263508049669,30.216591422490183,30.436956090554304,31.007595126045089,31.270806979854569,31.735440126089543,32.124964207912399,32.707754175102764,33.14996888376254,33.837649453726499,34.420390726663754,35.266214403382946,36.080262601323284,37.199509258002763,38.192176315399138,39.518938058983622,40.868227509771714,42.631586297405192,44.424617993182437
0.7320023570364923,29.397460519160632,29.305092251034694,29.471085000205676,29.423161358292418,29.646283628167112,29.726964142113502,30.217286816603519,30.437658131356329,31.008294074681089,31.27151317564676,31.736148013012553,32.125679616863181,32.708477211890568,33.15070190894312,33.838400155763338,34.421158422480403,35.267017725671394,36.081089371913095,37.200376304925612,38.193080895343883,39.519888191216523,40.86922219448752,42.6326393024342,44.425725908278309
0.73200348322266218,29.398082008734491,29.305717268573517,29.471730859691888,29.423827892385361,29.646965846689454,29.727645149243472,30.217965240050944,30.438342314775127,31.00897316018245,31.272200722509751,31.736839263395723,32.126378377451601,32.709182874041289,33.151419230327065,33.83913573459904,34.421909761525058,35.267801818966291,36.081896044926452,37.201223355419188,38.193962945897511,39.520822492035222,40.870194216336131,42.633670282168623,44.426812213290304
0.73200458323171436,29.398689849769653,29.306328888738335,29.472361432735397,29.424479967456591,29.647634719541202,29.728311891170051,30.218629639940445,30.439012725434168,31.009637626402309,31.272874152642544,31.737513851760923,32.127062989108708,32.709872625188837,33.152120296152134,33.839849283276635,34.422640644414059,35.26857035653984,36.082683794860259,37.202051231694441,38.194823826338961,39.521725771281581,40.871148794359669,42.63467200262312,44.427868955533086
0.73200565767211079,29.399282651318572,29.306927192860712,29.472976726646721,29.425116231123411,29.648288277223401,29.728963882413154,30.219276024667579,30.439668127751247,31.010286098188317,31.273531313650437,31.738173470264883,32.127730716734277,32.710544667936574,33.15280486438769,33.840552118118921,34.423354104378632,35.269319897455262,36.083452661015144,37.202860038993094,38.195667120100552,39.522614326753228,40.872071978590157,42.635652449262579,44.428903653481484
0.7320067071381704,29.399864511889973,29.307509315220614,29.473577688956993,29.425736489563178,29.648925236346258,29.729599295566004,30.219909224903859,30.440306231318573,31.010919576705419,31.274173565695037,31.738816218276042,32.128383325511095,32.711202393624717,33.153473154182393,33.841234767466631,34.424053989750064,35.270052118031344,36.084204247215439,37.203649452760146,38.196489822726562,39.523479775994474,40.872977867353256,42.636612017814059,44.429913996305459
0.73200773221039772,29.400430332742417,29.308079633286525,29.474166531005267,29.426344459866414,29.649545477635911,29.730220239215669,30.22052592512955,30.440927764170283,31.011538629044026,31.274803663399325,31.739446119669992,32.129018965196337,32.711843541585949,33.154125464513982,33.841901598857021,34.424735753199002,35.270764634479292,36.084939301243594,37.204420208624924,38.197292402611311,39.52432624891162,40.873864965193206,42.63754958481104,44.430904543658926
0.73200873345580408,29.400983346172325,29.308636581193696,29.474739486807721,29.426937382803089,29.650156145191431,29.730827248220976,30.221129641226526,30.441538025615955,31.012145251275342,31.275413773681521,31.740059381212632,32.129641217238259,32.712471613626349,33.15476043487206,33.842554730179472,34.425401157444867,35.27146574738299,36.0856568549234,37.205175256889106,38.198076583722923,39.525150120006401,40.874728830774075,42.638463125634189,44.431865402433232
0.7320097114282208,29.401524910593253,29.309182165736729,29.475299345360327,29.427516327519697,29.650748016249054,29.731420534113113,30.221719917713472,30.442133833893422,31.012734943288251,31.276014059238605,31.740660219852089,32.130250773141142,32.713083843180357,33.155384240412332,33.843193711726599,34.426051464192824,35.272147265061903,36.086356428485487,37.205911688482502,38.198845331225129,39.525959338911889,40.8755733988869,42.639356898667756,44.432804691075034
0.73201066666860659,29.402050839188632,29.309711608608723,29.4758482106472,29.428082863600139,29.651327661772484,29.732000569624688,30.222295105732883,30.442713222500061,31.013313115546225,31.276597808469887,31.741246604746266,32.130842955259141,32.713681596776041,33.155992073547623,33.843816752029852,34.426686664483441,35.272811311517671,36.087040197804072,37.206628539611302,38.199593694610485,39.526748292916636,40.876398873998369,42.640228076568746,44.433724780333705
0.73201159970534535,29.402568961304041,29.310230345656237,29.476381071322521,29.428634418621414,29.651895691590653,29.732565986140798,30.222858511775485,30.443282733852811,31.013874840178687,31.277169989638878,31.741818394080838,32.131422151423521,32.714266533683713,33.156587702921115,33.844423788668792,34.427309303902348,35.273462444130928,36.087709248797182,37.207332918369048,38.20032370343597,39.527518177203547,40.877206147210927,42.641081695676803,44.434624425955008
0.73201251105453979,29.403070416645278,29.3107379249318,29.47690428156784,29.429174357322154,29.652448860006189,29.733117449510246,30.223408955851937,30.44383627549405,31.014426507411372,31.277727661215522,31.742377730929547,32.13199007777348,32.714837965322204,33.15716621239153,33.84501792196852,34.427917131496542,35.274096581767935,36.088365605759464,37.208019814955605,38.201040590183766,39.528271240812501,40.87799242306437,42.641914550050387,44.43550094564398
0.73201340122029612,29.403565060892106,29.311232449611907,29.477413913572491,29.429702102691408,29.652989706949029,29.733658577779352,30.223945894992085,30.444379380159262,31.014964663484989,31.278271878083615,31.742924130468964,32.132544112009782,32.715394373374693,33.157733471602114,33.845598048317243,34.428508669595431,35.274719670679588,36.089000719404339,37.208688338716911,38.201736127197364,39.529005113947278,40.878761138921618,42.642727689544245,44.436357901530755
0.7320142706950028,29.404044068497569,29.311715783943782,29.477911927050627,29.430215927110567,29.653517801890757,29.734185455738952,30.224469022003632,30.444909588340579,31.015491596390348,31.278804350015434,31.743457019234484,32.133082799895874,32.715940668956591,33.158288865548457,33.846164639678591,34.429088719188258,35.275324825031475,36.089623165136345,37.20934316390867,38.202418232572654,39.529722700036473,40.879511628689215,42.643520600935972,44.437195934923238
0.73201511995960367,29.404512414182591,29.312187478022224,29.478399800295392,29.430720901603081,29.654032974437996,29.734700964580952,30.224982091322545,30.445424351729343,31.016002754419333,31.279324588954751,31.743979712336568,32.133609234582309,32.716472325317682,33.158826969420261,33.846719850772843,34.429653532761222,35.275917902799392,36.09023296425903,37.2099834232381,38.203084904406751,39.530423838727529,40.880248280502656,42.64429838141541,44.438014090780143
0.73201594948386328,29.404973029292705,29.312649434725245,29.478875308360784,29.431212294856778,29.654536745347741,29.735204752398204,30.225481156063779,30.445930857851181,31.016504952654486,31.279832377576895,31.744489035531387,32.134125002781275,32.716992823584405,33.159357832425485,33.847259857420795,34.430204255918852,35.276495319985315,36.090826787296919,37.210607872106266,38.20373488313453,39.531108820244299,40.880962962247395,42.645055870054421,44.43881316724628
0.73201675972662672,29.40541917036353,29.313100052993377,29.479339778054509,29.431691172409046,29.655029551547159,29.735695111630776,30.225970669640901,30.446423918396249,31.016994993380195,31.280328699882375,31.744985852879836,32.134632952348511,32.717500494774413,33.159872203141276,33.847786844337406,34.430744998891441,35.277061177890118,36.091408407284234,37.211217016188129,38.204371679895303,39.531776868167981,40.881661508705292,42.645796813629204,44.439593153139413
0.73201755113607403,29.405858460546824,29.313539026633407,29.479792900920074,29.43216140181903,29.655510598304772,29.736174019857572,30.22644776772313,30.446904811077275,31.017471900664987,31.280813882253369,31.745470850489255,32.135121691745553,32.717998243130296,33.160377274084567,33.848303657549877,34.431271201412983,35.277612837262495,36.091974518215466,37.211814671644788,38.204991567418347,39.532430605001991,40.88234636321522,42.646521726211631,44.440355426025235
0.73201832414996759,29.406292611334266,29.313969243626161,29.480236033376968,29.432619478410743,29.655978868361217,29.736643522445775,30.226913430744389,30.447375545466912,31.017939301949809,31.281285721449422,31.745946713892408,32.135600579231777,32.718481224191237,33.16086994237412,33.848807161497461,34.431784348637848,35.278151482309568,36.092527874844109,37.212394744133235,38.205597337955169,39.533069929434077,40.883016664212391,42.647225919178254,44.441097332322897
0.73201907919589426,29.406705275730928,29.314389987090635,29.480668230568426,29.433065072537147,29.656438196835552,29.737103297919475,30.227369261997865,30.447839798130644,31.018396597107767,31.281749188913182,31.746410722500514,32.136071225941578,32.718953733020498,33.161349626418541,33.849299956754294,34.432289292538826,35.278678794230927,36.093069497251236,37.212964896007179,38.206189909647492,39.533693251499699,40.883667665098073,42.647914319385563,44.441826677466906
0.7320198166915024,29.407110475521222,29.314800084016497,29.481092607405117,29.43350290965941,29.65688682907421,29.737549023867359,30.227814477556876,30.448284750844778,31.018840962822196,31.282202447650889,31.746862103448166,32.136530071033576,32.719417030809836,33.161818210346155,33.849781081607944,34.432779060451594,35.279193280780873,36.093599078745683,37.213522031664525,38.206768024161647,39.534303000740692,40.884304773674103,42.648590073699324,44.442536728563027
0.73202053704473224,29.407507598798929,29.315200733604797,29.481505504833422,29.433929234972538,29.65732362573408,29.737985182302509,30.228247400097644,30.448723660585983,31.019277588676232,31.282641760294609,31.747303510562688,32.136977567123267,32.719868261936426,33.162277884466221,33.850251413146452,34.433261289861548,35.279697397642849,36.094116429080259,37.214062087132334,38.207334294617795,39.534897488127172,40.884927617632911,42.649246438332739,44.443230675979521
0.73202124065404206,29.40789819935253,29.31559183377658,29.481908297167138,29.434346983122623,29.657751670933067,29.738413701538775,30.228674922665959,30.449152144358322,31.019701080955201,31.283071316699079,31.747740590146805,32.13741548683447,32.720310910448916,33.162726098315034,33.850709870939227,34.433726723138079,35.280188998157882,36.094622134496149,37.214591905432371,38.207884897521126,39.535478321490245,40.885536044408127,42.649891696663872,44.443908632805233
0.73202192790862797,29.408277265445122,29.315975222815723,29.482302899799379,29.434754638719596,29.658170054162838,29.738828678088339,30.229087597515445,30.449569804501607,31.020117033691349,31.283493014017949,31.748159038987978,32.137840461150063,32.72073942902216,33.163164044832683,33.851157098411932,34.43418746424004,35.280666103664771,36.095111875339171,37.21511201468229,38.208423939110162,39.536048543458492,40.886128027198538,42.650519088716464,44.4445701151717
0.73202259918863999,29.408648863873168,29.316348232254313,29.482686737668246,29.435151755231118,29.65857821433292,29.73923720847506,30.229492006477358,30.44997835857248,31.020524050901713,31.283905069999491,31.748570777641362,32.138262782056245,32.72116111550713,33.163591914588778,33.851594560200738,34.434632539443101,35.281134846921304,36.095592133441187,37.215615836914822,38.208951371038438,39.536600827558232,40.8867082389811,42.65113553831452,44.445218851791651
0.73202325486539188,29.409011329484656,29.316712049277157,29.483063174043309,29.435539606672364,29.658978303781623,29.739633515553578,30.22988752065703,30.450378212287887,31.020919225741636,31.284304977201828,31.74897329696978,32.138668524658442,32.721572474151799,33.164009192348203,33.852022554993255,34.4350685670247,35.281592844098668,36.096063149428574,37.216109465623504,38.209463536874409,39.537143402528272,40.887275826939458,42.651732469060335,44.44585088749136
0.7320238953015662,29.409366032356047,29.317068775694679,29.483431051206026,29.435919219899461,29.659364272528819,29.740024836496559,30.23027514143314,30.450767432687371,31.02130643549026,31.28469815700555,31.749366497831943,32.139065917426251,32.72197268049149,33.164417194022462,33.852440596718679,34.435495208193061,35.282042282860402,36.096523542074465,37.216590834004364,38.209968138472959,39.537671263006814,40.88783043601552,42.652316906441229,44.446465240721409
0.73202452085141578,29.409710787545464,29.317418784048186,29.483789100675494,29.436291049673628,29.659745395108985,29.740403355718172,30.230651846356523,30.451148423382165,31.021684775334961,31.28508091584672,31.749751497981379,32.13356255389499,32.722365764826009,33.16481610472465,33.852849482075726,34.435910742939996,35.282478464687301,36.096973368979889,37.217060970236616,38.21045774212962,39.538187696530258,40.888370286957979,42.652889523974409,44.447068772368766
0.73202513186095897,29.410049954798524,29.317759914343242,29.484139340970614,29.436652082101546,29.660116852647661,29.74077261550292,30.231020024357349,30.451519549212207,31.022055094933876,31.285455098676266,31.750124951422094,32.133943119043124,32.722748139924988,33.165206122490872,33.853249026195954,34.436319346079017,35.282902310399095,36.097408390253349,37.217522488667782,38.210937029276465,39.53869383535357,40.888897973590247,42.65344789960136,44.447658192161725
0.73202572866817106,29.410380799338327,29.318090044485416,29.484481519785732,29.437007857646677,29.66048060356934,29.74113524737686,30.231380104223717,30.451884928019354,31.022414414417199,31.285821287615818,31.750491933768899,32.13431279399947,32.72312194383403,33.165586665400951,33.853634967218113,34.436717603854049,35.283318123132631,36.097837374702522,37.217972572707822,38.211406925673145,39.539185273878502,40.889416262393752,42.65399231119909,44.448235854040831
0.73202631160317178,29.410702436681277,29.318413916539612,29.484815929576598,29.437351338014423,29.660833629574427,29.74148903540754,30.231731404114271,30.452239442875907,31.022766438361941,31.286176789902584,31.750850681462452,32.134673611007202,32.72348765129027,33.165959629321605,33.854016293108998,34.437104845291287,35.283726301993738,36.098255862113547,37.218410038083221,38.211863993617044,39.539670081848271,40.889918766629307,42.654528477952681,44.448793397394638
0.7320268809884074,29.411019084913278,29.318730565423266,29.485142128891766,29.437688863986978,29.66117982015021,29.741834648809345,30.23207665218797,30.452584523846326,31.023112461385608,31.286529346141833,31.751198991257297,32.135032064093593,32.72384564800177,33.166319094623759,33.854388272508459,34.437485814105912,35.284122969408145,36.09866415725628,37.218840155715952,38.212311625558868,39.540138902273156,40.890410439904826,42.655046368072817,44.449344426614516
0.73202743713882912,29.411325034795937,29.31903935842729,29.485462864551209,29.438019969047673,29.66151840270777,29.742172082505022,30.23241064330432,30.452926540927365,31.023448993589682,31.286867233025077,31.751540651928281,32.135373115876064,32.724196249904708,33.166672804126847,33.854752642068888,34.437854968868123,35.284510607798893,36.09906190538004,37.219258653822635,38.212745929557968,39.540599167038181,40.8908928122205,42.655556017723484,44.449878612781959
0.73202798036206751,29.411625034526423,29.319341626479854,29.485772764421654,29.438340735621068,29.661847160274192,29.742502592398978,30.232739587808737,30.45325465040969,31.023779318770721,31.287199481786502,31.751874863432931,32.135710000104154,32.724534007893453,33.167019299733056,33.855105244321294,34.43821594553674,35.284890626183369,36.099450082209387,37.21966703559292,38.213173597430796,39.541045843849133,40.891362303923415,42.656050821570716,44.450401189993045
0.73202851095860255,29.411920766930052,29.319637091131881,29.486076925956695,29.438654935195018,29.66217020592785,29.742822930006696,30.233058193673514,30.453579418786831,31.024095847052649,31.287524702482187,31.752199704488703,32.136043364330817,32.724867090048065,33.167362982638224,33.855449699958626,34.438570340998922,35.285259302519989,36.099831461525355,37.220068287024333,38.213587909969647,39.541484440823297,40.891820358855966,42.656536932192921,44.450913537893939
0.73202902922192992,29.412205982579053,29.319928545788116,29.486374180930397,29.438962220322765,29.66248598588254,29.743138252250446,30.233371773123508,30.453893654142576,31.024409188081336,31.287841106141968,31.752518595635593,32.136362544877557,32.725192043869356,33.167688321150308,33.855788540385674,34.438913537483586,35.285624368838853,36.10020368911637,37.220457633523893,38.213995244459966,39.541912289320408,40.8922696208856,42.657011699966915,44.451413577885887
0.73202953543872318,29.412486699323381,29.320206723778938,29.486665280075158,29.43926211343296,29.662793156778207,29.743445640026948,30.233676958378965,30.454202481033008,31.02471676203777,31.288150996142576,31.752829104937518,32.136677472977226,32.725510090224361,33.168010366490307,33.856119751482765,34.439253439363256,35.285974866298602,36.100566751634688,37.220839704294121,38.214392127653809,39.542330881184625,40.892705163013488,42.657474117689617,44.451901746887415
0.73203002988899246,29.412758493376259,29.32048235950424,29.486947377715296,29.439556976990843,29.663093915196441,29.743747306379191,30.233975486396503,30.454503568565087,31.025014498998644,31.288454928819647,31.753132782611374,32.136983476114438,32.725819167203554,33.168326130071819,33.856441568831542,34.439580405367451,35.28632034705106,36.100921791310157,37.221211784532443,38.214780419488761,39.542738683301195,40.893137160250717,42.65792665608933,44.452376147842187
0.73203051284623921,29.413028102188036,29.320750221003436,29.487226633536011,29.439842340279029,29.663387611571579,29.744039554330357,30.234266118997766,30.454800288588103,31.025307628073278,31.288750408581109,31.753428872025324,32.13728332296796,32.726121167623205,33.168633565256187,33.856756156202664,34.439903244884135,35.286659840857283,36.101267828135406,37.221576839119734,38.215158774830343,39.543138826444647,40.893549537041054,42.658367121222454,44.452843690537065
0.73203098457760796,29.413287634723019,29.321013942670106,29.487495939066321,29.440122030265002,29.663674837222061,29.7443245086979,30.234551519539764,30.455085343085557,31.025592145425435,31.289039259092533,31.753719516796082,32.137576461613662,32.726417334399684,33.168934093755524,33.857064455933596,34.440216421211062,35.286988109067352,36.10160600346353,37.221931995833984,38.215531114861278,39.543529157957892,40.893958172343446,42.65879873786298,44.453297811847733
0.7320314453440333,29.413542607621821,29.32127081679937,29.487760913904367,29.440395327106444,29.663955906620231,29.744604603380594,30.234830161948139,30.455366004325697,31.025870341777136,31.289322150835687,31.754005429365861,32.137861633200373,32.726710892470237,33.169227989113097,33.857366634321352,34.440523899493201,35.287308220014438,36.101935326312741,37.222279508849624,38.215892317306043,39.543909843908295,40.894358942422514,42.659221932719447,44.45374236775524
0.73203189540038482,29.413793027116753,29.321520970026086,29.48801812303509,29.440660460122672,29.664228523157817,29.744878828237233,30.235102341197489,30.455639636070373,31.026142363738927,31.289597203362518,31.754281591330709,32.138141326615369,32.726988913730565,33.169517441528569,33.857659567539486,34.440824245564727,35.287625966396263,36.102258781142609,37.222617463534789,38.216244248015755,39.544283835236001,40.894745713838802,42.659632770014468,44.454177037935551
0.73203233499560805,29.414034287171489,29.321764663640352,29.488271135442574,29.440921289716471,29.664494249588188,29.745145779128961,30.235367046546344,30.455907864137771,31.026409216023239,31.289865381508207,31.75454909022028,32.138413615700301,32.72726503785816,33.169793757655043,33.857945284171365,34.441117295750246,35.287931115376068,36.102575834747313,37.222950044217669,38.216588583634802,39.544646057211594,40.895126132836594,42.660033276088598,44.454598526731388
0.7320327643728618,29.414273219465485,29.322004014999948,29.488517260689605,29.441176533858197,29.664755129740115,29.745404424911158,30.235624972566256,30.456168890166737,31.026668334706756,31.290130991808383,31.75481274320191,32.13868234379197,32.727534637130702,33.170070682746882,33.858225658689207,34.441402595576164,35.288229704137393,36.102883364340869,37.223272042693225,38.216927483179916,39.545000775304288,40.895498633828083,42.660425384442078,44.455017200878501
0.73203318376965298,29.414504838856828,29.322237488379869,29.488757092718515,29.441424604522354,29.665011015112668,29.745659960718513,30.235882750491783,30.456423814308437,31.026921870134629,31.290386614315594,31.755069607660971,32.138941436736786,32.727796298160229,33.170335753721247,33.858499335548913,34.441681560704637,35.288524262146893,36.10318272046743,37.223587349103127,38.217255333145658,39.545345536294008,40.895862020608547,42.660810675248285,44.455417104797107
0.73203359341796792,29.414730508497087,29.322465684231247,29.488993167509761,29.441668151102249,29.665260356170165,29.745908621511717,30.236126534898176,30.456675192061084,31.027169479714303,31.290637580749717,31.755323671222868,32.139196164062923,32.728053791371622,33.170597064973663,33.85876737228682,34.441954900561086,35.288808832018276,36.103476943453643,37.223897104210209,38.217576727715368,39.545684753664318,40.896215528311131,42.661185098545957,44.455811583067771
0.73203399354440046,29.414952421281214,29.322688401773576,29.489222723515468,29.441906491944565,29.665503332503249,29.746151258466853,30.236369491488404,30.456916913250552,31.027410655078256,31.290882633638375,31.755567233311467,32.139445141795477,32.728304257754644,33.17085033294461,33.859027284875083,34.442222467544525,35.289087561829092,36.103765352280789,37.224198597326449,38.217891628366488,39.546017119756925,40.896561718529028,42.66155008990745,44.456196513421219
0.73203438437027779,29.415167537316393,29.322905863108645,29.48944545349832,29.442137781161136,29.665740287496192,29.746388019909773,30.236603616445336,30.457154378766518,31.027646820427435,31.291123046842131,31.755807677053326,32.139688385780119,32.728549700336771,33.171101551302854,33.859282906635144,34.442481282723293,35.289359693761071,36.104044287525994,37.22449376293298,38.218198469713116,39.546338642334831,40.896899703037889,42.661906609369908,44.45657333850022
0.73203476611178231,29.415379935213423,29.323118730442275,29.489665254503507,29.442363607737889,29.665972535794481,29.746619777815795,30.236834420717969,30.457388006124802,31.027878454244728,31.291355292983098,31.756041146536518,32.139924969854746,32.728790111177659,33.171343992248239,33.859531710479587,34.442737810292329,35.289628062806514,36.104318593225344,37.224781468955371,38.218500099535504,39.54665501147656,40.897229356167827,42.662260309110934,44.456943397646228
0.73203513898007155,29.41558805709019,29.323325488905994,29.489878547415628,29.442584689668138,29.666200676781045,29.746846645371079,30.237058462413188,30.457616503999816,31.028104227699259,31.291584005005916,31.756270985708397,32.140156997227223,32.729023042592871,33.171581780548877,33.859775889816774,34.442986927517268,35.289887299346901,36.104586189398105,37.225062232384971,38.218790509124119,39.546961713093879,40.89755166203031,42.662596882704747,44.457301929420282
0.73203550318139499,29.41578718539904,29.323529691327167,29.490088335355722,29.442800465637902,29.666421220725624,29.747068791287347,30.237278329843321,30.457836856479844,31.028325554701496,31.291807054952187,31.756496050249098,32.140381801219974,32.729253545729989,33.171813688919428,33.860014813205453,34.443227494438361,35.2901412969577,36.104848589768153,37.225336785869331,38.219076169824802,39.547264887241454,40.89786590213771,42.662932908784114,44.457653016539098
0.7320358589172079,29.415983795917327,29.323727256390157,29.490292814116401,29.443011653483381,29.666637069317403,29.747283289402731,30.237493094594356,30.458053452572585,31.028538985630348,31.292026726932363,31.756713235531606,32.140605345169661,32.729474930577908,33.172040112605828,33.860245038929861,34.443464166304693,35.290389478594534,36.105102479912603,37.22560402884028,38.219354055981512,39.547557610897911,40.898174392571946,42.663256744358932,44.457995438813668
0.73203620638428279,29.416176990375789,29.323921268310642,29.490492340111359,29.44321691038931,29.676304343252923,29.747495987344792,30.237703003390834,30.458266035363977,31.028749589217568,31.292237197909344,31.756926701480552,32.140820409914795,32.729692152523512,33.172261214802802,33.86047239233676,34.44369619570125,35.290632935702888,36.105351171259372,37.225865265767879,38.219630410598256,39.54784357888866,40.898474869359688,42.663575391532959,44.458332265716308
0.7320365457748188,29.416365521602984,29.324108239558427,29.490685397055586,29.443418015275029,29.676511441906314,29.747700307589184,30.237907312170137,30.458472122435069,31.0289542011501,31.292448815353055,31.757134089048577,32.141029822581004,32.729906243922869,33.172477772077855,33.860693874196386,34.443924513167531,35.290870414435631,36.105595087346956,37.226122378123819,38.219894779876995,39.548126730077911,40.898770024613441,42.663884720328497,44.458657340078844
0.7320368772765472,29.416547927245119,29.324293717255841,29.490875981184672,29.443614476005678,29.67671215096334,29.747902293577226,30.238108249221114,30.458674188363602,31.029154190950067,31.292650518445953,31.757337953826664,32.141236211233263,32.730114089143626,33.17268937548306,33.860910232705464,34.444143000808253,35.29110192977214,36.1058331880281,37.226371868082879,38.220154213317983,39.548399740667264,40.899057267617991,42.664187797780869,44.458976813132267
0.73203720107283565,29.41672895631973,29.324475180671016,29.491061255625027,29.443808509220162,29.676908520384131,29.748098850108363,30.238302856569135,30.458870955047587,31.02935072448372,31.292848929201682,31.757537031511674,32.141435701964838,32.730316769982437,33.172896409986606,33.861120369409036,34.44435816608393,35.291326704979838,36.106063543512846,37.226615164613122,38.220409471091443,39.548666454983504,40.899336069559467,42.664484960946538,44.459288833093524
0.73203751734278999,29.416903301722868,29.324650772760378,29.491243862768442,29.443995394846297,29.677101743971434,29.748289746563387,30.238493444105188,30.459065463840943,31.029541913011599,31.293041696799719,31.757732255196515,32.141631783239063,32.730515970266879,33.173096802691816,33.861329301545084,34.444570556046983,35.291548863209755,36.106291707813398,37.22685453940403,38.220658331520099,39.548928014820376,40.899610558604309,42.664774023721748,44.45959687461891
0.73203782626135239,29.417073066531884,29.324822897808644,29.491421702641219,29.444178649171135,29.677290138482476,29.748477988894592,30.238680346603815,30.459251798612058,31.029728099096701,31.29323004277785,31.757920740423742,32.141824843291943,32.730708189813868,33.173293522761924,33.861529983296805,34.444775628768639,35.291764810996938,36.10651384839457,37.227087371863945,38.220900499102299,39.549183657381036,40.899878946123408,42.665056020903194,44.459896550543363
0.73203812799939905,29.417241651852237,29.324989986235323,29.491594157288091,29.44435788373994,29.677472524425411,29.748660601989286,30.23886366329225,30.459435931214557,31.029910498552454,31.293415176682174,31.7581064011747,32.142013844205394,32.730899903792306,33.173486654576209,33.861729251171255,34.444977266336991,35.291974143572133,36.106729997014099,37.22731520487514,38.221136079125245,39.54943206109192,40.900137030682345,42.66533528878017,44.460183884160415
0.73203842272383413,29.417402705828863,29.325153765669256,29.49176309743234,29.444531311907895,29.677651875669198,29.748839699606378,30.239041189518503,30.459615984690572,31.03009019675892,31.293596974469892,31.758288042411095,32.142196784891894,32.731082462360064,33.173673285850782,33.861918496118051,34.445172271795855,35.292182132060134,36.106941708022532,37.227538694795385,38.221367859826842,39.549676403371905,40.900391575390586,42.665600613684546,44.460468495900841
0.73203871059768233,29.417562244384044,29.325315216807667,29.491928029045994,29.444701743291944,29.677827093068572,29.749016800993559,30.239214340217131,30.459790838156096,31.030264700010775,31.29377194269091,31.758464563718462,32.142373915404733,32.731263104164555,33.173859884687772,33.862105751084073,34.445364425755997,35.292382723115225,36.107151012121449,37.227753050580304,38.221593889127234,39.549914084210286,40.900642212977345,42.665865299205507,44.46074631919646
0.73203899178017895,29.417718775212961,29.325470382649655,29.492089003706496,29.44486885067704,29.677998463300355,29.74918538124075,30.239384436959426,30.459963595870704,31.030432423621278,31.293943890389073,31.758636143268177,32.142549464714648,32.731440600514361,33.174038662165003,33.8622914822854,34.4455530608966,35.292578182592933,36.107349045030332,37.227964592935223,38.221814087029543,39.550147299363744,40.900886031331538,42.666122112463654,44.461016401544839
0.73203926642685802,29.417869463362422,29.325623882293712,29.49224620376981,29.445032496664226,29.678164858984474,29.749351926699546,30.239550316265195,30.460128944276221,31.030600659430092,31.294111978019828,31.758807161986169,32.142719962434057,32.731613067287071,33.174212219662877,33.862467895166446,34.445734549170083,35.292769683755523,36.107546915495732,37.228171252188531,38.222028572445197,39.550375068572066,40.90112268578514,42.666376676231266,44.461280767230164
0.73203953468963834,29.418018757470691,29.325771935971261,29.492401052132664,29.44519275920652,29.678329126871176,29.749514406631533,30.239715100321064,30.460293143292802,31.030761477500164,31.294277823755237,31.758969286619958,32.142886746172735,32.73178138726189,33.174383532099,33.862643319915151,34.445914469361014,35.292957989675415,36.107740785873375,37.228374674423321,38.222240711369977,39.550596074153418,40.901355449110724,42.666619390836331,44.461541885454608
0.73203979671690755,29.418163183231627,29.325919526776033,29.492552105165032,29.44534731237718,29.678487500520987,29.749674782482089,30.23986953839858,30.460453472551762,31.030920224930014,31.294437094880323,31.759131313787293,32.143048602536055,32.731945629120219,33.174549961665889,33.862815900454734,34.446089170127834,35.293140083676008,36.107927236178512,37.228572520501075,38.222448920498209,39.550812845858218,40.901580491312416,42.666858771157877,44.461793502521232
0.73204005265360417,29.418305362863975,29.326060539584887,29.492698444381858,29.445497722158734,29.678643769621885,29.749828978889582,30.240024281590649,30.460608875740036,31.031075117675755,31.294593871627058,31.759288302126151,32.143206789744454,32.732105114385831,33.174713658938799,33.862982222402024,34.446257838265865,35.29331777449579,36.108111390783961,37.228765649100296,38.222647440820765,39.55102638258677,40.901801232012986,42.667093103972093,44.462038658622987
0.7320403026412976,29.418443503074286,29.326200341651202,29.492841429194868,29.445646064947823,29.678795964219717,29.749981860387834,30.240175592995456,30.460760255524747,31.031225659450229,31.294746930868314,31.75944332463996,32.143364600469795,32.732261820033273,33.174872806569056,33.863147284994284,34.44642599672261,35.293492775600953,36.108290198957548,37.22895362123063,38.222843320730135,39.551231551875389,40.902017747547688,42.667321402112066,44.462279779865185
0.73204054681826691,29.418578318609889,29.326335877566635,29.492981706432147,29.445791061776617,29.678943749901009,29.750130815241391,30.2403217327128,30.460909084430568,31.031373770473238,31.29489689510774,31.759592419682122,32.143514589774441,32.732417228238319,33.175028837954414,33.863303743424694,34.44658819506185,35.293663536516306,36.108466649096499,37.229137803430149,38.223035154774152,39.551432125037536,40.902231252171987,42.667544272171654,44.462514320740411
0.73204078531957661,29.418711031245493,29.326469967139474,29.493119902620037,29.445932569131173,29.679088824878818,29.75027325702149,30.240468910071741,30.461054793799576,31.031518280532055,31.295042983995245,31.759738209465922,32.143662678971396,32.732565629641158,33.175180303232537,33.863459925247753,34.446748591611595,35.293831726392909,36.120035669818662,37.229317650113899,38.223223065875118,39.551630443378144,40.902435664084805,42.667764449945025,44.462745028416975
0.73204101827715207,29.418839644218224,29.326599095746587,29.493253218850896,29.446070758523319,29.679230916496181,29.750415892358433,30.240607731519049,30.461196806907083,31.031658820691064,31.29518845509574,31.759882916243896,32.143808712759892,32.732712594347504,33.175329297161625,33.863612336479946,34.446904241473931,35.293991730769903,36.120202715830601,37.229494525351583,38.223405839855332,39.551821543578171,40.902636262652322,42.66797623939965,44.462972378883023
0.73204124581985197,29.418964534600946,29.326726067339678,29.49338355466034,29.446206118566579,29.679369466725802,29.750553087359549,30.240744389933297,30.461336118141389,31.031796618163298,31.295325477726692,31.760022448047948,32.14394835994608,32.732852596235261,33.175476624412113,33.863760507421375,34.447055223753068,35.294151791860713,36.120366662633387,37.229665264861978,38.223586245123442,39.552009812520737,40.902834757527671,42.668186075989979,44.463191580257899
0.73204146807354009,29.419087842577028,29.326849464310726,29.493510431136656,29.44633724232358,29.679505384349341,29.750688588994308,30.240880199094136,30.461470985601409,31.03193032025365,31.295461844022611,31.760157569017338,32.144089211815754,32.732994015301301,33.175614883211438,33.863905248464562,34.447203043719128,35.294306187799521,36.120526660997712,37.229833909424997,38.223759287590383,39.552193470456587,40.903027812544678,42.66838786852486,44.463403310800004
0.73204168516115431,29.419209159426373,29.32697003147814,29.493634395906156,29.446467774240773,29.679639165008666,29.750820725412723,30.241008834338572,30.461603800602916,31.032062493005014,31.295593938950333,31.760291736138697,32.144221390838538,32.733129953487605,33.17575346654894,33.864047093278714,34.447346903530615,35.29445764705406,36.120683214884139,37.229997258874846,38.223929143493933,39.552373016716956,40.903215023931352,42.668586901830622,44.463612804354398
0.73204189720277502,29.41932653941376,29.327089038151826,29.493757051379362,29.446591749491745,29.67976514722659,29.750948711760884,30.241138155536646,30.461732584516085,31.03219001305024,31.295725196330295,31.760421301817132,32.144353594864697,32.733262739803649,33.175888676057184,33.864188336182906,34.447489218533519,35.294606246207877,36.12083671211667,37.230158175825181,38.224095481864879,39.552548281654254,40.903398368190665,42.668779689143321,44.463817009442209
0.73204210431569161,29.419440105841204,29.327203037752042,29.493875233410108,29.446714752099979,29.679891550029879,29.751075728244814,30.24126192612448,30.461859538905173,31.032314853598564,31.295850778111799,31.760548725927038,32.144481271522636,32.733391813393609,33.176022613859459,33.864322487427671,34.44762557201966,35.294751075863132,36.120984169535404,37.23031334287316,38.224261246807146,39.552719365776738,40.90357760234474,42.668968474954909,44.464017467236317
0.73204230661446701,29.419552266195751,29.327316275239355,29.493991782867397,29.446835365041125,29.680013747634803,29.75119887360006,30.241387655237304,30.461980997300088,31.032437966489852,31.295974736754033,31.760672506337414,32.144608163702742,32.733520318674437,33.176148735863535,33.864453111857074,34.447762469794725,35.294892967339365,36.121131595727547,37.230466949192305,38.224418113328738,39.552887297014422,40.903752146947227,42.669155851001051,44.464213592852957
0.73204250421100148,29.419664487156297,29.327426120733435,29.494105065490658,29.446952374298689,29.68013631778922,29.751317771637787,30.241505016633255,30.462102435177258,31.032557765493038,31.296098853531021,31.760795083915127,32.144728731461328,32.733642329446411,33.176275759321015,33.864581889417877,34.447894386295047,35.295029996489575,36.121273370907147,37.230612655378081,38.224574485533594,39.553050294372497,40.903922785264513,42.669337200498376,44.464403071585366
0.73204269721459381,29.419767989134925,29.327533491902159,29.49421976999065,29.447066922201429,29.680251840146866,29.751433697428638,30.241620888695252,30.462220177957079,31.032674633275292,31.29621524824006,31.760913602625806,32.144850290533668,32.733765281220712,33.176402346301074,33.8647098121196,34.44802196755154,35.295165211500262,36.121412225325912,37.230758507018891,38.224725056840725,39.553210881741052,40.904090918672409,42.669512135034438,44.464587868650142
0.73204288573200271,29.419873367970013,29.327638337354074,29.494324013395726,29.447178131932105,29.680367525455949,29.751551065704916,30.241735495462763,30.462334701831423,31.032788630749565,31.296330046569892,31.76102892777908,32.144966994550032,32.733882691842155,33.176520132914447,33.864830895632622,34.448146946661382,35.295298658553747,36.121547996125628,37.230900420378475,38.22487299266777,39.5533664708164,40.904252545755753,42.66968638641265,44.464773353352484
0.73204306986750523,29.419976698198298,29.327741580387283,29.494429380254587,29.447287594810177,29.680479469693182,29.751663355366873,30.241846614995211,30.462445802184448,31.032898358620969,31.296443279557934,31.761141810391564,32.145082260445633,32.733998030980274,33.17663631049345,33.864951468641266,34.448269290012377,35.295426541315919,36.121680690231187,37.231039638867514,38.225015393498779,39.553518357163284,40.904413403388389,42.669853045918899,44.464948566570001
0.73204324972295454,29.420076265418629,29.327841115178217,29.494532462433654,29.447394657720452,29.680588833887214,29.751770732987552,30.241954989273836,30.462559102229534,31.033010364793427,31.296554405856568,31.761252528433943,32.145193446341182,32.734110667244295,33.176751398512351,33.86506885255767,34.448390392657529,35.295554383665149,36.12181250112917,37.23117601838976,38.225157490881429,39.553667982325805,40.904568719442977,42.670019126206626,44.46512295118373
0.7320434253978364,29.420171699902767,29.327939220620465,29.494633612858706,29.44749916050705,29.680695310365081,29.751877016931758,30.242061385461511,30.462662733083562,31.033114846068656,31.296659723700941,31.761360385116859,32.145302490420818,32.734220258564164,33.176862917108338,33.865184485888221,34.448505979942638,35.29567566291098,36.121937481366786,37.231307038420709,38.225295454369189,39.553811334629245,40.904721443727794,42.670180321125827,44.465293169478628
0.73204359698932409,29.420269093215211,29.328034256703177,29.494731703472098,29.447601090392482,29.68080148710078,29.751982603347642,30.242165873095928,30.462767599728068,31.033218243923329,31.296765510941441,31.761467109201931,32.145409274295162,32.734328536710109,33.176972770735574,33.865295424861415,34.448621994104087,35.295793697304816,36.122062678840848,37.231437878261659,38.225432518568141,39.553954167653046,40.904869965601392,42.670336514400333,44.465457052335751
0.73204376459233211,29.420361523800239,29.328128529395144,29.494828150216108,29.447700070133124,29.680901518654082,29.752082838879232,30.242265719102306,30.462871396407991,31.033319385662253,31.296868080624336,31.761569714995858,32.145516293411674,32.734433647691731,33.177079808208418,33.865407133745975,34.448735615810165,35.295911140702174,36.122182911593427,37.231563449375244,38.225561625150021,39.554094950177387,40.905014643714367,42.670488402193769,44.465618561670908
0.73204392829956899,29.420450585489107,29.328220315347153,29.494922218993452,29.447796440982984,29.681001704564551,29.752182270447975,30.242363950756044,30.46296906937414,31.033417751935303,31.29696908463302,31.761670524090732,32.145615257830286,32.734537465384165,33.177183697354849,33.865511931719993,34.44884205136168,35.296025765052946,36.12229983491261,37.231686203025674,38.225690546189981,39.554228032102856,40.905155688475134,42.670640316656318,44.465777528279887
0.73204408820158806,29.420539264302988,29.328308241022114,29.495014026917943,29.44789258787614,29.681098525729794,29.752279202965383,30.242461573453966,30.463066888940375,31.033516604916258,31.297067265205442,31.761768914992444,32.145713958240776,32.73463772686182,33.177285947050677,33.865617618324904,34.448947956909706,35.29613698643152,36.122415611050201,37.231809495785001,38.225816721920182,39.554361177112241,40.905293738795535,42.670785305783284,44.465931237751647
0.73204424438683802,29.420626394180999,29.3283943129627,29.495103211871992,29.447985804687733,29.681192947654836,29.752374007185608,30.242558311121229,30.463162241664577,31.033610334924106,31.297162292756184,31.7618637481105,32.145814728133701,32.73473818981347,33.177385657355444,33.865717284732455,34.449055932495412,35.296246274082023,36.122528424490156,37.231926844223381,38.225938308693003,39.554489370567353,40.905429559623371,42.670928512246064,44.466084662568392
0.73204439694171164,29.420709685489783,29.328479340844751,29.495191156537203,29.44807525411602,29.681287914800123,29.752465684425715,30.242647222592041,30.463255978154393,31.03370197884351,31.29725615971256,31.761958178630721,32.145905629207846,32.734829848260688,33.177482281696939,33.865817917807362,34.449154999752409,35.296354029772374,36.122638270159769,37.232040337566104,38.226058291279514,39.55461709712381,40.90556009347074,42.671067481347109,44.466228347482229
0.73204454595059343,29.42079183109081,29.328562659481122,29.495276989767262,29.448163916913245,29.681377252117727,29.752558534872605,30.24273825489945,30.463346997190001,31.033792026647461,31.29734824558318,31.762048845836489,32.146000291391829,32.73492593415358,33.177579598559532,33.865915183255765,34.449255376477595,35.296456130190109,36.12274555604472,37.232152257679445,38.226175626085478,39.554739840686125,40.905690003477503,42.671203800061903,44.46637203254204
0.73204469149590667,29.420873945497078,29.328644011226061,29.49536085634054,29.448249486018995,29.681465165077043,29.752644869605774,30.242826446313302,30.463434699411664,31.033880531118939,31.297436443238439,31.762139429650688,32.146089421132274,32.735015432392174,33.177671970327992,33.866008616998897,34.449349989956772,35.296556967335164,36.122849659487656,37.232262125529815,38.226290825416982,39.554859751274307,40.905814686035683,42.671336647666067,44.466511317194545
0.73204483365815864,29.420953828562233,29.328723742231432,29.495442397567331,29.448335275606041,29.681552440178166,29.752732353343617,30.242911011524484,30.463521928174941,31.033966010116728,31.297523630359592,31.762228296363446,32.14617739515279,32.735103987146886,33.177760202350782,33.866102265039899,34.44944613345433,35.296658564318932,36.122953264380612,37.232368680795389,38.226400818197362,39.554977950120701,40.905938136247642,42.67146827774468,44.466648834523312
0.73204497251598533,29.421029548327624,29.328802154482219,29.495521747205203,29.448416165426124,29.681637111038071,29.75281721588135,30.242995983859601,30.463607055758075,31.034050421131269,31.297609127559554,31.762311311522353,32.14626400327279,32.735192280363208,33.177849506267648,33.86619276457759,34.449538711871355,35.296754969958329,36.123053611545856,37.23247385297509,38.226512322812141,39.55509357001938,40.906058684640357,42.671593794215369,44.466785271826666
0.73204510814619506,29.421103665882129,29.328876290891003,29.495599659102936,29.448497410180835,29.68171907629312,29.752898766861563,30.243077528838512,30.463690941946425,31.034132730220335,31.297692070317225,31.762394525572745,32.146348692785523,32.735275983919564,33.177935381884708,33.866283098438089,34.44962862223656,35.296850300412643,36.123151556492303,37.232577147886786,38.226618061360114,39.555204782517194,40.906176501420305,42.671717796270059,44.466917815383567
0.7320452406238106,29.421176536395706,29.328949539231871,29.495676397140414,29.448574906730755,29.681799437466907,29.752979129737469,30.243156867606558,30.463769441103068,31.034211886229514,31.297772937885384,31.76247590478215,32.146430093567687,32.735359925938155,33.178020301331799,33.866368232402237,34.44971775888007,35.296941950939527,36.123247871285912,37.232676665707913,38.226720829426085,39.555314191527941,40.906291149864956,42.671841204988596,44.467043734926847
0.7320453700221109,29.421248072970684,29.329021790767456,29.495750566336483,29.448651867211083,29.681878515101289,29.753057282441205,30.2432346541068,30.463848972818596,31.034291655405923,31.297853505153398,31.762556220977331,32.146510367113024,32.735441690689186,33.178104274994894,33.86645225687198,34.449805088565881,35.297033097484928,36.123339468676477,37.232775414028765,38.226822013832134,39.555419292251827,40.906402806429014,42.671963453040917,44.467166829849248
0.73204549641267191,29.421318917487042,29.329092257232787,29.495822686235897,29.448726209522647,29.6819550490859,29.753135995779303,30.243309915020291,30.463926093485043,31.034367254481822,31.297929335461049,31.762634489866286,32.14659040518427,32.735520716885276,33.178183211839041,33.866536294645812,34.449886397796035,35.29712027942378,36.123432101504022,37.232869583780939,38.226921733814834,39.555525005013806,40.906511382234839,42.672073679316782,44.467288236304739
0.73204561986540539,29.421386376156534,29.329161647061937,29.49589331924517,29.448800033737143,29.682031311791889,29.753209238667296,30.24338685737348,30.46400027511163,31.034441322848124,31.298006871755661,31.762709155540961,32.146665828386631,32.735596877680109,33.178262995696059,33.866616067375162,34.449972765778512,35.297206507890678,36.123520051212381,37.232964900873412,38.227020565061594,39.555626860496886,40.90662170551559,42.672186099387545,44.467407837438714
0.7320457404485986,29.421453920423119,29.329230069006371,29.495962183499614,29.448872029686072,29.6821040025402,29.753284166609774,30.243459085025279,30.464074576697385,31.034515623507559,31.298078957462167,31.762783640248472,32.146740726047028,32.735674341360209,33.178339301600317,33.866696122327994,34.450050669689062,35.297290253921801,36.123607630307561,37.233053480803846,38.22711258515028,39.55572618413089,40.906722406291465,42.672297133446136,44.467524077758299
0.73204585822895096,29.421518121344889,29.329293228440747,29.496029890639875,29.44894149509787,29.682177197003966,29.753354726605721,30.24352947481384,30.464146859202174,31.034585936470648,31.298150886962503,31.762855697004397,32.146813446704527,32.735745436663819,33.178415288067754,33.866771061124382,34.450129749995995,35.297372116982842,36.123692577889415,37.2331417240066,38.22720732279231,39.55582626523892,40.906825765650865,42.672405087511834,44.467637183864099
0.73204597327161203,29.42158180180104,29.329358674012383,29.496095622261691,29.449010486979205,29.682245244664045,29.753424591433486,30.243598981671312,30.464218615949449,31.034656260902921,31.298222751902358,31.762925487505072,32.146884863736886,32.735819720200197,33.178488137195927,33.86684607104371,34.450205188432392,35.297455081834869,36.12377602633569,37.233229264856618,38.227297989255021,39.555918918266798,40.906925154071814,42.672512213577193,44.467748896847297
0.73204608564021667,29.421644419980112,29.329420038187436,29.496162033369728,29.449076804667357,29.682313898906159,29.753492851299143,30.243665644014982,30.464285672227106,31.034723158044471,31.298291561066435,31.762994479732697,32.146956848117497,32.735892520409379,33.178560338368243,33.866919770880941,34.450279879447407,35.297531448676182,36.123857315189525,37.233312723359177,38.227384796851766,39.556011620736172,40.907022493416207,42.672611756448987,44.46785738247172
0.73204619539692095,29.421707596013221,29.329481726776976,29.496224280216666,29.449142394613546,29.682380783937333,29.753562362351204,30.24373297369857,30.464351098123188,31.034790637441347,31.29835816806235,31.763062670327145,32.147023835133041,32.735959370748333,33.178629002388334,33.866992134557222,34.450352984316851,35.29760880349977,36.123936452479484,37.233396318797077,38.227470910785541,39.556104713873083,40.90711689044474,42.672715460231757,44.467962909376183
0.73204630260243586,29.421764290395458,29.32954123292393,29.49628537607623,29.449205335591159,29.682445972528512,29.753624610818861,30.243799204528841,30.464415913146695,31.03485658132422,31.29842364646629,31.76312788338555,32.147090873540947,32.736025674809753,33.178698237044046,33.86706177911401,34.450424152551022,35.297683679790225,36.124011859333223,37.233478251341239,38.227556535275198,39.556192357938016,40.907208945346611,42.672813636596857,44.468067944177164
0.7320464073160613,29.421823733482142,29.329598912490383,29.496346158099186,29.449269125620731,29.682509367837611,29.753686646056394,30.243863196211805,30.464483558355823,31.034919123548207,31.298487426555766,31.763193440654504,32.147155428439874,32.736091538953133,33.178764739488088,33.867129587788895,34.450494371138575,35.297756085844412,36.124087925800268,37.233555509763391,38.22763722691343,39.556279112056018,40.907300838019182,42.672909406174767,44.468168159188735
0.73204650959571893,29.42187985295368,29.32965723414236,29.496404483259084,29.449328152618364,29.682571317030579,29.753749900191451,30.243922977223519,30.464542133564919,31.034980175766577,31.298551126271377,31.763255439208933,32.147218240586881,32.736156662920166,33.178830430699236,33.867196346717265,34.450562980035556,35.297828541630679,36.124162026056638,37.233635566114117,38.227717481106083,39.556363659864019,40.907388513232945,42.673000979156313,44.468265666154821
0.73204660949798406,29.421934764434809,29.329713015699326,29.496462106839772,29.449388054793872,29.682633140927919,29.753811372849214,30.243984383446332,30.464603204337891,31.03504045831869,31.298612085011428,31.763316226325514,32.14727983537432,32.736218729996835,33.178894169779142,33.867263075715073,34.450629544929143,35.297899738046908,36.124234782049825,37.233709628352244,38.227795551867075,39.556447644267337,40.907474521067797,42.673092783808443,44.468364450604895
0.7320467070781167,29.421988008238714,29.32976699136816,29.496518087818458,29.449445872609203,29.682691800280736,29.753870727585763,30.24404374101141,30.464662905154455,31.035099631915728,31.298671499992906,31.763378699688019,32.147341863227211,32.73627953642972,33.178956136316629,33.867325008573061,34.450695310144056,35.297970699526104,36.12430496425759,37.233781232948786,38.227873157273734,39.556526349714659,40.907559084449076,42.673182311827532,44.468457250095526
0.73204680239009279,29.422041615403032,29.329819311316896,29.496571713039884,29.449501952728269,29.682750813870825,29.753927120783828,30.244100363785037,30.464721522025684,31.035157224201612,31.298731617933754,31.76343478014951,32.147402359249554,32.736343258970464,33.179016135200527,33.867386450274807,34.450758632418001,35.29803331568155,36.124373092669884,37.233853870914118,38.227947395910633,39.556606106860727,40.907643042847212,42.673269624233399,44.468549019085458
0.73204689548663338,29.422092700125631,29.329870908712564,29.496626118935637,29.449556880610089,29.682806534110568,29.753983986883668,30.244156441848645,30.464777897417662,31.035213777180616,31.298786999633649,31.763492690336079,32.147459510459157,32.736397059919,33.179075002877198,33.867448705714196,34.450820114492217,35.298097706847329,36.124440243058871,37.233925806019215,38.228019920171846,39.55668160014784,40.907721729253808,42.67335625605574,44.468637220011715
0.73204698641923416,29.422143539536592,29.329922808231458,29.496677056603858,29.449609461076307,29.682862707975801,29.754039848662615,30.244211411293691,30.464832698597547,31.035267903120257,31.298844079307855,31.763549542224155,32.147515798406857,32.736453936180624,33.179133249539973,33.867507589387969,34.450880599873926,35.298162552728627,36.124505897880681,37.233993826416736,38.228091982569367,39.556756795819183,40.907801026681227,42.673435610375691,44.468726499611421
0.73204707523819379,29.42219326506256,29.329971295544055,29.49673108263687,29.449663794442586,29.682915691731523,29.754092826425676,30.244265631858525,30.464888206301111,31.035323143496043,31.298898134105002,31.763603600244551,32.147570181248739,32.736510974249541,33.179191409237774,33.867567954936021,34.450941454308122,35.298225250346604,36.124570064062482,37.234060951165247,38.228161096462372,39.55683117748049,40.907879468602005,42.67351896584114,44.468813719912305
0.73204716199264197,29.422240211775716,29.330019871647892,29.496778391984208,29.44971502356816,29.682969200205662,29.75414865124003,30.244317205670086,30.464940317686342,31.035374941139708,31.298950581502595,31.763656696331509,32.147624342578183,32.736566902285176,33.179246948327091,33.867623431968696,34.450999213167506,35.298286238066339,36.124632069802374,37.234125145091639,38.22823160029202,39.556904329834197,40.907956634659513,42.673598228273931,44.468895036187405
0.73204724673056609,29.422289371255374,29.330067285735367,29.496826986605356,29.44976458702854,29.683020070209295,29.754198432508929,30.244367974333272,30.464993123468048,31.035425172484338,31.299002949400801,31.763707637396237,32.147675816484934,32.736618253767119,33.179299631378854,33.867677537675718,34.451053603847413,35.29834392574503,36.124695783040352,37.234188668695424,38.228297697886319,39.556971853797677,40.908029381372671,42.673675801728677,44.4689775648676
0.73204732949883844,29.42233370744043,29.33011373073532,29.496873626610522,29.449815059709863,29.683070844307167,29.754247362946444,30.24441782317308,30.465042859747882,31.035477505830386,31.299053405526593,31.763759953976205,32.147727500564997,32.736671595730968,33.179351876747205,33.867731056373032,34.45110905804313,35.298401196606846,36.124754342029973,37.23425048367335,38.228362518712856,39.557042576442655,40.908099465084888,42.673752561836864,44.469057368342874
0.73204741034324161,29.422378429707351,29.330158370368736,29.496920257600323,29.449862497423965,29.68312153226907,29.754297388980831,30.244467226943925,30.465091711623245,31.035524321110188,31.299102230245808,31.763809071649575,32.147777313387905,32.736720655758745,33.179404618358603,33.867784502694576,34.451163843502854,35.29845737957794,36.124811893085734,37.234313281975574,38.228426746895366,39.557110608571293,40.908168326703617,42.673825296922587,44.469135782756894
0.73204748930849417,29.422422070665107,29.330202239656955,29.49696685771687,29.449908888366053,29.683171033535473,29.754345805546563,30.244514861470179,30.465139338245535,31.035572659121499,31.299150927014125,31.763856791170383,32.147828081853277,32.736770351177256,33.179455055192193,33.867836070475732,34.451216855653911,35.298512404655867,36.124868237184273,37.234371846464455,38.228488114236825,39.557174255494829,40.908235838101064,42.673896729954322,44.469210645366729
0.73204756643827518,29.422464348595895,29.330245970412761,29.497010415353543,29.449955607319453,29.683214804378167,29.754391409598611,30.244562586567554,30.465187978577887,31.035620275098154,31.299199417020191,31.763905512601468,32.14787761796515,32.736820210123824,33.179503806791217,33.867886140007613,34.451267055585504,35.298566757647222,36.124923763120478,37.234431455495269,38.228548974724617,39.55723741236352,40.908303438729035,42.67396899711548,44.469284287825303
0.73204764177524828,29.422505957501926,29.330288144031329,29.49705330960569,29.449999782924124,29.683260738568151,29.754437141041308,30.244605996252631,30.465232794915664,31.035665244646225,31.299246306751684,31.763951639219158,32.147924266178961,32.73686633148327,33.179552966896608,33.867936396559799,34.451318196716784,35.298617727975852,36.12497968755406,37.234488641465759,38.228608204076863,39.557299943661292,40.908369385620972,42.674037696995583,44.469358845171428
0.73204771536108582,29.422546774632792,29.33032849105166,29.497096515118301,29.450043537448892,29.683308226432473,29.754482073080908,30.244650405555149,30.465277656783655,31.035709918346129,31.299290644983103,31.763996388081978,32.147967110652189,32.736912195131481,33.179599121510819,33.867984598157364,34.451367716379536,35.298671313791601,36.125032850541174,37.234542407351,38.228667428913923,39.557359847272437,40.90843224929904,42.674104293644632,44.46942943405611
0.732047787236491,29.422587668798315,29.330369742177027,29.497136442259944,29.450085154129965,29.683349088500108,29.754525090703737,30.244694512586648,30.465320826139305,31.035753253708663,31.299333541763644,31.764040046526134,32.148011696670437,32.736959018180187,33.179643292942274,33.868031332276132,34.45141563899324,35.298722952315075,36.125085219935499,37.234598002211897,38.228723050259305,39.557421277894264,40.908495524424325,42.674169518430972,44.46949977061422
0.73204785744122136,29.42262534734391,29.330408261149842,29.497178003907266,29.450127684965537,29.68339175464007,29.754568901589664,30.244736445683884,30.465364345070157,31.03579586762271,31.29937727427523,31.764085611131577,32.148055119386299,32.7370017545677,33.179689338016487,33.868075720035449,34.451462634338895,35.298769374998301,36.125133850941438,37.234650663218872,38.22877787824882,39.557478303193875,40.908555873777004,42.674235146511364,44.469565055937437
0.73204792601411006,29.422665364614659,29.330444394320693,29.497218622802393,29.450168120230956,29.683433099358808,29.754610874103491,30.244778927886728,30.465406014086966,31.035837197218825,31.299419671155192,31.764128586715287,32.148098596677755,32.737044235722806,33.179731256640935,33.868123020311486,34.451507368205966,35.298817666528521,36.125183692965493,37.234700739810705,38.228829766675062,39.557535022503998,40.908615511363223,42.674298102539524,44.469633917845385
0.73204799299308776,29.422700012557925,29.330481913377753,29.497254863662874,29.450209787426047,29.683475818977968,29.754650326852243,30.244818534672959,30.465446698860887,31.03587869870762,31.299461452512787,31.764166587771797,32.148140601303567,32.737086318365073,33.179775544536369,33.868165945322289,34.451551680686407,35.298864183961086,36.125232069743106,37.23475268530774,38.228884570158698,39.557591119454628,40.90867490643177,42.674359827429726,44.46969721456253
0.73204805841520326,29.422739121479026,29.330520457486728,29.497292507681777,29.450246731272046,29.683513390638836,29.754690795934039,30.244859363875548,30.465486209447135,31.035918949814459,31.299500166430789,31.76420756303196,32.148181016237686,32.737129001940957,33.179817001293941,33.868208180641432,34.451595851073762,35.298910937473465,36.125279983121345,37.234801661859365,38.22893289753074,39.557643825245123,40.908728581734522,42.674420066028233,44.469760628997392
0.73204812231664451,29.422771845920124,29.330554449417832,29.497329167244516,29.4502844649503,29.683552880982461,29.754728605167202,30.244896137869546,30.465525614937178,31.035956525317033,31.299538721441422,31.764246426260797,32.148219674935717,32.737167297340875,33.179858454244822,33.868252559850134,34.451640029115424,35.298954232416236,36.125325648785747,37.234850794892282,38.228985393745006,39.557697367973105,40.908784760411891,42.674476034680993,44.469820949167115
0.73204818473275801,29.422807192323944,29.3305889096805,29.497365545906177,29.450322773879861,29.68359226148641,29.754766852770899,30.244935266182438,30.465564504258509,31.035993126170979,31.299577027117266,31.764284330295595,32.148258063485173,32.737206165611951,33.179898596900784,33.868289656315028,34.45167960371009,35.298998708401541,36.125371017391899,37.234896624108842,38.229034421003234,39.557749985686769,40.908837970361219,42.674534367207798,44.469881650869411
0.7320482456980687,29.422841579832493,29.330622926006527,29.497400713654315,29.450358563580721,29.68362943578768,29.754805460991065,30.24497035067543,30.465600691722557,31.036030040701462,31.299616424668329,31.76432290439152,32.148296875609503,32.737246078474527,33.179936536943842,33.868331557791862,34.451720793086224,35.299042322124933,36.125414185643422,37.234943017175738,38.229081280316223,39.557799748330126,40.908892827387717,42.674590057033583,44.469940713045617
0.73204830524629927,29.422873154127501,29.330655657318403,29.497434622106994,29.450393933181886,29.683663686801083,29.754842906133035,30.245008782509558,30.465638197266344,31.036067221712074,31.299651637268653,31.764357714424023,32.14833419066008,32.737283222848419,33.179974417158519,33.868369932285987,34.451760100870615,35.299082213528436,36.125457787269625,37.234987592292782,38.2291293905364,39.557848270280829,40.908944438629533,42.674644986970634,44.470000393221653
0.73204836341038837,29.422905315514072,29.330689146943769,29.497468445827508,29.450428129812281,29.683699512432213,29.754875148030806,30.245041634228528,30.465672336810712,31.036102763008785,31.299686145110627,31.764394432547306,32.148372303151064,32.737318738060821,33.180011754378484,33.868408043284489,34.45179807556633,35.299125035139241,36.125499498060435,37.235033312570522,38.229173315548451,39.557896395999705,40.908992354336533,42.674697452413056,44.47005457932346
0.73204842022250893,29.422936785964339,29.330720718319753,29.497500674259754,29.450460787386191,29.683733769556511,29.754909956605388,30.245076608333875,30.465707101953285,31.036135783842838,31.299722939283129,31.764428886689984,32.148405757336604,32.737353046066801,33.180048031938441,33.868445843782411,34.4518376603869,35.299162807942139,36.125540691094557,37.235074434098351,38.229219490634478,39.55794224421561,40.909042993370804,42.674750918833524,44.470108288780921
0.73204847571408616,29.422968352038879,29.330752955172102,29.497532287927697,29.45049477922953,29.683767784752035,29.754943094388636,30.245109923703694,30.465741075227925,31.036169799920117,31.299756774081288,31.764464660229805,32.14843976045313,32.737390887167749,33.180082283411139,33.868479829885018,34.451875174732322,35.299201949250346,36.125580294345582,37.235117061514757,38.229263955026454,39.557989130854367,40.909091483522843,42.674800507144482,44.470162060980783
0.73204852991581504,29.422997183646203,29.330781096904957,29.497564274131037,29.45052556553037,29.683802605355595,29.754976144773082,30.245144755684578,30.465774219744617,31.036202935044457,31.299789484102348,31.764497186112294,32.14847318770444,32.737423076107007,33.180116570130394,33.868517766019522,34.451910986048915,35.299239244889122,36.125620607041583,37.235156666265993,38.229304152207987,39.558035287421717,40.909137590447244,42.674849213329708,44.470213421154767
0.7320485828576766,29.423028494102709,29.330810472446501,29.497593601417066,29.450558064599591,29.683832513353991,29.755009995929868,30.245175701841617,30.465806898425399,31.036234487952242,31.299821668657387,31.764528895706917,32.148507203110512,32.737456339570599,33.180152650506898,33.868550709965348,34.451945438860093,35.299277348808573,36.125656876071389,37.235199915819067,38.229345498234579,39.558077342859178,40.909185453595455,42.674899996520253,44.470267486608464
0.7320486345689553,29.423057673620406,29.330840115208048,29.497623537630261,29.450588255886942,29.683865702112143,29.755041758401148,30.245206863878593,30.465838406854346,31.036264926063268,31.299854226025218,31.764560201750555,32.148538297283267,32.737489210677722,33.180184866106174,33.868584746710894,34.451980301887033,35.29931392305707,36.125694099519023,37.235237989563302,38.229386745824286,39.558121075815961,40.909230612278861,42.67494627536189,44.470315063527323
0.73204868507825493,29.423083503651924,29.330868450304024,29.49765365091298,29.450618861136718,29.683896161230678,29.755070956122381,30.245236852865219,30.465868545769808,31.036296668311479,31.299883913556641,31.764591814790037,32.148571187059133,32.737521202550852,33.180216279341494,33.868616553819265,34.452014390889872,35.299347929251326,36.125732383624836,37.23527420263963,38.229425690476546,39.558162750733572,40.909272644864814,42.674993232232737,44.470364396154764
0.73204873441351437,29.423110922846718,29.330895351917206,29.497680596797181,29.450647237788189,29.683925890542469,29.755101659397042,30.245266635653934,30.465898568746979,31.036326695908429,31.299915355838039,31.764623309002673,32.148601143949236,32.737552348152803,33.180251212954772,33.868649779943098,34.452046220387729,35.299382088659968,36.125767570774769,37.235314671224387,38.229465085913944,39.558202674763834,40.909315216754294,42.675036896107486,44.470410255188654
0.732048782602023,29.42313994688584,29.33092259230898,29.49771037996652,29.450676362856257,29.683954656924016,29.755131861923928,30.245295360546606,30.465927714934423,31.036355346504934,31.299943944763072,31.7646518831707,32.148632007327251,32.737582554989331,33.180278473987073,33.868680750992553,34.452078137430817,35.299417374192217,36.125802473325621,37.235346672242031,38.229502781601695,39.558242779783541,40.909356479148755,42.675080448586414,44.470459013709842
0.73204882967043594,29.423163770337396,29.330948423567861,29.497736204289595,29.450704758027541,29.68398471654109,29.755158340443813,30.245324079657621,30.465957787278512,31.036384760403052,31.299973411187239,31.764681676080727,32.148659883757773,32.737611031878259,33.180308789973878,33.86871252508854,34.452111707834774,35.299449948458914,36.125837300488001,37.235383207356335,38.229539912259042,39.558282854905428,40.909397227645513,42.675125509099416,44.470506273008596
0.73204887564478882,29.423189523336532,29.330973243321296,29.49776319971761,29.450731970467814,29.684010941955421,29.755189152846015,30.245351472954098,30.465984299174579,31.036411208657682,31.300001342098312,31.764708779543525,32.148689741736689,32.737639375961407,33.180337754839911,33.868740470427383,34.452140672909536,35.299480983886497,36.125870392862907,37.235417321311161,38.229575485299847,39.558321133115896,40.909438241437783,42.675168952130207,44.470547581621304
0.73204892055051185,29.42321364016334,29.330999844857615,29.497788142553873,29.450758188220107,29.684037949750291,29.755215402350586,30.245379912906174,30.466011999402326,31.036438516515773,31.300027439573569,31.764737136210897,32.148717653281437,32.737669980180272,33.180365670789342,33.868771128017215,34.452169557348498,35.299513162543462,36.125899991084225,37.235451176409697,38.22961008907896,39.558357592985885,40.909475500543067,42.675207822948323,44.470590454366175
0.73204896441244449,29.423238502209642,29.331023311683111,29.497812632474506,29.450785553670812,29.684066455185075,29.755241014239346,30.245405298040168,30.466038609077714,31.036466973976076,31.300054747381637,31.764763817574931,32.148742965146084,32.737697262164602,33.180394724597136,33.868799159357877,34.452200234582961,35.299542333398676,36.125931828012199,37.235485245470045,38.229646031675657,39.558393951052039,40.909512805390023,42.675247117227627,44.470636508177904
0.73204900725484845,29.423263920669797,29.331047810116615,29.497837451512169,29.450809273461573,29.684090973590173,29.755268939638427,30.245431983938943,30.466065113006152,31.036492254087079,31.300082692670912,31.764790322852605,32.14877153842599,32.737724236375925,33.180423322062779,33.868827515983412,34.452228297360762,35.299574004603073,36.125963752383996,37.235519272431247,38.229681112584785,39.558430989591216,40.909552906372483,42.675287697735712,44.470677950575919
0.73204904910142188,29.42328678725562,29.331071253358459,29.497862505337707,29.450835328573476,29.684117264531324,29.755295592232414,30.245456648272011,30.466090545718998,31.036515537678042,31.300106735329337,31.764816804175553,32.148796261043117,32.737748434913556,33.180449301043154,33.868855563563102,34.452254995426756,35.299602576362759,36.125995571428575,37.235548488568384,38.229712503585233,39.558462927449909,40.909587327739246,42.675326118223893,44.470715052163087
0.73204908997531182,29.423308402192561,29.331093475079797,29.497885197296455,29.450858584067646,29.684143041230527,29.755316528334333,30.245483026209513,30.466114723443752,31.036541776475133,31.300132426125401,31.764842418021544,32.148821920122828,32.737774824835014,33.180473830640949,33.868883767439456,34.452283592011099,35.299630069532213,36.126023802696636,37.235579480732213,38.229744107307397,39.558497282215285,40.909620952106252,42.67536438949719,44.470754356632824
0.7320491298991274,29.423330551956496,29.331115149575908,29.497908390964312,29.450882245398816,29.684165398681216,29.755340948654975,30.245504668918784,30.466139449925322,31.036564224047197,31.300155810502929,31.764868161962113,32.148846015649269,32.737800906173106,33.180499560497537,33.868907577389109,34.452310214641329,35.299657868435588,36.126052875543337,37.235607679294844,38.229775504993086,39.558530324187814,40.90965704949258,42.675400331896526,44.470793099450475
0.73204916889495208,29.423351619196183,29.33113694936128,29.497929782961819,29.450906688460009,29.684190070312525,29.755364962265048,30.245529086157148,30.466162723582329,31.036588146432223,31.300181658085876,31.764889334302097,32.148871269874689,32.737825341363077,33.180526067115807,33.868934777392951,34.452335062321254,35.299685529343151,36.126081215516024,37.23563918580976,38.229805817109082,39.558563422872794,40.909692222395279,42.675435406534689,44.470832491074816
0.73204920698435627,29.423373168364833,29.331158488390429,29.4979532129787,29.450929582565095,29.68421303877949,29.755388027278514,30.245550923275914,30.466186900907815,31.036611321117562,31.300205093720251,31.76491504685464,32.148894535257114,32.737849605139218,33.180551077022301,33.868957850908828,34.452362636003272,35.299712089592504,36.126107655700253,37.235668495369282,38.22983681084952,39.558597158435987,40.909725140716546,42.675469136951506,44.470867992275998
0.73204924418840889,29.423392871980013,29.331180255297568,29.497973693974927,29.450949773674438,29.684237314965685,29.755410150301032,30.245574100277281,30.466209280088606,31.036634897231579,31.300226375132297,31.76493632423626,32.148917718220673,32.737872237251395,33.180573981713678,33.868983341053081,34.452385769636294,35.299738937266739,36.126133882376507,37.235695731204032,38.229866858356672,39.558624950348076,40.909757362447181,42.675503896424743,44.470905803405458
0.73204928052768881,29.423414893422887,29.331199764415032,29.497993753694573,29.450970932730343,29.684259552151161,29.755432910988475,30.24559509493929,30.466232375500567,31.036655552561569,31.300250709761713,31.764960287833674,32.148939558922848,32.737894046728343,33.180597868402401,33.869006757283387,34.452410307056198,35.299764268219405,36.126160847248229,37.235724294602278,38.229894094587962,39.558655014729538,40.909786838043146,42.675537765820081,44.470941071863763
0.73204931602229706,29.423434162953527,29.331219132510796,29.498014650336245,29.450993223131718,29.684279381622673,29.755455672425796,30.245617923817008,30.466253215599409,31.036676634118976,31.300270122480015,31.764981177937898,32.148962926918102,32.737916940238392,33.180619386142098,33.869029908065386,34.452434385760171,35.29978925665182,36.126185383311622,37.235749315520479,38.22992378076151,39.55868392661796,40.909817992479475,42.675570391915244,44.470973604097708
0.73204935069186716,29.423453587254244,29.331240613943919,29.498035117872405,29.451014975591306,29.684301797595708,29.755476207348238,30.245637956252722,30.466274174011687,31.036698931196952,31.300291508194732,31.765001567241598,32.148983572065845,32.73793971755822,33.180641808237851,33.869052511235623,34.452458692699111,35.2998134169884,36.126212401016801,37.235776835651905,38.229951181272099,39.558713258297757,40.909848139952373,42.67560308201746,44.471008230634652
0.73204938455557644,29.423472208298335,29.331257988673769,29.498055644405667,29.451035746271145,29.684323630795916,29.755495826768765,30.245658838365671,30.466294482257581,31.036718189319799,31.300311929843701,31.76502294656666,32.149003744343645,32.73796195450177,33.180662190588009,33.869074153259589,34.45248101906418,35.299836275808048,36.126239853922016,37.235801400666787,38.229977517094085,39.558741248571096,40.90987712401602,42.675633554759315,44.471038495425546
0.73204941763215614,29.423489901618723,29.331276778358642,29.498073208732876,29.45105374344007,29.68434048743984,29.755516662825357,30.245678852881156,30.466317380158671,31.036738858372246,31.300332870424427,31.765042154015191,32.149024856906181,32.737980029457049,33.180683735973162,33.869096232819174,34.452501025165475,35.299859591459153,36.126260205253402,37.2358269793408,38.230003177349317,39.558768277423042,40.909905540848285,42.675663742250435,44.471071533350823
0.73204944993990251,29.423507509098727,29.331293682660544,29.498092463129524,29.45107331283657,29.684361745359638,29.755535202177725,30.2456991742024,30.466336172474712,31.036759741061815,31.300354827973933,31.765062503413446,32.149045154752002,32.738000689075307,33.180703873836137,33.869116652543653,34.452522877142655,35.29988183737396,36.126283150463223,37.235851649973029,38.230027988267921,39.558794924724225,40.909932924829263,42.675691478818408,44.471101830178668
0.73204948149668636,29.423524419602927,29.331310990317888,29.49811010758458,29.451090135493359,29.68438103030303,29.755556188456012,30.245718686506734,30.46635555807552,31.036777662127861,31.300374861518776,31.765083286757545,32.149064760891633,32.738020406685337,33.180723731351918,33.869136936585619,34.452543170469198,35.299904178431007,36.126306172470777,37.235875607326307,38.230051393135909,39.55882150573234,40.909959498547778,42.675720644901503,44.471134209687534
0.73204951231996296,29.423540917145601,29.331329308768545,29.498127259357716,29.451108648145464,29.684400050687145,29.755572713743732,30.245736049843345,30.466372317599507,31.036799848850023,31.300392065773849,31.76510054432174,32.149083405516649,32.738042701211725,33.180743764466115,33.86916006631327,34.452565276924361,35.299926118473195,36.126328175453182,37.235900173310256,38.230077761675602,39.55884764275379,40.909986682936506,42.675749818383338,44.471163864481241
0.73204954242678211,29.423557957504727,29.33134560102053,29.49814535784526,29.451128418763801,29.684417537728223,29.755591696760348,30.245755271528651,30.466390584799683,31.036815021140683,31.300411395606716,31.765118295397315,32.149102708068767,32.73805876924871,33.180764745594843,33.869178351580103,34.452583826449427,35.299948276803207,36.126349775357539,37.235920316059492,38.230101356209616,39.558871695968264,40.91001429915741,42.675780277240847,44.471194650436701
0.73204957183379704,29.423577211518477,29.33136121773714,29.498161101148526,29.451144609505263,29.684436066001126,29.75561086161315,30.245771587787658,30.466410555181938,31.036833385818227,31.30042706931863,31.765137697708269,32.149123793713898,32.738078072035478,33.18078350367432,33.86919588885803,34.452608488700207,35.299967266239946,36.126370385124119,37.235942569319377,38.230123193742202,39.5588970003746,40.91003985910902,42.675803711509616,44.471221202611105
0.73204960055727408,29.423590447196602,29.331379224926422,29.498178358590849,29.451162430392969,29.68445377253056,29.755628144120237,30.245789759880154,30.466425736881774,31.036849636168881,31.300444928082015,31.765154621553393,32.149139666632436,32.738095636181697,33.180800926956181,33.869215108551089,34.452623206977933,35.299990438327768,36.12639115102229,37.235964489439539,38.230145104706025,39.558919116380366,40.91006320304723,42.675830673174914,44.471248800984995
0.73204962861310152,29.423607297212584,29.33139273568122,29.498193689340042,29.451179046085372,29.684470496594258,29.755644616894187,30.245807237232839,30.466443165732471,31.036866484292204,31.300462050569422,31.765173668456555,32.14915681095863,32.73811659354169,33.180819478697231,33.869232474167347,34.452641562213557,35.300007150615329,36.126412217964116,37.235986031183529,38.230168543626405,39.558942763431332,40.910088021849788,42.675856426098107,44.471274813438413
0.73204965601679806,29.423622089742366,29.331408294380708,29.498210585329616,29.4511948338195,29.68448599007661,29.755661303490342,30.245822510992639,30.466460416235805,31.036882953896111,31.300479128778534,31.765188133510037,32.149172399093914,32.738130968853056,33.180834770387264,33.869251154137601,34.452662726452218,35.300025469058255,36.126430973012248,37.236006906253351,38.23019065022163,39.558965328765225,40.910111845661504,42.675880659235645,44.471300832361067
0.732049682783522,29.423637177240835,29.331424295096895,29.498225401534,29.451209975214624,29.684503095989385,29.755676743409822,30.245839125420844,30.466477289960949,31.036898927823131,31.300494852545398,31.76520418082282,32.149189487441618,32.738144876138904,33.180851533812529,33.869267944478452,34.452678328659204,35.300044083945977,36.126450331857995,37.236026947626669,38.23021107474824,39.558988189029151,40.910135931096193,42.675906742915231,44.471328089103736
0.73204970892807919,29.423653370232842,29.331439300460715,29.498240410484868,29.451226153888683,29.684518224835756,29.755692458176327,30.245854629017686,30.466491675977522,31.036914658409387,31.300511585222466,31.765221597770051,32.149207260071307,32.738164337148191,33.180868887010547,33.869284259676533,34.452696764972643,35.300064729453879,36.126470121934744,37.236046074752721,38.230230863333418,39.559008218671806,40.910159548836418,42.675929340882249,44.471354791809063
0.73204973446493116,29.423665485304355,29.331452444645493,29.498254750664728,29.45124022143591,29.684533415534133,29.7557092217221,30.245869706322537,30.466510216881943,31.036930478346676,31.30052879704499,31.765241577429606,32.14922173529294,32.738180928131442,33.180885945073442,33.869303737048995,34.45271431575793,35.300080889258879,36.126489159822086,37.236064321021786,38.230250243116643,39.559031412000877,40.910180449878226,42.675953676413428,44.471376582315315
0.73204975940820338,29.423678310650303,29.331466926686062,29.498270427307489,29.451255714439185,29.684549146393238,29.755724254069719,30.245886030724705,30.466524179137195,31.036948119889985,31.300541976129352,31.765252420162142,32.149237502798314,32.738195484900189,33.180901833247844,33.869318415006092,34.452729560505304,35.300099833763852,36.126505682297193,37.236084509187094,38.230272021369728,39.559050622429368,40.910201747973588,42.675980242790047,44.471400595563409
0.73204978377169327,29.42369275253759,29.331480621533046,29.498283410131535,29.451270440234794,29.684563939757481,29.755738254163589,30.245900703851476,30.466539151670077,31.036959952012694,31.30055697586613,31.765266848548436,32.149252345065179,32.738211580363895,33.180919793546309,33.869336281593405,34.452744963309669,35.30011683332441,36.126523754764094,37.236102808749365,38.230289525892204,39.559072050887153,40.910223772663812,42.675996957063944,44.471426695105492
0.73204980756887716,29.423705280356899,29.331492820255335,29.498296283776654,29.45128487394868,29.684579009835488,29.755752024143931,30.245913463276338,30.466552615943328,31.036976023913667,31.300570848690768,31.765282185613614,32.149268948822282,32.738225087780393,33.180932393931471,33.869349793961646,34.45276198085503,35.300132364553519,36.12654274978604,37.236120598508933,38.230308749803044,39.559091857149269,40.910243023464773,42.676021779481744,44.471447752403492
0.73205180756887722,29.424812731766906,29.332607359115173,29.499445173227741,29.4524713415733,29.685795277164743,29.756967297158099,30.24712281615848,30.467772075047378,31.038184278718745,31.301798344730287,31.766511125240413,32.150510477315947,32.739479606782879,33.182207413912238,33.870655642248948,34.454094877347416,35.301529443477648,36.127982775102282,37.237628570785546,38.231880978244135,39.560744319324385,40.911974527621624,42.677849924827115,44.473377499127309
0.73205183136606111,29.424827074272343,29.332620398106883,29.499460453470419,29.45248547364281,29.685809744658854,29.756983360226968,30.247136489762397,30.46778611706759,31.038198481189738,31.301812550240811,31.766525607108179,32.15052535419909,32.739495268512201,33.182223560628245,33.870672166173335,34.454110581330951,35.301546490921737,36.128001710781973,37.237646556464369,38.231898153614566,39.560765789269681,40.911995415731326,42.67787156339773,44.473399309223623
0.732051855729551,29.424839276138755,29.332633630130658,29.499473703044714,29.452500354056838,29.685825601826764,29.756998055852819,30.247151880590536,30.467801367331049,31.038212693971218,31.30182741523322,31.766540554822768,32.150540408319102,32.739511549511917,33.182239340139859,33.87068888926342,34.454127918334052,35.301562371161708,36.128020518282938,37.2376658963708,38.23191697200491,39.560788238812165,40.912016075772044,42.677894051216754,44.473425082753238
0.73205188067282323,29.424853030889153,29.332648876928033,29.499487606025014,29.452514376002227,29.685840508966521,29.757012002337888,30.24716690777359,30.467817043080686,31.038228557933962,31.301844005047315,31.766555376178985,32.150555359255577,32.739525307155873,33.182256301803136,33.870703608143685,34.454143391928483,35.301582568013146,36.128036546041585,37.237683168833883,38.231938271519994,39.56080457293092,40.912038688064513,42.677918262529602,44.473445007868577
0.7320519062096752,29.424869220621986,29.332662872282071,29.49950150700306,29.452528752055741,29.685856297111968,29.757027767186173,30.24718184677613,30.467832406898651,31.038244066779043,31.301858306963823,31.76657148517188,32.150571762754225,32.739541527016172,33.182272061290405,33.8707201736961,34.45416234261711,35.301599347928459,36.128054424938455,37.237702320904646,38.231958075090461,39.560827824953321,40.912060177069179,42.677940767680411,44.473471723259991
0.73205193235423238,29.424885001282291,29.332676694190923,29.499516240957291,29.452544343662794,29.685872911995375,29.757043519030503,30.247197081590912,30.46784811715861,31.038260401453954,31.301874797959954,31.766587429336596,32.15058817923682,32.739559765940612,33.182288441822948,33.870740088319963,34.45417865408308,35.301616589185414,36.128074308380747,37.237723042782818,38.23197640673834,39.560848909888136,40.912083081053424,42.677965537978707,44.473497495745505
0.73205195912095633,29.424897604114449,29.332692476516968,29.499531648608809,29.45256098779646,29.685887624367751,29.757060618516789,30.24721324632992,30.467863642543307,31.038276551224499,31.301891514171075,31.76660360278629,32.150604651813865,32.739575301669447,33.18230386246114,33.870754694313746,34.454197871650194,35.301635649697801,36.128092644312346,37.237742513157173,38.231998971923076,39.560869518916206,40.912105486399923,42.677988664244822,44.473523580560141
0.73205198652465286,29.424912326195681,29.332706598665027,29.499547382428773,29.452577291014677,29.685905258636012,29.757077162954374,30.247230019499511,30.467880362887627,31.038293858213365,31.301906581041294,31.766622439917683,32.15062112319265,32.739592332737175,33.182323675574025,33.870774206375245,34.454214334456537,35.301654427392805,36.128112643618806,37.23776306678883,38.232020392528284,39.560893618877344,40.912128745041628,42.678014304146927,44.473550765364507
0.7320520145804803,29.424926619863072,29.332722516862759,29.499563264987046,29.452593617473667,29.685922731774099,29.757092720806668,30.247251557778782,30.467897860030916,31.038310361873755,31.301925323828073,31.766638085435716,32.150638494095347,32.739610603770871,33.182339617205344,33.870792559717302,34.454232452060296,35.301674217640084,36.128133539471492,37.237784983999518,38.232042502173954,39.56091693363669,40.912156171315928,42.678039830250782,44.473577775288504
0.73205204330395734,29.424944034570672,29.332739282753664,29.499579420409646,29.452610835657879,29.685939116306599,29.757111399516816,30.247264594903754,30.467914815350468,31.038329385284669,31.301942289029739,31.766654949180065,32.150656176101165,32.739628124539195,33.182357553310794,33.870809832150371,34.454252430133693,35.301694104220132,36.128153341983761,37.23780782297581,38.232065527764462,39.560939263560613,40.912180935369179,42.678066226450937,44.473604317837271
0.73205207271097228,29.424959193412178,29.332755187387647,29.499598450939175,29.452629329265164,29.685957912976392,29.757129103290481,30.247283779937788,30.467933002854352,31.038345311053035,31.301960799364679,31.766673573577464,32.150675516632418,32.739645845026644,33.182376799213216,33.870827827691755,34.454271486824382,35.301714415330935,36.128175632687544,37.237827806200585,38.232088712672521,39.560964635413711,40.912205060035376,42.678092529799869,44.473633917731604
0.73205210281779143,29.424976703681295,29.332771264278108,29.499614165149978,29.452645653903573,29.685975987686561,29.757148073375902,30.247299619604746,30.467952054817488,31.038364122996427,31.301977600742248,31.766694209036814,32.150692843199522,32.739665611944474,33.182397074762321,33.870849852599804,34.454292389882994,35.301736087777954,36.128197091441962,37.237851879975551,38.232111758917654,39.560990219423275,40.912230473236377,42.678122152760807,44.473660617270525
0.73205213364106803,29.424993287231246,29.332788150255965,29.499631790562944,29.452664470963782,29.685995217522304,29.757166400952428,30.247318332286341,30.467970440609406,31.038385121366446,31.301996778669491,31.766711610514449,32.150712284269048,32.73968412044087,33.182415270123329,33.870869883562591,34.454311850800423,35.301758922208137,36.128218537743123,37.237876532371956,38.232135920340625,39.561014545458875,40.912258053856931,42.678149973466589,44.473694398088355
0.73205216519785188,29.425012199169487,29.332807066489295,29.499650590063538,29.452683352509439,29.686013836148959,29.757185658609615,30.247338581191798,30.467990582387301,31.038401750542107,31.302017245091974,31.766731507157147,32.150731771763731,32.739706301845217,33.182435837240973,33.870891011484673,34.454333681331718,35.301781498532819,36.128241713944135,37.237898466230035,38.232162063236501,39.561040578764278,40.912285512551534,42.678179474881745,44.473724352168119
0.73205219750559825,29.425032898765039,29.33282470433187,29.499669281999559,29.452703170934228,29.686033229005716,29.757206322595266,30.247357156933958,30.468009483059177,31.038420921584475,31.302036564680293,31.766750561405843,32.150753714699476,32.73972468011516,33.182456619565528,33.87091092216906,34.454358282071098,35.301804242486014,36.128264605489221,37.237923624342329,38.232188470726214,39.561068319727838,40.912313177992473,42.678207781649235,44.473753557002965
0.73205223058217794,29.425046981784362,29.332842952735973,29.49969058048373,29.452722448117129,29.686052877739257,29.757224416146983,30.247376581654407,30.468029622874383,31.038439938507508,31.302058916615351,31.766771953848547,32.150771937310765,32.739746239073156,33.182480009279061,33.870932726215869,34.454379657385289,35.301825316510531,36.128288110508038,37.237948222501018,38.232210740415667,39.561095663172182,40.912342209733197,42.678238772945861,44.473785629872509
0.73205226444588722,29.425067283072167,29.332861443146157,29.499708018918227,29.452742003194089,29.686073038981249,29.757245244876685,30.247397496705162,30.468051209701116,31.038461905853637,31.302078042050198,31.766791955555163,32.150793972577958,32.739766421562308,33.182500335688928,33.87095556658096,34.454400877587886,35.301849811149623,36.128313221554436,37.237973525685447,38.232237841053575,39.56112507364378,40.912369923194547,42.678269027965598,44.473817133369266
0.73205229911545733,29.42508486984616,29.332880628362545,29.499729240646047,29.452763006227542,29.686094938747829,29.757266836021699,30.2474189272275,30.468072052686239,31.038481890806906,31.302100638867614,31.766812917203879,32.150816639862114,32.739788709285222,33.182521410173649,33.870976685196638,34.454422040613281,35.301874695398965,36.128337890364946,37.237999814185514,38.232266558594802,39.561151670196978,40.912401579153538,42.678300086769013,44.47385455911035
0.73205233461006558,29.425103920691072,29.332901609940109,29.499748298323539,29.452783004857565,29.68611567996868,29.757288378862086,30.247440560573523,30.468092868778967,31.038503670004047,31.302121063623872,31.766834767053751,32.150838080974154,32.739811275762349,33.182544039092591,33.870999690542703,34.454446397259289,35.301899260764003,36.128366416461176,37.238027766380583,38.232293976675464,39.561180735930975,40.912433133057675,42.678334126897425,44.473887123972872
0.7320523709493455,29.425123936826367,29.332921951549451,29.499768449081785,29.452805049923882,29.68613794198518,29.757311598934848,30.247462597671074,30.468114510509167,31.038527074173544,31.302143065648124,31.766858517303717,32.150861325643746,32.739835350253088,33.182566636044612,33.871026005451313,34.454471828075384,35.301922463113442,36.128389950963538,37.238053372106151,38.232321093233622,39.56121080638286,40.912461898230504,42.678368089578726,44.473921545055418
0.73205240815339812,29.42514474829477,29.332942987661227,29.49979075958754,29.452828001927401,29.686162299396074,29.757333249981912,30.247484983795403,30.468138821533103,31.038547631644178,31.30216630048335,31.766879754079582,32.150884452094942,32.739858349203132,33.182591811854309,33.871048113475808,34.454495704006604,35.301949739724023,36.128420018807901,37.238082242794917,38.232350727607809,39.561241748879183,40.912494479654924,42.678402472659855,44.473956258365433
0.7320524462428023,29.425166504942808,29.332962989365569,29.499811431982835,29.452851616519865,29.68618484527542,29.757356486892604,30.247507352954472,30.468160788485875,31.038572530015244,31.30219026955092,31.766905339384266,32.150907388282121,32.73988096964149,33.182615525773144,33.871074286760631,34.454521787476097,35.301976505496896,36.128445069634836,37.238109637954494,38.232380011671466,39.561272873658709,40.912530580742896,42.678435480254393,44.473992686173915
0.73205248523862698,29.425187676304176,29.33298390919299,29.499834221614037,29.452873244578768,29.686208834814806,29.757381762705336,30.247532224831048,30.468185336440456,31.038594380159338,31.30221249344595,31.766928983924117,32.150931626266811,32.739904087818559,33.182640590353458,33.871097478664979,34.454546328419838,35.302002872214416,36.128472879039691,37.238141364186959,38.232410373436323,39.561306442628847,40.912560569850484,42.678471262410767,44.474030699479499
0.73205252516244257,29.425212137022299,29.333007635401827,29.499857714829432,29.452897251585227,29.686233432395056,29.757404006697925,30.247555492751417,30.46820878781682,31.03862065061503,31.302239055541577,31.766952055505499,32.150955804034311,32.739929616457175,33.182665137612275,33.871123933524814,34.454575660565297,35.302030807968549,36.128502446241782,37.238169952612679,38.232443358805085,39.561338406840605,40.9125980351414,42.678507939413976,44.474069595824403
0.73205256603633251,29.425233015073445,29.333029538850951,29.499880152616697,29.452921874405547,29.686256996730663,29.757428660427195,30.247580616885443,30.468235386751985,31.038643643594696,31.302262922583395,31.766976747826448,32.150981325983139,32.739955526955328,33.182691628325301,33.871150841048348,34.454601341391935,35.302058994330764,36.128531926557116,37.238200681664694,38.232474453704071,39.561373499812817,40.912632037791809,42.678546657582956,44.474109353237054
0.73205260788290594,29.425256677139714,29.333053411630317,29.499905382267571,29.452947422306124,29.68628503695254,29.757454376966507,30.247605610747542,30.468260276262754,31.038672423260778,31.302289054087396,31.767003415844101,32.151008095494035,32.739982898517155,33.182719728614757,33.871177934851403,34.454630059768533,35.302088598552473,36.128562475666968,37.23823273402013,38.232507719255864,39.561406999569044,40.912668311047582,42.67858189783783,44.474150628816915
0.73205265072530989,29.425281986682421,29.333077700930971,29.499929302513465,29.452970770167894,29.686310811539443,29.757480870837753,30.247631202148114,30.468285388316417,31.038693951535606,31.302314621125333,31.767028747118729,32.151034870673811,32.740009430469399,33.182745588909256,33.871205508860385,34.454656692464141,35.30211858446728,36.128592918248614,37.238265239748216,38.232541705567655,39.561443646422958,40.912703895129653,42.678623953828719,44.474191899328616
0.73205269458724254,29.425304651265833,29.333101801320936,29.499955148845402,29.452996247523288,29.686334991823514,29.757506430149988,30.247658679126744,30.468311277751127,31.038721147986053,31.302341420897392,31.767055641569186,32.151061413585012,32.740037965481406,33.182773575828833,33.871235195234021,34.454687560036746,35.302148794613004,36.128623498296292,37.238298045384454,38.232577280692112,39.561479935806346,40.912742398845694,42.678661798312078,44.474231864494868
0.73205273949296557,29.425331955769707,29.333125725361242,29.499979854361754,29.453024514077924,29.686362805343833,29.757534815807048,30.247684144870163,30.468339538084365,31.038748661709178,31.302368606638993,31.767084425857774,32.151089836474966,32.740064764996987,33.182802218280813,33.871264801359303,34.454716900726908,35.302180519023295,36.128656052257611,37.238332190981055,38.23261069969567,39.561515758480255,40.912782247827181,42.678706886584678,44.474275887170734
0.73205278546731845,29.425356595937046,29.333151218446801,29.500006771846984,29.453050553260937,29.686391303221171,29.757561299513327,30.247713518596811,30.468366963628796,31.03877564313143,31.302397131731595,31.767112193989306,32.151119208629098,32.740093032633922,33.182831662180433,33.871296065834031,34.454747463503736,35.302212214126939,36.128689453222705,37.238365652872744,38.232646125652536,39.561554979453831,40.912821403032922,42.678746064996631,44.474319991938046
0.73205283253573139,29.425381724316139,29.333178197046436,29.500033531624467,29.453079042875743,29.686419025203122,29.757590099039589,30.247741328392749,30.468396002737791,31.038804218850146,31.302427086476655,31.767141654998795,32.15114687360483,32.740123540602326,33.182861805618359,33.87132650832109,34.454781194608586,35.302247380041081,36.128723471443209,37.238401481770325,38.232688036755007,39.561594016307481,40.912860995082156,42.678788547173099,44.474365530291834
0.73205288072424002,29.425407939213528,29.333204832432784,29.500060229343035,29.453108064350772,29.686449710171473,29.757619200419413,30.247770567842963,30.468425076742278,31.038833860377508,31.302457828555816,31.767170491551951,32.151177466037097,32.740156130641935,33.18289164249245,33.871356426684542,34.45481178908949,35.302281080771536,36.128757041993595,37.238438034410137,38.232723226098642,39.561633932120003,40.912902770292931,42.678832428047372,44.474412086511165
0.73205293005949945,29.425435496737464,29.333232425423375,29.500091231378974,29.453137771494312,29.686479272212182,29.757650936368464,30.247799828687675,30.468456516642163,31.038862897848503,31.302484967754481,31.767199848930886,32.151207085574697,32.740184881336972,33.182923738953377,33.871387892077564,34.454843606224586,35.302314263268272,36.128793384970322,37.23847581220798,38.232762035635005,39.561674304631197,40.912947562792397,42.678879723483078,44.474459896714961
0.73205298056879908,29.425463223269617,29.333260425100889,29.500118234353067,29.453168167805416,29.686511432579664,29.757682527428187,30.24783256632827,30.468486066656169,31.038893919537713,31.3025165605236,31.767232519893241,32.151239672281008,32.740217268104516,33.182957973052453,33.871421446686327,34.454877463460434,35.302351099285715,36.12882969660086,37.238513625466112,38.232800068434699,39.561716938816517,40.912990093610915,42.678923864278204,44.474508646777394
0.73205303228007779,29.425492088906594,29.333289480594431,29.500148926284055,29.453197267575661,29.686542118323359,29.757710783790117,30.247862387403529,30.468518474499433,31.038925557962557,31.302548209136603,31.7672643463452,32.15127040057132,32.740249329651306,33.182989924554477,33.871456973356089,34.454912101993614,35.302384822226941,36.128867854642067,37.238553927200883,38.232840229934027,39.561757422314713,40.913036744711007,42.678971820091192,44.47455931587001
0.73205308522193935,29.425521043005574,29.33331870591519,29.50017800528849,29.453229470468386,29.686572898832765,29.757744587637262,30.247893317892704,30.468550399175001,31.038957698671766,31.302582232974146,31.767297839128787,32.151305380652047,32.740282542221394,33.183022100981816,33.871490161852762,34.454947920110044,35.302422138621296,36.128906245426606,37.238593294051498,38.232883167892396,39.561802659012756,40.913080382606495,42.679021192037908,44.474609425566541
0.73205313942366823,29.425551299807921,29.333349902235568,29.500209913515846,29.453261768740049,29.686607407730662,29.757776417713558,30.247927036411966,30.468584049713627,31.038990238702809,31.302613131762882,31.767330498077172,32.151337087686898,32.740315262493368,33.18305615211375,33.871525889376244,34.454983952256043,35.302460067652646,36.128943873456592,37.238634000615548,38.232925308571339,39.56184817313806,40.913128205172143,42.679069271808658,44.47466283547783
0.73205319491524545,29.425582069065968,29.333380468701762,29.500241433941483,29.453294619712779,29.686640974910006,29.757810848294866,30.247961257894076,30.468619038104407,31.039023291599278,31.302648532106559,31.767363407572702,32.151371974436643,32.740351477361401,33.183092562208913,33.871562342222205,34.455021508242226,35.302499717452065,36.128986612171502,37.238674632301809,38.232969282219074,39.561894406315787,40.91317540904447,42.679120513801536,44.474716773498585
0.73205325172736602,29.425612787688806,29.333412268741995,29.500274809626262,29.453327388238222,29.686674990695792,29.757845062564229,30.247993635950479,30.468652632151134,31.039057681050963,31.302683205203266,31.767398115538526,32.151408718506445,32.740387502632075,33.183129891779572,33.871597674419718,34.455057940872393,35.302539749639436,36.129023857202355,37.238717562713646,38.23301403399455,39.561939501053985,40.913225993578635,42.679174753970074,44.474770725886174
0.73205330989145512,29.425646804955704,29.333443667231677,29.500310011337206,29.453362078082364,29.686710246370694,29.757881750320394,30.248029435790613,30.46868970864216,31.039094416282751,31.302718171827109,31.767433081402942,32.151445253299244,32.740423608790934,33.183166035651539,33.871638082292066,34.455096902305286,35.302579714099465,36.1290674924212,37.238763074240978,38.233059498227249,39.561988298909455,40.913275198730389,42.679225796243827,44.474827310367345
0.73205336943968569,29.42567848205772,29.333476656955554,29.500341825976648,29.453397442454161,29.686746376685733,29.757916816571651,30.248066933821065,30.468722824622091,31.03912895290614,31.302754563273538,31.767470470996159,32.151479454707442,32.740458829140152,33.183207488450989,33.871676246848438,34.455137172195464,35.302621519224886,36.12911110760524,37.238807372258179,38.233107181978085,39.562038736409704,40.913326800881805,42.679280470384583,44.474884400236988
0.73205343040499637,29.425713482799438,29.333511219454977,29.5003776141657,29.453432761621343,29.686786309026502,29.75795300455593,30.248102420584473,30.468760292055777,31.039166760268927,31.302793175218085,31.767508783357243,32.151519143964833,32.740499081715825,33.183243479120847,33.87171542968963,34.455176715302514,35.302664107789951,36.129155889203957,37.238852783356833,38.233154703690616,39.562090234406696,40.91338087020813,42.679335417682523,44.474944149380917
0.73205349282110987,29.425746978252391,29.333545737169516,29.500412921903262,29.453471547840991,29.686822805327211,29.757993562334832,30.248140536451047,30.468798262078963,31.039203089267176,31.3028308814105,31.767546804420363,32.151558297730389,32.740538556376123,33.183284077373173,33.8717562891743,34.45521876516068,35.302706908246819,36.1292024152267,37.238900416696652,38.233204235233188,39.56213910474662,40.913434531300027,42.679392837124851,44.475001793127376
0.73205355672255112,29.425783069858426,29.333582466686039,29.500449043838216,29.453508716801934,29.686860060402068,29.758031115550239,30.248178907055262,30.468838724146281,31.039243627997166,31.302870679653552,31.767585021594186,32.151597033956477,32.740578424341038,33.18332507716741,33.871799129017745,34.45526090006615,35.302751138920485,36.129245807442203,37.23894827286631,38.233253272464026,39.562191920834266,40.913488912184675,42.679452473327729,44.475064516117982
0.73205362214466663,29.425820103305796,29.333618614030911,29.500487767407321,29.45354745999407,29.686899235833152,29.758069524696566,30.248218264781826,30.468877878463445,31.039282326447847,31.302910135214461,31.76762715835639,32.151638189614459,32.740619718907965,33.18336504796207,33.871840950536807,34.455305888660405,35.302798751662976,36.129292442626593,37.238997845584436,38.233304629528902,39.562245568276012,40.913545798754967,42.679513964570106,44.47512740777438
0.73205368912364432,29.42585590476483,29.333656945064831,29.500525924151589,29.453587540952412,29.68694082648517,29.758112046386486,30.248258285421343,30.468921593672803,31.039323881623659,31.302952124981402,31.767667848801466,32.151680624828259,32.740660441493219,33.183407964205799,33.871883906764651,34.455349905235835,35.302845369206807,36.129341320238836,37.239048914147588,38.233357223293751,39.562302469573297,40.913603807574418,42.679572982799982,44.475191035015541
0.73205375769653303,29.425893218407964,29.333693487856635,29.500564226691949,29.453628458635421,29.686984176608803,29.758152930353845,30.248300332746567,30.468960947699998,31.039363565591884,31.302993955614511,31.767710930804697,32.151720907622348,32.740703605084036,33.183451075622088,33.871929589617139,34.455396392812872,35.302891969418852,36.129390199636873,37.239102537190774,38.233411243516457,39.56235659832646,40.913663187923703,42.679634712900679,44.475260604941923
0.73205382790126339,29.425931477475842,29.333732365496417,29.500605884139986,29.453670559727925,29.687025042473579,29.758195322732718,30.248342085016702,30.469004529193626,31.039407507868873,31.303035881429423,31.767752197122718,32.151766193699586,32.740750049547387,33.183495770627815,33.871976184131199,34.455444762468687,35.302942567792343,36.1294414512613,37.239153574206284,38.233466721641435,39.562417315729363,40.913723316821688,42.679700504588709,44.475324854589417
0.73205389977666857,29.425973246927242,29.333773623039178,29.500645947336125,29.453712744232917,29.687069211071503,29.758239065050475,30.248385141382641,30.469047164349831,31.039451653401557,31.303080916342424,31.7677961377467,32.151810716537057,32.740793186022074,33.183542128373119,33.87202191792494,34.455491422091654,35.302992924772298,36.129494645290833,37.239207710870687,38.233522906855796,39.562475245226778,40.913786839761542,42.67976398683777,44.475395699798355
0.73205397336250611,29.426012092121709,29.33381291943715,29.500688462036578,29.453755278560493,29.687116570012222,29.758282772622351,30.248430708639262,30.469092282956808,31.039495851460742,31.303124651895814,31.767844137550128,32.151856742477776,32.740840502873652,33.183589939774265,33.872070519040335,34.455541409176021,35.303041846255837,36.129546286734239,37.239263798876436,38.233580387201528,39.562537128798795,40.913851344707382,42.679832618855471,44.47546723052983
0.73205404869947921,29.426053448416042,29.33385455130292,29.500731343154257,29.453800974027672,29.687159957205949,29.758329761469668,30.248474933629495,30.469138523954371,31.039540070416479,31.303172175315012,31.767887642008645,32.151902552046977,32.740889404708469,33.183637456313591,33.872120771853133,34.45559069965384,35.30309580690755,36.129602760445323,37.239319971052282,38.233640183039824,39.562600402205135,40.91391920048909,42.679902760628011,44.475542356929964
0.73205412582926022,29.426096467742354,29.333898406358912,29.500776344678798,29.453846967523987,29.687206175217398,29.758377626140373,30.248521232053918,30.469183600221641,31.039587460336861,31.303220614006023,31.767935656339887,32.151950194442179,32.74093422318083,33.183686373682121,33.872171510955013,34.45564154727208,35.303149710108755,36.129655061651647,37.239378656538065,38.233699773558783,39.562664960997608,40.913981225493899,42.679972338264179,44.475614095581477
0.73205420479451278,29.426140486844815,29.333941824358135,29.500820992775516,29.453894174054312,29.687255189360258,29.758423751941336,30.248570505014868,30.469233746074678,31.039638380410906,31.303267087024324,31.767984198662361,32.151999128426269,32.74098372983326,33.1837364025032,33.872220897089392,34.455693812498794,35.303205232673008,36.129713238507065,37.239436230443516,38.233763823533991,39.562727852587614,40.91405037826371,42.680044595435447,44.475690853857941
0.73205428563891595,29.426184815037686,29.333987601552053,29.500867622049554,29.453941497554979,29.687305144974744,29.75847352703795,30.248619908102228,30.469283780553269,31.039683653054453,31.303317620943744,31.768033302492768,32.15205107675456,32.741035809582627,33.183788334111796,33.872275320853078,34.455748991624205,35.303262203456597,36.129771687275479,37.239498549276959,38.233827400725204,39.562796160823382,40.91412154476393,42.680121294420587,44.475769110380043
0.73205436840718829,29.426231797054697,29.334033295127938,29.500914784816814,29.453990700136274,29.687353664417969,29.758523107847395,30.248669092325144,30.469333724910939,31.039734703653721,31.303367095977592,31.768084802215526,32.152100314993731,32.741087147906001,33.183841024628236,33.872328405685948,34.455802653331375,35.303319072194881,36.129832142461055,37.239560762344354,38.233890105837418,39.56286337809388,40.91419244408462,42.680195242719492,44.475849476008989
0.73205445314511242,29.426277962843415,29.334080656102287,29.500964664656749,29.454040798681262,29.687407430449184,29.758575350980209,30.248719882341902,30.469384277895188,31.039785575627775,31.303419904674683,31.768137564456083,32.152154221921137,32.741139992267108,33.183896427454783,33.872382503530389,34.455860186131758,35.303377635751076,36.129893455864931,37.239624459395145,38.233957668027415,39.562934360740655,40.914264422347969,42.680273969038353,44.475930161418546
0.7320545398995606,29.426325688817542,29.334129165202739,29.501013729684928,29.454092774849414,29.687458846450227,29.758626969250145,30.248771736522031,30.469439549228355,31.039838380007495,31.303472327863801,31.768189384744346,32.152206780589495,32.741194875590736,33.18395038668541,33.872440800676941,34.45591796926692,35.303439901380898,36.129955612567755,37.239689903655744,38.234025695686796,39.56300530326871,40.914339213199128,42.680353532327445,44.476015084876508
0.73205462871852023,29.426374689293425,29.334178561829049,29.501064776260591,29.45414546908728,29.687516297223283,29.758680797537636,30.248825868728545,30.469491467964872,31.039890556423416,31.303527035347088,31.768244291124574,32.152263970588592,32.741250753514578,33.184006209261042,33.872501014475802,34.45597661709462,35.303500933023315,36.130019496925343,37.239755617375522,38.234095900263128,39.563080185967465,40.914418348084382,42.680432818563077,44.476099841928772
0.73205471965112101,29.426425890153041,29.334229057539233,29.501116671756336,29.454197825218216,29.687567893701726,29.758736437143853,30.248881253326999,30.469545912943431,31.039946764783508,31.303581646118801,31.768301711340428,32.152319881091444,32.74130789710307,33.184064303552077,33.872560539898132,34.45603621277678,35.303564081272725,36.130084460443868,37.239826705341329,38.234167317367337,39.563155150868624,40.914496796402091,42.680518432854569,44.476186306082127
0.7320548127476616,29.426478203038187,29.334280850126561,29.501172116591533,29.454254461637447,29.68762444875847,29.758793653179964,30.248936995425538,30.469604097434058,31.040002716056733,31.303639552513232,31.768358695677762,32.152378698553548,32.741366922654834,33.184123810504389,33.872618322840481,34.45609933229025,35.303629376919162,36.130154815507012,37.239895911454823,38.234241671678774,39.563231490358248,40.914576518674039,42.680602391490538,44.47627553531629
0.73205490805963769,29.426529372547975,29.334334167176621,29.501225484994848,29.454311005069258,29.687683377553185,29.758852227823809,30.248995078668031,30.469663086264063,31.040060618385724,31.303698248380897,31.768416713270653,32.15243716969735,32.741425467105728,33.184186547914578,33.872683700325069,34.456163781398573,35.303696498161571,36.130221897306456,37.239968813146788,38.234317378004107,39.563312235226931,40.91465900164394,42.680688253862172,44.476367798124102
0.73205500563977033,29.426584851999451,29.334389642152928,29.501282657271076,29.454368917713737,29.687742016441462,29.758913118107557,30.249053518665278,30.469720571226844,31.040118932386576,31.303758307539283,31.768476074632417,32.15249678518785,32.741487140582649,33.184246598812024,33.872744562653679,34.456227179050984,35.303767234530369,36.130292106574416,37.240042455795901,38.234391330892777,39.563391626991233,40.914743272895976,42.680777863109597,44.476465283486505
0.73205510554203546,29.426639797775806,29.334444130092834,29.501338653516086,29.454428806727719,29.687803136197545,29.758973394810255,30.249115232159056,30.469782017682519,31.040179695869028,31.303818974542992,31.768538250770234,32.152559930121242,32.741549558008956,33.1843102485891,33.872809333739042,34.456294048294239,35.303833858357848,36.130364463653677,37.240119001040512,38.234470575768228,39.563475102289885,40.914830559727307,42.680871024693715,44.476558851434675
0.73205520782169309,29.426696699842978,29.334501352678672,29.501397497343532,29.454489164165125,29.687864358227216,29.759033149850438,30.249175357789227,30.469843932075491,31.040244711197374,31.303883890386714,31.768601182684961,32.152622189069461,32.741615506481594,33.184376786237863,33.872876964041097,34.456364113872951,35.303905085544102,36.130436161749458,37.240192619855861,38.23455053010548,39.563557707558175,40.914919107597143,42.680964612039588,44.476658748786122
0.73205531253531853,29.426754329283085,29.334559375552544,29.501457334121369,29.454551163400993,29.687930038386185,29.75909819633489,30.249240351161461,30.469908147256774,31.04030451157405,31.303945607005062,31.76866512542847,32.152689010670201,32.741679120094432,33.184442679729273,33.872945128670381,34.456432616205348,35.303978098019797,36.130512418941635,37.240273266337681,38.234632308151959,39.563646521510691,40.915010536155023,42.681059604189159,44.476759155249965
0.73205541974083344,29.426813095733451,29.33461904916976,29.501518329985174,29.454614792440907,29.687993621989335,29.759161405821487,30.249303648881323,30.469973990075232,31.04036975965937,31.304012469353893,31.768732400477347,32.152753947563724,32.741746751040864,33.184510915642932,33.873015149735693,34.456502963272214,35.304053759632097,36.130590394899627,37.240356667734886,38.234717285079569,39.563734966577158,40.915101708405928,42.681157622681894,44.476862720891404
0.73205552949753772,29.426873898680242,29.334679787433288,29.501582706594036,29.45468100950211,29.688061315204322,29.759228730300947,30.249370818675743,30.470040076487749,31.040436546248202,31.304081317087821,31.768798355446052,32.152823659647765,32.741819675059105,33.184580221336546,33.873087211321945,34.456577461304732,35.30413056740781,36.130668633490131,37.240437795018352,38.234803540690791,39.563824543143255,40.915197237048233,42.681258293498104,44.476968274207593
0.73205564186614236,29.426938568606602,29.334743150954182,29.501647437806241,29.454746748976049,29.688130259911304,29.75929839625951,30.249437649117226,30.470108224815704,31.040503831867682,31.304146991293237,31.768869051390539,32.152891837119569,32.741887044264331,33.184652704047949,33.873159346948796,34.456651905893523,35.304209195800013,36.130751040466748,37.240521784481189,38.234892087074513,39.563919106531557,40.915294245332007,42.68136044153016,44.477079917550782
0.73205575690880342,29.426999279586198,29.334808100934424,29.501712137900995,29.454814093699042,29.688198918412581,29.759368132843065,30.249506910748551,30.470178660878446,31.040573193255568,31.304217674007305,31.768937726400054,32.152966642198407,32.741957778284814,33.18472642280949,33.873236201939108,34.456729475698012,35.304289804018936,36.130833734333009,37.240609026936454,38.234981225341016,39.564012786596322,40.915394796159489,42.681466008138159,44.477187819909432
0.73205587468915578,29.427064656709263,29.334871826653853,29.501780359400982,29.454884182179285,29.688271251385686,29.759438468445296,30.249578890453449,30.470250908527305,31.040645220664373,31.304292052640903,31.769009985517187,32.153037175223744,32.742032380811906,33.184801492463976,33.873312195619746,34.456807652155021,35.30437099480514,36.130918764291437,37.240695854702608,38.235075172775851,39.56411257497075,40.915496684783648,42.681573985618797,44.477302881780361
0.73205599527234899,29.427132855079435,29.334940758459652,29.501850461137565,29.454955901176163,29.688344950524879,29.759512362386886,30.24965182146434,30.470323746270878,31.040719475391143,31.304364962781165,31.769084813243808,32.153112422581671,32.742109745720882,33.184879782627377,33.873390557126186,34.456890036719869,35.304457051573081,36.131004997270338,37.240789081199637,38.23516994736292,39.56420970191175,40.915600214238566,42.681684989086989,44.477417028807395
0.73205611872508247,29.42719988544377,29.335007982437673,29.501920361875818,29.455028593046791,29.688419191643334,29.759586771352133,30.249726062867921,30.47039993966473,31.040792457678435,31.30443992018445,31.769161975194947,32.153190084635298,32.742185004129624,33.184957309973925,33.873473489119988,34.456970842345072,35.304543832647596,36.131093853100538,37.240879415669497,38.235266579522431,39.564314273145555,40.915705508746669,42.681798562401127,44.477536934520231
0.73205624511564349,29.427269395082476,29.335078789111776,29.501994615278363,29.455103805642921,29.688497709564217,29.759662857883541,30.249802855870257,30.470476681914988,31.040869376089177,31.304518541898233,31.769238291308739,32.153266969993638,32.742265353360381,33.185038487497877,33.873552635745909,34.45705395875666,35.304631480262742,36.131185121325416,37.240977648453736,38.235367117245914,39.564415865911087,40.915815839412517,42.681912595706763,44.477660547987398
0.73205637451394379,29.427344256918332,29.335151042901998,29.502066755003398,29.455180847300198,29.688575199579645,29.759742522958732,30.249881442210153,30.470555133172184,31.040947227354991,31.304596526467776,31.769319154028835,32.153347283142011,32.742345061790729,33.185120386105609,33.873639027931404,34.457142523336643,35.304724459352201,36.131279020294642,37.241077291048441,38.23546947152181,39.564522855335326,40.915928584449375,42.682032040605918,44.477783167098551
0.73205650699155933,29.427415863532588,29.335224503433892,29.502143011290627,29.455260648437616,29.688656014825483,29.759822452930166,30.249961152406286,30.470636451194878,31.041027718336409,31.304679089531874,31.769400388350732,32.153430374095024,32.74242912325235,33.185204918266663,33.873724236753333,34.457230250050088,35.304812787676383,36.131376747142895,37.241174686042996,38.235573743530495,39.564633995543772,40.916043084858757,42.682153870813181,44.477912699790522
0.73205664262176906,29.427491327071493,29.335300799541528,29.502220825979748,29.455339516541244,29.688741204955022,29.75990614397233,30.250042930947075,30.470719225350877,31.041111434244613,31.304762409144132,31.769483751005282,32.15351415325631,32.74251493711381,33.185291540021353,33.873814121538089,34.457319899886897,35.304908916964905,36.131472728882727,37.241275662689532,38.235678065814227,39.564745786535241,40.916164962859057,42.682277641325982,44.478045326838583
0.73205678147959574,29.427567440339317,29.335377800920924,29.502301388322394,29.455421873713931,29.688823905742993,29.759989828070502,30.250125002366531,30.470803442451142,31.041194334491138,31.304846240314419,31.769569649574805,32.153599903089798,32.742601943309637,33.185381114250958,33.873905565373207,34.457411375690299,35.30500624987917,36.131573303690402,37.241380723348811,38.235786856411323,39.564859749867537,40.916280909802936,42.682404258579027,44.478177118355688
0.73205692364184771,29.427648165923983,29.335457295986998,29.502383243867371,29.455507820254752,29.688909448517734,29.760076371671403,30.250212825224935,30.470889608536709,31.04127976483278,31.304931981419486,31.769655208997392,32.153688380062704,32.742692027410158,33.185472071360437,33.873996073580201,34.457507361930311,35.305104881999341,36.131675217853626,37.241487980436432,38.235898703286239,39.564978895606146,40.916406531338453,42.682534405866136,44.478313057119522
0.73205706918716096,29.427726980336047,29.3355372525657,29.502466284087859,29.455594109443609,29.688997588548318,29.760165740354751,30.250300329534184,30.470981571849734,31.041367534311576,31.305023388952122,31.769743823201679,32.153780223286958,32.74278317651806,33.185563922470465,33.874092261824899,34.457605806310767,35.305206328983331,36.131780616470678,37.24159872064638,38.236013959483444,39.565098019900688,40.916531183885127,42.682666969567435,44.478454221011361
0.73205721819604275,29.427812183504102,29.335620463526084,29.502550997863182,29.455681489371273,29.689092354270542,29.7602550692568,30.250389698519939,30.471068885643945,31.041457891814389,31.305113905541475,31.76983990784538,32.153871497639557,32.742875670085141,33.185657410290332,33.874188839740327,34.457705772714235,35.305311336181603,36.131887777951306,37.241712367313539,38.236132911783898,39.565221836245655,40.916661444175588,42.682805075344277,44.478600134220414
0.73205737075091637,29.427893911397859,29.335707093174278,29.502639573365286,29.455771839555382,29.689182644503489,29.760347907678351,30.250481457416754,30.471162826693671,31.041550311597348,31.305207967650858,31.769930363742787,32.153967165872018,32.742972859186011,33.185756397136174,33.874290311556706,34.457805370240749,35.305417771008706,36.131999147124134,37.241825245885138,38.236249568845778,39.565347787416613,40.916791613031819,42.682943618129229,44.478745262699249
0.73205752693616633,29.427980340648446,29.33579421564491,29.502728748288064,29.455864364998888,29.689276869199148,29.760442724225868,30.250577016951411,30.471259064170681,31.041646074929304,31.305303496663328,31.770026635496379,32.154064632870359,32.743069441396528,33.185854841407036,33.874392860049738,34.457908878607668,35.305528334505652,36.132110562894013,37.2419429259553,38.236373488773552,39.565477311522955,40.916925661725145,42.683087263623747,44.478895139956421
0.7320576868381854,29.428068442397944,29.335882731597394,29.502820637544573,29.455960184541254,29.689374461181615,29.760539921857799,30.250675136918289,30.471355449501061,31.041741938037831,31.305401191780675,31.770125319657382,32.15416448332553,32.743169123273219,33.18595739733837,33.874495521627978,34.458015456355042,35.305638436963363,36.132225857506455,37.242063411189065,38.236498145319729,39.565610393196948,40.917064615936397,42.683235680452526,44.479051241983598
0.73205785054542227,29.428159740131832,29.33597373398834,29.502915031413977,29.456058125789241,29.689474058046471,29.760640364361279,30.250772587364736,30.471455636507017,31.041840870411306,31.305501419081338,31.770225386937909,32.154266186565565,32.743272549096218,33.186062784606293,33.874604136988182,34.458124294040772,35.305751896232323,36.132344226576606,37.242186881081579,38.23662715762066,39.565745595231874,40.917208245847178,42.68338354727166,44.479209562780397
0.7320580181484303,29.428253269677498,29.336065898506604,29.503011635280018,29.456156442782685,29.689577278422348,29.760740855479526,30.250873685152328,30.471557192599448,31.041942962404846,31.305606415109651,31.770328611379227,32.15436881080268,32.74337826540841,33.186168362101398,33.874710985639922,34.458236994306844,35.305870693363431,36.132466214724445,37.242313678364098,38.236758561091847,39.565886431837953,40.917352053462309,42.683537460819025,44.479369244717418
0.73205818973991799,29.428347279271293,29.336162636903737,29.503109621521162,29.45625853841193,29.689680030552609,29.760844715555322,30.250976115081812,30.47166232797781,31.04204614541959,31.305709296871555,31.77043301053709,32.154476734288437,32.743485996167237,33.186277763972157,33.874824989984518,34.458350661398072,35.305989371847318,36.132589272117457,37.242443291705513,38.236893198665257,39.566029179043653,40.917499400018187,42.683694055800515,44.479536897154048
0.73205836541479985,29.428445963730155,29.336259953617173,29.503209944021819,29.456363298186261,29.689786886462571,29.760952438802633,30.251084620232177,30.471770902946901,31.042151403865319,31.305819646066539,31.770545090711948,32.154585609692731,32.743595216281392,33.186390626212869,33.874939587408335,34.458468478399027,35.306114960638297,36.13271570816687,37.242575885287806,38.237033963359409,39.566170253551718,40.917653711876483,42.683854352902927,44.479704667769965
0.73205854527024916,29.428543553073723,29.336359844260187,29.50331553354772,29.456469384453158,29.689896433922513,29.761060887260101,30.251192290493691,30.471879517921934,31.042261368390427,31.305927220589638,31.770653381031934,32.154698157155053,32.743709019176094,33.186504857531418,33.87505543980069,34.45858794403739,35.306238867393404,36.132846216386952,37.24271237510311,38.237174279714054,39.566321191734005,40.917809840892005,42.684018583280249,44.479878364216347
0.73205872940575167,29.428645558629341,29.336462466265402,29.503419491310069,29.45657892366944,29.690009710347567,29.761174655846389,30.251303384604853,30.471991358140258,31.042374193389605,31.306041269744128,31.770764677612533,32.154813125693636,32.743823790308852,33.186622882791653,33.875177686552888,34.458710812675236,35.306366439917838,36.132979543584497,37.24285004399826,38.237317249750049,39.566472037819949,40.917965995843133,42.684188586239543,44.480058227833979
0.73205891792316058,29.42875170568368,29.336567999005183,29.503528585458298,29.456690812639863,29.690123651418617,29.761288871970009,30.251418121934876,30.472106614130553,31.042485648310503,31.306156157586884,31.770880550795482,32.15492842855474,32.743942714370405,33.186742492329813,33.875298792631384,34.458835719701256,35.306500812812374,36.133113256519664,37.242996182759271,38.237466207589478,39.566627812797378,40.918132961747688,42.684360933109474,44.48023928308794
0.73205911092675291,29.428857896635691,29.336674533561563,29.50363892212772,29.456806018722091,29.690242336626852,29.761405736823235,30.251533755471883,30.472223275495708,31.042603544807662,31.306273866674019,31.770999786186621,32.155048807803723,32.744064625150259,33.186865578559264,33.8754250574043,34.458965592959885,35.306633417310422,36.133253821404651,37.243139945859639,38.237618341398047,39.566791980225389,40.918299443000706,42.684536963766277,44.48042482586834
0.73205930852328738,29.428967578398897,29.336785139312724,29.50375233683917,29.456921824450546,29.690361759258394,29.761526720737038,30.251652642494264,30.47234329860521,31.042722440235138,31.306397025152819,31.77112064090943,32.155170846473993,32.744187771968882,33.186991151751499,33.875555129903205,34.459096569700705,35.306771140176352,36.133395263762395,37.243287456910366,38.237773295360967,39.566952346191556,40.918469794999965,42.684718399237681,44.480615930939166
0.73205951082206278,29.429081566020614,29.336899882512625,29.503868293783853,29.457042292203823,29.690485716698731,29.761647971439743,30.251774602360001,30.472468463842688,31.042845088717968,31.306518590270116,31.771244932105219,32.155298050190595,32.744315600739355,33.187123271037308,33.875686888308337,34.459233207463512,35.306912826664757,36.1335435716951,37.243440112804819,38.237932900422493,39.567120270991836,40.918643512509789,42.684903180568654,44.480812886542481
0.73205971793497937,29.429194791084228,29.337013396916063,29.503986896465904,29.457166461893394,29.690610219641712,29.761773864497172,30.251901463973354,30.472594491911423,31.042970534421329,31.306647818444162,31.771372750914907,32.15542587407208,32.744446156820231,33.187254768159619,33.875821259621262,34.459371479042147,35.307060368664679,36.133692175599208,37.243596895852534,38.238095806661477,39.567290180037617,40.918823442544181,42.68509507048293,44.48101002141857
0.73205992997660008,29.429310988461111,29.337133027247091,29.504110570133435,29.457291322378751,29.690739415563712,29.761902123332675,30.252026833271429,30.472723276891884,31.043097859640511,31.306778855978791,31.77150422928753,32.155556868935037,32.744579064734353,33.187392152131451,33.875960373492035,34.459513045468611,35.30720686437553,36.133843531363709,37.243756006743297,38.238263447353347,39.567466279080691,40.919007739697918,42.685286829748748,44.48121585556828
0.73206014706421429,29.429433767686533,29.337252948673267,29.504234940131028,29.457420105837627,29.69087396593568,29.7620345717296,30.252159896414469,30.472854855736841,31.043230023294655,31.306909630668997,31.771637424907567,32.155691648568791,32.744714385393763,33.187527519101423,33.876101781571379,34.459657925040574,35.307357768890142,36.134000962935716,37.243919479602937,38.238431996120198,39.567645953947704,40.919197018762588,42.685486944648346,44.481424696562954
0.73206036931790242,29.429555213705498,29.337376451638193,29.504361192236502,29.457553199444192,29.691007411841838,29.762173772730875,30.252294071399319,30.472989955749199,31.043365371794607,31.307045013451898,31.77177354550804,32.155830341737783,32.744855198385721,33.187670668151895,33.876248569761628,34.459806066737656,35.307513773938808,36.13416129439247,37.244087788583784,38.238607911645431,39.567829951256499,40.919387122842181,42.685688866212331,44.481640070373032
0.73206059686060232,29.429680504590578,29.337504700260979,29.504492274540098,29.457686591306356,29.691145850282282,29.762308478241266,30.25243304706828,30.47313032269949,31.043502279368113,31.307185457703781,31.771913807949659,32.15597228840079,32.744996644537423,33.187814533764595,33.87639627081353,34.459958070225639,35.30767417004563,36.134325412148428,37.244261216484119,38.238789552170601,39.568017401580164,40.919585057194126,42.685897837795437,44.481859109432662
0.73206082981817777,29.429810401386476,29.337632925010439,29.504627147707197,29.457825219308233,29.691286858359035,29.762450109206384,30.252572128879365,30.473271085889337,31.043644281715842,31.307327885755058,31.772057359920382,32.156116995450247,32.745143281739274,33.187961801094843,33.876548542818455,34.460111869859702,35.307835278706989,36.134494320893737,37.244433855088118,38.23896865277402,39.568209965347705,40.919787067067773,42.686112904331821,44.482087580028747
0.73206106831948747,29.429943449229086,29.337765767448218,29.504762340469824,29.457966638105972,29.691433886373488,29.762594026919942,30.252716024186157,30.473417746737596,31.043786915662622,31.307474125076624,31.77220251030576,32.156265199069821,32.745292027012511,33.188114214921825,33.876704213724224,34.460272131085731,35.308002331897569,36.134666902157733,37.2446151190411,38.239155274461154,39.568408703438763,40.919993682186487,42.686329454833867,44.482314633225087
0.73206131249645678,29.430077943988636,29.337901968925507,29.504903128951355,29.458111998091226,29.691581946150109,29.762742796751354,30.252863774436264,30.473566282094453,31.043935788909039,31.307624976700936,31.772353021225172,32.156416049032941,32.745446712770445,33.188270940362145,33.876863676931862,34.46043482534742,35.308173858365535,36.13484431085908,37.244800227570977,38.239347931131761,39.568610123409144,40.920204216957245,42.686552528853099,44.482549343805658
0.73206156248415022,29.430217274985353,29.338041501141106,29.50504758793295,29.458259724118761,29.691733504604144,29.762895716783987,30.253014671193341,30.473717763905825,31.044086596813031,31.307778164936735,31.772507748226417,32.156573476547237,32.745602662714646,33.188430910290208,33.877027250985975,34.460601119301828,35.308347207784209,36.135023637901668,37.244988865071264,38.239544666170332,39.568817388299522,40.920420458285662,42.686783008831753,44.482790362494598
0.73206181842084683,29.430359034611683,29.338185221557978,29.505193628852794,29.458411987236104,29.691890197178054,29.763051324918706,30.253168700673996,30.473875143307396,31.044242035408388,31.30793425812999,31.77266452836966,32.156732398106669,32.745764640616471,33.188592863200483,33.877194265460275,34.460771153957012,35.308527356524792,36.13520836182488,37.225305420040058,38.239745634237352,39.569029116512411,40.920642200388102,42.687017176484915,44.483038162043158
0.73206208044811605,29.43050402296376,29.338329401858573,29.505344366242298,29.458567690622658,29.692048698483177,29.763209366494266,30.253326753339024,30.474033282472647,31.044399587840871,31.308095053900615,31.772825164265214,32.156896386719836,32.74592897182265,33.188760324397208,33.877365716643453,34.46094789327617,35.308709368788186,36.135396216991921,37.225501260385954,38.239951301488418,39.569246614297754,40.920869638404838,42.687260511599106,44.483290816213866
0.73206234871089637,29.430651113184922,29.338480569464991,29.505497862358425,29.458726040006241,29.692211473968655,29.763373231118294,30.25348993455691,30.474197290003303,31.044562358034,31.308258441041289,31.772991084559635,32.157061930467989,32.746096531199328,33.188931947867331,33.877541793219734,34.461124834803741,35.308901086884816,36.135590943627903,37.225706017703942,38.240162646725821,39.5694679007579,40.921103339248475,42.687504741014436,44.483549511303409
0.73206262335757544,29.430805734952628,29.338633542480238,29.50565614126026,29.458890068583969,29.692379184222773,29.763540336175083,30.253655080564386,30.474364682598662,31.044728729915732,31.30842812504352,31.773158795478594,32.157232374613614,32.746269000959728,33.189106233213352,33.877720645128647,34.461308751188881,35.309089249275985,36.135788542586852,37.225910035363086,38.240378568058986,39.569695280277756,40.921343713828719,42.687754123847299,44.48381732029975
0.73206290454007206,29.430959819511372,29.338789593984984,29.505818554873258,29.459057448660133,29.692551082067439,29.763710917974095,30.253825517035239,30.474537536505977,31.044900034734383,31.30860051934178,31.773331276602676,32.15740651180613,32.746444367713593,33.189286672410617,33.877903401795265,34.461495115778689,35.309285356890996,36.1359922720535,37.226121867683105,38.240601622369013,39.569928016499944,40.921583468296376,42.688012439899012,44.484086716905495
0.73206319241392026,29.431118927858734,29.338949850405243,29.505984141427689,29.459227932967678,29.692726397135175,29.763885472219954,30.254000432636076,30.47471130043823,31.045074702006332,31.308778316190455,31.773508812876571,32.157586129068477,32.746626049495262,33.189469406927401,33.878092621430369,34.461688571489503,35.309486973351795,36.13620038998215,37.226340566017825,38.240825895436501,39.570165679972433,40.921832376585826,42.688274909117354,44.484364512671618
0.73206348713835534,29.431281567286987,29.339114089646046,29.506152136249057,29.459401615476963,29.692906911130649,29.764065406238842,30.254176815332812,30.474892221499431,31.045250487203703,31.308956590694834,31.773691432245869,32.157768664121704,32.746811312477803,33.189657268982955,33.878287348720733,34.461884414759425,35.309694100689285,36.13641096597803,37.226563493650247,38.241059677734029,39.570410942449598,40.922087648927572,42.688544261957304,44.484654089825654
0.732063788876402,29.431450492723343,29.339283445290221,29.506325265919713,29.459581384775902,29.693089414739461,29.764248176579713,30.254359504193872,30.4750755445707,31.045433200058596,31.30914224131584,31.773876476423538,32.157956385806301,32.747000927824047,33.189851596378958,33.878482722861008,34.462086595836354,35.309904520546297,36.136630112251169,37.22678887352231,38.24129483341676,39.570660645460521,40.922348853938729,42.688822158776929,44.484940438362173
0.7320640977949644,29.431620369672146,29.339453735204188,29.506503406652882,29.459765916833476,29.693276853020507,29.764435990179663,30.254546235936687,30.475264665747545,31.045620744607277,31.309331669897801,31.774067687308616,32.158146645170746,32.747195445326724,33.19004958271853,33.878683856305543,34.462294546885005,35.310119860954273,36.136853411734137,37.227021169616364,38.241536290910062,39.570916863363891,40.922620468535115,42.689103533039997,44.485240498037001
0.73206441406491873,29.431796962516273,29.339630233638218,29.506684784534173,29.459952262952811,29.693469724355509,29.764628528074809,30.254736933381082,30.475456007563025,31.045811625730039,31.309526250100134,31.774260974406388,32.158344152156133,32.747395632483858,33.190249134669102,33.878891738366747,34.46250627604195,35.310341092466388,36.137082259010185,37.227260100995863,38.241786425604005,39.57117885191883,40.922890856267259,42.689393759666473,44.485543854557363
0.73206473786120718,29.431975553800385,29.339811141000155,29.506870666565646,29.460143938911642,29.693666829344238,29.764826336017904,30.254933758610605,30.475654449378908,31.046009584423246,31.309724808425472,31.774458107156988,32.158545635710198,32.747595785672274,33.190455899912195,33.879102105904622,34.462719118539098,35.310567318871108,36.137315241357101,37.227504842380768,38.242040412877031,39.571444078258537,40.923170804868732,42.689690442205574,44.485857127498548
0.73206506936293558,29.432163600034983,29.339996327245444,29.507060414212901,29.460342271689115,29.693868766034484,29.765026663730623,30.255132868632245,30.475855722989309,31.046210492509999,31.309926717985491,31.774662391052061,32.158752701027424,32.747803672007649,33.190667659784594,33.879317387241827,34.462940087875722,35.310798669125688,36.137554918506794,37.227755146946947,38.242301846703413,39.57172082510715,40.923458353292972,42.689995348363482,44.486175268240004
0.73206540875347159,29.432346715916083,29.340184078660059,29.50725633472257,29.460542999554036,29.69407505734489,29.765233148807056,30.255338525961179,30.476063326116673,31.046414618654126,31.310135659507068,31.774871210895071,32.158962570112635,32.748018185238379,33.190883229445262,33.879539249342542,34.463167714943211,35.311035390851885,36.137799372892459,37.228009887561257,38.242568805548217,39.572001264771188,40.923751166280454,42.690304585782087,44.486504659347702
0.73206575622054648,29.432539510383776,29.340378164369668,29.50745647140775,29.460749079659763,29.694287728633299,29.765442931774942,30.255548385816383,30.476277197830314,31.046624243487258,31.310349901943482,31.775085351010148,32.159179303419478,32.748235820105947,33.19110536837843,33.879770647892201,34.463399436709096,35.311279284262582,36.138049298828264,37.228269992050173,38.242842428969652,39.572288980923076,40.924055209415201,42.69062567520632,44.486840670158017
0.7320661119563594,29.432736302966077,29.340577907023089,29.50766078269362,29.460961609840979,29.694503121029811,29.765659671161302,30.255763165803728,30.476492978500573,31.046839860409364,31.310565249122646,31.775305762662356,32.159400115604967,32.748460257558236,33.191333999794097,33.879998465072731,34.463636476991269,35.311527979636594,36.138307580451055,37.228542903340895,38.243121504069222,39.572583231732551,40.924361529753696,42.690948190221206,44.487185456046518
0.73206647615768283,29.432938762671256,29.34078001986154,29.507869243969253,29.461178082033257,29.694726211519537,29.765880947101778,30.255983931221635,30.476713931945596,31.047060833726846,31.310792782978751,31.7755267373077,32.15962636172253,32.74868664718997,33.19156468021265,33.880238473214376,34.463880349431747,35.311781853882621,36.138570354391504,37.228813447110497,38.2434075680967,39.572883671670297,40.924677616383178,42.691282915142892,44.487538006948398
0.73206684902597208,29.433145631242496,29.340987249807313,29.50808297633148,29.461397732037312,29.694951539710473,29.766107994861159,30.256211774219082,30.476941942919893,31.047286165300193,31.31101946616127,31.775756901847217,32.159859864218561,32.748921940095897,33.191802156901758,33.880480273108788,34.464129348396909,35.312042180274602,36.138839823749095,37.229094105205149,38.24370000305953,39.573192968520743,40.924999779957488,42.691626700277993,44.487894777942074
0.7320672307674766,29.433356554939564,29.341200380246391,29.508302260433084,29.461626016568516,29.69518480886336,29.766340230211426,30.256440196101721,30.477174746710716,31.047516728926439,31.311252406583662,31.775991662747856,32.16009631369343,32.749163347096783,33.192048266910206,33.880729965496357,34.464382081474469,35.312310104943208,36.139114923504167,37.229383366217917,38.24400104031929,39.573510189451099,40.925332485897343,42.691973993320516,44.488264138469731
0.73206762159335392,29.433573951866947,29.341419642683832,29.508526625102149,29.461856606906167,29.695421988797534,29.766577794197929,30.256675599812297,30.477412446708968,31.047752601710727,31.311493629596953,31.776232657370201,32.160341145597158,32.749406284790439,33.192295513516456,33.880986265829051,34.464643051603616,35.312587668531251,36.139397620946511,37.229677091074791,38.244307275052051,39.57383118782127,40.925669374921654,42.692334413512526,44.488639848120783
0.73206802171978647,29.433795482309506,29.341640870868105,29.508756997705405,29.462095464263257,29.695666187035386,29.76681998491631,30.256917791416981,30.477655825087368,31.047995315124808,31.311737427488424,31.77647940765064,32.160587643350937,32.749657945430044,33.192551672560967,33.881247328803056,34.464912123845352,35.312863886714695,36.139686563643863,37.229980961202273,38.244621430291318,39.574164388126974,40.92601676219283,42.69269901962889,44.489026117126286
0.7320684313681014,29.434022566828389,29.341870207562806,29.508991710707505,29.462336930265337,29.695917652490607,29.767069587718197,30.257165691617502,30.477906784346942,31.048243260179788,31.311988391253635,31.776729612310191,32.160841858203185,32.749915957639132,33.192812341307672,33.881515586750538,34.465184148009484,35.313149063231322,36.139982929777489,37.230287262369984,38.244946597122635,39.5745037973943,40.926371146354086,42.693075767429036,44.489421895960277
0.73206885076489259,29.434253863490085,29.342104266687784,29.509233102849521,29.46258627181669,29.696171577797941,29.767325243141386,30.257419022337672,30.478162045253157,31.048497631245937,31.312245583378171,31.776987877356987,32.161102105123973,32.750178598404091,33.193080721167007,33.88178845087532,34.465464104966486,35.313442086512623,36.140285232685528,37.230603296914069,38.245275717021286,39.574849706750229,40.926734685591782,42.693460046172277,44.48982743370243
0.73206928014214634,29.434492298053101,29.342342981634374,29.509480617450208,29.46284168777629,29.696432723291764,29.767586133705663,30.257679136414936,30.478424482193077,31.048757592301627,31.312509520746062,31.777251900545252,32.161370986213115,32.750449339450824,33.193355366614469,33.882070072807437,34.46574957853818,35.313742570305294,36.140593978619563,37.230925620921425,38.245616503163092,39.575207496006897,40.927107101446381,42.693852231309847,44.490241343873549
0.73206971973736956,29.434737951485204,29.342588445629644,29.509733312222124,29.463103298979149,29.696700528235397,29.767853391193057,30.257942881509734,30.478691917556716,31.049023433657112,31.312779399072042,31.777521680732207,32.161642896760441,32.750725315044292,33.193635817051018,33.88235583884898,34.466045116679197,35.314051267112063,36.1409124277111,37.231258299015735,38.245959037582452,39.575568275384285,40.927487879481305,42.694256825844604,44.490666542802046
0.73207016979372108,29.43498539041957,29.342839129817548,29.509991337334668,29.463371211725644,29.696976746489327,29.768127014878701,30.258214640475671,30.478966124735052,31.049295366551178,31.313054606168862,31.777799478224097,32.161922892182702,32.75100691570924,33.193923438139336,33.882650842528619,34.46634372560311,35.314364742710495,36.141238166473613,37.231596846999309,38.246312504068101,39.575941929057535,40.927876896548241,42.694666861967107,44.491101249640451
0.73207063056014643,29.435241818198847,29.343094575027862,29.510255408397825,29.463643980531288,29.697255970555489,29.768408206896311,30.258492763904997,30.479247062451122,31.04957398604256,31.31333777459804,31.778082224931495,32.162211221929738,32.751296149650898,33.194216780464103,33.882952993581057,34.466651848578294,35.31468921584019,36.141569772179992,37.231944852889228,38.246673668730182,39.576323506529661,40.928276943269793,42.695089470794755,44.491546543134973
0.73207110229151517,29.43550101265555,29.343359508848152,29.510528611644077,29.463923667737163,29.697542482897461,29.768693568111757,30.25877979235338,30.47953589326562,31.049861271763803,31.313626321938045,31.778371152596719,32.162502250313537,32.751592709619672,33.194519192747975,33.88326057889708,34.466966587322531,35.315017071482089,36.141910723011279,37.232301382435253,38.247045876747961,39.576716722786387,40.92868765331832,42.695522289571272,44.492002708353084
0.73207158524876192,29.435769036047532,29.343627066230965,29.510804403299062,29.464210733346135,29.697837194675685,29.768986798390415,30.259071474849861,30.479829716620316,31.050152278094629,31.313921941241006,31.778667790459622,32.162802647520948,32.751895638971291,33.194825550962832,33.883575189897329,34.467288939532409,35.315354243527963,36.142260346169223,37.232663362846324,38.247423461386006,39.577113559937061,40.929105188999529,42.695962710619824,44.492468391396415
0.73207207969903121,29.436045828389979,29.343904700204348,29.511089428187915,29.464504317935734,29.698137966977356,29.769288133993086,30.259370341334943,30.480131261986116,31.050452516001769,31.314226553005483,31.778973611554648,32.163111309084343,32.752206000024671,33.19514168543401,33.883899637675768,34.467618967716589,35.315702445454463,36.142618487155687,37.233036668130353,38.247813402781503,39.577524497633021,40.929532117842427,42.696416964095988,44.492944544215788
0.73207258591582447,29.436326351327807,29.344185286140601,29.511378754430098,29.464804633732911,29.698447799338737,29.769594990626956,30.259676598672286,30.480440950463162,31.050759006578119,31.314537095819105,31.779285167827311,32.163424689720159,32.75252593240657,33.195465775240336,33.884229443500772,34.467958250960237,35.316056170298907,36.142981217576562,37.233418266214812,38.248211249087035,39.577944740000021,40.929969834326585,42.696880211547523,44.49343772497059
0.73207310417915183,29.436612618251274,29.344474533339053,29.511677672448968,29.46511229493899,29.698763484926985,29.76991115408191,30.259988932616125,30.480756858759833,31.051072013293833,31.314853826245781,31.779602566730318,32.163746129050651,32.752849200137007,33.195796061560486,33.884568281605425,34.468302210840648,35.316417756155715,36.143355412069468,37.233808448822401,38.248617646142975,39.578371090187829,40.930418934502086,42.69735624437044,44.493934817601712
0.73207363477568688,29.436905026517252,29.344770394836814,29.511981724183897,29.465427613825796,29.699085616709453,29.770232509751168,30.260309878806311,30.481079499791576,31.051392663305251,31.315181567857962,31.779930051271549,32.164076825941265,32.753183593354152,33.19613345920834,33.884914926303736,34.468655849408151,35.316788112002541,36.143741387058526,37.234209444397038,38.249035324165106,39.578812002213908,40.930880269549107,42.697841867954594,44.494450678822432
0.73207417799892527,29.437206783007696,29.345072761383108,29.512295309503315,29.465750258925709,29.699416984595246,29.770564578184803,30.260638942631886,30.481411363182815,31.051722029399571,31.315513023790118,31.780264293505752,32.164414513056727,32.753525496817929,33.196479999652638,33.885274916277012,34.469021024691756,35.317172473827213,36.144132720345624,37.234619650971126,38.249463133187419,39.579260355697443,40.931350021215621,42.698339440458312,44.494976589767703
0.73207473414934698,29.437516245134702,29.345383331500216,29.512613351439086,29.466080965362835,29.699756276866538,29.7709017244797,30.260974393665492,30.481750761854528,31.052058834065519,31.315853085153321,31.780605531866968,32.164760723830568,32.753874312782955,33.196835288299553,33.885633338939442,34.469391440987692,35.317557814711563,36.14453376927122,37.235038261585487,38.249902010802089,39.579721244522261,40.931834653516489,42.69885048988408,44.495510323924918
0.73207530353458261,29.43783151283742,29.345701101408395,29.512943438369803,29.466417970389102,29.700102091218469,29.771249212375096,30.261317268122639,30.482098994842545,31.052402719604288,31.316203491803662,31.780956002034145,32.165115409626651,32.754232079660142,33.197199530205125,33.886008158193363,34.469769364838157,35.317955382564378,36.144945323125285,37.235466180659387,38.25034916675213,39.580194203762858,40.932325944546392,42.699372858561219,44.496059879730183
0.73207588646958333,29.438155094841477,29.346025538476624,29.513275338628773,29.466764370183682,29.700457789841039,29.771603149652037,30.261670679757572,30.482455665000089,31.052755773503122,31.316562085277837,31.781313303115894,32.165477873988493,32.754597145564276,33.197573391746118,33.886388842582164,34.470160262346326,35.318366174336461,36.145364409737795,37.235907764440071,38.250807076537512,39.580676891373059,40.932831058877127,42.699908378082,44.496621639560999
0.73207648327679542,29.438483910219475,29.346358431381304,29.51362041861239,29.467119060200275,29.700823041991498,29.771965526611439,30.26203165969855,30.482818174418753,31.053115767070722,31.316926147306276,31.781681429581113,32.165849597044144,32.754971687816123,33.197950430038418,33.886776328510678,34.470558812904073,35.318782033499701,36.145797208559998,37.23635642610634,38.251276529515962,39.58117089913685,40.933348314283194,42.70045471523099,44.497200828312998
0.7320770942863386,29.43882311983225,29.346698534438019,29.513970019942008,29.467482554705839,29.70119400820704,29.772337298031289,30.262401634948674,30.483190148861013,31.053486942037125,31.317301725258858,31.782056410837868,32.16623001155358,32.755355781607705,33.198341136630006,33.887177808296201,34.470965667435848,35.3192093742814,36.146237849625322,37.236815883713007,38.251757510981861,39.581676025135948,40.933877680883143,42.701013326177417,44.497789525030385
0.73207771983618819,29.439170295935583,29.347048685281607,29.514329742793052,29.467853533985817,29.701574790070481,29.772717993810147,30.262780544219368,30.483571788265635,31.053866830575316,31.317685829478705,31.782442097901367,32.166619495270425,32.755750665246978,33.198740167009873,33.887587487631663,34.471383191814766,35.319646654794269,36.146689998311103,37.237287396800184,38.252248713455629,39.58219341431095,40.934421096202186,42.701587613957145,44.498396256723026
0.7320783602723625,29.439524595035891,29.347404997527519,29.514698300108194,29.468234704920633,29.701965098510755,29.773107504634936,30.26316675563794,30.483961930323403,31.054252657858342,31.318079194792972,31.78283576468084,32.167016219347261,32.756152047839805,33.199151065068236,33.88800387118863,34.47181110053225,35.320095266217322,36.147154475564548,37.237771635573154,38.252751818625256,39.582724803561177,40.934975397261496,42.70217415427669,44.499012050358488
0.7320790159491144,29.439888162913576,29.347771203083539,29.51507521473286,29.468623274741276,29.702364879695324,29.773506262786213,30.263563251301548,30.484362481959124,31.054649600458106,31.318480311083476,31.783237803618249,32.167423388157204,32.75656397755165,33.199568504672243,33.888432179315259,34.472249703370835,35.320557237108915,36.147628798673395,37.238266149655374,38.253268923869655,39.583268435685568,40.935542985597749,42.702775260643193,44.499650881749403
0.73207968722912642,29.440260059555385,29.348143910268391,29.515459849479612,29.469022796127774,29.702772702127731,29.773913207810438,30.263968898562325,30.484770898237457,31.05505723351007,31.318893758340892,31.783652465875548,32.167841012527788,32.756984462656419,33.199996914283929,33.888871766750526,34.472697364869873,35.321023294167389,36.148112482233046,37.238770749193463,38.253795920124048,39.583826127369321,40.93612509822924,42.70338888167089,44.500294296070933
0.73208037448371233,29.440641578479699,29.3485282439201,29.515855137662129,29.46943040205224,29.703191815327045,29.774333878958259,30.264386135540008,30.485191454768938,31.055473465376053,31.319313221870743,31.784074920074545,32.168269061230603,32.757417666267429,33.200436705475568,33.889321733539873,34.473155145048622,35.321502608076571,36.148608764479377,37.239290260885355,38.25433760077658,39.584394780173625,40.936722059337171,42.704019926738056,44.500959022623647
0.73208107809302214,29.441032113862093,29.3489200539384,29.516259988436104,29.469848118683331,29.70362071754198,29.774761346782725,30.264809681554198,30.485622696545306,31.055898102188166,31.319746441100961,31.784507183299411,32.168708870735372,32.757859063564865,33.200884461184614,33.889783409548272,34.473625499450463,35.321994934270151,36.149116710499584,37.239820255080758,38.254891995381968,39.584977378182884,40.937332459519439,42.704667007195894,44.501638140062823
0.73208179844625199,29.441433704774681,29.34932235862334,29.516674128514296,29.47027664104553,29.704059773405788,29.775198045942489,30.265248161789259,30.486059767264578,31.056334642471484,31.320186181013923,31.78495096618326,32.169154899484511,32.758312883884628,33.201345868194039,33.890252154585141,34.474106818240671,35.32250001658349,36.149636375195314,37.240363700000671,38.255458992081913,39.585574035841091,40.937954920876109,42.705325925561283,44.50233705564824
0.73208253594186012,29.441840102530477,29.349734456610349,29.51709816267703,29.470716111143247,29.704508804528359,29.775648297254065,30.265690373133566,30.486510581385119,31.056783248359807,31.320639087323343,31.785404370567448,32.16961293273198,32.758775724434145,33.20181805315724,33.890736198665763,34.47459759414869,35.323017140948195,36.150169509338411,37.240920319799443,38.256039160125965,39.586185366191785,40.938596163520742,42.706001146353628,44.503048052321446
0.73208329098778679,29.442258691977713,29.350156739337763,29.517532969755393,29.471162476929294,29.70496885807006,29.776106977259587,30.266148933931163,30.486971548850761,31.057238970034632,31.321103102717643,31.785869012722287,32.170082197450029,32.759250047429759,33.202297464683852,33.891228026732733,34.475104731639931,35.323548035611111,36.150714808842622,37.241489759980141,38.256633989318743,39.586810990183039,40.939250751213422,42.706695848369691,44.50377670819762
0.73208406400168036,29.442687643824684,29.35058514546381,29.517976531889417,29.471622531526918,29.705439957385806,29.776576490643492,30.266615669214389,30.487442936711886,31.057706633192538,31.321579661625947,31.786343511865198,32.170563663792564,32.759734672353716,33.202790745469429,33.891733774628392,34.475619224374896,35.324086183332838,36.151272977444933,37.242072377813656,38.257241333679758,39.587450834060746,40.939921144697109,42.707402194233055,44.504524758031039
0.73208485541112767,29.443126908168324,29.351027047846401,29.518430666647419,29.472093414018673,29.705922717144404,29.777057906934715,30.267095179756325,30.48792548131587,31.058185523011616,31.322063003897256,31.786832468275861,32.171055715619332,32.760231444682177,33.20329761071207,33.892250470627914,34.476148872494832,35.324638762742779,36.151845497678096,37.242670846803776,38.257864162923397,39.588109720425109,40.940610599944648,42.708128187896818,44.505289839569741
0.7320856656538911,29.443578241578052,29.351478165599019,29.518899838814832,29.472574908882507,29.706417214490557,29.777550941634672,30.267583665208349,30.488420580705679,31.058677005934896,31.322558953792395,31.787329075669732,32.17155996324027,32.760741001343831,33.203814813090503,33.892780872252388,34.476689177511162,35.325206583723229,36.15243314297777,37.243280197817967,38.258503030934662,39.588778574392563,40.941309800095496,42.708869953110025,44.506074322292079
0.73208649517815072,29.444036893165958,29.351943233421025,29.519373577596525,29.473066340614423,29.706921481340487,29.778057591566721,30.268084217194428,30.48892642732244,31.059179071591643,31.323070237555385,31.787839344709028,32.172076131061658,32.761263068284734,33.204343453449837,33.893326367708596,34.477243413261931,35.325786534146118,36.15303096925345,37.24390615299626,38.259152723683655,39.589465367987486,40.942028833043878,42.709632928035262,44.506872843832298
0.73208734444275159,29.44450612512037,29.352416198728406,29.519863102905674,29.473571364066629,29.707441372349422,29.778572382534094,30.268599011377773,30.489443479955753,31.059693052120565,31.323590926560883,31.788361310535038,32.172604809824406,32.761797065204519,33.204886821201399,33.893877973598592,34.477810299474186,35.326381874932849,36.153645617645452,37.2445465770802,38.259821444767113,39.590169213841364,40.942766415659207,42.710410472624517,44.507694965942392
0.73208821391745826,29.444989111161249,29.352900428840712,29.520362845148611,29.474087819304714,29.707969050077281,29.779102711523592,30.269124054363601,30.489974341220659,31.060219764873636,31.324121920194557,31.788898102414805,32.173147093546049,32.762341537422799,33.205442385894457,33.89444709696636,34.478390119876622,35.326990347187348,36.154272053297518,37.245201813561835,38.260506885928407,39.590890011822012,40.943519254221883,42.711210437395493,44.508535150901025
0.73208910408321459,29.445482518367953,29.353396439761582,29.520875578537925,29.474616882367627,29.708513509960994,29.779643660418969,30.269662392403461,30.49051814938457,31.060758868624816,31.324669852660463,31.789445358907869,32.173698625805628,32.762902761180612,33.206011250814754,33.8950308263843,34.478984753348868,35.327612907101866,36.154914286581061,37.24587283013534,38.26120820280812,39.591627103220617,40.944290489470404,42.712026837123631,44.509396864300925
0.73209001543240904,29.445988640004089,29.35390571242624,29.521399311650839,29.47515790985608,29.709067510799741,29.780198598812149,30.270213705258811,30.491076296265874,31.061310948534356,31.325228290499581,31.790006394336615,32.174265441664375,32.763474275257522,33.206590474362201,33.895625900633604,34.479593281936559,35.328250978872347,36.155575945336295,37.246560542369934,38.261926633471376,39.592382331768022,40.945081055898299,42.712861875541876,44.510275701449245
0.7320909484691478,29.446505569454985,29.354425146397716,29.521935309813216,29.475712376865431,29.709636107445931,29.780766086701533,30.270778701729796,30.491643022675362,31.061875034395598,31.325802957687301,31.790580336719358,32.174845888497657,32.764059309774893,33.207187552308369,33.896235881373741,34.48021613497167,35.328903066220391,36.15625004278445,37.247263806017145,38.262658399662087,39.593155885787382,40.945890864186367,42.713715519952984,44.511177458216025
0.73209190370953359,29.447036153653244,29.354958810776679,29.522484843851089,29.476280640729328,29.710219860672623,29.78134737782193,30.271355388765642,30.492225804257487,31.062456133571686,31.32638637455284,31.791168989895141,32.175441357122509,32.764660991708297,33.20779725431612,33.896861551698294,34.48085550420592,35.329572745465157,36.156940135763762,37.247985425816751,38.263411214958978,39.593948932452804,40.946719167168794,42.714593456555122,44.512100670096515
0.7320928816819503,29.44757888353206,29.355505398573314,29.523046763351886,29.476862133346913,29.710814563763961,29.78194160336534,30.271946687362288,30.492825114381958,31.063046440947346,31.326987905182705,31.791769104460855,32.176049057902219,32.76527455321002,33.208421965215166,33.897500574622427,34.481508886776737,35.330260028830253,36.157645359962771,37.248721956648751,38.264180806410877,39.594758420241305,40.947566907570945,42.715490339881399,44.513047659118001
0.73209388292735667,29.448132275488661,29.356062861289956,29.52362182597426,29.477457853158739,29.711425538035201,29.782552486567965,30.272556423035439,30.493433392804036,31.063651948599727,31.327600734414773,31.792384365687667,32.17667307381771,32.765905346908767,33.209062497370724,33.898157284559147,34.482177378642064,35.33095803332526,36.15836957671263,37.249477177805147,38.264969199462939,39.595590546799485,40.948435731996597,42.716409475953242,44.514016286901096
0.73209490799958399,29.448704005335458,29.356635828920389,29.524211384529281,29.478067106839262,29.712051443645123,29.78317441101899,30.273173696906724,30.494059921448297,31.064273567209057,31.328230120096123,31.793018577043767,32.177308753278339,32.766550449534861,33.209717786850888,33.898828713069634,34.482861463155587,35.331675331022325,36.159110527441499,37.25025208561874,38.265774104004322,39.596438096200927,40.949325831024908,42.717348675717403,44.515007426240572
0.7320959574656436,29.449285036092533,29.357220474354563,29.52481589837771,29.478689772474354,29.712691323081799,29.783813896232004,30.273808336876755,30.494700310117878,31.064909679701032,31.328875642335788,31.793661757226801,32.177963849296248,32.767212248399574,33.210388350663834,33.899512908511497,34.483564533281424,35.332413342696782,36.159870424387464,37.251044823373832,38.266601259679646,39.597308889166015,40.950237682300667,42.718310617121006,44.516021819528305
0.73209703190604003,29.449881391879899,29.357820959657602,29.525434200304062,29.479330724113424,29.713345270164609,29.784467690878046,30.274458821767894,30.495357718373725,31.065559959017719,31.329534124259681,31.794323861360226,32.178630793018328,32.76788411275993,33.211075158103085,33.900216014467787,34.484281129135525,35.333163603690082,36.160646330209147,37.251854879110397,38.267448967268592,39.598200374233784,40.951169512714387,42.71929663832907,44.517059380306364
0.73209813191509221,29.450491625029372,29.358433383696593,29.526067562144817,29.479984009509735,29.714017074395088,29.785137436358582,30.27512384313286,30.496026864303985,31.066226559964889,31.330208330416554,31.795001836653682,32.179315207481523,32.768577380151783,33.211776927961637,33.900935456447769,34.485017628772312,35.333933186163904,36.16144270282939,37.252685075870431,38.268313530511023,39.599110522662158,40.952122832055011,42.720306781832733,44.518124408335552
0.73209925810126208,29.451117220342894,29.359062313377763,29.526713996487615,29.480651673905413,29.714703405084947,29.78582479675606,30.275805555535499,30.496714457912731,31.066908760382375,31.330901881001409,31.795693067531829,32.180017610366576,32.769283958316919,33.212495772500006,33.922978313757085,34.485768943099174,35.334721435370284,36.162255981081216,37.253535820554134,38.269199710100565,39.600045315766693,40.953100557242124,42.721338198989088,44.519214632894091
0.73210041108749135,29.451755554397096,29.359705362378463,29.527378585606584,29.481337584669291,29.715406400738175,29.786524800309053,30.276503816561217,30.497419336673829,31.067607797203436,31.331608244394374,31.796403693094362,32.180734758145718,32.770008332001908,33.21323400141182,33.923731576917817,34.486540338885334,35.335529023195249,36.163090649206424,37.254405204858813,38.270107817732878,39.601001724074194,40.954100168841705,42.722397039081898,44.520327167747382
0.73210159151154597,29.452411531027792,29.360365021066627,29.528056453266345,29.482039898075527,29.71612698452418,29.787245070613153,30.277217362299325,30.498138803542133,31.068321488694437,31.332333600943457,31.797129174210113,32.181468814600976,32.770749848255036,33.213986616394322,33.924502826224398,34.487327685924356,35.33635556552963,36.163943955969899,37.255294590228459,38.271036917134552,39.601980078813995,40.955124286336286,42.723480925759759,44.521471081613981
0.73210280002636896,29.453081028488214,29.3610390503095,29.528751519747857,29.482757298614615,29.716864152622747,29.787980119398981,30.27794738636976,30.504222189244047,31.069054974870596,31.333076214539687,31.797874208009034,32.182221467696763,32.771510348380161,33.214758869428351,33.925294303483497,34.488136825601032,35.337202078681003,36.164817578480324,37.256207008753336,38.271990553609157,39.602982140305357,40.956176322145438,42.724591132492151,44.522639561564574
0.73210403730044127,29.453768453003249,29.361730577787057,29.529464330250903,29.483494645618521,29.717618522521661,29.788733484821478,30.278696362668143,30.504984372734725,31.069803939225494,31.333834087914511,31.798635208246196,32.182990525489458,32.772291299903372,33.215551736355337,33.926103626326949,34.48896546621063,35.338069701835593,36.165712361064379,37.257140932387756,38.272965720368575,39.604010007395573,40.957246257089992,42.725725113511544,44.523836841407046
0.73210530401815233,29.45447181764348,29.362436902956688,29.530192323874871,29.484247339130434,29.718392875355221,29.789504383747953,30.279466162714925,30.505758960031926,31.070571965467479,31.334612312884474,31.799414041728596,32.183779572347703,32.773083426824996,33.216359214482509,33.926934221492502,34.489808718913082,35.338957955325895,36.166628513799878,37.258098886733933,38.273962118268173,39.605060071138269,40.958347099333423,42.726889868083617,44.525060332770408
0.73210660088017776,29.45519073771402,29.363160708750456,29.530938788051571,29.485018220368147,29.719182738570453,29.79029497924239,30.280247776694523,30.506554948960911,31.071356943741193,31.335407444982593,31.800212968023061,32.184586578579001,32.773900090799089,33.21718811670371,33.927781986696118,34.490675293205186,35.339866091641852,36.167566825689846,37.259076738429485,38.274983631050418,39.60613529219836,40.959472169108267,42.728078799276773,44.526315512156998
0.7321079286038672,29.455927918969337,29.363902080464413,29.531703917234609,29.485807159889191,29.719992905051186,29.791103178793492,30.28105143970879,30.507369329356607,31.072161709680131,31.336223542001335,31.801030708187227,32.185412659360281,32.774734072409501,33.21803635026663,33.928652191533274,34.49156444684877,35.340800145560934,36.168527153852665,37.260080344744438,38.276029083918274,39.607238677923306,40.960625144222831,42.729297345361829,44.527600491657722
0.73210928792364149,29.456682418252058,29.36466179015315,29.532485956864548,29.486616673972094,29.720820619918413,29.791930606432743,30.28187426494469,30.508205130431634,31.07298503016591,31.337058191433243,31.801868792022105,32.186259603098279,32.775590999483939,33.218904647217641,33.929540966970308,34.492471999933059,35.341749018916289,36.169511395135942,37.261105954394225,38.277100864822842,39.608364827066453,40.961804071577262,42.730545555669323,44.528915415769006
0.73211067959139842,29.457455905316237,29.365438068758522,29.533287816514076,29.487443449226248,29.721670594432908,29.792778073309364,30.282717514611704,30.50905771108819,31.073830070283293,31.337912144593247,31.802724608551216,32.187125561153152,32.776465846824067,33.219794401073614,33.930450476637816,34.493403292351104,35.342722170773413,36.170520622395088,37.262156266937836,38.278196541479701,39.609518885144098,40.963014056095744,42.731823966608317,44.530262031140865
0.73211210437692886,29.458248254526552,29.366233491019102,29.534106745700683,29.488292436169559,29.722539846006839,29.793646288130731,30.283579109272523,30.509932140120327,31.074691968376101,31.338786552005786,31.80360278592525,32.188012073235768,32.777360291362584,33.220704732720151,33.93138541580629,34.494353840143503,35.343722475291088,36.171548185807751,37.263233303669494,38.279318942164082,39.610702025938281,40.964251495265671,42.733133339918368,44.531640632334529
0.73211356306834263,29.459056516655892,29.367049538006995,29.53494863609103,29.489159136683611,29.72342947044126,29.794534939725963,30.284461919048681,30.51082775273062,31.07557554891946,31.339680659922578,31.804500103723058,32.188920103376859,32.778278224448513,33.221638156029258,33.932338911649822,34.495330048942833,35.344742737420347,36.172606368823381,37.264334791093461,38.280467952051822,39.611912522291277,40.965518536773288,42.734471555303571,44.533054410200293
0.73211505647250419,29.459886372410892,29.367883186197105,29.535805608938972,29.490047055464402,29.724341315073616,29.795444853993558,30.285367136988498,30.511745688323572,31.076481538453208,31.340599945515351,31.805421175594347,32.189850109672079,32.779217789016911,33.2225923035503,33.933317430989064,34.496330162018694,35.345789575902927,36.173684099493585,37.265461317351765,38.281645063866108,39.613151301881317,40.966815064235107,42.735844749912303,44.53449744536556
0.73211658541547919,29.460736272440499,29.368736107972381,29.536686626055598,29.490956552506304,29.725277308158638,29.796377575459246,30.286292292598773,30.512683584802289,31.077407213291281,31.341537984618753,31.806360174174188,32.1908038046613,32.780179500033682,33.223570167718208,33.934317545174054,34.497350686115169,35.34686102572141,36.174792829290254,37.266616963111119,38.282851983818546,39.614421091963322,40.968142245686522,42.737248432275919,44.535978628562589
0.73211815074299147,29.461603670175464,29.369610129450848,29.53758742614491,29.491888619657857,29.726228842218006,29.797328908998679,30.287239908755964,30.513644487635702,31.078356623921991,31.342501978383098,31.807323794345393,32.191777454979729,32.781164955100849,33.224572089266076,33.935343553574057,34.498397687296801,35.347958673518406,36.17592294517317,37.26780076599016,38.28408678412643,39.615721279949867,40.969501385766762,42.738686429386235,44.537492889362056
0.7321197533208903,29.462493855954563,29.370505774124922,29.538509942217388,29.492841647185742,29.727209222154215,29.798305978754797,30.288212493325318,30.514629597788826,31.079328539816288,31.34348261741934,31.80831182711745,32.192774957751226,32.782172070491015,33.225597168187505,33.936391447423375,34.49947109437926,35.34908168012862,36.177083280000261,37.269010188525044,38.285350209120679,39.617048954786696,40.970893351529867,42.740157018310583,44.539044573331466
0.73212139403563015,29.463407828263371,29.371422434131091,29.539454249103983,29.493818569414998,29.728208786882533,29.799306098206216,30.289203897450079,30.515635280293736,31.080322062302002,31.344491210294564,31.809323251419301,32.19379723048587,32.783204414017291,33.226646324418198,33.937467310599459,34.500569700314372,35.35023180851249,36.178271346590918,37.270249034429526,38.286642556367951,39.618410955240506,40.972318431304757,42.741663130373126,44.540631824914726
0.73212307379476038,29.464339671158086,29.37235934650198,29.540422393066819,29.494818413974826,29.729235133930615,29.800331551284671,30.290220695893368,30.516667106637669,31.081339512849809,31.345523342693923,31.810357378884419,32.194842995287217,32.784260418855411,33.227719082311523,33.938566424811597,34.501691144304004,35.35140939339226,36.179487932516167,37.271517793334169,38.287964748864852,39.619805613633162,40.973778372725064,42.743206684060169,44.542258606875293
0.73212479352742754,29.465294329336302,29.373320935452739,29.541411836806674,29.49584054536308,29.730284834654867,29.801379468212417,30.291261928995482,30.517723169672536,31.082384455957254,31.346578905356182,31.811415715731982,32.195915011923717,32.785344426996289,33.228818643046907,33.939690710073137,34.502841635985078,35.352615542444255,36.180731447061135,37.272818190852377,38.289320773731561,39.621235467364386,40.975274003603772,42.744785817533284,44.543925689940806
0.73212655418488937,29.466272080653653,29.374306037881979,29.542427647590102,29.496890811970388,29.731360347037935,29.802450847893851,30.292330029306868,30.518803503664458,31.083451505426183,31.347662257989214,31.812500096118583,32.197010764975857,32.786451686932651,33.229943995870144,33.940844953443502,34.504019381992748,35.353850283639076,36.182008823574506,37.274150203993486,38.290708741793878,39.622695775527973,40.976802143527493,42.746405105420308,44.545630474263817
0.73212835674104049,29.467274707903925,29.375311640588279,29.543463840824643,29.497962430782081,29.732460089407141,29.803549966907212,30.293420305330528,30.519910214284209,31.084543786622817,31.348767870242682,31.813612426409236,32.198135472931881,32.787585367800148,33.231100355513718,33.942024670051069,34.505224063418609,35.355115505883987,36.183312661436048,37.275512651345707,38.29213263102838,39.624193010237377,40.9783688845705,42.74806151216535,44.547376262308717
0.73213020219295177,29.46829834062919,29.37634350002736,29.544527454808303,29.499059257539102,29.733586169560112,29.804675264970683,30.294538816667227,30.521044611306934,31.085662629732269,31.349903623085538,31.814749176384794,32.199283935708081,32.788747531408262,33.232277633954709,33.943235250393172,34.506460063716986,35.356407662543006,36.184649415995864,37.276906666466402,38.293585892081865,39.625726905645024,40.979973137296838,42.749756928359602,44.549163725790095
0.73213209156142167,29.469348378583163,29.377398675556833,29.545617400533501,29.500185240883184,29.734741805697467,29.805826650227573,30.295683892015859,30.52220428518558,31.086806453537065,31.351062046295283,31.815911529354707,32.200460277645561,32.789935786883234,33.233486148968495,33.944470746279421,34.507723739087396,35.357732823513288,36.186016960372399,37.278333354339793,38.295076157670337,39.627293864594321,40.981614894326867,42.751495506057836,44.550994492334212
0.73213402589154042,29.470424602560342,29.378480653865154,29.546730087126889,29.501336403032838,29.735921957722439,29.807006111464943,30.296854266576247,30.523393430111355,31.087981643322109,31.352251089757374,31.817103217364547,32.201667275252021,32.79115329237311,33.234724896919033,33.945738175350471,34.509018619624385,35.359090025562182,36.187417431760423,37.279796629661632,38.296601579094386,39.62890015898256,40.983298160190316,42.753271789039445,44.552867911643716
0.7321360062532688,29.4715239710481,29.379586748284964,29.547871274661247,29.502515571011372,29.737135030236459,29.808213793557115,30.29805374574471,30.524608999221982,31.089180810492508,31.353469297972879,31.818323792473166,32.202901152263621,32.792401222615808,33.235991479129098,33.94703706484006,34.510343868192649,35.360477850773805,36.188852082866561,37.28129456695433,38.298163247633966,39.630547520187974,40.985017093667011,42.755092681084079,44.554788153788195
0.73213803374202935,29.472651983473042,29.380719324078655,29.549038879096315,29.503722197355273,29.738371728948096,29.809449645442328,30.299282822550595,30.525854971396711,31.09041113045123,31.354712822444981,31.81957478203185,32.204162826348693,32.793677594179826,33.2372892037979,33.948367101164877,34.511702738448093,35.361904925163344,36.190322159144216,37.282827263479248,38.299765288810249,39.632231422707264,40.986780380008895,42.756956870015074,44.556752535982923
0.73214010947931285,29.473804771419054,29.381879183787078,29.55023633369683,29.504958558462931,29.739639015578632,29.810716440930719,30.300541809431706,30.527131309448123,31.091670095105201,31.35598842450554,31.820852027608908,32.205457290231607,32.794983285860781,33.23861601967883,33.955849838050653,34.513091414210976,35.363358575571056,36.191825346274072,37.284397402711875,38.301401754697508,39.633953850627677,40.98858540415813,42.758866558584941,44.558762815699083
0.73214223461329819,29.474986145114599,29.383067746372944,29.5514614074159,29.50622379945662,29.740935254979831,29.812013588117225,30.301827495977705,30.528435715113119,31.092959502784197,31.357294653643294,31.822164293719197,32.206780364338101,32.796320872472279,33.239979385173228,33.957241218720355,34.514513300535782,35.364848190913563,36.193365051996352,37.286003014714424,38.303082120686668,39.63572227169152,40.990435919230094,42.760819628180343,44.560820798370514
0.73214441031948785,29.47619688843406,29.38428587637145,29.552713913569278,29.507520663720243,29.742264760167018,29.813342128099521,30.303147607181472,30.529772547849461,31.094278106258116,31.358631667394093,31.82350414443863,32.208135897142256,32.7976915879035,33.241369357538133,33.958662674119751,34.515970949275015,35.366375113765116,36.19494065800518,37.287650473665508,38.304795321327674,39.637530372907804,40.992326362835229,42.762819195421798,44.562931493985616
0.7321466378013578,29.477435446863637,29.3855301513222,29.553997632672235,29.508846177489431,29.743627841810849,29.814698190274157,30.304497159700986,30.531141019217102,31.095629968405774,31.360000746418336,31.82487577360871,32.209526440602986,32.799096364644811,33.242793773204085,33.960120032606028,34.517461587716753,35.367939592278162,36.19655566250276,37.289333239455573,38.30655212906413,39.639380069470008,40.994262049291592,42.764871990616939,44.565090392139609
0.73214891829102335,29.478702413117389,29.3868052126154,29.555312323299859,29.510205099130872,29.745020275993738,29.816089421782181,30.305881713015879,30.532543750980949,31.097012492135036,31.361402805132457,31.826283165829864,32.210945433130746,32.800531315172066,33.244256592233796,33.961612644061006,34.51898795738316,35.369538955459575,36.198208404633078,37.291059519001919,38.308353760203318,39.641276798355193,40.996246661243731,42.766967150077562,44.567301301593488
0.73215125304992101,29.480000895506691,29.388111360019138,29.556659068548015,29.511595662369928,29.746447020908363,29.817515735856887,30.307294237412407,30.533977464094278,31.098428283331032,31.362837808415861,31.827722274092139,32.212401831919578,32.80200123600298,33.245749117115793,33.963141503371844,34.52055163765317,35.371179337000285,36.199901765779487,37.292828326890685,38.310197106334726,39.643218663301923,40.998278661577388,42.769116126624795,44.569564036699376
0.73215364336950539,29.481331154070631,29.38944765532915,29.558037005062943,29.513021019144617,29.747907788891098,29.818972511309312,30.30874528741424,30.535447280797143,31.099878882317626,31.364307019299304,31.829195212477316,32.213890374896891,32.803505031770783,33.247279321402402,33.964707012187773,34.522153460137361,35.372856573588251,36.201633493908048,37.294633939131927,38.312083835204248,39.645205446194723,41.000359319264589,42.771315534556834,44.571881317709995
0.73215609057196462,29.482691038343091,29.390816909804471,29.559449083227264,29.51447863346857,29.749403577265639,29.82046644661159,30.31022775381507,30.536952242286588,31.101364069072133,31.365812344049118,31.830703670504136,32.215419020019908,32.805047587308309,33.248846219259121,33.96630773109564,34.523790920230113,35.374574516504708,36.203407566961687,37.296485721262798,38.314016245498806,39.647240544237775,41.002488777790859,42.773568129944579,44.574255515046843
0.73215859601095068,29.484084638078457,29.392219054505858,29.560892785110354,29.515971558244928,29.750937641186738,29.8219962036369,30.311747184031447,30.538491665758102,31.102884012715094,31.367353227108197,31.832248721528686,32.216980735694506,32.806627424085491,33.250450720785466,33.967950245521024,34.525471662643213,35.376336739330782,36.205224734761032,37.298383367462975,38.315995125871268,39.649323181444288,41.004669496026963,42.775874789123009,44.576686504247846
0.73216116107232909,29.485512529634889,29.393653427362096,29.562372644350489,29.517500858556559,29.752503772424006,29.823563840719544,30.31330288131312,30.540067319692298,31.104441312637391,31.368929103803566,31.833834318394111,32.218579465088624,32.808242980661817,33.252093610612064,33.969628495619872,34.527190248178158,35.378134525401947,36.207084691832733,37.300323889787705,38.31802125776403,39.651457333538474,41.006901051404384,42.778237118456673,44.579174676828188
0.7321637871749449,29.486973983794087,29.395123177888763,29.563887213087582,29.519065174968546,29.754110668510293,29.825165676137658,30.31489532720434,30.54168225992089,31.106034074094623,31.370545547233178,31.835451031839057,32.220216720423196,32.809897592424932,33.253776157722768,33.971347755959414,34.528950651610558,35.379981986503935,36.208988743698228,37.302313017391043,38.320096280549024,39.653643027580983,41.009187613804897,42.780650764403617,44.581721641865897
0.73216647577140759,29.488470367201444,29.396627714178067,29.565438243515473,29.520668167179792,29.755754842924944,29.826808466412785,30.316525076893868,30.543335101635876,31.107665492767865,31.372198641766772,31.837108479509425,32.221894716867155,32.811591524211053,33.255496610469891,33.973110096805158,34.530750477410493,35.381868879449485,36.210940124215995,37.304346814987639,38.322220651607495,39.655878613499226,41.011528501891462,42.783128004758964,44.584332632716269
0.73216922834889475,29.490002686602111,29.398167171975274,29.567027012466497,29.52230859436213,29.757438752675171,29.828487576729003,30.318194450879218,30.545028194264432,31.109337621994655,31.373891101429308,31.83880675937462,32.223609894258971,32.813326954412787,33.257259227059876,33.974912778599446,34.532596594626284,35.383801577587292,36.212937034500555,37.306431688856264,38.324395562192876,39.658168821123581,41.013923853491178,42.785661325919136,44.587003078263024
0.73217204642997447,29.491570392995527,29.39974495772276,29.568652927768198,29.523988521832507,29.759161092128579,29.830210264394736,30.319906717646518,30.54675998269613,31.11104817469959,31.375623368599463,31.840548275266883,32.225367826734328,32.815103087559692,33.259066993565739,33.976758930700726,34.53448461191465,35.385782056574499,36.214981308547067,37.308567913463321,38.326622660526937,39.660514623566996,41.016378085238557,42.788257840687493,44.589736888640346
0.73217493157344793,29.493176462272004,29.401360384369127,29.570317943287591,29.525709669473599,29.760927366627129,29.831972504724035,30.321655532523437,30.548535253268255,31.112798254732297,31.377398392302894,31.842326356486865,32.227168494457146,32.816922433734817,33.260915521254901,33.978649249786031,34.536417933354642,35.387812545645829,36.217075657672922,37.310752068198781,38.32890432195245,39.66291681575558,41.018892559744017,42.790915111981576,44.592537673575862
0.73217788537521122,29.494819953963543,29.403014513661219,29.572021405312626,29.527472506962567,29.762734391405957,29.833777180550896,30.323448424056096,30.55035220847094,31.11459173498406,31.379214547256652,31.844147820128001,32.229010539509545,32.818784871040407,33.26280851359661,33.980585500137295,34.538400616230774,35.389886156473949,36.219218932014428,37.312990519069899,38.331236395507403,39.665376561123594,41.010961772392875,42.793637957728151,44.595406674925471
0.73218090946913839,29.496504092818213,29.404707389309351,29.573767886638507,29.529274599522523,29.764585107745461,29.835623638635752,30.325282659787263,30.552212054134998,31.116428750312934,31.381075777549995,31.846014276542974,32.230898215365869,32.820690746166747,33.264746400297099,33.982566669029893,34.54042843086927,35.392012522696859,36.221413645568191,37.315279597579774,38.333627212469764,39.667893863103018,41.013601149486021,42.796421048200955,44.598341809359681
0.73218400552798479,29.498229168788839,29.406440612011465,29.5755562590316,29.531123053555348,29.766479824117141,29.83751604058034,30.327161697731754,30.554117375470014,31.118307235659813,31.382980361386217,31.847924623559265,32.232829784559272,32.822643193383101,33.26673106285989,33.984595327817715,34.54250233946459,35.394190946242816,36.223662872280784,37.317626851421664,38.336073972150189,39.670470208622191,41.016301961135923,42.799275975989985,44.601349531995311
0.73218717526431287,29.499995786031832,29.408216566442661,29.577386282666794,29.533013620604379,29.768420308078476,29.839454245828165,30.329087349969996,30.556067551226079,31.120231733887522,31.384932613867932,31.849881399896276,32.234809144099927,32.824642473954555,33.268761239824926,33.986673797535786,34.544629577360411,35.396419343354864,36.22596354515963,37.3200280101114,38.338580805523179,39.673111844867435,41.019068667349529,42.802195597152149,44.60442919907473
0.73219042043143934,29.501803210672733,29.410034041379731,29.579261093500008,29.53495001594365,29.77040628289933,29.841437589437646,30.331057708648132,30.558065882662504,31.122202303418817,31.386929298043015,31.851884135175169,32.236833570680574,32.826688897843724,33.27084302154617,33.988800947538039,34.546806093905161,35.39869878486752,36.228319449153787,37.322489942137963,38.341144323708704,39.675813445473068,41.021901986716784,42.805189868792695,44.607581174121151
0.73219374282440464,29.503654020561044,29.411895346638175,29.581178146193906,29.536931849824668,29.772441400414209,29.843467121544563,30.333076836428972,30.560111485964626,31.124222286267468,31.38897407462764,31.853940518582021,32.238906871824838,32.828785302927372,33.272972227043738,33.990983816381686,34.549036987888485,35.401038193525892,36.230732176477886,37.325008194924067,38.343767789185677,39.678582371203902,41.024803072777559,42.808250197339476,44.6108099514081
0.73219714428096638,29.505548960771648,29.413800585604349,29.583144399306093,29.538962248694588,29.774522931983938,29.845548050254365,30.335138981423825,30.562203303007209,31.126287662705636,31.391066871931798,31.856035336842524,32.241029892427377,32.830931213607528,33.275155795296087,33.993211438047638,34.551319016635716,35.40342991824491,36.233203485608101,37.327585806894149,38.346455880246594,39.681418125269829,41.027774689335274,42.811387379446387,44.614116195728002
0.73220062668261543,29.507491762235531,29.415753094038337,29.585155259915155,29.541040436677122,29.776657469073143,29.847678472357074,30.337254066917922,30.564346974640102,31.128404599080568,31.393210752148207,31.858184522755437,32.243204173413233,32.833128934945762,33.277387653291953,33.995495807478619,34.553655088608139,35.405879707889198,36.235734358369882,37.330227637217376,38.349209731224164,39.684318643875031,41.030815076269846,42.814599381771131,44.617499243242946
0.73220419195561703,29.509477195345426,29.417750240920213,29.587214250031138,29.543169385464807,29.778840710111581,29.849861544436862,30.339419637484752,30.566540783297569,31.130570575549882,31.395406397972238,31.860387594972963,32.245430960155772,32.835378223598127,33.279675284974019,33.997833236856877,34.556047360462799,35.408389975773389,36.238325122234073,37.332931193178865,38.352027652907964,39.687290561084865,41.033931416091491,42.817887256351696,44.620963943925744
0.73220784207207579,29.511513349506913,29.419796325105381,29.589323943897398,29.54534882877806,29.781076681720606,29.852090812523784,30.341638190830963,30.568789808821748,31.132787142531015,31.397652472474874,31.862641104784871,32.247711407060251,32.837685167425661,33.282016757551901,34.000230836548781,34.558499596897036,35.410956982760581,36.24097834211716,37.335700067643302,38.354913134334311,39.690332784881321,41.037118900125733,42.821253241037539,44.624512693665565
0.73221157905102718,29.513597459917037,29.421892144483991,29.591483931071252,29.547580238810497,29.783365603897437,29.85437680678433,30.343907897635745,30.571088894502282,31.135057599296488,31.399954051868463,31.864948897762133,32.25004515376213,32.840043823051928,33.284414143230151,34.002681340694835,34.561007037558738,35.413590343708165,36.243693564224031,37.338536616170586,38.357867347589035,39.693448803551746,41.040386236631548,42.824703072751618,44.628148738391701
0.73221540495955395,29.515729336137156,29.424036437683299,29.593695209142425,29.549867031436406,29.785711904336495,29.856718254344287,30.346234586163973,30.573444623243631,31.137383662880893,31.402310469977692,31.867312137495901,32.252434449219436,32.842457042227124,33.286869151927476,34.005191343363094,34.563578640674677,35.416282624947144,36.246475883198855,37.341440397807673,38.360891299420473,39.696639802499249,41.043732823236496,42.828232566793304,44.631869663367524
0.73221932191392958,29.517913730260716,29.426234547237527,29.595960913678937,29.552205887719083,29.788112097018256,29.859117422704912,30.348614029193413,30.575859080244754,31.139762991607768,31.404721964651344,31.880843984567946,32.254882851865659,32.844931710309083,33.289384654859532,34.007763255374357,34.566209323995736,35.41904057568172,36.249324621852338,37.344413502367388,38.363991045222519,39.699909273720095,41.047155187819499,42.831848067748524,44.635679123675345
0.73222333208078871,29.52015025011724,29.428483008767216,29.598279496939995,29.554601262288088,29.790570354218289,29.861570737084548,30.351051388123778,30.578327954114684,31.142202760042892,31.407192879144532,31.883327343544352,32.257388035077838,32.847462918520705,33.291958472754231,34.010397455890597,34.568904172411749,35.421865561675077,36.252241989239792,37.34745963358273,38.367162893271143,39.703252046562739,41.050662288798776,42.835552900429775,44.63958324214309
0.7322274376783261,29.52244336085505,29.430785211197872,29.600653722986863,29.557055112120906,29.793087928317163,29.864084035071301,30.353547318382425,30.580858346551395,31.144697742028256,31.409721536932921,31.885870238886582,32.259953906323517,32.850055764283752,33.294594530520953,34.013091242966766,34.571660663139482,35.424755915275,36.255229209188656,37.350576096765508,38.370413146406463,39.706677884706096,41.054253327524293,42.839344806201552,44.643578360025003
0.73223164097752313,29.524787177381768,29.43314412491236,29.603085239757547,29.559568281335032,29.795664215475426,29.866658614598691,30.35610339119421,30.583446047301095,31.147252399832723,31.412311370774205,31.888471554379521,32.262578440052494,32.852710876513356,33.297292043352172,34.015703003883118,34.574486398343652,35.427718550850841,36.258287669135825,37.35376833236478,38.373740241180258,39.71018882025237,41.057930107101583,42.843230449714611,44.647670923274745
0.73223594430340422,29.527188384549845,29.435559409190319,29.605574440895452,29.562139926936652,29.798305261624137,29.86929446976319,30.358719613598623,30.586097788464485,31.149869947904335,31.414963353841358,31.891136889621521,32.265269369707767,32.855429639776048,33.300056693838542,34.018530622510298,34.577377367240388,35.430751505669832,36.26141901182018,37.35703723054803,38.377146183300738,39.713779401320608,41.061695304841578,42.84720155188279,44.651858600548167
0.7322403500363226,29.529647929298335,29.438032212770395,29.608123536997482,29.56477312261859,29.801007342592584,29.871993354493497,30.361398984173775,30.588814875638036,31.152549529662338,31.417679637565925,31.893865358261337,32.268024595928637,32.858214559329099,33.30288591131557,34.021423850276278,34.580340646984951,35.433856882645159,36.264624974166054,37.360384171124679,38.380633862474951,39.717461244010792,41.065551373945709,42.851274838178597,44.656147963587955
0.73224486061327743,29.532168684215321,29.440563417852445,29.610734435989343,29.567472012760845,29.803774713170696,29.874758319766443,30.364143903155309,30.591593955262852,31.155293321832232,31.420458733132818,31.896659716825525,32.270841838278102,32.861065546877853,33.30578273067249,34.024387823573761,34.583373547766769,35.437036467984399,36.267909120183049,37.363813486156687,38.384207573815729,39.721225290727944,41.069501064695032,42.855442130228766,44.66054274472117
0.73224947852926159,29.534746120813452,29.443157972621066,29.618735157525862,29.570234071153664,29.806608519727888,29.877587361854239,30.366953580074096,30.594440639672939,31.158100546493188,31.423307224841665,31.899519320413674,32.27372959364493,32.863985016695096,33.308750526470703,34.027421997742294,34.586481133163034,35.440293627768824,36.271271964736115,37.367324280656703,38.387865056810369,39.725085293066968,41.07354336862727,42.859711855568094,44.665042012727554
0.73225420633864169,29.537387192966435,29.445811547964695,29.621471377837224,29.573062967489932,29.809513395027807,29.880485069925271,30.369830798203111,30.597357067762005,31.160977223323698,31.426220000983449,31.902449533809886,32.276687605587085,32.866973519227486,33.311789282657173,34.030532233029589,34.589660231916696,35.443628090310995,36.274714549509099,37.370918915619768,38.391610977354958,39.729033165194778,41.077685240928076,42.864083675444817,44.669649109441252
0.73225904665657093,29.540090604200941,29.44853041300712,29.624273665874625,29.575957873222706,29.812481506766744,29.883453284615825,30.372776927023551,30.600343687718123,31.163923687688111,31.429206370208249,31.905449697221684,32.279717511552462,32.870034010235941,33.314900569339443,34.033712171846219,34.592917069782743,35.44704312618569,36.276777495938404,37.374600822512548,38.395446230415928,39.733078511424992,41.081926694526373,42.868560193177473,44.674368615750609
0.73226400216043619,29.542860630719133,29.451315419280036,29.627144557203792,29.578922977272214,29.815525199013791,29.886492841260406,30.375792371588886,30.60339629870532,31.166937471296478,31.432260772632617,31.90852000238192,32.282815126525747,32.873168043041005,33.318087066263615,34.036971869133595,34.596251983796265,35.450540898862528,36.280387512124889,37.378369546691829,38.399374972291753,39.737223605102372,41.086267881931235,42.873144696508916,44.679199036547288
0.73226907559133825,29.545697599556206,29.454165033134814,29.630084529049782,29.581959807246221,29.818642283784811,29.889603325060762,30.378882410845108,30.606527308904788,31.170026433836483,31.435391445078039,31.911664660735369,32.285987898299481,32.876377514255182,33.321348745232171,34.040308855334388,34.599668152364302,35.454120307379071,36.284087520369212,37.382228486976601,38.40339739557885,39.741464424114383,41.090712930392328,42.877839829579443,44.684149169408101
0.7322742697556085,29.548598446317101,29.457083704991874,29.633092671976101,29.585070122726393,29.821832078587249,29.892790071364288,30.382046457712931,30.609731483792984,31.173187105207035,31.438594262126571,31.914887153177006,32.289239543872554,32.879664339669944,33.324689149875667,34.043726303847507,34.603163044014764,35.457789501626849,36.287869496651638,37.386183142482878,38.407517892884243,39.745808999605742,41.095267886597867,42.88264836060398,44.689213378958357
0.73227958752636113,29.551575908540599,29.460073158059004,29.63617235169886,29.588253789441751,29.825099579471498,29.896055550420897,30.385284682125075,30.613014132821263,31.176424311463506,31.44187619818149,31.918182938993596,32.292569130488118,32.883027880782265,33.328109483274147,34.047224731246388,34.606748565323414,35.46154281205736,36.29174511863539,37.390229491618811,38.411738137805514,39.750256655760495,41.099933244573549,42.88757056755594,44.694402054420607
0.7322850318450822,29.554618119560928,29.463135294812673,29.639329003653984,29.591514557390383,29.828446264257309,29.899396093381711,30.38860142741305,30.616372863278229,31.179740220050462,31.445236756099803,31.921560138378481,32.295977515389495,32.886476453719752,33.331611682531275,34.050808912205866,34.610415776973696,35.465388448439626,36.295715551329522,37.394373497819288,38.41605686040748,39.754814598959001,41.104707198848701,42.892611824792311,44.699716065439588
0.7322906057232571,29.557736578283311,29.466269389023637,29.642560676263201,29.594853540702843,29.831873025979348,29.902819770862607,30.391998965502353,30.619814262260661,31.183134487824645,31.448674330712038,31.925016432931443,32.299466231535916,32.890004525848326,33.335200113731844,34.054478331673181,34.614167211248969,35.469328092754495,36.299779424620738,37.398621567458122,38.420479998296742,39.759479527721851,41.109598955405545,42.897778883947012,44.705156575525507
0.73229631224403602,29.560929238697099,29.469480203470539,29.645869089551979,29.598273708421857,29.835383000473485,29.906322686067597,30.395476833537941,30.623337259315576,31.186611106206783,31.452196949378504,31.928557182175609,32.303039443339912,32.893615806854086,33.33887236918099,34.058239491176209,34.618014407346891,35.473357064022366,36.303942697210459,37.402969539022251,38.425009711620078,39.764257059382089,41.114606736438873,42.903066351102098,44.710730027469708
0.73230215456393943,29.564199301455119,29.472767974203634,29.649258128299152,29.601774854506857,29.838974732022507,29.909912418388558,30.399037014257374,30.626943824622231,31.190170048916116,31.455803815096715,31.932183333774447,32.30670033451679,32.897317521283185,33.342633614197894,34.062083696408081,34.621951559141507,35.477487234720684,36.308204930920056,37.407419828391994,38.429650783658417,39.769150384123805,41.119735413227772,42.908479502903447,44.716436816991973
0.73230813591460386,29.56754990753825,29.476133676449535,29.652728560022751,29.605361570430432,29.842654444471009,29.913586698170093,30.402685840248978,30.630638988322062,31.193818390606793,31.459497376267336,31.935894321306023,32.310446276886523,32.90110503537062,33.346484784124186,34.066023667223817,34.62598449334746,35.481718560160061,36.312570991769462,37.411979775300551,38.434401224270005,39.774161744428056,41.124988077709077,42.914025720705467,44.722279562417043
0.73231425960457008,29.57097797510005,29.479581623245849,29.656281186902106,29.609032397901046,29.846422751289538,29.917351016887096,30.406418881016634,30.634422363338672,31.197544600963738,31.463279351035453,31.939694328101268,32.314283069263638,32.904985468624091,33.350430061926545,34.07006022952055,34.630115069855947,35.486048075355484,36.317042462539575,37.416648766044091,38.439267897981608,39.779294851914074,41.13036748332388,42.91970530040544,44.728266788066776
0.73232052902111255,29.574488631211352,29.483110473615852,29.65992050111663,29.612793025314204,29.850283228888202,29.921204301256694,30.410244635877007,30.638296145542881,31.201367789437427,31.467153041272468,31.943589470765346,32.31821337236579,32.908958122393869,33.354469422828515,34.074193151412146,34.634342926523004,35.490482554977461,36.321620093235651,37.421431186072823,38.44425290623758,39.784555458112663,41.135874953366056,42.925521443222806,44.734398337529001
0.73232694763211348,29.5780873023391,29.486725842394208,29.663646845474887,29.616643173341799,29.854232772702744,29.925151988096786,30.414160203530628,30.64226441277242,31.205279858935228,31.471117084246998,31.947570343949792,32.322235396211909,32.913026506455935,33.358607302127893,34.078425119767871,34.638677231168458,35.495025280321897,36.326310877510423,37.426328445134004,38.449355722755172,39.789938673462984,41.141517818858119,42.931477884826563,44.740672540974629
0.73233351898798082,29.581768118081527,29.490427319267383,29.667463696353025,29.620587196243832,29.858280030129208,29.929192996107304,30.418170508704861,30.646323576690065,31.209285370311591,31.475179511337501,31.951651900001707,32.326354859265393,32.917194677748284,33.362841171658147,34.082758815159195,34.643112249486876,35.499677288194107,36.33111285495761,37.431341860520661,38.454581121226965,39.795453041710061,41.147294746178886,42.937577652568052,44.747101941019992
0.73234024672361209,29.5855388414343,29.494219081806477,29.671370866230518,29.624625735420523,29.862426402836263,29.933334701390322,30.422278013979849,30.650484344585493,31.213388406315062,31.479336825711925,31.955830288764446,32.330577722283579,32.921459219070584,33.363471214282981,34.087196191518615,34.647653068102954,35.504442221405043,36.336032995088772,37.436482242019792,38.459935441053858,39.801099935611546,41.153213957490607,42.943826395098313,44.753686967892463
0.73234713456040557,29.58940213779988,29.498099885007832,29.675373120355744,29.62876084505524,29.866669878758785,29.93757665769408,30.426484267111391,30.654744804282927,31.217591344536231,31.483594086503217,31.960110163810896,32.334894285176688,32.92582825598538,33.367910122161447,34.09174345824249,34.652303817952998,35.509322902200438,36.341066509934535,37.441740528074206,38.46541609513406,39.806883854965236,41.159271088688456,42.950223267282581,44.76043082740307
0.73235418630831772,29.593358042135606,29.50207741473605,29.679471933478908,29.632996020481642,29.871016764554497,29.941914502176132,30.430792190870307,30.659104499475688,31.221890768909816,31.487953688822017,31.964492427976438,32.3393189977578,32.930302557798768,33.372457583864161,34.096397383198564,34.657066582582956,35.514316664193757,36.346224696612353,37.44712706727978,38.471034479716309,39.812808387178393,41.165478121244178,42.95677631028866,44.767334400165964
0.73236140586797194,29.597408376202111,29.506148374493023,29.683669991105944,29.637333219447555,29.875468835968604,29.946361047113442,30.435200750647709,30.663571412781494,31.226299057403139,31.49241815685491,31.968980237552387,32.343850352219761,32.949060431619728,33.377109954788921,34.101162172008117,34.661945059967366,35.519433063345332,36.351507000781567,37.452643793494644,38.476779761653233,39.818875860482422,41.171834423089422,42.963485187818151,44.774408445051904
0.73236879723281478,29.601557833171228,29.51031866097037,29.6879685466929,29.641774815935605,29.880025346321872,29.950915965603599,30.439719089250048,30.668146080276983,31.230807194440786,31.496990263333373,31.973574533861665,32.348488914487916,32.953741065564373,33.381878134282033,34.106042990867536,34.666940927062114,35.524675508222117,36.356915434099847,37.458295900633402,38.48267001078375,39.825088842076184,41.178345392022493,42.970362152662346,44.7816518664049
0.73237636449132615,29.605805697120104,29.514587627392757,29.692369793251146,29.646324111212834,29.88469319811702,29.955578624951158,30.444345945184523,30.67282980301934,31.235426384640959,31.50167175904653,31.978280346053907,32.353239101523741,32.958534164753019,33.386759760972382,34.111043610173056,34.672057699219295,35.530040846986594,36.362457090796397,37.464080716619264,38.488700551115926,39.837392865581023,41.185012562827978,42.977399268721456,44.789071946037893
0.73238411182927998,29.61015620446824,29.518963191316288,29.696878189849031,29.650983292141973,29.889475009986654,29.960354519802877,30.449081254577777,30.677626632391366,31.240156654785551,31.506465357257639,31.983098571563005,32.358105894918481,32.963445135246729,33.391758877885877,34.116162908489514,34.677295815396519,35.535540657478577,36.368129952064464,37.470008379577393,38.494876806583306,39.843901237093633,41.191841154808117,42.984607750182022,44.796667981318024
0.73239204353205978,29.61461303606302,29.523441472741069,29.701495258982504,29.655752585667869,29.894371331462025,29.965245677255098,30.453932288598935,30.682538041601674,31.245001119678363,31.511375233242234,31.988032681773802,32.363087103554335,32.968470458786669,33.396879480790631,34.12140670856752,34.682662428322146,35.541168326986735,36.373942559571788,37.47607793856514,38.501204181022786,39.85056772138978,41.198836908057274,42.991994928592703,44.804449211726933
0.73240016398702934,29.619177548040625,29.528028374526912,29.706223932087141,29.660638859484607,29.89938558663016,29.970255411742983,30.458900132454801,30.687570392864927,31.249960265618483,31.516404129835792,31.993086004330053,32.368192234518574,32.973619917990163,33.402123920548092,34.126775836773049,34.68816057611366,35.546934510618485,36.37989554379601,37.48229570686226,38.507684085226174,39.857391746958911,41.205998219753837,42.999554193057065,44.812418897750831
0.73240847768595907,29.623849889927442,29.532724867118759,29.711066270668198,29.665644011275617,29.904521177307743,29.975386580953455,30.463989464510632,30.692720514730809,31.255039455847054,31.521550092684265,31.998261412428292,32.373412691722024,32.97889134695788,33.407490875750682,34.132275887320702,34.693790251628343,35.552837357175576,36.385991504596859,37.488664729111406,38.514320043174848,39.86438500215263,41.213333258168859,43.007301308248771,44.820582592657047
0.73241698922751119,29.628639801317149,29.537535709108397,29.716027845671761,29.67076697983839,29.909781386911618,29.980640609155671,30.469199705243227,30.697995220796201,31.260240889844681,31.548734919334493,32.003560268260117,32.378762664164242,32.984292115912467,33.412990764850292,34.137909384669001,34.699553673010996,35.558888873370051,36.392232912065992,37.495186115362685,38.521117081153079,39.871545494105703,41.220849283060943,43.015235249729812,44.828943701178105
0.73242570331978296,29.633540919986899,29.542463206811135,29.721105297833219,29.676016210470152,29.915168157627249,29.986022485360536,30.474535603399545,30.703398717601885,31.265567124049085,31.55412233089055,32.008987870967758,32.384242038752291,32.989819161467494,33.418623103167647,34.143677746582853,34.705457124997338,35.565079430206424,36.398629220848306,37.501863365880581,38.528078782126158,39.878882030892328,41.228545811968161,43.023359048051589,44.835522940306873
0.73243462478291099,29.638562623823873,29.54750916793364,29.726307743507732,29.681390374379589,29.920686268683767,29.991535562499394,30.480001315037043,30.70893152657527,31.271023273205174,31.559638675342285,32.014544721218044,32.389853298251182,32.995481774531982,33.424391860496598,34.149586664204435,34.711504697573673,35.571425002452997,36.405177173647189,37.508703430842161,38.535209638992001,39.886395309007185,41.236426612961168,43.031682266975167,44.844286164841378
0.73244375855173771,29.612290951055456,29.552677024470086,29.7316350954884,29.686895989168079,29.926335737168756,29.997179475595203,30.485597505881742,30.714596106631689,31.276607734904246,31.565288323742152,32.020238028636868,32.395600090295375,33.0012805102524,33.430297056399468,34.155635424256616,34.717698086576547,35.577920903330778,36.41188761124431,37.51571129568265,38.542513056006101,39.894088193225798,41.244500221730505,43.040207910604295,44.853267026081085
0.73245310967854094,29.617527342393259,29.557969888066509,29.737092881266108,29.692534756557961,29.932121538620777,30.002961669836168,30.49133208844205,30.720397613502882,31.282328814034372,31.571074081072766,32.026063257966598,32.401486491518881,33.007219557768167,33.436347310750534,34.161832503919868,34.724040049914493,35.597085352385875,36.418756137984019,37.522888680077813,38.549991067598057,39.901970857847573,41.252767983240574,43.048941123348413,44.862459045920787
0.73246268333582842,29.622885815903828,29.563389978409759,29.742680661223858,29.698308743124016,29.938048605418771,30.00888379504795,30.497200560854708,30.726340559701384,31.288185766889455,31.576999405580864,32.032031323849878,32.407511304437321,33.013304086815424,33.442542477903316,34.168181332755921,34.730537785879733,35.603901773445614,36.425794628150015,37.530237229013437,38.557652291241084,39.910044337890213,41.261237162896123,43.05787964340243,44.871875852023095
0.73247248481919891,29.628378009544576,29.568942521745157,29.748404314853815,29.704221659024824,29.944120722734624,30.014949136276755,30.503212606946818,30.732424865540906,31.294183159933709,31.583067083328388,32.038145105596413,32.4136807458367,33.019531575408564,33.448889129510917,34.174681186247199,34.737191809438173,35.610884676258138,36.433000942331091,37.53776715766935,38.565500883343248,39.918311503934092,41.269911386251351,43.067040933513908,44.881522342127937
0.73248251955027177,29.634001575078855,29.574628972915889,29.754266475237728,29.710278214605751,29.950339159917348,30.02116240877649,30.509370851290896,30.738656936309781,31.300327403303072,31.589281149635553,32.044403050614619,32.420001457597664,33.02591163368561,33.455386730685859,34.181339048289828,34.744007233256525,35.618036058329835,36.440383477946398,37.54547906857897,38.573539680537124,39.926782401591481,41.278799927643377,43.07642298948258,44.891403362249548
0.73249279307968529,29.639762493394301,29.580452929538751,29.760270410276007,29.716482116095904,29.956705491659704,30.027528521446584,30.51567649791923,30.745039603081295,31.306618176787197,31.595644860182347,32.050814637196709,32.426474451365266,33.032445763838496,33.462044024324314,34.188158097632822,34.750986137910786,35.625362119752481,36.447947354706685,37.553377870946861,38.581771908391602,39.935455833911874,41.287898376702287,43.086034653863862,44.892569847952018
0.73250331109016764,29.645660369811594,29.586418262682855,29.766421851776158,29.722836487305358,29.963227016836754,30.034043224284687,30.522135550030725,30.751575801632953,31.313059264164622,31.602162091245646,32.057379969958674,32.433104018730319,33.039137717229551,33.468861676353299,34.195143653189007,34.758136084714351,35.632864458502354,36.455692454213022,37.561470259492125,38.590206108055554,39.944342202651114,41.297221216309481,43.095878048305167,44.902949719577919
0.73251407939967961,29.651701792402946,29.592527367533876,29.772719292163856,29.729342901739074,29.969907809214874,30.040719446238654,30.52875553020931,30.758269640599792,31.319658561344568,31.608835054209976,32.064102503703907,32.439893666081389,33.045990474765404,33.475842710845882,34.202297581177845,34.765458432236301,35.640549165328594,36.463625438767849,37.569756471558776,38.598845766369777,39.953442941015965,41.306772379341055,43.105960244234211,44.913582746991324
0.73252510396463344,29.657891978522002,29.598786418842337,29.779169815882597,29.736009271082366,29.976753516283225,30.047555225575252,30.535527253606233,30.765125402805552,31.326413744675847,31.615668538134287,32.070989477362218,32.446846158912649,33.05300940001689,33.48299371869507,34.209625617387701,34.772962423832269,35.648421651885201,36.471753142856869,37.578248436642298,38.607693816506526,39.962769572939123,41.316553976040268,43.116289803600466,44.9244721767177
0.73253639088318689,29.664229979796346,29.605193956712355,29.785777883150786,29.742835502800517,29.983759250851563,30.054560075514019,30.542466876281196,30.772145526935674,31.333332855358094,31.622668826264999,32.078040743040674,32.453966484271859,33.060749764124466,33.490318407326868,34.217130751395416,34.780643110121218,35.65648261104252,36.466700786834735,37.58694365722431,38.616757755370145,39.972317945280338,41.326573767523314,43.126869702679869,44.935628585520135
0.73254794639861676,29.670724516325663,29.611759483998412,29.792546327802938,29.749828344433809,29.990939886567958,30.061732529183246,30.549573715762108,30.779336345920001,31.340419889839723,31.629835898987949,32.085263526267681,32.461259304589476,33.068112789462248,33.497818729025312,34.224815316787499,34.788514874584962,35.664741189347751,36.475207647685238,37.595850697633978,38.626040429459408,39.982100650317534,41.336837606880636,43.137710410226191,44.947056485550547
0.73255977690277241,29.677377214206444,29.618484620288655,29.79947870046999,29.756990921231136,29.998289272456532,30.069082677342067,30.556854043503336,30.786702029164189,31.347677024624318,31.637178547422081,32.092659886859565,32.468728154673954,33.075653788657746,33.505501801096216,34.232690139581337,34.796573742980854,35.673202518224571,36.483919746002812,37.604974527208014,38.635552821919646,39.992123294215617,41.347351759049161,43.148809696488115,44.958763750698381
0.73257188893961112,29.684187376825776,29.625371441480183,29.806580113060591,29.764325786492464,30.005820522592785,30.076608590376964,30.564309516248613,30.794243806396025,31.355108755621586,31.644694313835771,32.100235663036074,32.476378306930656,33.083378252480543,33.513370594596836,34.24075568835633,34.804830155576383,35.681868920647503,36.492843396324133,37.614323337530095,38.643199546549113,40.002388332978626,41.358122317325979,43.160183042750759,44.970755388449106
0.73258428920881791,29.691164822519568,29.632425606505421,29.813852128283543,29.771840183333552,30.013538638955652,30.084319135236001,30.571946360837501,30.801969177872706,31.362720950388848,31.652393711529385,32.107992931853914,32.484212482133898,33.091288903784061,33.521431940650018,34.249017119186192,34.81328686548477,35.690746177192523,36.501985600586977,37.623897365245284,38.653194980631724,40.012906278291666,41.369156108070456,43.171835216623094,44.983040576503754
0.73259698456951139,29.698315252641351,29.639652426629254,29.821302896118141,29.779536384996391,30.02143788856074,30.092216460281179,30.579767563091991,30.809881516631322,31.370514852676934,31.660282370126879,32.115940921384663,32.492236569863962,33.099390831318033,33.529687360412936,34.257478974961032,34.821949815984681,35.69983821503547,36.511351949344771,37.633707259732546,38.663435416753146,40.023678358446887,41.380458225423808,43.183767639504367,44.995623941711528
0.73260998204403804,29.70563553031343,29.647053811509068,29.828933826779576,29.787419597552343,30.029531880947161,30.100308831186339,30.587781235806688,30.81798287816855,31.376613652746528,31.668355042640997,32.124079409235037,32.500452788625353,33.107690596047178,33.538142148243423,34.266145329053415,34.830823830975987,35.709153893152688,36.520944363779108,37.643754468339012,38.67392460375504,40.034714942700248,41.392036842816651,43.195995644945924,45.008513868179762
0.73262328882185623,29.713133973089498,29.654636024386036,29.836750602170923,29.795494995165427,30.037822008326657,30.108594913157503,30.595985446044324,30.826283504518869,31.384805595850594,31.676626936791308,32.132413567054755,32.508870516203842,33.116189975419275,33.546804796254946,34.27502642682839,34.839915071263931,35.718696050379094,36.530773960580973,37.65404704829416,38.684670731067854,40.046020287752981,41.403898608749842,43.208517297532126,45.021721884252202
0.73263691226351335,29.720816407761049,29.662403251266824,29.84475814513462,29.803768364665757,30.046316539232521,30.117086286121321,30.604393348403391,30.834782784774688,31.393196387363332,31.685097834140379,32.140951109151501,32.517491210135177,33.124897979712387,33.555677107233805,34.284120583728509,34.849228600849983,35.728471184169393,36.540842378173238,37.664591914113771,38.695680122400972,40.0576018031893,41.416052033632695,43.221349381546588,45.035250619633189
0.7326508599047169,29.72868744964444,29.670356996236478,29.852960003400312,29.812240072301847,30.055015530062064,30.125780860884788,30.613001914491633,30.843489105789558,31.401788483957716,31.69377303664487,32.149694577703031,32.526320132913042,33.133816659316835,33.564765042266572,34.293436545658096,34.86666766210692,35.738485226625016,36.551154729092104,37.675392923757499,38.70695791780463,40.069467603932026,41.4285008326774,43.234497903906686,45.049112236811197
0.73266513946050305,29.736749320362833,29.678506761437802,29.861360847974993,29.820921464980074,30.063927546324521,30.134689742851606,30.621822764215267,30.852407126795697,31.410588172380358,31.702657733627802,32.158649664018412,32.535364935532925,33.142949331641375,33.574073837694414,34.302979541351306,34.876458779202494,35.748741778193107,36.56172230305674,37.686460334498406,38.718514217730899,40.081626184286051,41.441254187704999,43.24796116240168,45.06330845835646
0.73267975882950442,29.745007638081461,29.686853548446379,29.869966847295018,29.829809106437551,30.073056272880876,30.143816092567704,30.6308564076935,30.861539226443711,31.419598191511795,31.711757774106445,32.167823089983358,32.544627542502894,33.152307696194384,33.58360846106325,34.312756396282111,34.886488640155221,35.759252776692392,36.572548004120563,37.697798171695467,38.730352446139023,40.094079913228143,41.45432028136247,43.261757693202071,45.077855792510945
0.73269472609831832,29.753466926222245,29.695405443834716,29.878784233859278,29.83891895292254,30.08240674605031,30.153165682635972,30.64010776892701,30.870893963182425,31.428829022564969,31.721077710926238,32.17721821055602,32.554114943899094,33.161890816895266,33.593375129604283,34.32277327822203,34.89676528173095,35.770017340271352,36.583636949555057,37.709412292948855,38.74247764942038,40.106837094118873,41.467708798104923,43.279417397223824,45.09275926633245
0.73271004954598073,29.762132728109464,29.704166196531787,29.887815884397696,29.839112077519076,30.091987914710444,30.162742476178209,30.649586803230704,30.880477431182953,31.438284259964348,31.730625451524247,32.186840477563237,32.563832370631644,33.171707928885553,33.603380415724132,34.333030123807475,34.907292024252911,35.781045258084305,36.595001116426374,37.721312730373938,38.754902199847038,40.119910142039316,41.481422162565195,43.293912367496887,45.108026998148944
0.73272573764854521,29.771009884273553,29.713138368188993,29.897067378037264,29.848672319382786,30.101801462249568,30.172554834458424,30.659298993890843,30.890289845196548,31.447965919634953,31.740402375535268,32.196695307267873,32.563712166796904,33.181763921382753,33.613631529576651,34.343539617137139,34.918076575018858,35.792347169495315,36.606639160768282,37.733503606880731,38.767632349941323,40.133300452318053,41.495473777397365,43.308765808957105,45.123670730903086
0.73274179908377146,29.780106032198546,29.722331266544643,29.9065450714902,29.858469403367508,30.111855459630533,30.182608457537299,30.669243693143017,30.900341154258058,31.457884164445659,31.750416343690176,32.206792112011499,32.573885828915081,33.192065709944927,33.624129662094219,34.35430472197686,34.92912570917224,35.803922459669593,36.618565911976475,37.745994948156294,38.780673923658469,40.147023260089099,41.509871272903638,43.323983901353131,45.139697748740218
0.73275824273592549,29.789423796651135,29.731748777717257,29.91625407730271,29.868502453286055,30.122155132080024,30.192905960067037,30.679433225504454,30.910637421630327,31.468040562917395,31.76067307490257,32.217133902778187,32.584308915853853,33.202616168843178,33.634882028174616,34.365335729912658,34.940445874302441,35.815783034031028,36.630784549683085,37.758792757667834,38.794035313864697,40.161081412958538,41.524618822856155,43.339574736985014,45.156117392902161
0.73277507770069383,29.798970369314702,29.741396379358775,29.926201656288868,29.878782444044646,30.132706166047683,30.203458580117058,30.689869479826029,30.921185968381906,31.478445468197606,31.771176943200771,32.227725085401744,32.59498484420601,33.213424974656391,33.645898817605939,34.376635577562411,34.952041732156886,35.827933801393101,36.643301637076092,37.759950670205853,38.807725662967641,40.175487336789956,41.539733087678087,43.355549102210716,45.172943055933047
0.73279231329021466,29.808748693854341,29.751281068076878,29.93639229239534,29.889312829380287,30.14351542841905,30.214265344488467,30.700563880898244,30.9319879029822,31.489101736505745,31.781939019355377,32.238574480104489,32.60591885492795,33.224496828144311,33.657185623181704,34.388210535162671,34.96392230904803,35.840382404728643,36.656129590600813,37.773377723398426,38.821755277378998,40.190246380756435,41.555218136281383,43.371919197306852,45.190179820504909
0.7328099590382291,29.818768950518461,29.761405412502882,29.946833817189145,29.900101098557116,30.154591573692869,30.225341289645712,30.71151511332755,30.949703557825615,31.500017333426058,31.792959839837749,32.249687947351049,32.617119647772597,33.235840339678361,33.668746266278504,34.400072273955629,34.97609333570017,35.853136679846102,36.669270120849887,37.787136745284442,38.836126163187146,40.20536693275244,41.571083692036154,43.388687712459614,45.207843057051377
0.73282802470535402,29.829033551965495,29.771780312915325,29.957529279325172,29.911156799640139,30.165936023200629,30.236686192163688,30.722735395966993,30.961026093376404,31.511197768789771,31.804248147423095,32.26107004520145,32.62859059004677,33.247459174194773,33.680588223027371,34.412222630639917,34.988563143360807,35.866206881307789,36.682736531023693,37.801237515315279,38.850851254550889,40.220860715608069,41.587340181330092,43.405870794962993,45.225938044656687
0.73284652028448183,29.839551222219598,29.782406352508133,29.968486265011961,29.922478670088822,30.177560612140951,30.248312428429927,30.734229107472402,30.972625977681673,31.522646871965208,31.815810495143978,32.272729270197487,32.640343833353199,33.259359479614886,33.692718347482241,34.424276353774985,35.001342787979866,35.879594494320372,36.69653249693738,37.815679495005043,38.865940159269485,40.236738187456467,41.603999081587062,43.423479351308742,45.244483042240063
0.73286545600630748,29.850325160361535,29.793295687729824,29.97971223082277,29.934079843971176,30.189469317738258,30.260223273419797,30.746005248255187,30.984510104221499,31.534376083446659,31.827654014666678,32.284675420865369,32.652382241102714,33.271553596740432,33.705147553561801,34.43700042286855,35.014430518297104,35.89331535338215,36.710672131006959,37.830479848534651,38.881402791696928,40.253005535492321,41.621069087633714,43.441521978819765,45.263485197661339
0.73288484234498774,29.861365296667373,29.804452250466966,29.991213146483005,29.945965213199997,30.201671042505041,30.272428059477534,30.758069332116975,30.996677198690122,31.54638921050946,31.839782781428767,32.296909788021367,32.664712581265576,33.284044406601879,33.717880873486592,34.450039319210191,35.027844143525726,35.907375320002302,36.725155138291484,37.845647160576846,38.897245194165862,40.269679472007738,41.646899992363615,43.460007674303142,45.282953103521777
0.73290469002393466,29.872678649084719,29.815882162559774,30.002998082703925,29.958143131078032,30.214171581778828,30.284930616286601,30.770430412594123,31.009144852080226,31.558696576525108,31.852207944643851,32.309443206232118,32.677345737592987,33.29684184193502,33.730925725077213,34.463398439446337,35.041585848139221,35.906231562955327,36.739995333778552,37.861185928803934,38.913480054651245,40.286757681144081,41.664834371943016,43.47895423454338,45.302902044526945
0.73292501002174759,29.884266751624637,29.827590059023805,30.015072270643941,29.970618857223144,30.226979627040237,30.297743957980856,30.783092222629421,31.021915777340837,31.571302334553366,31.864933648447732,32.33182638797507,32.690287648551021,33.309952274148145,33.744292454704464,34.477084055305568,35.055666591156751,35.920962467796016,36.755202976435612,37.87711177777328,38.930115280956215,40.304263086812171,41.683216288786298,43.498366169247674,45.323346888973447
0.73294581357828537,29.896141803701994,29.83958994375962,30.02744271295569,29.983401504179255,30.240101902550123,30.310871086990119,30.796065941860434,31.03499818629507,31.584213585035286,31.877971607200379,32.34500804930849,32.703542067346461,33.323382840468639,33.75798319460182,34.491108177045589,35.070094415576023,35.936055959425175,36.770785602630895,37.893430088850891,38.9471612843804,40.322199976717911,41.702048895505413,43.518260788469888,45.344296854519143
0.73296711220088373,29.908309957651909,29.851882048953939,30.040117916638337,29.996499343774758,30.253549049862613,30.324324661137325,30.809355210241392,31.052982507404522,31.597438881163271,31.891324117688328,32.358509249700091,32.717122541709614,33.337141674000122,33.772011830892097,34.505478002085511,35.084876775223165,35.951522612008375,36.777441118611478,37.910151512538505,38.964631352351262,40.34058157377649,41.721348884890176,43.538648414387808,45.365765361786998
0.73298891767072105,29.920777323975017,29.864479061096063,30.053105537615011,30.009919747620643,30.26732701819401,30.338109793813146,30.822972182047579,31.066701516370358,31.610988271895167,31.90500235100626,32.372340812185485,32.73103912601664,33.351240168361528,33.786383820071478,34.520200813993597,35.100025794482008,35.96737440514562,36.793803627007037,37.927286363642452,38.982532002286916,40.359420359834985,41.741127762755241,43.559538807737681,45.387764152576892
0.7330112420493341,29.933552702061661,29.877384661337146,30.066413864167771,30.023668741749134,30.281442130606592,30.35223164073841,30.83692458273481,31.080755597719417,31.624865535495246,31.919015601850333,32.386510071313751,32.74529556239122,33.365681283640242,33.801107800108184,34.535286872804136,35.115548020187816,35.983614346092509,36.810569906733235,37.944846873975166,39.000879094815446,40.37872487581626,41.761398540336359,43.580948696439009,45.410310772256707
0.73303409768529038,29.946644329681931,29.909807524178177,30.080048119827097,30.037758171339192,30.295910068062767,30.366703892203986,30.851217220086255,31.095153804531947,31.639081880992308,31.933369542839955,32.40102479952202,32.759900965952056,33.380480117605657,33.800264586021967,34.550744608049172,35.131452164942857,36.000258643774032,36.827752758144015,37.96284293847657,39.019679686451582,40.398508845588822,41.782169812976463,43.602892459162376,45.433417232745342
0.73305749722101876,29.960057641817002,29.923396735313418,30.094019931888397,30.052194386756128,30.310729686535069,30.381536672683069,30.865863280162102,31.109903758929704,31.653644605424688,31.948072608349321,32.415891240023939,32.774863647159691,33.395639356800075,33.81566979368381,34.566585930208021,35.147752119018605,36.017314807454113,36.845364317431176,37.981285195627606,39.038944149045165,40.418785615332581,41.803460319546957,43.625377528784156,45.457096839286351
0.73308145359980215,29.973804043399014,29.937321431114469,30.108336310064715,30.066985734545142,30.325917161746929,30.39673472429331,30.880867726406905,31.125016069460798,31.66856332192674,31.963135556964062,32.431125266080926,32.790193151075073,33.411172073901071,33.83145406491758,34.582817463239735,35.164452012369566,36.03479245080598,36.86341057278014,38.000186822849173,39.058690237528936,40.444136498234457,41.825282047741894,43.648424861386957,45.481363762914043
0.73310598007293692,29.987890037391935,29.951593334506015,30.123008030594519,30.082143986065148,30.34148005250654,30.412309905176699,30.896244639448923,31.140498020447012,31.683843762280048,31.978564298965466,32.446726929249962,32.805897101631217,33.42708633964503,33.847630172139816,34.599450777197944,35.181567732838175,36.052705082001467,36.881906747136327,38.019555518163088,39.078927110875156,40.465448612204455,41.847642493710737,43.672045730319496,45.506234154227968
0.73313109020706346,30.002327700995465,29.966213320319184,30.138041549250829,30.09767487462932,30.357428370348316,30.428272427360298,30.911998386121013,31.156357505592041,31.699499610365365,32.003387130667306,32.462713468825768,32.821988030316788,33.443393578334508,33.864201610905639,34.616494346553736,35.199109197026701,36.071063480903831,36.900860477113838,38.039408422096585,39.099667410281654,40.487294227705661,41.870563175368716,43.69625278499143,45.531724886892334
0.73315679789166943,30.017118088553616,29.981196961506612,30.153444942162423,30.113591071234168,30.373770455370504,30.444627962306186,30.928139603156978,31.172606683916456,31.715541000164194,32.019537941959697,32.479092456427679,32.838472361528147,33.460100746403441,33.881182509790051,34.63396151921097,35.217082939581815,36.090550028151029,36.920288427973446,38.059754588368378,39.120925964319667,40.509684042737263,41.894053573413657,43.721067586328445,45.557852045977597
0.73318311734677377,30.032278836014029,29.996549467694877,30.169232040948827,30.129900901051769,30.390517831689976,30.461391793351595,30.944680427533058,31.189255265287557,31.731972472337475,32.036080860463699,32.49587222084574,32.855359492167736,33.477219775122649,33.898583873099142,34.651861266439028,35.23550327715202,36.109811740581335,36.940199806402234,38.080610072439868,39.142711979207888,40.53262977889608,41.918137354561168,43.746499205604323,45.584629468145067
0.7332100631307914,30.047815668465319,30.012285869786865,30.185410166316615,30.146613655693727,30.407680477516351,30.478570069662055,30.961629506397003,31.20631667293901,31.748805988682761,32.053029482788133,32.51306477378148,32.872661007435909,33.49476033313158,33.916415305435748,34.67020677277651,35.2543838626043,36.1295540163228,36.960609304367608,38.101983619796101,39.165045626312349,40.556152488330554,41.942812086434515,43.772565616511656,45.624853220447221
0.73323765014858655,30.063739707753484,30.028408535188191,30.201991681315121,30.163740424707157,30.425267537090349,30.49617696137193,30.97899856345839,31.223798671636359,31.766052717750881,32.070390451491221,32.530677580371048,32.890391315712804,33.50282028090669,33.934686298982342,34.689005580492903,35.273730133238587,36.149788054166493,36.981529396018232,38.123894614132496,39.187934677056091,40.580260204295428,41.968110371216881,43.799284154255929,45.652993682939268
0.7332658936597175,30.080058112071129,30.04493139904389,30.218978210014029,30.181292192963156,30.443292222043056,30.514224863537947,30.996793775627339,31.241712042126892,31.783719481834851,32.08817942094629,32.548726338290635,32.908552758913174,33.521217713930582,33.953409801646558,34.708272260906597,35.293560549499034,36.170524634779667,37.031992797083149,38.146349093202844,39.206712149281884,40.604972731017369,41.994040064299497,43.826672202877489,45.681837818136046
0.73329480928687685,30.096782998089111,30.061865767867857,30.236391770954924,30.199279816720264,30.461764485556614,30.532718821306389,31.015034491920233,31.260061170041809,31.801817677579947,32.106403922072332,32.567213796181022,32.927160993443067,33.540063897812161,33.972597448098895,34.728018270530356,35.313883127336339,36.191781856786292,37.054000325352717,38.169365666284648,39.230739243917469,40.630307941204592,42.020622714819183,43.854749035612713,45.711407771048471
0.73332441302453333,30.113925789537006,30.07922109576748,30.254237539883434,30.217715996096558,30.48069555379243,30.542271604553662,31.033721203899404,31.278864890321529,31.821012772056747,32.12507322164447,32.586157825335704,32.946229153571949,33.55937903189988,33.992261054733717,34.748254055537927,35.33471514860139,36.213570290509779,37.076559040802294,38.228512290555955,39.255366524819692,40.656275072844892,42.047869943400656,43.883529075450951,45.741714784623582
0.73335472124777901,30.131496037676243,30.097006133505602,30.301258809220144,30.236606510077763,30.500096658081475,30.56169516953014,31.052870595257446,31.298130137134194,31.840141088709061,32.144202948884413,32.605567692504337,32.965763123138913,33.579168915887294,34.01241271088702,34.768997270924501,35.3660716791087,36.235901814442059,37.099680971216912,38.252656862434833,39.280613413665833,40.682892404390714,42.075799142855431,43.913028758227028,45.772784851536926
0.73338575072138701,30.149504198137492,30.115234783013875,30.320087502751903,30.255969456312869,30.519980477476565,30.581605125927581,31.072497795334584,31.31786823838047,31.859738858106539,32.163798181758011,32.625456148824469,32.985781050683727,33.599452209907213,34.03306192620812,34.790256090889216,35.38797872822488,36.258796096228707,37.123382667280111,38.277411400745223,39.306495211053061,40.710183104977659,42.104433477546081,43.95348118026368,45.804635958174003
0.73341751860908477,30.167965089417521,30.13391819597382,30.339383682462994,30.275811801049258,30.540361112711707,30.602010987388894,31.092610934709228,31.338094539332815,31.879814161576633,32.183873543246591,32.645835212192651,33.006289453831414,33.620235494683584,34.054225921088801,34.812043433502367,35.41043374376477,36.28225934992679,37.147678873982386,38.302789030952681,39.33302788817673,40.738157872955071,42.13378930139379,43.984516068264838,45.837285287713712
0.73345004248304813,30.186883321868208,30.153066061510344,30.359163761418131,30.296151343060956,30.561249360408965,30.622928302248965,31.113222449342629,31.358819515333835,31.900385805842689,32.204445481975654,32.666715951407696,33.021736441052781,33.641532977048882,34.0759159414647,34.834375957257635,35.428304470135117,36.306315041833841,37.172585564685505,38.328799933852224,39.3602258043652,40.76683822157338,42.163883409402388,44.016332270526618,45.870755131934857
0.7334833403336215,30.206275832197207,30.172692208926946,30.379432387309862,30.316994623463415,30.582659582881661,30.644368859577753,31.134347008772238,31.380054799877598,31.921460458297588,32.225519096755306,32.688110437028172,33.043260993582408,33.663359985524039,34.098145783951622,34.857268081219445,35.451886743528576,36.330973390613053,37.198116849527196,38.363546468951881,39.388109731615714,40.796237679894148,42.194734926703404,44.048954172078084,45.905072536671469
0.73351743057926844,30.226160409582917,30.19280716702724,30.400209004465523,30.338360177014692,30.604604195802949,30.666350886458531,31.155996666298051,31.409589941103604,31.943052235120376,32.247112268585624,32.710035152288583,33.065316671907567,33.685729268087016,34.120927504026895,34.88073321097545,35.47606004473937,36.356252688899986,37.224291238336718,38.39087099390008,39.416698275069393,40.826382266144719,42.226366706643148,44.082394861477951,45.940251743641056
0.73355233207676029,30.24653426937266,30.213427083334409,30.421504103427651,30.360260368890067,30.627095621139233,30.688877958353714,31.178185170218512,31.43197670556583,31.965174771590682,32.269237433370563,32.732499872531207,33.08791717539134,33.708654616394142,34.144278521149317,34.897084410732077,35.500842967569497,36.382166270961534,37.25112601757246,38.418882010125799,39.446009842363765,40.857288990232519,42.258794932637556,44.116683240733437,45.976317757120341
0.73358806413160627,30.267424230376491,30.234561606962416,30.443329768455897,30.382704386662226,30.650150931495773,30.711973031041907,31.200928927708901,31.454920644916911,31.9878430499557,32.291908109806627,32.755519079345504,33.111075714833987,33.73214633598127,34.168213275119342,34.921715105575004,35.526245749193549,36.408734019018539,37.278635716961162,38.447602862015174,39.476058678194477,40.888975186295283,42.302152416680201,44.151833450951926,46.013294976439283
0.73362464650873271,30.288840601814172,30.256223847795354,30.465701684499436,30.405710743575128,30.673786778019803,30.735651191622765,31.224234816649641,31.47842866901965,32.01106724702413,32.315133315204548,32.784371090408058,33.134807848591208,33.75622345532156,34.192739289886504,34.946962831720157,35.552290848725988,36.435973698986345,37.306841265119147,38.477051237035994,39.5068693070275,40.921464415376704,42.336306450571556,44.187878055581223,46.051205864388976
0.73366209944341509,30.31079335780214,30.278429983350634,30.459498785585311,30.429293691395287,30.698008867465433,30.759923324521878,31.25013604527112,31.502518745708585,32.034862299361521,32.338934208446517,32.808581509337273,33.159127838448512,33.780901961421023,34.217882643877601,34.972844597975836,35.578984429205775,36.463897544528209,37.33864417654695,38.50724185405852,39.538458690030893,40.954777256441048,42.371321832935337,44.224833560547722,46.090078500994423
0.73370044365247178,30.333300970978144,30.301193212824273,30.482884767010091,30.453467244139119,30.72284040733939,30.784807487353646,31.274878285603336,31.527204065484057,32.059243674934805,32.363319111113015,32.833391478608974,33.184046125282293,33.806195142074102,34.243653059865665,34.99937705954062,35.606354949126853,36.492525451662914,37.368261807304407,38.538200280678211,39.570851474479241,40.988935079235944,42.407229874909262,44.262726486956126,46.129934546666846
0.73373970034572289,30.35637288064936,30.32452716153648,30.506855444496068,30.4782468240046,30.748294366361279,30.810318376745727,31.300237829226717,31.552501203977044,32.084226940278768,32.388306135860603,32.858813195588482,33.20958271437712,33.832115552839241,34.254763145693687,35.02657742068277,35.634415552347491,36.521877038933781,37.398627381200185,38.56994229214979,39.604065972139779,41.023960518189142,42.444049736509896,44.301583373656285,46.17080466812331
0.73377989123772269,30.380030309367157,30.348448827388438,30.531430178386927,30.503646296898296,30.774387922692313,30.836473728923465,31.326235871084464,31.578425823910948,32.109824250264865,32.413910063516141,32.884863544605196,33.235755465631883,33.858682776130536,34.281867125029748,35.054463854586629,35.663182834594409,36.551973182249185,37.429765409550328,38.602489045968468,39.638124970461831,41.073664018414092,42.48180126856596,44.341425453864758,46.212707390574906
0.73382103855977054,30.404284233647559,30.353547130069273,30.556623766918165,30.5296855796405,30.801137645557446,30.863288511651263,31.352877818465458,31.604993067875512,32.136053231853111,32.446522780696796,32.911561414324296,33.262575490156905,33.885914975654941,34.309648882460351,35.083050476060635,35.692677368264867,36.582831695223831,37.461689678790663,38.635869689363517,39.673045971929241,41.110579361567034,42.520516479013622,44.38228374161281,46.255676224463059
0.73386316507220828,30.429153314928044,30.378705277427343,30.582449912274114,30.556376897503469,30.818225095797516,30.890780122542765,31.380187494829897,31.632217982395105,32.162926236432213,32.473375049823971,32.934747553925263,33.290059604415546,33.913826402697396,34.33812853101017,35.112361535159835,35.722918767933152,36.609663463428205,37.494427904187432,38.670092881479832,39.708856941201248,41.148432403458628,42.580283170729672,44.424179351048224,46.29973890898691
0.73390629407700947,30.454648056388123,30.404496802377253,30.608927316046447,30.583739322356905,30.846386295838329,30.918968083533855,31.408184956427704,31.660119919942645,32.190466389864923,32.500889032466148,32.962569802028611,33.318228217457545,33.942434679637699,34.367323128091812,35.142409466090612,35.753925028158847,36.64209877366693,37.52799512645197,38.705192178969355,39.745582438680685,41.18725384474601,42.62093383240699,44.467146368355316,46.358403915165582
0.73395044943066945,30.480791183838392,30.444085259015537,30.636073354092332,30.611794607470074,30.875260969290593,30.947869971453201,31.436879829182089,31.688714129827531,32.218683062877517,32.529088274756759,32.991079415050081,33.347026950405507,33.969070010477481,34.397248537569794,35.173220147948996,35.785716835639505,36.67535698725942,37.562419160416994,38.741183411849761,39.783265076918269,41.227063618222928,42.662622290073159,44.511209283756216,46.404729210317782
0.73399565555740076,30.507595966256304,30.471211378420776,30.635159781631046,30.640550383901427,30.904861550757232,30.977505133218983,31.466298065987758,31.718017939071615,32.247598764987742,32.557977983093679,33.020298000026742,33.376565868589296,33.999133580968191,34.427927755390101,35.204808104128006,35.818314230394662,36.709463274088648,37.597717409426878,38.778092547573124,39.819762258428,41.267890673650072,42.705376115880881,44.556395823443381,46.452240372911547
0.73404193746264323,30.535082503410649,30.499023127762939,30.663830052768844,30.670032940425699,30.935212002377284,31.007890105223851,31.496452860285899,31.748050910349775,32.290715955210089,32.587584713801334,33.050241108972386,33.406841486503708,34.02995196249276,34.459380230215629,35.237195734531724,35.851210776818789,36.744440256017242,37.6339173892502,38.815945356778684,39.859408073924897,41.309762653480448,42.749222226918846,44.602741870618956,46.500962593793702
0.73408932074689615,30.563268521056671,30.527540378867343,30.693227732662308,30.700257556092311,30.966329259338181,31.039047851512805,31.52736794323755,31.778836445769684,32.321001895602421,32.617925906846722,33.080929154006299,33.437871676579107,34.061541991929516,34.491625894096615,35.270406832292338,35.885537079377627,36.780305136394873,37.671039831101552,38.854769958000816,39.900067297443002,41.352707486457803,42.794193154795266,44.66809502329761,46.550932915566591
0.73413783161987822,30.592171300071641,30.556777080895699,30.723368758413017,30.731249058225785,30.998231352827588,31.070998438606694,31.547314667010596,31.810385845340988,32.352033770491744,32.64901639602931,33.112376987297012,33.467223454357281,34.093922908701188,34.524682992277576,35.304456348317217,35.920735811149825,36.817086683508478,37.709112647599341,38.894584073473197,39.941768951979611,41.396753317324055,42.840317827819035,44.71688928848198,46.602185259744147
0.73418749691502583,30.621809868155196,30.586755462990823,30.754275695485831,30.76302121013714,31.03094397857285,31.103757722272348,31.579806623454715,31.84272478685034,32.383834933881644,32.68087796015061,33.144610558223121,33.499859643343825,34.127120055142314,34.558573990546847,35.339373777647324,35.956829329733864,36.854808116194363,37.748157610154067,38.94476328258952,39.984540761917742,41.44192757894416,42.887622601607745,44.766930008597228,46.654747246955594
0.73423834410433553,30.65220601920646,30.617495972180222,30.785965975705494,30.795595422540373,31.064485706400319,31.137350643958143,31.613114344923815,31.886794003182331,32.416422365352446,32.71353167164898,33.177643454106601,33.533310853075363,34.161150810854451,34.59332378071349,35.369608866226827,35.993843068493788,36.893497059571473,37.788198884116809,38.986674130079791,40.028409376403488,41.488264931777849,42.936143311711476,44.818257050298598,46.708660657462133
0.73429040131356016,30.683377896050388,30.649015923477236,30.818460652852082,30.828998087724813,31.098874393205278,31.17180321135902,31.647262240504915,31.920707308346209,32.449814618809341,32.746990840794297,33.211498772948744,33.567620484249346,34.196035689948985,34.628947800263632,35.406336995512447,36.031800605760964,36.933173178993457,37.829270256016116,39.029659567480849,40.073406059640092,41.537762068937809,42.980909698019786,44.841887428296104,46.763957302210656
0.73434369733776605,30.715344600089793,30.681336429346629,30.851783942365728,30.863240187707561,31.134136733039213,31.207130319962289,31.682272093056326,31.955468426859625,32.484036829553133,32.781282434389595,33.24992846428222,33.602803269519882,34.231799682876044,34.665475335115843,35.443999559457097,36.070726169916725,36.97386539058698,37.87139471110504,39.073752037316808,40.119559337903866,41.586376790296981,43.031897849245979,44.895670245718975,46.820678307874914
0.73439826165726119,30.748129872289155,30.714479945936546,30.885953404226711,30.892713796330554,31.181422314141855,31.243362111313672,31.718165842904455,31.991093152773374,32.519104248359781,32.816424437005935,33.285415603284946,33.638865939560674,34.268466747204457,34.702927687940701,35.482624193717129,36.110648488685456,37.015603365511652,37.915175032378102,39.118980305700006,40.166901747671545,41.636244127715145,43.084199812448787,44.950838543707505,46.878862448382279
0.73445412445390179,30.781754727681346,30.748467136152613,30.920993550872026,30.928867416913363,31.218728766325057,31.280516630080001,31.754961597358033,32.027605668568867,32.555039198877694,32.852437069595908,33.321785088267006,33.675835536027989,34.30605413588637,34.733007011038808,35.522233075183522,36.151586086230964,37.058411814341525,37.959462478201658,39.165372678539825,40.21546058946933,41.687396995525432,43.137853971906225,45.007425176481775,46.938539636271344
0.73451131662778735,30.816241889961475,30.783321406075629,30.956927495624313,30.965937491959721,31.256983763659264,31.318621640833953,31.792690489171491,32.065026297241729,32.591866960141033,32.897472507891507,33.359062711251681,33.713726204136037,34.344592137523705,34.772414722353005,35.562855233954906,36.193574590399749,37.102322885825288,38.004892781831586,39.212960723844844,40.265274676838544,41.730224589895897,43.192890060843638,45.065477921425554,46.999759013207949
0.73456986981435246,30.851615337162457,30.819065203176251,30.993776373768014,31.0039488424095,31.296209655499752,31.357699393129678,31.831368194639708,32.103379854374452,32.629605807362623,32.935247783505019,33.39727289599432,33.752570708686562,34.384103362036512,34.812818166727993,35.604511282871954,36.236636959476982,37.155920130924642,38.051488107571913,39.261777554803757,40.316375047810197,41.784063367605995,43.249350275299093,45.125026725586395,47.062557466454564
0.7346298164018662,30.88789511236746,30.855720573176768,31.031567437568356,31.026253797459049,31.336436554472584,31.397777303905968,31.871025679922695,32.142688638897198,32.668282712116252,32.973957412149048,33.436433570500412,33.792388817845676,34.42666512436017,34.854248011177788,35.647237574630708,36.28080433222749,37.202163247031422,38.099288499457089,39.311856192438427,40.368796870090591,41.839295296540513,43.307268498335361,45.186115729919038,47.134553686758409
0.73469118954934742,30.925109519045236,30.893314993046715,31.070324296708804,31.066430777892947,31.377678326709429,31.438881069683248,31.91168652367287,32.18297633601469,32.707918922686986,33.013631992485898,33.47657341291233,33.833207401308755,34.468216110818958,34.896732283750225,35.691056708075848,36.326103282381155,37.249599213746478,38.1483207059714,39.363229614583361,40.429330017264419,41.895958019356385,43.366688969985717,45.248791301177334,47.200604488236422
0.73475402320490568,30.963281223261674,30.931866893563438,31.110070487783105,31.107626728412924,31.419972431225688,31.481040236854824,31.953375869207775,32.224269409643057,32.758625725938145,33.054292303332204,33.51771672087807,33.875049401297929,34.510816304637956,34.940296222003781,35.735999470413844,36.36446898132408,37.298255262206567,38.198619570929623,39.415933717242751,40.48461298686243,41.954089344259046,43.427647291603989,45.313082964657042,47.268365136116699
0.73481835212452051,31.002438836799683,30.945777177954824,31.15083532352719,31.149871212963717,31.463341918011793,31.524278837870952,31.996121739412501,32.266590639046626,32.800367906339943,33.057043555188557,33.55988764931908,33.92341388442992,34.554494326690474,34.984969855616328,35.782093735359922,36.412118678002116,37.348168588152475,38.250221165428229,39.470001549695553,40.541328339244956,42.013728358831941,43.490186649019961,45.377860036258426,47.337880707373188
0.73488421189126552,31.042603377802607,30.986341935628843,31.192643053967458,31.193182090295522,31.50781607341969,31.568624644227384,32.039948663651103,32.309968951446081,32.843147037582639,33.099667902676629,33.603112399263864,33.967362387651974,34.599277187540793,35.030777527465489,35.829373730764928,36.460996451854044,37.399370055256441,38.303155822842655,39.519722990035007,40.599516448303802,42.074919799159488,43.554348676478185,45.445603508697786,47.409197051184492
0.73495163893499149,31.083807511361556,31.027947199086611,31.235522161065091,31.237595038283871,31.553421831367359,31.614797567567166,32.084884628325653,32.340796221213623,32.886987901011253,33.14335179861655,33.647421402572945,34.012416204624515,34.645192984563892,35.077754328361607,35.877146933274616,36.511130151119232,37.451899652704014,38.357459020667648,39.576734628244139,40.65921497564068,42.137699156299277,43.620177753701682,45.515105608074919,47.482366975569676
0.735020670552477,31.126074067314676,31.070621680089516,31.279499670414225,31.283135711430532,31.600192130500545,31.661058982579561,32.130960392617908,32.385986577298354,32.931915530356946,33.18812561355071,33.692552777391484,34.058595754205726,34.692272538062298,35.12592933315409,35.926933420080331,36.562554551052472,37.505781919602214,38.413171242972112,39.635227967981791,40.720462532346573,42.202112577479966,43.67484966819211,45.586415728653265,47.557436907140072
0.73509134492805861,31.238204871025118,31.114393006994305,31.324608428695683,31.329833692062493,31.648146592605372,31.7085077244692,32.178203265892989,32.432295121431252,32.977957618490109,33.234015955501945,33.739157747450918,34.105935017010779,34.740545860016482,35.175330117544036,35.978000807982426,36.615302266079198,37.561056164232923,38.462875165964306,39.695244139374154,40.783306708758573,42.268201723187303,43.744059455757451,45.65957679411531,47.634450531802941
0.73516370115475316,31.282722617173476,31.159289642941985,31.370869827205297,31.37771712883341,31.69732480230914,31.757171271903644,32.226645295617345,32.479761064120339,33.025141240439098,33.281048550650212,33.786926438846876,34.154466224967109,34.790040709875939,35.223958840248542,36.030379013063339,36.669416609639029,37.617765354665153,38.521361480894484,39.756814698762355,40.847783170454477,42.336010208993685,43.815073699841378,45.734630684680269,47.713469046841055
0.73523777925588074,31.328395785859357,31.205340921957031,31.418322016942511,31.426817616640164,31.747757925764745,31.807086227241143,32.247266461278741,32.528410381847607,33.073493587792655,33.322051507707783,33.835893103517265,34.204222255806144,34.840790313552134,35.275947026365429,36.08410422477391,36.724919520140247,37.675944897380759,38.58136491268624,39.819988236989502,40.913938364416481,42.394131791553718,43.887937113170665,45.811600750892467,47.794545424608259
0.73531362020720381,31.375254577975738,31.252579555236935,31.466991721104478,31.477165199439241,31.799473935107017,31.858281185229771,32.298428021966174,32.526348585618962,33.123043598714503,33.37142676251824,33.886087750165643,34.255228114548117,34.892828884314895,35.329223958666262,36.139211886469184,36.781852932882884,37.735030878451653,38.642927530369889,39.884802233195387,40.981820223152681,42.465573596192371,43.962700034986483,45.890583528145726,47.879093099125384
0.73539126595959281,31.42332932845602,31.301032252218192,31.516912762906941,31.528790526749162,31.852505823334468,31.910789937083337,32.350893953692776,32.577480453865064,33.173824460631295,33.422031294979661,33.937531843641409,34.3075183493861,34.954020984448562,35.383859451834269,36.195740007556196,36.840260375861817,37.796160325591245,38.706093902702378,39.951279694737877,41.051792114714317,42.538879619836734,44.039411725269019,45.971630207003727,47.9644601617847
0.73547075946223062,31.47265640401838,31.350736504132783,31.568116387647933,31.581729370023822,31.906890211093014,31.964645419348017,32.404688657142287,32.629894638742826,33.246274938699116,33.473897298215434,33.990261895448384,34.361124801196638,35.008816988614399,35.43989753938331,36.25372137686918,36.896373623887484,37.858877048792692,38.770905472536924,40.019487201210268,41.123066181077775,42.614095247029582,44.118126316631788,46.054788215656117,48.05205406145069
0.73555214468636954,31.523264045354153,31.401722183350557,31.620637063615959,31.636010535111836,31.962657833780668,32.019884895685209,32.459854142352015,32.683622281582302,33.299473360997126,33.527054337280788,34.044312982216525,34.417449157707324,35.065003640494069,35.49737276621363,36.31319709236277,36.957948561470857,37.923225358642867,38.837402905968702,40.089473506755439,41.196207907257758,42.691279717811994,44.198895988706681,46.139743398089195,48.119754160359662
0.73563546664965418,31.575191109020579,31.454022437783351,31.65469641256459,31.691672817141807,32.019845155552503,32.076543873836727,32.516422305218839,32.731957508005962,33.353992256625588,33.581537368770569,34.099716352975975,34.47381903366886,35.12261686894999,35.575828464085589,36.365387840922267,37.02111557863509,37.989246964467839,38.905629996716925,40.165359177299251,41.271622384116199,42.770474582471252,44.281773903268004,46.227280034579053,48.211939165436888
0.73572077144102199,31.628468917087957,31.470690602107879,31.709900545997698,31.748744847790022,32.078487986612345,32.13465434116597,32.574430433610814,32.788546169471374,33.409857292137531,33.637373707306779,34.154610163462166,34.53160938012843,35.181690056018397,35.636395357996207,36.427960151792831,37.085916223966251,38.056986845617303,38.97563661845561,40.239079837886038,41.349003967864064,42.851737481121745,44.347120291374267,46.31710134889363,48.306526433424551
0.73580810624619775,31.683135908448548,31.525710079643432,31.766522468196854,31.807266556660124,32.138618517483792,32.194257611683952,32.633909723854231,32.846548507142415,33.436921126112338,33.694598633354872,34.212756376260586,34.590856713953144,35.242264416826401,35.698507201096163,36.492149447706652,37.152395616060858,38.126521926480109,39.045377093533716,40.31472953869752,41.428407215604693,42.935123047313027,44.434381616261817,46.409264633189196,48.403578723065039
0.73589751937379322,31.739232309529143,31.58215838030992,31.824602004797725,31.867272395188138,32.200277184593233,32.255390726252699,32.694901807858514,32.905995789491499,33.495493448593152,33.753247506710522,34.272357818764704,34.651591592761179,35.304374906650992,35.755220675778673,36.55799582348709,37.220591658445301,38.179989614865008,39.119167083790671,40.392349625216411,41.50988662207692,43.005416111056547,44.523918819771097,46.503832021920971,48.503158705194437
0.73598906028202926,31.796788793039923,31.640071251467816,31.884172776087325,31.928798378924057,32.263504086858575,32.318089859778866,32.757441432934684,32.966926807485834,33.555520433515994,33.801858996523151,34.33345252084564,34.713853842668414,35.368061859861882,35.820637538379287,36.62554037924474,37.290555634057,38.246377033234239,39.19487862857568,40.471993700830808,41.593496408126157,43.093105990478762,44.615794991393159,46.600869128798877,48.609453204860984
0.73608277960609303,31.855846105766432,31.6994854590057,31.945273638650178,31.991881257296882,32.333176777559402,32.382398069356441,32.821568130880678,33.0293745622389,33.617032105983981,33.863579560605103,34.396074747538023,34.777685552995536,35.440727192253235,35.887726886833661,36.715593139791054,37.362324290565539,38.347907398439929,39.272568666953703,40.553723122877273,41.682203245656638,43.183082487276806,44.710071123728085,46.700434484672769,48.714385261151619
0.73617872918614657,31.916448748927451,31.760442237221469,32.007944111216602,32.056558104774922,32.399662928759426,32.448352485715077,32.887321023385994,33.093378458794632,33.67902477652342,33.926832517748153,34.460264166266825,34.843123063800704,35.491026735207015,35.95653373470941,36.786700101640236,37.43925301826448,38.424999900620605,39.352282259117601,40.637573800870086,41.770012720223804,43.275410584396013,44.806799826917086,46.804919431078815,48.822058882950842
0.73627696209600191,31.978632333960832,31.840392676083866,32.072224568437377,32.122871541421773,32.46783452591626,32.515994163011783,32.909155475562784,33.158973553401211,33.743706418117199,33.991656562861863,34.526057702266371,34.903887369953281,35.559725237510975,36.027098302385184,36.859638143239408,37.51482025300993,38.504097820904462,39.438138363469989,40.717972602634291,41.86011732922907,43.370149825397675,44.90605408247211,46.909744874049466,48.932536408472515
0.7363775326724783,32.042442743840638,31.904645339527178,32.138154347746422,32.190857955330102,32.537718775087797,32.585366505025377,32.978062192706147,33.211530818762185,33.809986193692566,34.058086543043828,34.593494666878541,34.972594731033041,35.630162948319594,36.099466646469864,36.945341144280519,37.592342873380858,38.585255693993986,39.522633532628788,40.806394356223791,41.952574619251209,43.467352170052436,45.005154033780855,47.017298197335549,49.045887057504842
0.736480496545458,32.107915643922297,31.970557657968129,32.221658669605858,32.26055813172843,32.609369852178588,32.65651063127325,33.048716837045504,33.280292727066808,33.877901971275151,34.126163796765468,34.659679987082654,35.043026010872381,35.702378036254231,36.173683939375678,37.02208871461653,37.671862160559158,38.66852379881675,39.617111642824511,40.897123981731056,42.047437105780773,43.567084659043758,45.109807441267549,47.127651672701177,49.162180897038525
0.73658591066865831,32.175099886203498,32.038172357429175,32.290923070147528,32.35634693935981,32.682821209858957,32.729473271852385,33.121162286850449,33.350770806307537,33.947492711257382,34.195922964644069,34.730535787127792,35.115221832404131,35.776416873520702,36.250175641712758,37.100815610494919,37.753436197614519,38.753947451080421,39.706140085629158,40.990219348456776,42.144775707822191,43.666878356749294,45.217184989893212,47.240876266113446,49.281490550304625
0.73669383335113414,32.244039961673025,32.107531232908059,32.361963349173038,32.429993756568365,32.758118192751681,32.804290363926157,33.19544141100323,33.423044466945612,34.01879418168437,34.275030354267528,34.803156282301643,35.189225959821215,35.852321867971114,36.328339557586332,37.181557726597021,37.837138428732942,38.842803422642646,39.797477899309797,41.08573768924316,42.244648576545842,43.772095149646702,45.327357042464428,47.35704356581482,49.41533783363775
0.73680432428953191,32.314780337752836,32.178680886397615,32.434825532865489,32.493309885495819,32.826055102021655,32.881012945635121,33.271596829946702,33.497122611153827,34.083040562034967,34.348519113201746,34.877578448119039,35.265078667546277,35.933845990705777,36.408492160735022,37.264371908908743,37.922997324218613,38.932679699871187,39.891186790534448,41.183743272147694,42.336172273854572,43.880052663259448,45.440393654822401,47.476228695370082,49.540869386602935
0.73691744460111008,32.393708673891524,32.251664794328008,32.509551768739129,32.570850446830718,32.905220232866213,32.95968475285872,33.349670407173562,33.573035894336499,34.157768548919194,34.423819493413248,34.953854886433419,35.336183180927037,36.013440592667848,36.490687515959053,37.349316151927269,38.017878109375488,39.024878919666207,39.987321010733467,41.284293887378226,42.441187615519993,43.990814596409109,45.55636199816945,47.598401636535527,49.669639764743806
0.73703325685754595,32.467835200688114,32.326527763953436,32.586187536633588,32.650334509285585,32.986361096877772,33.011769289962558,33.429710783178962,33.672015226747135,34.234331218307489,34.500973280763446,35.032015865285302,35.415906925595209,36.09503251923752,36.574971778416511,37.442303999148862,38.108350281615913,39.095074341928921,40.085945610362614,41.379767897445163,42.548932100239654,44.104439827227907,45.675334770076006,47.723836749472866,49.801736159750362
0.73715182511954613,32.543892473082451,32.4033181950158,32.664783163306311,32.731812915356841,33.069521881745004,33.094663140333978,33.511762133930461,33.75190034740217,34.312763408572664,34.580026644858208,35.107716384407922,35.497613208434814,36.178672235829708,36.661397508904429,37.531650036915835,38.201143167986629,39.192291413420662,40.188316234307422,41.485394140780954,42.659461522900529,44.221002582745314,45.814541002372607,47.852512346322328,49.937222234836554
0.73727321497228193,32.621928986649891,32.482081147844838,32.745378340533989,32.815323965801326,33.1547470659184,33.189989057997536,33.595872836024682,33.833749376476135,34.393114407807843,34.661016177091824,35.189894894065674,35.581336997682229,36.264407819467579,36.752850903961644,37.623267452047457,38.296319364812007,39.292013356144253,40.291907407658982,41.593752467918421,42.772852166440316,44.344401052956528,45.939878365304139,47.984503756286358,50.076187303074221
0.73739749356166717,32.701992849515136,32.569694423147666,32.828027492920228,32.90091793952206,33.242082147723067,33.27716273422584,33.669992712812927,33.917606107797837,34.475426751725081,34.820506671807834,35.274107625215038,35.667123826846819,36.352285847969142,36.843825355529589,37.717227251546319,38.39393263738657,39.408218458946521,40.398163543391092,41.704909178835806,42.889169285699609,44.467180275350984,46.068471654159111,48.119895998485845,50.22073472120519
0.73752472963149884,32.784137796847972,32.652855107883624,32.912777087633003,32.98863753709702,33.331569024952387,33.366515529699427,33.75909246239371,34.003514870661093,34.549138203883558,34.905347154450737,35.340494301975923,35.754948552257702,36.451879861047928,36.93710055487918,37.813584286544028,38.495409393472073,39.513133416651726,40.507148868872719,41.818938288890422,42.981409287299357,44.626224924491908,46.200394709840111,48.258768530358793,50.366697825012125
0.73765499356148312,32.868417620069522,32.738142754647924,32.999674733032862,33.078531999698043,33.423255590789722,33.458097428845576,33.850421457455923,34.091515525285558,34.635601154689539,34.992241425925386,35.429258255670902,35.870126790516224,36.544337154098685,37.032732078809204,37.912401406963909,38.598492182460177,39.620731052844349,40.6189343553242,41.89896054692781,43.103776281579485,44.755143972923179,46.335706969404782,48.404083444613207,50.516383382755521
0.737788357406165,32.954878329521307,32.825608094191466,33.088770194642166,33.170641268397048,33.517184085815643,33.551950597190171,33.944030652251058,34.193696292210916,34.724191109272851,35.081237052634606,35.520205172997976,35.962506768265484,36.639091719603584,37.130775533662472,38.001133402566211,38.703741792106939,39.731082872069692,40.733509402783966,42.018875202033087,43.229286131731897,44.887367708900456,46.477174319133155,48.5500907428559,50.669873388783344
0.73792489493478453,33.043578694336247,32.915299400653566,33.180114910410794,33.265018619155398,33.613405439105009,33.648126956018132,34.039969962024315,34.286019956570726,34.814955029195971,35.172380262537899,35.632494442433199,36.057151301512476,36.736198235104894,37.239306511592531,38.10468171959792,38.811664498613027,39.844250945078784,40.850388395586378,42.141864487774001,43.358009438819863,45.022973898285272,46.619403096319729,48.699817154389166,50.827248785773918
0.73806468167208195,33.134572455187026,33.007274576576492,33.273761006630139,33.361706446878088,33.711959731437673,33.746677716387694,34.138287537889482,34.38057776300775,34.907908154159031,35.257615248871389,35.728113931536427,36.154105993757184,36.835704278848425,37.342217134832481,38.210849547801445,38.922317570761152,39.973545038797965,40.970936949841416,42.267985625743677,43.490017565298331,45.142755101751391,46.765250683963131,48.853343336808393,50.988601093767102
0.73820779494007382,33.227914970737856,33.10157971838089,33.382143189158342,33.460753789415321,33.812893086737859,33.847650361666638,34.23903339379649,34.477416471789638,35.003912734198821,35.352672654486014,35.826052945726133,36.25342239368365,36.948743556064073,37.447665180711738,38.319698311844604,39.035767333002696,40.092466411519126,41.094543657857685,42.397268713268204,43.608974529829538,45.285261718195216,46.91479781252383,49.010754249219644,51.156847400758124
0.73835431390082273,33.323660967909291,33.178516749783284,33.501838939273057,33.562205762484609,33.895292494347359,33.951084164596978,34.342253367271951,34.576581486379837,35.101523393232583,35.449977618441608,35.926367441592447,36.357668228291459,37.053063301473685,37.511379716002466,38.431290010852081,39.133994640299534,40.214400069972726,41.221275092793803,42.541442659852692,43.747876515192729,45.431377755566245,47.068133284195937,49.168404492086665,51.326220583655413
0.73850431960022556,33.421870864741777,33.278344132873826,33.603038407394251,33.678916690671485,34.001856397786923,34.057038001464207,34.448002115425425,34.697505976981574,35.201528741222774,35.549599455470798,36.039837787755914,36.461775879955439,37.159937551222811,37.622070598530172,38.524503751945758,39.253345635493133,40.339436903116621,41.351203512792381,42.677410897326808,43.890289358670088,45.581186806144615,47.236000749107006,49.333762040914735,51.499821626492121
0.7386578950128434,33.522600212864745,33.394300851510707,33.706746394604579,33.78507139830208,34.110954403354754,34.165555137255524,34.556320962601148,34.801486188619947,35.30391366835147,35.651581394778987,36.144821861478704,36.56839878963001,37.269424991015057,37.729435835519325,38.641815223355479,39.375687448137796,40.467625908976515,41.484542404542481,42.816805548219236,44.057238467994466,45.720038198468501,47.397231188940168,49.503246773791943,51.677731083314939
0.7388151250877979,33.625905886962755,33.498551714150381,33.813015436950081,33.893762847364087,34.200325077044454,34.257755809362607,34.667263884548447,34.908176714362071,35.40872436840209,35.729765631187547,36.25232059088421,36.677589915268072,37.385467630669609,37.845668400982959,38.762057191036547,39.501084291608095,40.592060689859863,41.620604377681957,42.959704184745533,44.207322365726213,45.877586600555333,47.562487060971762,49.676946203030639,51.852621664127582
0.73897609679576093,33.731851313745665,33.605420059423977,33.921897453197744,34.005038526247063,34.314647659111415,34.371352270193711,34.75064806004184,35.016911404494749,35.520475654142956,35.836525750230976,36.362386258270817,36.789404930449564,37.500132225049128,37.964769256017007,38.871776050384142,39.617956488948948,40.726530512355566,41.760061846883218,43.1061729012672,44.356889880876224,46.039062273167474,47.73184683335694,49.851532059116835,52.039422997999282
0.73914089917706116,33.840493233464258,33.724292061453525,34.033445973896505,34.11893979899105,34.431637686333033,34.487639876482262,34.866579350036773,35.130889811155612,35.630128233307005,35.945800480109938,36.47507496565504,36.897189678173618,37.617532442573065,38.086870613206429,39.005874691154531,39.749899456445746,40.864366196481569,41.902984024003672,43.263714275954044,44.51448621795771,46.204542284651325,47.905384798606065,50.033889998045197,52.230801355529366
0.73930962339093653,33.95189310078058,33.836893662294187,34.147713722017215,34.235514579272603,34.551338984434551,34.606669844604312,35.027265947639989,35.244608201842766,35.776173647019732,36.057637703014279,36.598353564279478,37.014142995904876,37.737750351604518,38.212043324959268,39.136036127584703,39.885099165997417,41.005613668514343,42.042762307383782,43.417584368809912,44.675961642751645,46.374098405992299,48.084285786715554,50.220713917571629,52.426839343121173
0.73948236276595813,33.991416340830256,33.95229650643796,34.264750660213849,34.347175817110838,34.673789121241043,34.728479223765135,35.148955856333032,35.360980323224794,35.890908043778381,36.153650828063292,36.716338786080996,37.133872721640273,37.860856391736434,38.340510768480272,39.269379271780053,40.023637957297979,41.150021902108165,42.192736905749371,43.57525115795579,44.841444050311111,46.53444962035519,48.265996826487026,50.41207703611235,52.617843056024867
0.73965921285165392,34.108748826906321,34.070562978990438,34.384609292569166,34.468963771918425,34.799030622804366,34.853121599945553,35.273531743691365,35.48005044384854,36.000008446779702,36.270921735057527,36.837090896222435,37.256434866356358,37.97271326335067,38.471940552793058,39.405981189999693,40.167747767961373,41.298176787647208,42.346386213620463,43.736785166706795,45.010763218406282,46.712316688188366,48.452119122693148,50.60806482911903,52.823618754644485
0.73984027147136211,34.229005760385007,34.191749609601629,34.507345628817347,34.593543602750742,34.927100798520314,34.980634409061622,35.401065200914218,35.589713200830829,36.119816642651585,36.390929873490677,36.960661125209299,37.379025471424029,38.101506478434203,38.606552758169528,39.558495697607214,40.313443979270232,41.449946323336917,42.503779267864047,43.906746097231917,45.184619309097798,46.89449219396738,48.642733261450303,50.807846138738569,53.034312049781875
0.74002563877634031,34.35225687574075,34.315911643173422,34.633009118544578,34.720956826263318,35.045221244883578,35.14642790530479,35.536338267213068,35.714079912722809,36.242367658486273,36.513708023018808,37.078112058007719,37.507295703899217,38.233362744489568,38.744131361706422,39.701827644828882,40.462673932442158,41.587777322870352,42.655347473893926,44.076178948923371,45.362634977832386,47.081044734697571,48.830275325730327,51.013368852025451,53.2499947465285
0.74021541730116425,34.47855794105908,34.443113463510144,34.7616515728987,34.851245670858134,35.178829568160836,35.2791534917219,35.669930835089417,35.841287401118279,36.367714319084371,36.621081012859577,37.205997686933188,37.638566597552199,38.344197435026217,38.88512408735096,39.848596834353884,40.615497675238657,41.745726011339684,42.820070490158287,44.2496909917827,45.544914962269104,47.261263050110756,49.030088888027421,51.223728007909813,53.461723316831922
0.74040971202044403,34.607970592929178,34.54511628016644,34.897799810697506,34.984447224321684,35.315400788546413,35.414853218047028,35.806593481178425,35.971385889131852,36.480682461762171,36.749102164968917,37.336882626233546,37.760665317096027,38.48239526496036,39.029523289710596,39.998861673417196,40.782831261008141,41.908949982493141,42.988737613196463,44.427324605362628,45.716541485428024,47.457122308530415,49.234609421618188,51.437853304355485,53.705092534331925
0.7406086304068894,34.74056152849289,34.679267654042178,35.032345970383176,35.120600114498302,35.454967389989633,35.55357065033877,35.946379345314199,36.090137825337479,36.611612298997898,36.880052072895978,37.465323992523736,37.897985003184658,38.623879380545077,39.177446940105256,40.160702235853023,40.943072628469963,42.076061522059717,43.141262510749584,44.625426975167102,45.907399122458628,47.657611240155347,49.439966906905283,51.65812766934414,53.93614443457318
0.74081228249075837,34.876391931804847,34.816694226176423,35.126018028544422,35.25974297445191,35.597557318855706,35.695340588530598,36.097292073970493,36.226059839686513,36.74550186569013,37.034894075192824,37.602336220741563,38.0384794636675,38.768724050896708,39.336168737873777,40.31839686274725,41.107093347455702,42.247139588066602,43.334643706822135,44.775188151754264,46.102731072003735,47.863531920675996,49.65451922615739,51.883489898771586,54.172469897330302
0.74102078092071899,35.015525388520018,34.98454910962937,35.266392829735196,35.362385675045516,35.743207951026761,35.840200546064352,36.24317055442225,36.3650170262963,36.871395574963117,37.173748067775705,37.742498882736982,38.182209918547414,38.916400988315218,39.491180562121372,40.479820567228671,41.274904699563194,42.427552773732714,43.517248434879548,44.966394994384245,46.3070712898907,48.073746586871493,49.874001889255851,52.114005749282114,54.419859488264592
0.74123424102616042,35.158024898147232,35.127614985276068,35.41000903524673,35.508099145249616,35.891944538437656,36.029758158461846,36.368907223346923,36.518342849952205,37.011559122005565,37.315750665475207,37.885867770657569,38.324975262145017,39.068584207022468,39.649828057161358,40.649451686699649,41.453569063445684,42.606801229202574,43.704159208015881,45.156291220214371,46.511806206905931,48.288949511286773,50.098471595350929,52.356702411907463,54.667082618557288
0.74145278088098665,35.384674302653821,35.274074060937437,35.556917212693406,35.617872291642016,36.043795243420846,36.181434513186559,36.520466566089453,36.664096665384022,37.15486729231452,37.460957222465368,38.025840205978056,38.452668022117905,39.224285755880373,39.824382228766808,40.818251699822213,41.629630069433006,42.790207478189586,43.900509400400551,45.356204400430215,46.721234618715243,48.526538094924035,50.321894443998644,52.597890903137341,54.919792744050937
0.74167652136892792,35.534695091737376,35.415399921568223,35.707175159851886,35.770598230062205,36.189870386834627,36.336232622692933,36.626236981297552,36.813082819919146,37.279628141504872,37.617958834405727,38.175595028440512,38.60779200737943,39.392275405451073,39.990716352139316,40.990976639757719,41.792182996047814,42.982831384086239,44.096156953209174,45.560691161726936,46.930280456024775,48.751449601621971,50.548245474338728,52.844400813217362,55.18331748242781
0.74190558625040681,35.688276253781623,35.568996460386643,35.860828434707855,35.926573313400695,36.347649446307059,36.494178352968447,36.783921340142115,36.974460755418477,37.427797900631049,37.769888948147127,38.328755398712929,38.767057232765183,39.555361420235386,40.160904317203858,41.167774084693519,41.959811514643661,43.174740552703952,44.296311829423757,45.758455523706289,47.148812081991309,48.981396570581637,50.787651163139344,53.09981483167121,55.447068884196597
0.74214010223099547,35.845480761602175,35.726175537939071,36.017937036835065,36.085834960334978,36.508640975853268,36.657472649301781,36.940079176650215,37.130161207541278,37.581726613046158,37.925216063928929,38.476089120162214,38.929587739751696,39.722147493664124,40.345118205884319,41.354777441259102,42.148328531392508,43.371025511707558,44.520112579230954,45.97231654290681,47.372208821426284,49.237566816811523,51.029887059715293,53.35731885194491,55.716458650258573
0.74238019903150199,36.006382601013684,35.886999616407138,36.178556700466288,36.248414038864212,36.691649147468524,36.821282287765825,37.105083414870023,37.289254827841432,37.739095933593489,38.094888812936006,38.636564793021535,39.095832889755002,39.901978985174537,40.493068198080437,41.539912050617204,42.341088317217327,43.574629138533965,44.729477090490946,46.190948771936746,47.599074823233423,49.476894114331117,51.280050071091864,53.626489319624852,56.000386808065741
0.74262600945972423,36.171043091091633,36.051535451337259,36.370557770412233,36.425748309991832,36.859140922545521,36.992539786557245,37.273616528754246,37.47232974625058,37.904250768691782,38.257448796421158,38.800687429288701,39.268973259411723,40.100297987150952,40.674846545723994,41.732901860607853,42.534247082000547,43.779959707098897,44.9433008673941,46.429086942618596,47.834184531760911,49.72185621537119,51.535588565902799,53.896724140489823,56.281400459074575
0.74287766948391165,36.33953604902581,36.219843877555832,36.53850071776742,36.593662388402663,37.02991525176094,37.163787264301391,37.434965706236653,37.6570459244831,38.069426743292752,38.423488897373318,38.965754054144782,39.443235363824897,40.278635139951803,40.843345938028506,41.899298898605593,42.736165745843209,43.989884313387847,45.174548471039088,46.657655954855727,48.072872456198638,49.957783438688239,51.814352203058661,54.170499941887101,56.568222767006773
0.7431353183079753,36.511935330641791,36.356225418332542,36.706059869733508,36.76499885730118,37.204002718616721,37.33831400949839,37.608893037350754,37.82684958016489,38.248590235030861,38.592237617959654,39.137920099461553,39.62145431416775,40.452401155930602,41.033628850504101,42.097415364469271,42.95368080083972,44.195885619147703,45.397549235985025,46.891221035154558,48.297579807666807,50.212975481844296,52.081302064333613,54.44994885957567,56.850747604963544
0.74339909844848695,36.688316018166006,36.562575637382906,36.881504087351459,36.939800638087945,37.381418625549486,37.516142796190252,37.78639792908416,38.010272371701831,38.420958674304529,38.727642672281945,39.31604040617276,39.80676184429376,40.638427589869934,41.228289343077449,42.30972764379203,43.164757162393471,44.414916573919982,45.625427737461905,47.129077709402736,48.546369107851206,50.473587744042561,52.367917679060156,54.731809356977465,57.148527913255748
0.7436691558135119,36.868756442161612,36.714163187506529,37.060712400527336,37.118107332496038,37.580762953522935,37.69729408794683,37.969456448730853,38.187110014792779,38.597094463226313,38.894808338309304,39.561392708755193,39.993359052500637,40.82864364994839,41.421464192081658,42.516734589876251,43.380503228527232,44.630353820837627,45.787756734044706,47.372567632656683,48.800449099105208,50.716233171305248,52.645768032312844,55.022201223554475,57.460895009082378
0.74394563978331618,37.075650251692423,36.899195940508434,37.243746742699841,37.299972039821114,37.764851804397949,37.881791802939006,38.15458936239429,38.36759760303903,38.779158347015255,39.074420960620046,39.746080141307175,40.161183147912197,41.018497776084587,41.625432750885921,42.728385648939366,43.604008902536407,44.85939137731566,46.024935108894169,47.61311326195937,49.043634630981614,50.988120916281332,52.9293180624245,55.315087825252704,57.77032541475819
0.74422870329299551,37.264897919068062,37.088442037798814,37.430675703017187,37.495159570547912,37.909307065110625,38.069668566662585,38.35592000746874,38.546536210650629,38.963346090847153,39.258066524732385,39.92665823002244,40.354853303385426,41.217213936032749,41.841827853367249,42.953427962720525,43.829549207819582,45.09904847123471,46.268265323368723,47.867306275142255,49.309056599942778,51.265659974228583,53.216429627586876,55.61782216181382,58.085708508648167
0.74451850291707045,37.458415639928717,37.281992488262404,37.621577804857225,37.685303552978439,38.100328299877219,38.26095013248505,38.549045348348045,38.691554337004163,39.161851576393019,39.447901136340988,40.119689708709302,40.552986671530562,41.412487490819331,42.05533914957141,43.174875659179634,44.058364097851154,45.335160389274279,46.51649365969206,48.126929087847202,49.57715223735886,51.530479063689199,53.511312544296743,55.926578720765974,58.400331834855024
0.74481519895609394,37.656297572565563,37.448959463260508,37.816536155703034,37.87924052938979,38.29495229531949,38.45567611536444,38.746085572051015,38.894327761583554,39.354761996194611,39.640565525995953,40.323294734696901,40.754648411842936,41.621029109793199,42.273724837042209,43.412515734602493,44.294319054974039,45.579088777256402,46.770187039857774,48.397443767139521,49.854109113633967,51.819766563035955,53.793063934744168,56.254410496072524,58.728236866396401
0.74511895552532081,37.858648342164088,37.652112980602396,38.032132106068275,38.100733340186707,38.493242239418578,38.586280420435287,38.985989880344277,39.137496242828092,39.548064686938233,39.852084988271599,40.525062871283808,40.962516528148626,41.842415108743808,42.511307572107398,43.644016101373381,44.535525415966731,45.817260766652907,47.038393047620048,48.699228717403457,50.136844713303617,52.173816423297467,54.076403838911574,56.575597552442559,59.068017716928807
0.74542994064548662,38.065582401442043,37.859953151126319,38.236546307655772,38.302917203581273,38.695267449656967,38.788085784229224,39.189057026757837,39.357909702010147,39.740013023172651,40.054008511013308,40.731567180712773,41.176783894664368,42.061497145662543,42.739909658962461,43.888693012945623,44.772647000190773,46.072504326444687,47.303971020723111,48.969371927623797,50.434695187876969,52.475266462835862,54.389062343139813,56.904766929868856,59.409186923032394
0.74574832633574761,38.277218545385949,38.076705365409907,38.445378759735831,38.509150731086265,38.901108693330571,38.993559037263367,39.379918036845993,39.563744431834493,39.94469634307643,40.266197996927076,40.94420096738213,41.395031975543134,42.285840888361236,42.990414359833267,44.130283679620334,45.025105987090683,46.336715903579716,47.581514184228581,49.252743901368376,50.729699095819342,52.784114178059099,54.715353975478138,57.238533496587479,59.756898269350131
0.74607428870883119,38.384173732943054,38.30066065444862,38.658755444826056,38.719538362027379,39.110856404054175,39.202781161885468,39.591111437841391,39.775817978808846,40.149788099898615,40.478280901007565,41.160096135480671,41.622937631808782,42.504697978147306,43.230082699888044,44.377496174884072,45.278534379038319,46.603637184584841,47.859644759257208,49.53313769178294,51.055077789978895,53.098063599361922,55.040869707045204,57.567233578398373,60.118912714809994
0.74640800806845187,38.605812027255524,38.52136170448739,38.876823945713113,38.949234915852685,39.337311254646011,39.415856027007067,39.797694074933133,39.990013614949021,40.364936478534219,40.702186847162011,41.32758005910091,41.852379334805846,42.758760380837884,43.476606175336201,44.632748827612886,45.542641914860724,46.876665527700425,48.159033292553431,49.828582167466266,51.326425036687397,53.415977678794661,55.383832964622343,57.914254367053218,60.480086725572619
0.74674966900904483,38.832641102198977,38.747304850488945,39.073625022068882,39.130351472614166,39.527303913846481,39.611047476012573,40.046135895821863,40.190137889001562,40.579819922108072,40.925509079178482,41.555673881321127,42.082362798010763,42.998987245627177,43.728056113961429,44.891788771686151,45.812685781727851,47.161314311240858,48.450020067341029,50.115569200728714,51.62550242402358,53.742719198940904,55.722792286174808,58.260366281625465,60.863904918778644
0.74709946051787279,39.06483725828457,38.978680999492099,39.300092528190362,39.35152781083616,39.747343075702702,39.877054558938653,40.274412037830189,40.422700247923785,40.805594476534679,41.194200150966026,41.791355695328093,42.323650841594826,43.246882382803051,43.976789592306886,45.131267900796047,46.089686966288355,47.455491688660004,48.767797115189751,50.423944353141451,51.945978448758979,54.057654370666569,56.077619510379009,58.66470623162968,61.239440754237876
0.74745757607956342,39.302621177666879,39.215718692133123,39.531743987221489,39.577540666240566,39.971919855289343,40.103534285774003,40.518687872484406,40.653248827948119,41.029455308438628,41.429820412918161,42.032392913720287,42.574174682253215,43.502184293514802,44.240262749439353,45.402810463321657,46.367698212266077,47.741624448455696,49.072321449540141,50.73532861681997,52.275358696904732,54.397813937564933,56.430895905110447,59.041078473828748,61.620271312378463
0.74782421378313346,39.546226048025346,39.485777342942129,39.773200449446449,39.808634123998672,40.201263401346296,40.334570132848967,40.76421382130593,40.887709308683043,41.273074880619788,41.669740338287738,42.288105898775939,42.859917293162653,43.764455593090133,44.5049186642309,45.666800376583524,46.658313728861685,48.030689288261783,49.322780210218298,51.058333843398941,52.610466559137421,54.719888241528679,56.79376588091327,59.416783164389926,62.010309169827451
0.74819957643156043,39.79592131458412,39.742408808800974,40.016160272623893,40.045085139239745,40.439191709760053,40.570398508793915,41.002641284942911,41.121296110568437,41.511526119091286,41.917873323573986,42.544079468985728,43.115478584000812,44.035097046486953,44.78293630560529,45.939898712852482,46.959458629099572,48.338172570225652,49.639452295490628,51.395184043911286,52.956217140235822,55.075148018624532,57.16223289888876,59.795543924432423,62.395675678855696
0.74858387165396156,40.123181765016852,39.997631987472232,40.265126069049074,40.287208206646937,40.678197292645564,40.811305573780373,41.245959557642891,41.368099684329536,41.765052187956826,42.17133752675727,42.816323892511718,43.386189619378456,44.312614601880341,45.064072941056111,46.233366503266552,47.257762970986732,48.65210647915319,49.958310681482544,51.734097448184912,53.307412857511736,55.419321118699372,57.532102213648614,60.188003977280459,62.822710029378868
0.7489773120204426,40.387808191485419,40.259646107422668,40.52044053001373,40.53537248772227,40.922038529931342,41.077462765698328,41.495315353569822,41.618164614446869,42.02591148477859,42.433623563957553,43.09775460338733,43.663200875316761,44.596495530518041,45.373965906164813,46.546231615360739,47.558648380218074,48.975985602392029,50.292958284051565,52.086155354272705,53.678246125276928,55.792072507003468,57.915170637803385,60.570631767879604,63.23817337681794
0.74938011515967873,40.659465645199816,40.528829415873588,40.787344315570408,40.787719250451119,41.172079771574317,41.329399558950172,41.744645063207827,41.881064485141906,42.298505154129998,42.670066818244777,43.37868355802766,43.950783973000398,44.892849666769507,45.663425244300015,46.857755403191732,47.881870612098282,49.314820623085325,50.638720864397328,52.443302551804663,54.062198585055739,56.168181423290662,58.310258218449235,60.980750999895463,63.665983902074004
0.7497925038792953,40.938547278410624,40.816458487888667,41.048944550047963,41.048832657400453,41.428793866460182,41.587692141290972,42.002174877094149,42.141114320682391,42.57521060056024,42.950545636243078,43.680913147815772,44.242578784467696,45.196909049032911,45.97271049471783,47.193431633579166,48.205424828831383,49.657996046515109,51.005384003819927,52.824778126479941,54.441189021717946,56.637281852325032,58.713143452650911,61.380418156375526,64.101343002008434
0.75021470628911124,41.225507056375136,41.100888554299672,41.327023871346682,41.317328963597902,41.692731016237303,41.878167119100908,42.270918065773913,42.438698669651785,42.863456615722498,43.232537368076009,43.968946462908207,44.544339755126202,45.515880592245594,46.29465982199963,47.524402511071457,48.558803261728826,50.010067129200252,51.371409378445605,53.204962535226514,54.833811091013558,57.0519727107785,59.128242301283535,61.866394076614597,64.550879933382021
0.75064695592731712,41.545674585398046,41.352678643704166,41.613345651529926,41.593784259936911,41.94178936184835,42.127870902409086,42.567348985897297,42.708484596822018,43.158283359389316,43.529049244699308,44.262175917244349,44.858466710036737,45.840213819711607,46.622985113637696,47.856126888160361,48.913430032438555,50.381453119643993,51.773768154613208,53.592615915142233,55.192232197186968,57.453416994800136,59.547259566368666,62.309624970415825,65.006202686503457
0.75108949188965446,41.851673654001388,41.653876705039693,41.947678210719459,41.868858407796324,42.219486183389563,42.407940092839453,42.852275398276106,43.00990406645451,43.399075072632513,43.84147428862525,44.581186881349822,45.18569847535673,46.169957505109778,46.9680049966355,48.200659234766135,49.29614530822073,50.758302449508847,52.196325322222037,53.987121513424427,55.603422477994172,57.879035076270156,59.980021974437477,62.768062069329972,65.477309481169868
0.75154255896167044,42.167268796414646,41.964903456106185,42.250398932981625,42.163860380963342,42.548603589762934,42.696984346348472,43.162746970068838,43.320671233425855,43.703926949055131,44.167787188803231,44.91128657385616,45.524601995323792,46.513933050244304,47.330830467293708,48.566348338144962,49.650164745091388,51.153661216167166,52.560194246003448,54.399574296183346,56.037239864856019,58.305468501364885,60.432564376078517,63.229880635755762,65.954029854667169
0.75200640775411864,42.493106348782931,42.286459221903897,42.563244144266719,42.469181402775575,42.879193207760181,42.995823110915808,43.479244864107386,43.57976695884463,44.034924196965221,44.515272529234608,45.258805139950709,45.8614550569946,46.875864742456542,47.701530168380486,48.945128229526745,50.041140102435747,51.544298002556388,52.940395175202866,54.823686539637492,56.476800964834183,58.757245135553603,60.90811337667219,63.713041888400767,66.488915871053905
0.7524812948415831,42.749982959334375,42.626519294106402,42.894824236038403,42.785704914641428,43.187264812114336,43.2639692132243,43.793308077054462,43.98817881650848,44.387891305077574,44.867297769256766,45.631536810118632,46.214099004278978,47.246068115187882,48.08801016941834,49.355309761589524,50.434647114470863,51.961731778004832,53.365493589253674,55.246902744856925,56.947866627244366,59.22574045093279,61.404890309684561,64.193611370477811,67.023946417819388
0.75296748290440019,43.096613290096684,42.946502725433675,43.217536294918318,43.114392103231694,43.507277119611899,43.535392264471739,44.136118646376417,44.257104172811523,44.763606850172437,45.225907690877648,46.005714355042073,46.596314878861449,47.669527428150104,48.45196471608142,49.765733950620415,50.860208568621601,52.408501363215692,53.799822305325506,55.704804258244621,57.435594249118367,59.681878753699493,61.905086791615759,64.709286941277242,67.556294940208318
0.75346524087395861,43.45581545517598,43.302596167569391,43.568557379559024,43.457595701715945,43.840355962205649,43.867062079290918,44.460037645570992,44.607101984189285,45.181191522129666,45.603959628237135,46.403983191394218,46.981337448760314,48.078620662519825,48.879219306516461,50.20465911127576,51.298945984144666,52.867407930969421,54.278110372209994,56.179001136983061,57.923746363036116,60.21333597911871,62.435237723560931,65.245138030611997,68.100810635041853
0.75397484408145687,43.828492701910363,43.703740090741121,43.93317151615156,43.863508819773415,44.16910720616761,44.213064491012119,44.805772826483008,44.974680645342232,45.568588952666687,46.002255066161524,46.817958646071929,47.399688116884136,48.506357815316733,49.316276175813982,50.631409286654161,51.763215241086073,53.337046742404709,54.798216924100416,56.683694296443718,58.399455357350234,60.736862418385499,62.967463013763336,65.806492420928407,68.673904853450949
0.75449657441020046,44.215588766253859,44.137118257385737,44.310167951889525,44.232153715394816,44.53516923566167,44.626518794053482,45.17399663615106,45.347229405775579,45.976708490112287,46.41506888841468,47.245750127533029,47.867200568489352,48.945042195617134,49.78718865564224,51.085869388842184,52.228353306072677,53.823181160058084,55.302259980609961,57.202324264098934,58.92659400996672,61.30560729161698,63.514408758683203,66.407455836444569,69.246089667594788
0.75503072045152397,44.628969626033722,44.534084752178387,44.705759637197843,44.629618728868081,44.913021313506761,45.003911898866136,45.576408582339354,45.753095426169239,46.390057068500028,46.834580796277805,47.697967120755493,48.322736994063234,49.399049612784438,50.280710350474692,51.571921319782632,52.729983627936235,54.343694508441331,55.84424455120643,57.738040660715342,59.486873613470379,61.886907696740309,64.100348728039535,67.013651926663442,69.846985846852476
0.75557757766442291,45.049639657609077,44.937081129082799,45.100781831777567,45.035653781664223,45.309277540789481,45.441470488192863,45.969652153766219,46.176884869382775,46.836752349088783,47.283854864928799,48.157761961689175,48.789962991950233,49.909907726470919,50.750615609142187,52.088675206925473,53.244740305435698,54.87900397039266,56.3470025655879,58.306143743975554,60.060627087410467,62.477804904134246,64.715334741566039,67.639928504491763,70.489381105391658
0.7561374485389849,45.487941952578694,45.421113319285723,45.531329947432823,45.417853088574702,45.736536519105357,45.857379628941999,46.430644856493018,46.625166633684785,47.288136391500302,47.76533443754488,48.645867680637821,49.27285987596224,50.422030798101332,51.252622570546009,52.623442870908548,53.773069378545188,55.437164125207346,56.863544751755398,58.87374139111671,60.675212050344271,63.075319635805499,65.355785014873618,68.28135775694318,71.16754842726732
0.75671064276370958,45.987786258338019,45.843114424482337,45.970478173039737,45.870793271535149,46.174447023309767,46.28158161448664,46.876577004157298,47.096644370931244,47.778781710274416,48.271599694426186,49.151743101143438,49.777054484657128,50.96413786222729,51.797729246185554,53.20444910151673,54.340914028038242,56.018531673447796,57.450974596800734,59.476116800427917,61.303756633007652,63.718542361431901,66.015554897005131,68.961329934361856,71.976313464103441
0.75729747739681108,46.464375416660914,46.310670534721794,46.496620101188455,46.335709968048832,46.633139083869537,46.763961417618702,47.323772190235104,47.581401572928371,48.310759265590605,48.802913885028829,49.686959559514435,50.337579449218538,51.513560226052505,52.357672842250395,53.783450231259849,54.942233022926303,56.630697929003873,58.074547284659275,60.126626882143682,61.971206926358718,64.373536994338792,66.707794854180975,69.689469864359125,72.704404647545744
0.75789827704159607,46.962234779406572,46.79250466330268,46.990035578350216,46.806102586442648,47.134329119604445,47.248131181580902,47.821895882056197,48.091371437842099,48.877410181932646,49.365148341965323,50.225697195164685,50.927622537203206,52.093233710242203,52.958906199342891,54.398671523271332,55.576801461782452,57.271037513824922,58.809769334588054,60.813606096135118,62.638651960807692,65.069373363705381,67.472752092624432,70.471929813749739,73.463275176396564
0.75851337402601571,47.482439969002371,47.308003923413708,47.506329389674647,47.317855967310607,47.676275924039146,47.738099855481778,48.343878021685669,48.601423380488995,49.457811416548793,49.953248710045955,50.794950370034712,51.537062957699163,52.692174041401813,53.611967377250039,55.041358969870998,56.218181126727359,57.94778659007352,59.506332577982903,61.514990182138718,63.351244343186409,65.811525427834567,68.241425206535496,71.258437927714112,74.260103812735906
0.75914310858649048,48.025972613173508,47.836173104693444,48.029917400286649,47.851617197658925,48.216055351744217,48.273414650697305,48.889781052979743,49.168061261969342,50.051169963824577,50.563511018821373,51.461276799764164,52.1920312839502,53.334950533338997,54.294862313974591,55.708840163890272,56.902990869955829,58.637325001862337,60.211892820694629,62.236187533893826,64.109683134003717,66.594980326870427,69.018702258526901,72.084448694924504,75.105139073810278
0.75978782905610986,48.551313886813659,48.395373377221404,48.57584294717708,48.420453753249603,48.784445635139491,48.838136116917667,49.449590808393623,49.782073433118057,50.61396762653203,51.190123505437441,52.134514929843135,52.860413803606207,54.016188026374948,54.96626141816887,56.417106617422178,57.614622767863693,59.377305767149664,60.973759162634451,63.00084058669745,64.896663531322702,67.433453660989471,69.830488138242799,72.960849655359198,76.010196573530266
0.76044789205730945,49.141262119183011,48.95921598393943,49.171344958602276,49.017373020467858,49.391479644562423,49.41060357835886,50.054454528481074,50.398606587392351,51.247550347676224,51.839540797092923,52.825264836619681,53.522922518504856,54.727200152874502,55.68663362152256,57.200879225119934,58.370953118812395,60.15941177046443,61.776244106902595,63.822826779523893,65.735650110218558,68.300822198289097,70.710214847455063,73.86637934000828,77.002166987385863
0.7611236626991349,49.736353180296646,49.666813264850134,49.767724999110214,49.694940244124155,50.020400048655574,50.081490104677869,50.667383366742797,51.046630917049697,51.920364673800577,52.524691409809748,53.537270721355526,54.265552496481178,55.481778497356572,56.444551908123685,57.975082788159852,59.155124601415082,60.967494540382177,62.497084195543721,64.656651986533689,66.597581572863419,69.181555795152235,71.630689970814274,74.809228371803329,77.972435064326419
0.76181551477919884,50.375906361728994,50.300357578251351,50.414569808950546,50.350090717698549,50.645696953146398,50.740812127000027,51.348459712566182,51.779772369542115,52.627732222603299,53.263512001592972,54.280317064094561,55.027977069588815,56.258727767448363,57.237642877387771,58.768480668097254,59.977267908760041,61.80516588745013,63.296089322167973,65.508396775447181,67.443689623487444,70.082139998634375,72.580571383310598,75.804734069664846,78.996289158090804
0.76252383099044441,51.04181713867365,50.954028090678548,51.088832558716604,51.034980847874976,51.340650564621683,51.464086634350679,52.021107987773576,52.472570252364676,53.374300216102711,54.038668032191708,54.993473285323489,55.812977760600916,57.049489022088892,58.077889391324788,59.592980214798445,60.800062853693817,62.671954645622463,64.404059608797979,66.407887793673581,68.402512474684045,71.003237785327656,73.609094515621109,76.839076960088278,80.080669158618548
0.76324900313282906,51.733977998286719,51.631321159624349,51.790329002124054,51.73843155450777,52.067199899869593,52.193026488756004,52.751471597850468,53.216218716885123,54.18284983626836,54.841453556777196,55.798674666770239,56.629463943338123,57.886351293191183,58.93279196397998,60.483310404120857,61.688608748652769,63.586287192611053,65.336291081934178,67.362455897102336,69.39360993023729,72.047571284751029,74.633935939982621,77.946879612780322,81.210874018437607
0.76399143233004596,52.498255763839552,52.342709606475182,52.532409993063993,52.479883571117171,52.826619732944891,52.937524650589694,53.514760685366127,54.029792775076203,54.97093357463018,55.662335364810133,56.645715782893603,57.480030769595032,58.742523531240295,59.815192470930924,61.38575279777433,62.614001141093468,64.526361786691268,66.266433092427178,68.342975250387099,70.403746906900778,73.119621628789901,75.708262077132531,79.083515916350734,82.377600131534564
0.76475152925140255,53.237980423040426,53.077887024748634,53.288631487501334,53.249221698673864,53.622346451145859,53.733875755027839,54.3225779098575,54.878467357466434,55.771070858740131,56.491750024939392,57.524700517751626,58.361644248194352,59.629899375624518,60.727649632899556,62.305087449676648,63.580558615514747,65.48789613477129,67.198941029750131,69.3661557480591,71.437879985125619,74.200065196197102,76.824437542210944,80.252425397618936,83.595319475276483
0.76552971433897932,54.001562761168316,53.793986582428261,54.067855913895983,53.9905145211942,54.430318400789474,54.57151447410979,55.179637734099742,55.709473326987791,56.598463561123936,57.269879831386788,58.450792275165441,59.276118816236703,60.548897004868195,61.654689286024222,63.247423997145233,64.544628325693338,66.498074557926884,68.231697717976203,70.409934917417559,72.494556731038756,75.287695484883443,78.014063314567466,81.442440129310853,84.849738732937112
0.7663264180401943,54.794276603006438,54.577407416280039,54.84287213963762,54.8120966489696,55.266167693418538,55.437344077086891,56.049873938300152,56.561161879417341,57.478542065302463,58.173421389557916,59.34094552071474,60.19217231386574,61.528109844959545,62.608968188291328,64.21185205373331,65.542371912182716,67.526192054385319,69.308125460600422,71.496659422380617,73.639559916908183,76.415811649305397,79.200369798687461,82.699925116176018,86.159508861623181
0.76714208104590165,55.599898092321382,55.444096932133107,55.668687645691534,55.656186993244773,56.137693838780251,56.317831192420272,56.968611549971683,57.446373211623722,58.387420265855326,59.106956390329287,60.232830180651945,61.135484665941476,62.496642324866116,63.59609478074708,65.193462014281977,66.56294843451542,68.557074606971582,70.392455041175708,72.614544857333385,74.773549160745461,77.578245257664094,80.410653441322211,83.975984487464302,87.506525726694235
0.76797715453415716,56.423504811340536,56.268383657159575,56.491542466341343,56.562691674851521,57.029657527305972,57.251165767625935,57.830275158547011,58.364612061501248,59.31064179855457,60.06706885562744,61.156064010039699,62.068453853207757,63.473276309912762,64.586339271023462,66.240791152391466,67.608453080065374,69.605515944833314,71.470435809686023,73.700246137064823,75.916401789079828,78.797453124945605,81.651356601858424,85.282792203066492,88.867432829203608
0.76883210041978367,57.221274414241634,57.105685866816202,57.350328899898159,57.441535272642795,57.909213860315504,58.17409951469017,58.780325982119393,59.302876171739626,60.215276977014582,60.9792572959268,62.113255594045768,63.017866390684503,64.438096127705649,65.571776438744564,67.260515584333916,68.657458699330164,70.718198076294357,72.543540991810005,74.848377559530491,77.08814748950681,80.031543952663924,82.913160312600667,86.617117618327029,90.251879966614069
0.76970739160987578,58.068110630589217,57.976321825990453,58.198223175928433,58.325441724580742,58.826920256637095,59.076750434956921,59.73976770371155,60.18928709827378,61.074251468133298,61.904446442164044,63.079957972884586,64.024619292176794,65.447722245800833,66.560433843427745,68.285191081748053,69.702334735735349,71.787175937977736,73.559047270708106,75.985000285352726,78.219263667338964,81.2670482689864,84.167658652222599,87.94205729947862,91.637205127488414
0.77060351226538559,58.967014643949369,58.766382851306844,59.080015502684546,59.21944877137139,59.771076291934151,59.979950884389837,60.720063559841947,61.181754327531962,62.007959793216287,62.828388469082711,64.041683165425638,64.987395963049494,66.442831283700798,67.589846933704393,69.305066021381208,70.775047710463696,72.836223049151158,74.702443433350709,77.137453702642233,79.463120851465646,82.486542561200622,85.447695347269473,89.260278677087626,93.054279509909975
0.77152095806893206,59.825181282598351,59.581394425880717,59.954579787943658,60.116408995399979,60.697234219023812,60.935527957990416,61.692028670175205,62.109930659444217,63.053339965234045,63.797784511709324,64.991395852794085,65.946502936621982,67.427717993738042,68.6213070130907,70.34642400611483,71.831524453828024,73.911548236261297,75.859635966600763,78.285052068793448,80.651814585355169,83.701605893293163,86.75077240767132,90.637583418741997,94.472696708733565
0.77246023649898476,60.682874404741597,60.556606008092785,60.862177801613143,60.983229177414614,61.585149290527625,61.874727365287981,62.640020866227133,63.059744813661382,64.019573772224248,64.736472216522088,65.940371584329114,66.896814519372128,68.392409217234672,69.606338538713317,71.374791923011799,72.84344886717372,74.953440219822369,76.962692561268341,79.440905077863135,81.778678433853202,84.927023380907485,88.038362637766113,91.984465362329502,95.868195808820019
0.77342186711057181,61.584878832287359,61.269989832784631,61.706602717717033,61.877687368185434,62.463980863311008,62.817233869078336,63.561507767884905,63.969438666164933,64.950744872417999,65.665940198694443,66.865567092445417,67.860805260090274,69.274251269780507,70.559173470592214,72.363392759183625,73.866476990326191,76.053926518430671,78.034057406475767,80.523973631599802,82.923234685877105,86.191725187272823,89.263774896913674,93.296038556465646,97.265469796860998
0.77440638182266774,62.430465698213084,62.153433226470952,62.535291844069434,62.746081287015841,63.375214400522964,63.742353274814377,64.490710452944768,64.923224398418824,65.849929031188367,66.51286119114593,67.769628183221357,68.778262058454857,70.209675654194143,71.523721172379737,73.310031564829842,74.858807812943269,77.065114064651425,78.982451395902899,81.601053199345188,84.076021349166695,87.329464592017757,90.497496449068421,94.593730997388775,98.590772965959331
0.7754143252124206,63.200134430851904,62.997149174945662,63.410604491644335,63.61069375441366,64.244969723335089,64.65474551267107,65.445112818433699,65.849433337476512,66.705386870042275,67.391839658481331,68.667636864120141,69.657556968650169,71.132126205553504,72.448117675088724,74.280263613378338,75.807406276871916,78.044411982140446,80.00556643577147,82.700618868140737,85.191025255982822,88.477447752091393,91.722439372380904,95.876413713864167,99.932801913346339
0.77644625481638141,64.018765473982057,63.811596299681696,64.235079239657352,64.425664504840825,65.150931241270882,65.481731944069907,66.348428266766859,66.720982735063444,67.587079510536569,68.255978035114822,69.56763686863269,70.591576425777021,71.998073457110877,73.351135401862848,75.182274679988041,76.74511601296399,78.976935379272618,81.009044788312167,83.703959230952023,86.236518497928046,89.588057634253346,92.893365145391726,97.113690377824241,101.24721865721949
0.77750274143890052,64.818817794075585,64.600685016503121,65.019499190882925,65.316062235520803,65.969016942919552,66.316620433713979,67.121453916824976,67.542631152809918,68.494384052140958,69.118255230558134,70.332922268571565,71.421319536071678,72.846421316040505,74.196874666260555,76.028338874639303,77.619517919039936,79.908363769303833,81.987946956898668,84.662043867618195,87.230380422071903,90.699598506376788,93.999380968576588,98.262734333693516,102.52596906069084
0.77858436946786469,65.606061137972574,65.340057786510442,65.83931922296324,66.089125433754816,66.722015685729275,67.080551252234727,67.983869234594749,68.372189828696719,69.285962680158264,69.889915621519322,71.100984637421789,72.188588436285499,73.639548141902196,74.998508517426671,76.881040838743502,78.459888472287275,80.794834215375886,82.866249595019326,85.622797502590402,88.249726363552327,91.733417167430161,95.115123926574597,99.393158912731451,103.68860851103818
0.77969173719794682,66.178657728203689,66.100046155723248,66.592347009445803,66.831491561817529,67.468072968360502,67.860047547706927,68.743847343888774,69.186684828193393,70.036876913363812,70.653263109590625,71.867275797034381,72.974272668034246,74.423713119002059,75.838924244322698,77.680124948012235,79.268163529028243,81.629448609412066,83.728531552304048,86.500597447098698,89.197912804040243,92.71162622844713,96.112689677131129,100.54578611384932,104.89490667451173
0.78082545716154772,67.222007106014644,66.872740964805416,67.317078743646562,67.504403630409797,68.183532507944619,68.581680856797902,69.423631083263899,69.9070119735552,70.860972210830369,71.364729442742828,72.605207004118711,73.706029245382524,75.190040616151236,76.559804544413055,78.437410665792413,80.042821022208955,82.41287500217004,84.532747940844274,87.390564914661809,90.063822228803474,93.678350512156612,97.104475552674558,101.59725742977025,106.07361318189214
0.78198615646761471,67.578347458838834,67.585572912117641,68.014861180236039,68.196129675823613,68.853096058330266,69.279850811239157,70.098029971901269,70.630459074243845,71.575087834105943,72.126865960613941,73.315177418808162,74.380549660389079,75.812702701907256,77.225770358410955,79.152976465644315,80.759026925683429,83.182061496881943,85.38664300977689,88.231035354292544,90.959847713085765,94.583395215471683,98.113629728111846,102.62757279631478,107.08510899684916
0.78317447714852217,68.579094966728007,68.30033874129731,68.702681026195933,68.839030272472883,69.491692403513298,69.90201747204992,70.7732621765972,71.3233650542752,72.266821616416564,72.782629927009111,73.964071663380309,75.020596711663529,76.516527669948118,77.957297653221758,79.863850901027035,81.484444328132668,83.937807331320073,86.145826117346587,88.961894186133577,91.801902600127505,95.470685174725077,99.038631177143543,103.63553645336651,108.18375709792599
0.78439107651520656,69.063602130234358,68.970905447436962,69.351423980602704,69.509733141974721,70.145397640444571,70.502074674746837,71.407737610279582,71.92365752159094,72.865547965418955,73.417855386760493,74.584050907840719,75.628159080923069,77.204990949685453,78.567713701755565,80.513795054423099,82.160053469204286,84.640443431177118,86.855595734050439,89.766813636255392,92.59400709206966,96.334382513639866,99.939233463868732,104.57505371308798,109.25727129085863
0.78563662752075381,69.820414225905552,69.586508185959246,70.01878790462797,70.15986372424959,70.719117559550796,71.089877136109862,71.854924491213751,72.496426434721798,73.473987791468971,74.007730305362202,75.178993357265426,76.236935059278039,77.813789900304982,79.148345894696831,81.128039365037694,82.820461501949467,85.303789083693118,87.584871913357347,90.547816932587011,93.376711029784929,97.134814614044444,100.83718868314463,105.5463218215009,110.21539426512027
0.78691181913263841,70.587817760097096,70.222851107399038,70.608724993944634,70.70806324610021,71.269733438857656,71.581993366467941,72.430548584357894,73.0143531414069,74.059221515657555,74.567114285520802,75.779972641081258,76.861150633805664,78.348853643583425,79.76650340823835,81.757732273857982,83.466123531805351,85.974248351325514,88.268773090596369,91.246123900309613,94.156223342331941,97.983010741576436,101.69529886052624,106.50373498321278,111.19304649349942
0.78821735671381987,71.181307995284442,70.815005988588382,71.195558933031862,71.208151699960581,71.776376395413536,72.060538138292031,72.907884009167901,73.463831474880863,74.50506559083442,75.150739884033101,76.317585548247735,77.404250337836856,78.898790766805178,80.337507343218022,82.295023151760688,84.090204318861652,86.632254895688675,88.943240605934989,91.95385567464109,94.914821245911298,98.796573638916016,102.54608776529494,107.36852574133081,112.21615398091672
0.78955396241291065,71.675999488288653,71.381123997532995,71.627928917114332,71.702623905293876,72.184168773477722,72.5329304318293,73.230741954183031,73.935256510529143,74.801209493234637,75.622039714842685,76.814856534030696,77.899756955659541,79.419908513104019,80.8760174821291,82.870805621081672,84.690653487574309,87.228317530607455,89.534828770963941,92.614033243902668,95.591343626889284,99.528834863958764,103.34721115071443,108.26562034529343,113.09468183809076
0.79092237556362588,72.158513604845211,71.848449348239228,72.116596284118714,72.107085604489839,72.585565261128068,72.845001970650628,73.654877580796892,74.231745950761251,75.30246084828832,75.965290580184956,77.218527516888571,78.367057874726015,79.866123583597073,81.347787041733682,83.349517988695879,85.211037626904726,87.774095986729662,90.152949022209214,93.261440872309322,96.312974902612041,100.24421503477788,104.13852099639189,109.12649469010648,114.03702420524496
0.79232335309374124,72.428450894127309,72.222418253506476,72.522704906266881,72.508146759610099,72.924729876402125,73.163960010679148,73.934884939262702,74.523980205165572,75.550779374272679,76.33419759861863,77.638592802672065,78.783017367619323,80.269712833156518,81.817336606720346,83.762451661430532,85.704308106127428,88.302095224142249,90.671962427404651,93.825689881166909,96.903256376972422,100.92512760541285,104.87186507134174,109.86792196064198,114.90268550346082
0.79375766994378205,72.498671274763183,72.517864751273009,72.77163732120971,72.76711703230103,73.173536235844949,73.371366736857453,74.050720485203783,74.698784847467323,75.650768019811949,76.625513623279403,77.772476500511402,78.979690220294287,80.555521363814478,82.096688628822449,84.130369782164053,86.061462353543902,88.680016242171405,91.1295945861566,94.293812645948492,97.379285344999516,101.48642360462691,105.46319758731988,110.56876016856404,115.63925167807611
0.79522611949567579,72.976961785483581,72.633612706573331,72.927769479647395,72.835908055596519,73.290325662164832,73.482412880170159,74.190339918830432,74.676806321200274,75.770280523065594,76.689540744584519,77.868070963617356,79.104892799077788,80.732257875490177,82.305389018911228,84.311528960475698,86.333288411893591,89.018435131773003,91.447010253134067,94.651893485584878,97.849410575872753,101.91297209393815,105.98034500445647,111.10380840567814,116.23604568457813
0.7967295140116053,72.936805646357243,72.611956018321507,72.782228434203716,72.797135327367869,73.141101550158055,73.383684468462889,74.112543268631271,74.591599279199727,75.708523275396146,76.600064554062556,77.836859176437429,79.092396637483034,80.687477553066856,82.330562997580273,84.399118003013427,86.409142647949921,89.110358597783488,91.571542151548783,94.80664287340187,97.946321920244372,102.17172651512374,106.28176934155636,111.44805580741377,116.6588033989683
0.79826868508330628,72.194603097261279,72.343246976139199,72.529290411257534,72.492358121933648,72.877613413460494,73.117702658353664,73.770919153830619,74.296172906892025,75.446314523498586,76.317770587025734,77.536583406224963,78.810476569335151,80.533622037648456,82.114164476581209,84.2075541557424,86.232710549942567,88.928481340248254,91.499939245783025,94.752873983466998,98.0014807684056,102.15800320309063,106.28506199544063,111.56626957243134,116.73038834398903
0.79984448409205577,71.686641624502954,71.788779271373642,71.964811775898852,71.967730056203436,72.388621740719827,72.607443674605747,73.282971250562696,73.766727158901631,74.883143627615937,75.650601438130252,77.002204089207225,78.28047247226641,79.950389317709778,81.706527370064578,83.741182973477407,85.806716570092249,88.64741807532846,91.060770968280849,94.348157220782014,97.671840807393892,101.81967631028965,106.00419842527481,111.26607877899369,116.49293186588329
0.80145778267960754,71.193114945446723,70.873594792559743,71.110426525636285,71.110855781676946,71.546319342058268,71.764037637512956,72.487364821849042,72.900577178224921,74.062062179218628,74.753067248639127,76.123187380973832,77.418463794099807,79.152405335327785,80.834799731790554,82.943866048888594,85.03285209122987,87.613387748569949,90.303605509092449,93.621032971219392,96.833402452888549,101.08202528989932,105.23211496097792,110.53738087000966,115.78800727074849
0.80310947323033455,69.369122302552569,69.622607622266514,69.820774414671178,69.917214407549181,70.357761599734658,70.614936111414863,71.221276373544242,71.782488376935362,72.911778665053134,73.554881019706954,74.916629701459897,76.185125327727292,77.882580500743643,79.588770182512235,81.74112910261465,83.797857786586974,86.544161434518173,89.103308716890751,92.366568381243269,95.677776917465962,99.886375556554412,104.00844970077742,109.29099349532044,114.50555534430896
0.80480046936484506,67.733468244245159,67.992406615696382,68.147231848328374,68.314321573707275,68.771642777726811,69.01907915238553,69.728908729026443,70.254554747567454,71.233516904918361,71.914411702673533,73.238610865832015,74.559559543064097,76.242314072027511,77.925935631741595,80.069383829155413,82.127448453917168,85.019043292530114,87.370409075389034,90.631708205066388,93.969978195513249,98.066461427981267,102.15289649294573,107.40980256581679,112.59808059992793
0.80653170644534433,66.131629334769968,65.896681663485651,66.113489520728763,66.226541579235345,66.728894252591999,67.056900012830738,67.721006949112052,68.289999401829846,69.282157814806851,69.841624502027116,71.175715487333946,72.475138949710527,74.145256135008822,75.782456509703479,77.883934181299992,79.934854232116777,82.57523250982922,85.113537912242464,88.305601806263439,91.51366375440557,95.686135389885749,99.689304864834412,104.82875721895834,109.93978029931895
0.80830414209302459,63.679867828381248,63.320183901530982,63.589082481506921,63.748594885997591,64.216896040699794,64.640092625493708,65.270034518413013,65.863039624069643,66.798917286403594,67.364420377743954,68.631833459236077,69.900682959414553,71.519315092875331,73.160508008411853,75.203328148658329,77.224460949553759,79.85380301229452,82.286433982066228,85.436238379668794,88.591769598875544,92.556953731676913,96.493248158600181,101.55521713281632,106.53755967834149
0.81011875671776579,60.102811447621207,60.330503525219683,60.593111298570875,60.801463172756485,61.34516724858986,61.705807327438379,62.431953432074806,62.990705307383905,63.803605657376465,64.422006904649606,65.624957070845994,66.913378200006264,68.455610838136636,70.050998087339394,71.994279612139508,73.965622621901275,76.439427857869305,78.861672927705513,81.85229745322431,84.900021281195222,88.790503069161787,92.595830988691887,97.467097714063129,102.23954137896362
0.81197655406044122,56.742573745381378,57.005974729378067,57.180573639976501,57.469101964292349,58.00167756571318,58.41931886527891,59.02351224913582,59.676027292960498,60.518463892265572,61.00598392233951,62.211975274265569,63.408660562192381,64.910402173198236,66.433679058391135,68.26528319096542,70.163206934004847,72.527628917843685,74.849477747862693,77.729581268424226,80.608456822796143,84.344934741784527,88.00050861229829,92.674273808574071,97.287569707157672
0.81387856174813134,53.111948775615019,53.24972848919424,53.510928804658761,53.721504286870186,54.218190196908836,54.66948394622159,55.360481225521653,55.925009081685857,56.708154375926824,57.657470650527102,58.377387114691373,59.539370811697154,60.953619974301546,62.384107284953643,64.082415167460567,65.90000286110444,68.150971451927035,70.276918444993498,72.985492203595641,75.763738601723162,79.250893835363968,82.692094492966135,87.089099066288327,91.437785665737465
0.81582583186254676,49.503538976809068,49.223029951004719,49.475713669424294,49.692052815233183,50.149360399693251,50.660022774711251,51.23612253471947,51.86496774515399,52.608299676663592,53.466465424062335,54.237611314900278,55.255315489426721,56.600927369625424,57.911373324692249,59.49218120900332,61.186497690599936,63.238830007932847,65.222515020730498,67.801406708851573,70.312269945243315,73.598760766959458,76.832364817266352,80.883907376504794,85.023567754135001
0.81781944152197972,44.891537385148695,44.982585382036632,45.228191625465115,45.480596835463075,45.90764088697324,46.287096057683812,46.953291718731634,47.466432929017174,48.216287786453904,49.003621908683272,49.754895160622254,50.696271435568633,51.938890730314597,53.157414051609521,54.568571364106901,56.111319709161762,58.030122013449727,59.825554237402685,62.145870417109109,64.534190881764516,67.490483649526141,70.474819243725506,74.235635828175873,77.940668898154399
0.81986049347710532,40.549951969333051,40.71798122396649,40.866644525893207,41.109163409579196,41.491276975059009,41.871396222439216,42.411350928792672,42.911424334768526,43.640355115050625,44.344532719547715,45.112729257205501,45.974983469648578,47.029831645078957,48.11292674762808,49.421274844629806,50.79246195765154,52.500614164564468,54.117330399174534,56.261823081033072,58.329863566192216,61.04825256580807,63.729281780848396,67.089995956746861,70.52371896236582
0.82195011672095875,36.298580681439489,36.321923920637346,36.516895728975214,36.658036540698959,36.95454702315692,37.283809297761763,37.857433907222003,38.283387510848115,39.005746659579017,39.57279739461228,40.32556097383349,41.066987921502005,42.006457928535383,42.994740682410338,44.141052205843152,45.3454178394677,46.835507692110696,48.260337185121898,50.140025248001621,52.050198528115288,54.403076582086214,56.762289131234866,59.817373127843894,62.80025946655951
0.82408946711343001,32.115870029378129,32.021418508047645,32.213007362614007,32.327825448624935,32.61949994511815,32.911375685427629,33.304758869024226,33.701318257899402,34.322286462058401,34.804650898793625,35.521955457687,36.220067169069807,36.981645736097562,37.807727272513148,38.840303969023807,39.87777633175574,41.15320259508735,42.400325385173346,44.053296183257771,45.65384274794269,47.723163792485138,49.784447157599061,52.352362511010142,54.937251326064143
0.82627972802061977,27.941553256816405,27.956313795089955,28.052868571838189,28.156912838367134,28.35458889023721,28.551564788431278,28.921949762963777,29.249273610505043,29.752237875982246,30.190954433252045,30.852635272880434,31.404650354135811,32.080791680127732,32.766091784280434,33.638529189709516,34.503946674481995,35.596799596023629,36.650128343713732,38.015607358007401,39.397477856138721,41.157705750367313,42.845928198115871,45.076217498248297,47.274938240396295
0.82852211096940931,24.147688565219141,24.077998128472245,24.163023482993594,24.24094702225193,24.354611378057598,24.530537628223101,24.80490227842165,25.026349648484029,25.419436262563977,25.785739508599363,26.369746351250797,26.837486890581204,27.372510112032614,27.956625966402498,28.666539816480508,29.383466543193208,30.300698659066256,31.120685594811221,32.289122256101109,33.379411650086695,34.803769486032252,36.229765118423529,38.042857725296926,39.866948393486382
0.83081785631760774,20.710462894961893,20.523761944208673,20.634629329877498,20.630024610603868,20.747036635802942,20.821091994013841,21.005686065442205,21.243765477420311,21.512851696490543,21.783704260929881,22.2815160809605,22.602742436201879,23.06470062106564,23.494376510370785,24.072682575859289,24.663493691672556,25.362150570537779,26.019335859427883,26.933701495931018,27.801946033363492,28.961598064131977,30.074253697604945,31.501007485821901,32.898501537598349
0.83316823394004724,17.550661783639953,17.448445211361104,17.461289797156496,17.502782953622955,17.565278620535537,17.612313077637737,17.74800686830531,17.853570158746152,18.035855145693859,18.228088730027594,18.627129734499249,18.875432518190792,19.251845933584264,19.566506166282124,19.99996193107836,20.451134976670801,20.992799278721577,21.482557168548738,22.166992782362286,22.817977054974108,23.702030254738929,24.498987304679758,25.63412046342637,26.654241361184177
0.83557454393100505,14.985569261694764,14.845792913629339,14.894351591919985,14.876586935482919,14.921941776918175,14.967653698100548,15.020720384331071,15.116869401557778,15.184697795957618,15.368600375903043,15.643689799946515,15.797998862410168,16.113339526287746,16.313906779467288,16.633144292351062,16.948537195376048,17.33237353601362,17.671511820934029,18.190819132702018,18.629319038809626,19.275581423951735,19.815897731059522,20.597850075071619,21.261652761957521
0.83803811732334055,13.103350985556972,12.917456625295017,12.960833123866905,12.928679733675381,13.016753680623879,12.985488159294619,13.071359706174917,13.046819389963275,13.150283899569331,13.220165458404153,13.42690439674152,13.534581798498039,13.785314556786034,13.881741450193658,14.11131994454081,14.302864083991153,14.584357692860067,14.779102258231433,15.131353595093969,15.420168488222771,15.843204833485288,16.156522468734693,16.69203354712954,17.071835343042039
0.8405603168247473,11.921320853847647,11.765573261945974,11.787702214836827,11.799585239255975,11.827893605544887,11.850535400644731,11.933953783855031,11.934768434981379,11.988794711265655,11.974790593043508,12.155899148041499,12.215788741776123,12.385541723502683,12.430568606145243,12.600865660073396,12.699444752584895,12.907640760849972,13.013661930233866,13.23756137197779,13.377551230872996,13.666629259942056,13.799186500025826,14.097709463054343,14.237882551640723
0.84314253757152413,11.614661192468702,11.628904825161953,11.546063619136476,11.540633807364429,11.597805707764564,11.615493834653535,11.7083107459639,11.6650597737098,11.784674692584304,11.730026798690233,11.912181354840868,11.935464677104392,12.031124551080211,12.08672828149065,12.228597985464148,12.269709915486601,12.428566989583487,12.46745495830146,12.646520055242945,12.680961475112781,12.862235383143343,12.867082056589425,13.028811958105507,13.002482037725713
0.84578620790028514,12.31143360929309,12.29224361687011,12.281666418337409,12.251463082995542,12.344574101382022,12.359050567238228,12.475545774757848,12.509755669201695,12.616061274311505,12.545240451536301,12.742946148755436,12.753081086764723,12.867354934225659,12.890623855926606,13.046940787538915,13.103492631627887,13.219152400753956,13.226223839496015,13.390796852494532,13.408176467572048,13.536114989288762,13.480058417550026,13.604668315312665,13.480973855603224
0.84849279013803369,13.901874465809669,13.82961590188097,13.911198082996634,13.920196639861388,13.998454318838412,14.013819126676026,14.163773930342359,14.203867426709621,14.364229845570662,14.371914263165309,14.574740040383404,14.573613864762592,14.723435956886533,14.79196506833614,14.976368835072208,15.011263474816587,15.187086005358651,15.222023479531344,15.434854588565941,15.478484010815009,15.655738178451429,15.588882757803731,15.725758810374828,15.624843447139938
0.85126378141103709,16.210383633029778,16.14047014105563,16.293045833119322,16.275219283612387,16.400281269341576,16.436649297082113,16.623124406729403,16.724591107629749,16.902816820267617,16.987834563031356,17.143344911582972,17.205988086103389,17.410254668851849,17.511628482319793,17.770033303073433,17.845789034439804,18.106043266832785,18.232579122621246,18.513409619679805,18.637972720478501,18.898679759735387,18.963720258630929,19.165015559758103,19.154349461630773
0.85410071447295244,18.983452525759276,18.870593614346944,19.068207128260838,19.067357237354372,19.207984451844823,19.226545529885698,19.407946366101896,19.545630746928509,19.766054500378232,19.955833666997933,20.112763815292055,20.236599916797786,20.527227700666117,20.67600470657635,21.032199907851464,21.166776140860748,21.54384850981296,21.769692937683431,22.189355617756519,22.407328088655049,22.825367536279373,23.00072662454113,23.431512278493756,23.564129821075767
0.85700515855265746,21.607239319877408,21.48895118441942,21.746801973156835,21.738696763040934,21.893685787981667,21.896315106747352,22.135879998983,22.268501485854358,22.539868753756309,22.739718656062905,23.007908385003248,23.13491829745908,23.486515953965863,23.710559125320287,24.135531043983065,24.39845018188862,24.861799394053378,25.189388074551971,25.762824882927816,26.113218355869321,26.690395856148825,27.046561124654545,27.666267553137004,28.046428386212938
0.8599787202222573,23.507176473536674,23.455660342198826,23.707817487378634,23.706236232126685,23.876772765452188,23.947311148665904,24.109630421215115,24.207146306431241,24.534288512113562,24.742002994003997,25.0207990825038,25.246213466081826,25.641881697367353,25.95934160093384,26.442950887882034,26.790570142009528,27.343486704598035,27.795273917683517,28.484262698235398,28.962399135620217,29.70927195897093,30.224534800661786,31.057288920448627,31.632955940465763
0.86302304428574983,24.294620958833548,24.207839265400253,24.462435248238762,24.488660905983124,24.604688327035547,24.677755453991267,24.841640687289328,24.953393930860329,25.285890577659302,25.451624762230495,25.741759263779386,26.002515037598641,26.427788597284234,26.803053186773468,27.327787865749997,27.774590575700131,28.366454395996698,28.882735578175925,29.658041337552277,30.235541175323306,31.093585508839169,31.758233303269662,32.732598236012564,33.442519340707804
0.86613981468883594,23.43749112131627,23.459838670914905,23.48173430308816,23.665473634984664,23.803559811200103,23.845048417399084,24.020426062892511,24.151172875139309,24.389629104152846,24.504184371260635,24.860455180980352,25.058361342606077,25.505657630375936,25.877067057255772,26.424086276325397,26.883280421781819,27.493235169236868,28.038821747973998,28.814339144915721,29.447700274373346,30.334840511295624,31.037447059512488,32.047745418403792,32.873188119672704
0.86933075545038152,21.173194185486864,21.162729918623882,21.274076650739516,21.315820150588479,21.418558402858253,21.481359814375537,21.597248097537886,21.674925768886169,21.894700409633515,22.045605514269482,22.338007551707051,22.50531034888445,22.877325719768123,23.222123595938683,23.734568346977539,24.129597110642862,24.699244044271836,25.207754030996512,25.898632017720956,26.512181205363959,27.303344917088907,27.989618088389761,28.941380141626723,29.734299735606328
0.87259763161604709,17.709175135287296,17.747858910070136,17.804393629205151,17.856056216345678,17.938850760750938,17.996899787105576,18.045926983711979,18.15229401364013,18.261843623813547,18.451185865402294,18.643712535191298,18.775068895854929,19.05192275815898,19.322232993539728,19.718727356841555,20.036568076677213,20.471537529107081,20.897245523829042,21.456401549565271,21.923471738280568,22.576350803496098,23.113562706987068,23.912746123478428,24.562419417690762
0.87594225023460914,14.017051165084922,14.041859518953061,14.0928405738523,14.076556097468711,14.119385894458901,14.178684052421886,14.276603395463098,14.310123880743049,14.390240482371155,14.485352578572929,14.57049176437431,14.723838628959129,14.903105892039093,15.061763629659254,15.331829661561642,15.517085926690925,15.803033686448543,16.09143516824588,16.469969833149662,16.748876487468806,17.197905585446279,17.538593245284574,18.06357310965268,18.487804901450545
0.87936646135751584,10.976260998171711,10.99526261090341,10.941999454094002,10.961746537002909,10.987442663742513,11.019168549760252,11.061661742781325,11.095472531796077,11.19509234879024,11.247489245317411,11.237731883801644,11.39104139036499,11.459433006382824,11.528683128266493,11.671606621219325,11.706429376901724,11.859043454384846,11.941941804521775,12.141757175026214,12.260445917500874,12.492666127754092,12.609279008704107,12.859065974277655,12.997731904397369
0.88287215906223049,9.3959326080239407,9.4030277964147899,9.4547784705646336,9.3471361620777316,9.3831874163261091,9.3827965182190383,9.4169428085588152,9.4124663439706637,9.4820751557099356,9.4987439443993935,9.5390257695244145,9.5814891777463345,9.619624437929815,9.6184603436740872,9.6510806480737301,9.6039482505302658,9.6479074223807402,9.6228890072052309,9.6865528151347462,9.6357271420765755,9.6782103425512105,9.6005572633339398,9.6284139445297114,9.516521039113286
0.88646128249992606,9.6509443669456232,9.6200018810031906,9.6332834394352176,9.5564760384322653,9.5867623102294601,9.5959914113882405,9.6270354477665023,9.623131979486061,9.6917807112376977,9.6595805700571873,9.732445555691811,9.7112454860462094,9.7431601514535942,9.714496199903806,9.6954858256112857,9.6453577895636045,9.6539240847750989,9.5790847951420801,9.5822462520509362,9.4372121952910675,9.3991057812772851,9.1995277202231591,9.1120018737146893,8.847281876874149
0.89013581696811173,11.296411764016739,11.259501568580163,11.313360423928316,11.230253057157825,11.296777425290202,11.274256746966785,11.334708332540686,11.340189459802787,11.415145715924155,11.407218549875324,11.477686833031839,11.485336724270383,11.504017768362246,11.50849523544457,11.53470838085741,11.508753983460338,11.531816332666494,11.482579020886988,11.498251154607715,11.368755825558765,11.359411236220694,11.141473276573379,11.065937497474806,10.76883865624859
0.89389779500878774,13.480877193222113,13.410482556830175,13.438699772257678,13.448993550273372,13.525308567130196,13.513266461968669,13.627928777132183,13.598378837232303,13.676738858344834,13.747086940496956,13.803308427803131,13.855383861011433,13.937072685879684,13.993770632847372,14.119444578831462,14.113749092372018,14.249611495697536,14.2859111826765,14.364646576412269,14.316737074530465,14.40617432444742,14.266138281416715,14.304112780617288,14.082166671358209
0.8977492975327297,14.955634103140255,14.921189018725272,15.015181601043878,15.019317490012327,15.079119901709419,15.097293793551216,15.217112712332892,15.247182186918508,15.346343129549496,15.450598491759592,15.528284123394769,15.589088736896883,15.767456983225202,15.89168135404725,16.120205789718966,16.175196513584524,16.408257761879213,16.53251481751613,16.717664276968208,16.764637597363617,16.964781551105261,16.981116859724352,17.13333855093515,17.048128895252376
0.90169245497052919,14.926861627520339,14.902024343671656,14.920241571115184,15.018416126455122,15.073907530706492,15.140726764240753,15.228409632536568,15.369260204144666,15.467410100287452,15.547294688774855,15.694818154728637,15.891724859951864,15.994799005882669,16.183971905671569,16.431310445474082,16.579164094777298,16.843314791736702,17.044319846545477,17.28116625230723,17.429862197906914,17.700403826594993,17.818215595667425,18.074330182027552,18.118540911313175
0.90572944845102676,13.247273189661428,13.257546883591203,13.270747113574544,13.334567476431403,13.417336725449786,13.499578507422484,13.593295386826867,13.720251530652604,13.836150489798456,13.91937733490704,14.131048590072169,14.291217279082048,14.386273153220827,14.582879885228976,14.803933750239594,14.973234413449973,15.245706800600601,15.441114202023527,15.712372055459127,15.878328613789563,16.144741624508242,16.304493703169101,16.570808989977195,16.663468064512927
0.90986251100778748,10.719498621765524,10.742220009067751,10.750584855411944,10.837519304676789,10.873533240140205,10.936652131188566,11.014288285325165,11.08394201682313,11.19602504755494,11.296479297166115,11.447270108991688,11.560684065143505,11.683053856077095,11.80510268231501,11.970203311025216,12.100073815582618,12.310767604535613,12.451061282316005,12.659428520574693,12.782609514823889,12.97919424756401,13.092147147338437,13.285262220720142,13.341223851408358
0.91409392881428575,8.5724892628559246,8.5851488088956103,8.6194343690103778,8.6149159001406588,8.6428380967527119,8.6775695933793031,8.7376392879750711,8.7581517361413717,8.8193490192015815,8.8958802278621079,8.9777439440858871,9.0082231628484806,9.1391505456313098,9.1866549966352977,9.254866078636951,9.3390953398638885,9.4491267965158841,9.5005885642776775,9.6040725155799009,9.6261316103764329,9.7220255322163212,9.7400830862484327,9.8184157063360544,9.7669628020653363
0.91842604244848758,7.7972826411159986,7.7892433887964216,7.8169068635970689,7.7930450939929869,7.7846973013729439,7.7891770578162323,7.7846845143731116,7.7789431336450434,7.7846383774240167,7.7977105525087609,7.8080752129390021,7.8503608547462136,7.895172307105895,7.8557367379062271,7.8828260534410219,7.8916767371574679,7.9350046784784354,7.9062804151417367,7.9246914021250632,7.8754277734938114,7.8697768815022755,7.7840153635311253,7.7568670563387059,7.6022398597829124
0.92286124818752313,8.4789078247040379,8.4768924403169876,8.4930679648541627,8.4479504385253676,8.4292695073445429,8.3903226734028067,8.3686150179273682,8.335736620312673,8.3201680894526362,8.2342894612038435,8.2826274660019408,8.2587730478371668,8.235735597173516,8.1726497800873403,8.1790798158017424,8.137736293962007,8.1692990084211488,8.0866428658082441,8.0775426730124309,7.9800272286975087,7.9485445365125997,7.8124425638116008,7.7432756095477089,7.521781008801554
0.92740199933316925,9.8285425615613349,9.7828659505439646,9.7893427144590532,9.7344219336500828,9.7319331738699475,9.7175197752649183,9.6922442913628402,9.6227044500628836,9.6215616851650339,9.5313154826417303,9.5769384252853342,9.486831228072333,9.4695031065130024,9.4123003566110128,9.4277950468849667,9.3974394719789416,9.4165716506522585,9.3690870540012838,9.3588155967554485,9.259323388681878,9.2498036650895301,9.1259857799095698,9.0659674772959988,8.8606560073631044
0.93205080756887715,10.521465199970407,10.491986601722601,10.50201757866671,10.48064531989985,10.488476377180632,10.461360427047111,10.461777606832584,10.426534607547183,10.451584813272348,10.404480597363545,10.418124040548719,10.33270759534571,10.372633333074191,10.350803770240418,10.386213545263672,10.368793874436051,10.411132153551989,10.36021742223511,10.38431370591843,10.332071940411879,10.342861863927283,10.243914882790705,10.238913761093499,10.074384551225194
0.96596257916836192,7.4595564200571971,7.4551801845682348,7.459672035623953,7.4278715286973238,7.3606333488260134,7.3199415127237444,7.2909031833323752,7.2620890733446686,7.2110691619955105,7.2018922220759123,7.2306466147947503,7.2020389146691741,7.1773154056750172,7.2116769749309242,7.2398945557861225,7.2279176173929045,7.2387270426484065,7.1882354158410635,7.1819067848455234,7.1127209878923168,7.0642443554506826,6.9277609758714789,6.810718254573203,6.5693712140041498
1.0011081979397787,4.9983817751167408,5.0076343012442521,5.0053325033682086,5.0178150180186094,4.9897423330789934,5.0128288846576652,4.9837479263419482,4.9803225575883516,4.9580089862070054,4.9417659573527999,4.9323543812542994,4.9416119066158899,4.8835824508096266,4.9107557852651098,4.8459752131375353,4.7707826012044734,4.6890286706614006,4.6014882355168538,4.5196651068692972,4.3984610496513596,4.2838451369350423,4.1226987743998507,3.9890843896434944,3.7726435811825922
1.037532556224986,3.2935684419182962,3.302723203125197,3.3236319245647792,3.3535920491910929,3.3607540749296732,3.3831341179832179,3.3388779458903173,3.3247070108013759,3.2757838898141927,3.2414314226100487,3.1776882508215749,3.1605127075674773,3.1035084686805021,3.0662115402658401,3.0182054446336224,2.9637341948721314,2.8995384611882855,2.8232026958052074,2.7539900203888692,2.649078451775722,2.5454775244514849,2.3996843950188804,2.2565884514268078,2.0641202101981548
1.0752821797304957,2.4705722455902333,2.486103343000309,2.4902391826587973,2.505458733039859,2.504085267431492,2.5072327085405277,2.4720424517582842,2.4290400805485888,2.3786520773440998,2.3478635743896348,2.309329160665925,2.2828321285250013,2.2521445984904176,2.2136084921967267,2.1940961537281964,2.1001271237154242,2.0349573870877293,1.9393653108618309,1.8423054713127271,1.7199158092255402,1.6020624172458042,1.4524343086166596,1.3124579706522468,1.1412923249597782
1.1144052869558729,1.8796384615239958,1.8727135793726575,1.8656568004904557,1.8590039462873165,1.8334608002003279,1.8377858673422907,1.811379158003831,1.7968325091555357,1.7514225611355414,1.7395005756105775,1.7115027712716824,1.687373201657806,1.6681183662646504,1.6017268345344178,1.5485682919886017,1.4455385568891757,1.3730660941400856,1.2938802916410737,1.2113022087474974,1.1186706212913009,1.0291719157127091,0.92286971477321345,0.81973828414552941,0.69514837726554646
1.154951850784383,1.1944602745647899,1.1952412596647832,1.1684487847761034,1.153910652133618,1.1362981724867041,1.134064640309191,1.1353926320153391,1.1233313352608434,1.1042873446565693,1.0636159035979063,1.0255063689705253,1.003253858908181,0.96156300740918255,0.90858001045299375,0.86028635294145772,0.80372701654653156,0.77654394211025135,0.71944632278064091,0.65271353524939002,0.57820556154881331,0.50068453426327864,0.41266063992026503,0.32860954736272774,0.2387058378911675
1.1969736623145533,0.83188230857800249,0.83839208145232647,0.82398354001708185,0.8194756249785371,0.79906039476475144,0.8028124297590864,0.79644375106926191,0.78655107940539892,0.7365356715741882,0.71499283967644089,0.69090100006570765,0.67258520770947428,0.63802126810831794,0.59887839058455938,0.56319542074699314,0.53472683100144991,0.48649892473077472,0.4242073714358483,0.36617834811328009,0.30881283579297403,0.24984568113679728,0.19093257616886383,0.13576624119087022,0.082400566706638756
1.2405243970141853,0.48169975325985348,0.48504197067772736,0.48624052693153885,0.48512209700528786,0.47326549891900527,0.45998051406412799,0.4436773404033687,0.4399271303658665,0.41596153649403078,0.40357530466874891,0.37593830743579559,0.36674026801567194,0.34047720303406237,0.30999644570430362,0.273056188492518,0.25192541165736593,0.20637458215040816,0.17925510105054698,0.14229735304617552,0.11532370690917837,0.081951992525186812,0.050533498146797307,0.023330946408423592,0.0043235980285203229
1.2856596832813181,0.2939807481423351,0.29955305602602067,0.30086079030732193,0.30515077583770989,0.28803624235705882,0.27839220120095121,0.26425321408494185,0.26302693693540036,0.25258251935311904,0.23543398019304007,0.22116978883400407,0.19843221933595601,0.17914670630094776,0.15656065655062257,0.13387926356496038,0.11990583772653896,0.094878183042746755,0.072480676767522123,0.052654172998144233,0.031760780732210447,0.015278126447674456,0.0036815175464088856,0.0013103467852225714,0.010014699412170813
1.3324371734997151,0.13961798117135338,0.14090124110663638,0.13652154908128544,0.1384627577709665,0.12830985261344985,0.12662314311677303,0.11596921200510657,0.11357831395921814,0.10459857668441863,0.096340823300629985,0.07666427163391365,0.075128471141576725,0.059844010221356214,0.049180428963384148,0.037610415388462215,0.02847607509836747,0.017324668039471192,0.0068024461472917519,0.002236177427787589,0.00086042621530696417,0.0048784027992788692,0.015004681700309164,0.035566318490062532,0.069734294950476894
1.3809166176796359,0.063369433553841503,0.063238951341319183,0.056642379795053266,0.056882232471844318,0.05562414859831577,0.054281466144222357,0.046601183001703905,0.043786382103697008,0.036321774195181344,0.031043864425940537,0.025479820479473947,0.021138620034747202,0.01696185100943659,0.0098418399550407876,0.0045802238755627833,0.0013361019012257946,0.0003005940094678583,0.0012625070689583628,0.0078097410747856311,0.016536040048190592,0.035976955282711165,0.061025367342868009,0.10481127735634344,0.15629434407908871
1.4311599397779586,0.017986082387753566,0.017682893249663323,0.015061202309713861,0.015374808072403434,0.014642469624932097,0.014076293970018083,0.0099380634496264442,0.008025814436483758,0.0066609228553939914,0.0054226571834354864,0.0026212226473663058,0.0015397188526616867,0.0018946173579399428,0.0014447573850924211,0.0065303032869976629,0.0078397321578668189,0.017090139136957339,0.025465768618053941,0.041437119753301221,0.066600003008860931,0.098029950782319908,0.13487370117303499,0.19432911103490547,0.26207084138061987
1.4832313167951348,0.0022352607060192042,0.0015915791289631276,0.0018079661843115602,0.0014513861931078065,0.002165952049678399,0.0018409866894393279,0.0022855032367390393,0.0022285793816836375,0.0043851986596032955,0.0049096754463127112,0.0087941820334895837,0.01262381488303288,0.018088498257455399,0.020674343709977672,0.033561684260746905,0.041074245252964658,0.063435412177502037,0.081554846809359205,0.11112875984968706,0.13448322120804157,0.17454599848494468,0.23151531030762129,0.29447851262274582,0.3899915794744615
1.5371972607500117,0.012515414086995857,0.010991570887178836,0.0121490037901133,0.011965661055190369,0.015101610875565274,0.015303857450509106,0.018387409614352368,0.01992234874324228,0.026601119196524969,0.029147315162720844,0.036402974484590622,0.041478424198246433,0.050524514370922091,0.063129297896470593,0.078529907657348907,0.095283032664170264,0.11714437702746139,0.14416009917556671,0.1808626120264325,0.21907744626088288,0.27581894159491327,0.32663139122877993,0.40387939109830029,0.50631210044107178
1.5931267036372287,0.036132364927107918,0.036242513715770475,0.039442880927509361,0.039354776718996565,0.042306506592535875,0.043925724452431592,0.049932730501652589,0.051894776115522845,0.061866438563878301,0.065756517001650749,0.075075648312456167,0.085176813661630213,0.10396838561790211,0.11203200128935631,0.13562266109520138,0.15668335845976067,0.17668199631492421,0.21379307848818385,0.24893880088840703,0.29704512415652928,0.35594846971981298,0.42578246423116184,0.50869285641842055,0.59714460465967534
1.6510910854757086,0.072475477786245079,0.071991260958274239,0.076660505431808801,0.075294426780481594,0.078696731949409404,0.082848103677510387,0.093184964225379474,0.092820955626011781,0.10259827803615451,0.10978772734474873,0.1238424209564073,0.13420454744097654,0.15478682122676268,0.16502525193517847,0.19610652041246368,0.21440820079389411,0.25096687673884688,0.29378251872030603,0.32498338229325441,0.38100579182778205,0.44300987905122469,0.51382579081565893,0.59825977536807784,0.69195585593803344
1.711164445560706,0.11761237218487608,0.11265524836104923,0.11699591254713759,0.11816237434693022,0.12445675014948954,0.12533081671848834,0.13592050297837233,0.13790927707983869,0.15105550908739573,0.16220090937454046,0.17868465462678884,0.18650960675569905,0.21070032732735555,0.22570306475883584,0.25540748716908013,0.27670540622482775,0.31489457534816978,0.3552711601441132,0.39391200950385041,0.45799664154354502,0.50812170913130217,0.59809207371310436,0.6795696315937505,0.77725324038641475
1.7734235170359758,0.16213736840012061,0.15523784060322399,0.15937309284424472,0.16089496528081071,0.17085237055396618,0.16945319138519466,0.18031312319564208,0.18679857548534073,0.20212968624930383,0.20673545887596134,0.22612202072223653,0.23587828590891746,0.26378488381541132,0.28248817006428339,0.30966896941607303,0.3367047825934506,0.37684735975267358,0.41705900388188866,0.45772223998731931,0.52815058035237428,0.581626886160862,0.65251319435810728,0.74710606416650194,0.85584601894342427
1.8379478249068584,0.20119692668627209,0.19804434994604492,0.20543291661672214,0.20210650190153601,0.21074295525126985,0.21363359818146677,0.22382828804182253,0.23099945496854701,0.24639688078569577,0.24988942855867435,0.27357271267239014,0.28752100506428491,0.3110010673674779,0.331838572151959,0.36141489023933104,0.39331669589076057,0.43497350148054181,0.46196963001487745,0.51101325103348927,0.57634915644831608,0.63531955422484998,0.70180172304449684,0.80461844832268525,0.89947403389589908
1.9048197876194761,0.24561073339084061,0.24431352974757914,0.25336134968449642,0.24903804721856915,0.25838743285867594,0.2628229299620628,0.27383173660776805,0.27721957988073598,0.29508721517829883,0.30377155410530321,0.32639083737254282,0.34041901615165671,0.36074160039925118,0.38176450315700095,0.41641282669806401,0.4409260368336021,0.48500876931399262,0.51646205469651818,0.56855109585407604,0.62265169598529724,0.70259890717386497,0.75559139201712355,0.85213457275074234,0.94893173090548544
1.9741248223357917,0.29249255190084256,0.28482962407573353,0.29064735604540459,0.29028990218841955,0.30178463895968832,0.301153691461721,0.31507001776488153,0.31974725119307834,0.33600784003348849,0.34833765088131941,0.36510759764034617,0.37917510724030024,0.41049545199652471,0.42884077231261131,0.46341336145638934,0.48157736659427997,0.52602847063965896,0.56323984135627825,0.62456141673598609,0.66859038608507149,0.7400860853111908,0.79271409967986983,0.88973591247184913,0.98363983847576719
2.0459514540389971,0.32624595567754966,0.31956319999447658,0.32498394341506298,0.32598821120669186,0.33665571845291709,0.33584934275447154,0.3491788659755457,0.35856230293137514,0.37129456415611628,0.38180670702034547,0.4039225956766046,0.4156828333737792,0.44275897862817715,0.45741114736094346,0.49471464230799711,0.52340977089707508,0.56356944203409398,0.59879279149822651,0.65090509461012402,0.70235898600549262,0.76479876851908557,0.82226076629683575,0.90873105046642877,0.98767517161024898
2.120391428608599,0.35438736813833316,0.35295944670124868,0.36230380282238173,0.35833755650259036,0.36918886186704469,0.37148615425377329,0.38354876592612186,0.38901037200922417,0.40451311218384944,0.41249354902501523,0.43810445096929129,0.44980754411326984,0.47448211309378507,0.49605825411080673,0.52441134459843397,0.55336189380491874,0.59411342860229865,0.62761958219007852,0.67670685929169849,0.73104190207067177,0.7918463147481134,0.8479351067272205,0.92506139596008552,1.0004602182023064
2.1975398300096316,0.38614974730224105,0.37987137120408931,0.38875396107849269,0.38710552188447878,0.39669067567285765,0.39861004926729038,0.41110944872161781,0.41591728285013119,0.43598733471165474,0.44358058583321736,0.46106637644112425,0.47355800957791416,0.50109424503082778,0.52093661505566047,0.55258956018030858,0.57346263322455115,0.61352085887580188,0.64690387532670002,0.69752873057410625,0.73752487203051942,0.80658342526049864,0.8569340429347676,0.93476614995597629,1.0104895451163429
2.2774952017456838,0.40882796046872727,0.40230930778480456,0.40792264509732945,0.40863805051083091,0.41710369486190757,0.41572762404399555,0.43104536446418251,0.43612183253793546,0.44984093600592701,0.45857693223496199,0.48094924109082626,0.49264163621691637,0.51826627241388223,0.53054649126499953,0.56659077832088656,0.58698364908630651,0.62680674765891808,0.6561309827575883,0.70308940582282275,0.73843435682550762,0.80390637334016901,0.85890804391317488,0.93011835521292596,1.0021394980599325
2.3603596727308824,0.41950116721164932,0.41730327334295225,0.4244465914114528,0.4201233242330602,0.43079506601549156,0.4331235483958551,0.44621646235540879,0.45273709038409038,0.46652593281635291,0.4727807586330357,0.49466837997613311,0.50537066682738896,0.52985614079693732,0.54756304419956336,0.572857572632131,0.60117588330945182,0.63119845419709009,0.66168693575474435,0.70594956547137144,0.74615305483354177,0.79295014793132168,0.85155624840888322,0.91663611340322859,0.98729785426382932
2.4462390877416023,0.43305686760584194,0.42950611950854523,0.43609953497033871,0.43520473067897569,0.44474136298504163,0.44780354794426103,0.45797481685457342,0.46045878799827733,0.47794278185665462,0.48491915795676732,0.50259842454133263,0.51535428491260404,0.53474922535019687,0.55535942187367482,0.58092255351454014,0.59732497616545288,0.63791646493064036,0.66179661864708805,0.70386039708944281,0.74040652689029685,0.78764201023358282,0.83460252965562631,0.90700408314341985,0.96290726327367793
2.5352431426145392,0.44461545218644005,0.4385938078713707,0.44358132093137215,0.44481408481334483,0.45214145475517853,0.45175317449053409,0.46590662686065798,0.4710364657437367,0.48208483313086958,0.48797924022079542,0.50596853122533503,0.52026985502533307,0.54054181599411777,0.55028437424135745,0.58233180995392786,0.59981527976543703,0.63054808086923231,0.65896279944223579,0.69355137845758463,0.72916272514123648,0.77989654564521516,0.81442159128994263,0.88251463774145122,0.93153696202716674
2.6274855243638315,0.44604800308133008,0.44269227483081863,0.4496495464151451,0.44699990893940367,0.45703147546302603,0.4591123237255772,0.46745769803717963,0.47104903742155102,0.48495330330422348,0.491508153805853,0.50899600823510127,0.51627438773164158,0.5401886422437201,0.55360236515389261,0.5744115128831595,0.59811245404688407,0.62254979015682466,0.6478186446553309,0.68734909740317107,0.71371201119757188,0.76122303381799838,0.79675226079280037,0.85155817115526133,0.90979560932998993
2.7230840563962109,0.44664418204015988,0.44336749547943555,0.44906648727149445,0.44800438375992258,0.45468150298751198,0.4567033555829596,0.46759196562760508,0.47089389865891462,0.48374910500348278,0.48916273619840922,0.50438559976242914,0.51517482041714402,0.53278135151242623,0.54870602215089548,0.56913905284795874,0.58368637468930729,0.61774398212179449,0.63420187300437192,0.67123176932261686,0.6968972480527782,0.73920645049349787,0.77742941663598231,0.82449530379403768,0.87547105529904456
2.8221608490096681,0.44317066337117694,0.43910166079513147,0.44235692930666914,0.44247607340878403,0.45009804798780806,0.4497114586407065,0.45936191579636443,0.46351161311457645,0.47437775330507748,0.48028615680800613,0.49498912408694196,0.50438346496622444,0.52223634656468221,0.53273138461366898,0.55796878676750339,0.57051474731196095,0.59546154506529092,0.61869290436658275,0.6461503665727264,0.67654538018388166,0.70943959985169158,0.74785215007113948,0.78745228586353733,0.83753953066241138
2.924842455367862,0.43445032101089964,0.43338942455415008,0.44044128479094979,0.43814828684628537,0.44372502077635545,0.44570944905655097,0.45381103772746201,0.45619551038640793,0.46787512570932677,0.4734030428959386,0.48701213857128778,0.49368270571073936,0.51150019172104066,0.52381115558279134,0.54176993213388869,0.55893888906433631,0.57909017380666228,0.59982333821102429,0.62770622820090693,0.6520178727192274,0.68659044928074309,0.71464464017316232,0.76266079355161764,0.79539301442821397
3.031260033149513,0.42792041742160336,0.42374440828422166,0.42633379239759961,0.42702578841368677,0.43456003046782143,0.43462569233463455,0.44242207261345357,0.44548622121277504,0.45600135815948306,0.45957329997668239,0.47219133689657156,0.48063861190746593,0.49545940442004621,0.50547019697143014,0.52373798488815737,0.53769118733526966,0.56018936485514814,0.57598445956659816,0.60229442594271632,0.6227225079502432,0.65704555673363529,0.6836026431077471,0.72194938263180575,0.75615429600782136
3.1415495120792514,0.41410421039000767,0.41239364246069954,0.41624348571980363,0.41526656679906182,0.42001057361255789,0.42192892751666022,0.43044670941878849,0.43278531968235256,0.44115726804665201,0.44638218603927271,0.45709191979341313,0.46412671045595744,0.47725206161175038,0.48746095994903271,0.50426061427486957,0.5156659318344623,0.53703990952482172,0.55057463153389108,0.57884076406202212,0.5942995222513332,0.62649774999425745,0.64658447720483991,0.688351115374644,0.71479789492639156
3.2558517675539145,0.40062644242237866,0.39911217631453155,0.40318652114689257,0.40205035575644388,0.4072312717964337,0.40791647682755183,0.41417489646062222,0.41824311001118986,0.42675643294609245,0.43065084271546539,0.44078450474103192,0.44634244114189414,0.460713175276112,0.46681908214861778,0.48403732368115016,0.49321831175979014,0.51253490646183764,0.52741957227181047,0.54769923934696862,0.56894988873784769,0.59219839462559776,0.61894923361631982,0.64588946778292211,0.67815071318318587
3.3743128005860736,0.38788905136465246,0.38451984519110738,0.38702146518420477,0.38831696378991865,0.39257310515836252,0.39295251387454755,0.39927196802864273,0.40120492748411607,0.40992435548707817,0.41354933632300117,0.42399015179466915,0.42894453871736005,0.43933227006334619,0.44890114800432457,0.45982436971945617,0.47352467316420643,0.48650654610582933,0.50211177820636976,0.51992923128995017,0.53845457047941636,0.56083459798793456,0.58310926158583243,0.6110190308039023,0.639100378101773
3.4970839242946243,0.36970513562556562,0.37043560019725419,0.37399802411033534,0.3710573613878978,0.37646292560833672,0.37841654884863374,0.38318654812781006,0.38474696499878291,0.3914319912999531,0.39740110715035826,0.40413872844806065,0.4112977035424592,0.42039254548097915,0.42712512463970143,0.44066162818023713,0.44823594061631411,0.46458239161626125,0.47650451624559764,0.4941924048985129,0.50977021197979866,0.53000771361661236,0.55063692913813611,0.57395662149787086,0.6013421083182493
3.6243219571806642,0.35629614732096115,0.35247864619776692,0.35502574802194431,0.35699577397571147,0.35888005430882686,0.3598031261219603,0.36541546741187858,0.36803099959536212,0.37341542212544709,0.37578310158761496,0.38634232202844032,0.38951797625793461,0.40058667178618634,0.40507490723217643,0.41717427906689863,0.42524147911649379,0.44037030695619706,0.4487852044839542,0.46841837750366722,0.47845354950322871,0.50234612854580973,0.51533089626201445,0.5419927982234185,0.56081640461724191
3.7561894234355293,0.33646626971224691,0.33728180029908117,0.33939745286050993,0.33750852157533018,0.34268212765039152,0.34267806589872407,0.34738571245571848,0.34860749559294391,0.35572099470465446,0.35813135207661162,0.36438185238898768,0.37044454112600533,0.37813881641898206,0.38425317405585702,0.39439534384302988,0.40147693665647921,0.41429585066464369,0.42520913693931561,0.43925881648715404,0.45166840991583967,0.46946488926829488,0.48279949396726352,0.5073990845555727,0.52262349420368537
3.8928547605368364,0.32119738972605205,0.31794047632683942,0.32076117049928143,0.32122688876771122,0.32318619775747948,0.32498092761051112,0.32799236672840948,0.33066448974022933,0.3351346746286481,0.33893802104313409,0.34429227403859386,0.34898457434303509,0.35648305538489922,0.36309761088926962,0.36946965848193258,0.37879671605628573,0.38883438435379958,0.39884372748537089,0.41131806884624211,0.42276129713184218,0.4376588385875948,0.45175289186255441,0.47061179542805576,0.48688995221414189
4.0344925343977183,0.30106338040184255,0.30218326328284206,0.30307704345531761,0.30277376037787462,0.30586759750156034,0.30609308912875122,0.31115786514334332,0.31097072696906025,0.31677669753634063,0.31900030597969931,0.32536439055323285,0.32773479125881977,0.33626894537042062,0.33978627160178121,0.349659143148358,0.3544266054475429,0.3646271322403436,0.3740076900837721,0.38430086298774313,0.3958109863171444,0.4080794414201705,0.42112636378612933,0.4384467556711229,0.45308996227919351
4.1812836623440468,0.28599493178279545,0.28323633597801745,0.28588937473048759,0.28542320109227148,0.28843532702356356,0.28875689615540523,0.29123170981605995,0.2942717951134739,0.29741398375611539,0.29979456391615145,0.30580270434367662,0.30822496767996199,0.31459964250171879,0.31959599258948401,0.32732267718398589,0.33115976772796785,0.34262029489462975,0.34776675784002009,0.36033987564684367,0.36797054415444563,0.37953615150212272,0.39334782337277829,0.4062043745142887,0.42240742080707605
4.3334156442044778,0.26705695507590121,0.26801911532174927,0.26833735994060248,0.26908944406849855,0.27024757486802287,0.27200103070353521,0.27467763814280488,0.27547770018989581,0.27963445395280928,0.28215795160792823,0.2855718702371064,0.29054511926253213,0.29427031432632589,0.29928571992488173,0.30566139646518309,0.31144874090995245,0.3183908432711462,0.32509852473566525,0.33636477401512366,0.34139730636434251,0.35535483694292225,0.36411590394925497,0.37746971286117059,0.39208014096271881
4.491082801808477,0.25230090924500814,0.2496874201682715,0.25218739560730796,0.25104379810662181,0.25461939315701443,0.25351197836073425,0.25707666620218106,0.25798962331961661,0.26175071150461804,0.26313392775929856,0.26785250879012779,0.27013203213070369,0.2755058568326092,0.27905444319085859,0.28475260668116675,0.29010073320321794,0.29615398490903999,0.30344646528430985,0.31120878779228178,0.31806243607576334,0.32913880666137629,0.33649052467285401,0.35132364083665379,0.36065149306159583
4.6544865271982525,0.23389858259452012,0.23518749230851199,0.23510468491971892,0.23613730597233484,0.2361890385938068,0.2386162405190646,0.2398796023234695,0.24147956526772418,0.24398362328548728,0.24616063698113066,0.25021987984061411,0.25126541203945862,0.25775689238494692,0.25942069946975721,0.26525578266748084,0.27015182556377226,0.27572984294596381,0.28105180582585376,0.28880685292634212,0.29552053153346947,0.30394499952163301,0.31228349501250818,0.32431973150724502,0.33219410303610175
4.8238355398716433,0.21996618387129274,0.21775918017252138,0.21993946316229085,0.21890650023698299,0.22197811017622371,0.22098764247550662,0.22375019848874445,0.22466457908655002,0.22756652012213863,0.22904890819140178,0.2316799064084023,0.23525965424062178,0.23808199135413588,0.2416352714793959,0.24681551429739557,0.24936305610381737,0.25622642148118757,0.2603465354218315,0.26725097753831051,0.27342795623360416,0.28068780054937292,0.2883307223439715,0.29890304302338677,0.30617151317997582
4.9993461533845398,0.20311389007804337,0.2039836889720732,0.20403094624379037,0.20475515972330527,0.20513802715967699,0.20637242164889358,0.20830635060292479,0.20890259598533589,0.21114921213731463,0.21286544492920711,0.21593915587615697,0.21802487402615611,0.22076687666117323,0.22460492382273856,0.22808358071978319,0.23134166452251748,0.23789607338125052,0.24001361331451676,0.24706574105690038,0.25295359808438889,0.2586599431532477,0.26623721981013659,0.27521964153044109,0.28107243304182816
5.1812425516533773,0.18980139150610853,0.18861294772511883,0.18984795368453433,0.189469871894687,0.19121307787671071,0.19142608669031347,0.19273116031084214,0.19374324648842389,0.19651159988973177,0.19697267813680241,0.20029517203417413,0.20108132024458314,0.20572101706252965,0.2070413270090512,0.21069595387567119,0.21482275391380767,0.2183702115593178,0.22213794091243244,0.22865172760691621,0.23225907673560187,0.23837792548792436,0.24564567305699825,0.25213786920784287,0.25871911163315531
5.369757075310627,0.17526542944042944,0.17512270987580791,0.17573517478703593,0.17583417968796766,0.17675531914096609,0.17722270479114854,0.17870635950973224,0.18001016174707729,0.18069691720742753,0.18294328023262096,0.18478618256881418,0.18681437737407691,0.1892463548005594,0.19117998192481878,0.19517228646387252,0.19803447860402912,0.20073450153432759,0.205706561879623,0.20979522370299719,0.21314941645829322,0.22069904660617112,0.22482219831744032,0.23092715977679745,0.23846084745466101
5.5651305184790614,0.16193044838051662,0.16203713520020813,0.16249795849785187,0.16253101649724044,0.16353153006568277,0.16360792183567696,0.16566807204756628,0.1653509113514815,0.16786796353324007,0.16864212603428541,0.17034441908535314,0.17227763477325198,0.17460727919805663,0.17666130918470913,0.17981049814167704,0.18135210889462883,0.1859042127943269,0.18897076598491935,0.19239214366265855,0.19647926036071794,0.2026051466656611,0.20511705038546779,0.2125988421991849,0.21885992486659234
5.767612436343863,0.15036260117857125,0.14925592068617277,0.15001074099603784,0.15016593376826393,0.15076515807025714,0.15188275103432147,0.15181099476274085,0.15322731871863482,0.15477471091816142,0.15521156692030047,0.15764228700564331,0.15868687627212807,0.16081272033048322,0.16261372586721734,0.16536420395529206,0.16722273828023049,0.17124465665142452,0.17273842957644092,0.17704229140178995,0.18097165721803776,0.18505817713446504,0.18835778707739337,0.19516719521814707,0.19961170249891325
5.9774614639154509,0.13754214335651227,0.13833200344213026,0.13863671226803831,0.13834360906960796,0.1394794438714797,0.13906477594110811,0.14093346117012118,0.14143202623782258,0.1420738281331495,0.14323304495401601,0.14516890713089481,0.14613660642753246,0.14797070115021427,0.14999521533083282,0.15166235122677563,0.15425781986591858,0.15671552070691064,0.15915599927922131,0.16275886436909559,0.16583415586229933,0.16900555562267527,0.17339348097232232,0.17839813507009694,0.18227871680545604
6.194945646390174,0.12759035128843266,0.12683235172592333,0.12726178434340341,0.12754131282872549,0.12798210965311796,0.12859512550646457,0.12921149435156565,0.12954531485537757,0.13092746786819021,0.13214142345438518,0.13310911406108517,0.13380327571628925,0.13644261350987108,0.13719993472993508,0.13949835619867201,0.14127861843131484,0.14369679344500241,0.14574551553913295,0.14905425061414235,0.15160210734438806,0.15490023803076269,0.15851831999061972,0.16257882600704932,0.16627053141959891
6.4203427815308789,0.11701571011556666,0.11680637679084782,0.1171287116482489,0.11730754205196092,0.11771374826977876,0.11807292612115816,0.11889824238315327,0.11914022682323377,0.12068279538397064,0.12090906496445086,0.12191990972712574,0.12384782723573551,0.12482080418018882,0.12579512345467947,0.12793467709114736,0.1296350967674158,0.13175650125964466,0.13346355759389894,0.13659936481511181,0.13831145044673576,0.14183141343663408,0.1446687583345323,0.14877041452432138,0.15164602922182269
6.6539407745046546,0.1069037235004231,0.10733820128339744,0.10777388379842989,0.10734516236432512,0.10819603725370541,0.10824894865713475,0.1087412159276937,0.10990044885789985,0.11020762577913956,0.11060272118515968,0.11245778240073889,0.1129530864746755,0.11410399682705474,0.1154071834175312,0.11740366785973322,0.11847560486110353,0.11997359297542687,0.12245263496309633,0.12464616072951173,0.12641103175724311,0.12935727102065187,0.13207596960963031,0.13539633665807571,0.13794278643305802
6.8960380056310022,0.098870762573426418,0.098146583671692156,0.098201183005869552,0.098764062025566091,0.098949567913578562,0.099319059319824987,0.10007982321270958,0.099957635993064287,0.10085430918094573,0.10189841747627781,0.1027705754587771,0.10319011614139129,0.1043120762820422,0.10587699513889959,0.10721135721415465,0.10779635263548926,0.11022793758120031,0.11181378088788563,0.11341858266041527,0.11520377276453075,0.11815382884684311,0.12069263127233398,0.12286639022136114,0.12574053179703526
7.146943711510179,0.089891958236563596,0.090012824571715555,0.090291457286554078,0.090260988238398454,0.090617166136325977,0.09077544159423212,0.091324857871015297,0.091775417621946076,0.092430889325910925,0.093082387614572326,0.093642669926481403,0.09422254497258109,0.09603003366369478,0.096654477568151265,0.09721112546129973,0.098815157050708535,0.10074444807584371,0.10184196892551256,0.10337336192647228,0.10515738823492882,0.10802073300345683,0.1092560375712992,0.11169606697043832,0.11480960096433535
7.4069783800185238,0.082048078108279299,0.082322011780426863,0.082738174866847203,0.082417260913864254,0.082796614262065305,0.083208235198611646,0.083339306733357432,0.083817399022130701,0.08475457349014448,0.084764071822768017,0.085431333121306352,0.086614805598195233,0.087338891677717356,0.087717246799670079,0.089191558963911177,0.090425919281152289,0.091731335748299614,0.092360859630574055,0.094070117995215696,0.096375720998949532,0.098058271654352325,0.099096467749660633,0.10183782348789805,0.104482578402596
7.6764741596753083,0.075646037223961571,0.075163490094546148,0.075003472391721004,0.07548078233069333,0.075791109755982689,0.075794706278273338,0.076370331757864562,0.076626747642571047,0.076810118738748656,0.077474195474053431,0.078483938415693899,0.078861781068383152,0.079435317349890511,0.080049358359389089,0.081393826630808519,0.082559370129850151,0.083197774021222415,0.084097632395568667,0.086254594629465942,0.087442075491679816,0.088662976162481755,0.090196858742402242,0.092870808481954725,0.095166203136798799
7.955775283904007,0.068623848808194055,0.068584217840225392,0.068760631800131478,0.068808256114799349,0.0690354710765817,0.069137813098485879,0.069494350048024955,0.069893588011737506,0.07030832570991663,0.07060359648902903,0.071366314688376065,0.071695513204744543,0.072239814030886862,0.073308088408396088,0.074373556078732861,0.074510338809005816,0.075490817712797309,0.076997082101691205,0.078464849438056206,0.079251989401853962,0.080440560627174307,0.082016610360604147,0.084608498969579671,0.085940519907033774
8.245238510729914,0.062212797618222737,0.062505379322757904,0.062918132645641833,0.062701634187924071,0.062720160506295031,0.063094811951813767,0.063386886513413288,0.063444870165945133,0.064065743721982926,0.064586798516096167,0.064762306996975383,0.065062795051339606,0.066095266051384272,0.066746803458613613,0.067241261566351795,0.067856943997945507,0.06895069815314514,0.070011412080440039,0.071112937193355208,0.071639879486426139,0.073078370965312445,0.075026132156587266,0.076640667102424231,0.077394604109500165
8.5452335784757096,0.05718812830934894,0.056980438378097631,0.056861471354189064,0.057059707893905909,0.057366627837438955,0.057465144566535287,0.057714933079530795,0.057971768402744317,0.058214037336348667,0.058495609622390532,0.059079812026809009,0.059549995769678787,0.060111087901198346,0.060548019305926459,0.061042990887521853,0.061657276537886219,0.062940319179986659,0.063732688875951737,0.064207547992161551,0.065006184056102256,0.066734248043587741,0.067944231300110403,0.069118310095760194,0.07019206295137792
8.8561436780371032,0.051974714010377454,0.051816576497913047,0.051700040176740458,0.051885803739587288,0.052216149412927848,0.052247031608821715,0.052342885674136141,0.052672776885124506,0.053070184129332176,0.05314298376216442,0.053515020958720072,0.054125579917879918,0.054624250619362158,0.054794337695732054,0.055455174226082704,0.056292824492850002,0.056998260957136893,0.057366778588267664,0.058246687366548144,0.059237124478720204,0.060567074069275861,0.061473762752981997,0.062369348456357443,0.063339472834634591
9.178365942341749,0.046815962390159171,0.047038297740531476,0.047378431776799346,0.047319469111613444,0.047235754761445037,0.047374018149898944,0.047691964529398945,0.047827338629929272,0.048095618245955762,0.048455971611868875,0.048813992104754789,0.048971706270087623,0.049354651916729608,0.04987269489980406,0.050517963149996348,0.051025088225941317,0.05164496776595584,0.052023172720375044,0.052771712941293458,0.0537855458362273,0.054921159133506592,0.055429631624917874,0.056375488104400517,0.057702343867340744
9.5123119536166563,0.042663587318131135,0.042727311551377767,0.042885129457626903,0.042893817981589422,0.042908280230840035,0.043035545405441411,0.043322153666164098,0.043468414077043604,0.043577061969159558,0.043814571715060424,0.044283161726120568,0.044551461070398091,0.044803722488023112,0.045156771709329746,0.045803782180854569,0.046207305703454438,0.046586103607726415,0.047139997384878285,0.048112148774411168,0.048765528548123882,0.049372625972566198,0.05000597586146327,0.051134586186584841,0.052227869234386048
9.8584082691120543,0.039023816039435388,0.038857476041084027,0.038650089197368231,0.038725988773713027,0.039050241458799206,0.039218065527155233,0.039232405667377179,0.039331663002737827,0.039603934590356715,0.039793108194171367,0.039978859384465437,0.040272857172322318,0.04075013389778448,0.041090109252579055,0.041393835215465913,0.0416839239404041,0.042231512755272149,0.042769625859534699,0.043460334494934472,0.044079249183809566,0.044714658971674481,0.045219315989900366,0.046211497855601635,0.047268046200503733
10.217096965953182,0.03519010937118594,0.035189903248685539,0.035160447997810707,0.035218876497495444,0.0353762281886425,0.035482192221149234,0.035548496631065518,0.035624636903669682,0.035881465090582765,0.036149862432235835,0.036340540365255691,0.036450221516069803,0.036763092082171767,0.037180947456626257,0.037557320314451914,0.037791275994724316,0.038232635865664832,0.038779853909929329,0.03934912429620141,0.039688695129957097,0.040286626889457722,0.041025703342935316,0.041968365631639415,0.042645799036236554
10.588836205816014,0.03164291673933306,0.031776457985088769,0.03203251277659902,0.032101396525849424,0.031993261889770253,0.031955980496793046,0.032133635957848128,0.03236059782190992,0.03252985426903976,0.032633822733394879,0.032858750201583575,0.033096943366640375,0.033326776648475942,0.033500371213165181,0.033843589190933443,0.034236499175019475,0.034688508995422751,0.035011459580882587,0.03546580123840215,0.035892637783607739,0.03645144595303762,0.036966352520103385,0.037796588020889033,0.038502355644865816
10.974100820148156,0.028799188416996913,0.028822358984747609,0.02891148903886176,0.028952075870904537,0.028958476092153518,0.028978746725300653,0.029124723181574552,0.029312616560861926,0.029444734015680041,0.02949855902011933,0.029647417379049301,0.029898348575187583,0.030233141315232359,0.030425658883835638,0.030604223245834561,0.030853665443906664,0.031297049758943984,0.031682893786271649,0.032050549144717166,0.032377623418653911,0.032962635210164848,0.033491817988590356,0.034092272361498033,0.034575276072814631
11.37338291668245,0.026252021576762985,0.026165009652524773,0.026016012038070357,0.02599155044284629,0.026163150529455947,0.026355965401977599,0.026459116996736753,0.026466128174085668,0.026537091983739103,0.026672776962701761,0.026861191548780639,0.027023027579360814,0.027224972170635908,0.027468617595971523,0.027752814576158968,0.027947084571540159,0.028214976033819283,0.02850054334707508,0.028918075408141064,0.029286159349258156,0.029720583656200006,0.030145141434051226,0.030758369321286949,0.031268979516767104
11.78719250801797,0.023659930389966277,0.023615374605078898,0.023545633167643132,0.023541261826739657,0.023656240121878724,0.023798406816391449,0.023883362785612761,0.023886145863549757,0.023943008798422483,0.024084587683034897,0.024321037854901917,0.024476711451757893,0.024584674357859271,0.024692361732769896,0.02494650792242048,0.025260248990610634,0.025568099419320589,0.025778885720962208,0.026036255321464807,0.026346592112192369,0.026805557454046891,0.027187754372183903,0.027670229579273453,0.028123403707112971
12.216058163071356,0.021173385280185641,0.021240772411209363,0.021371083029203319,0.021457944964485165,0.021444549097935806,0.021416157476926045,0.021433369246128819,0.021541119712891188,0.021683554819974304,0.021821582137700801,0.021948389703625892,0.022072260145275635,0.022211889133119556,0.022327645708983823,0.022504641204772469,0.022716851304362962,0.023023149871887583,0.02328902299221447,0.023554980258015945,0.023755309863490837,0.024112404143354027,0.024491637204947736,0.02496923982702981,0.025331052978987856
12.660527682230573,0.019102493948379262,0.019162324058504154,0.019294662894802528,0.019380582637491983,0.019370480433533288,0.019310052316180659,0.019311122156549843,0.019430961666188296,0.019602202898212795,0.019728116180038668,0.019792178606616417,0.019838951314520514,0.019971827813233034,0.020164489675391195,0.020388169210974638,0.020541009695287826,0.020706831090196332,0.020879435792810597,0.0211596188307972,0.021453031217351537,0.021780916985994381,0.022071476072044405,0.022454409993784452,0.022796002524980707
13.12116879707348,0.01737769431496794,0.017374697274256334,0.017349694315608843,0.017349368370918938,0.017387520674283508,0.017447735180919466,0.017517985721690721,0.017600810029280822,0.017677916651335224,0.017747671397362552,0.017809705203852388,0.017878848973021277,0.01800250376088286,0.018166561489456612,0.018387496431863326,0.018560528328000814,0.018711138987589138,0.018803734690612472,0.018995861979089312,0.019250618555064491,0.019626462580941251,0.019929172555702479,0.020235259547037643,0.020472680766049578
13.598569895544994,0.015760020467601166,0.015721738659928874,0.015619161923661196,0.015572006264232385,0.015611002032609456,0.015743858437865299,0.015867746978909025,0.015940353200949886,0.015935751305327983,0.015942017301734168,0.016011846677773889,0.016130355366398064,0.016283476576832712,0.016410893269627636,0.016539907150374233,0.016657630951570468,0.016814744630776701,0.016972517643980112,0.017172096948767646,0.0173725046340234,0.017630212895001662,0.017877598512914261,0.018180676018582531,0.018423144816905435
14.09334077351912,0.014139825131141315,0.014127062741701835,0.014093770501584224,0.014092451446620302,0.01411744581770602,0.014192626173086254,0.014265737321604632,0.014316035174454456,0.014333476899386355,0.014357167681294136,0.014425968676324175,0.014548694505992721,0.014696690955455338,0.014812254753819865,0.014891877420479815,0.01494667519575188,0.015065933484891936,0.015237721456152542,0.015491498014867489,0.015712350635269878,0.015925137711692017,0.016064785987668806,0.016267210606070392,0.016480193193562087
14.606113413705872,0.012619570672927516,0.012657922109169384,0.012721964375882244,0.012789956319733342,0.012819409818590088,0.012807932646815345,0.012796355372132417,0.012806525000415014,0.012861184921660218,0.012949010165728581,0.013050228242484252,0.013144224597779086,0.013233554628799382,0.013306529945471546,0.013385815932418943,0.01345852213595311,0.013569432253169644,0.013712072962257515,0.013913080121143118,0.014117825115693705,0.014327102795852475,0.014471355508090866,0.014632132337663251,0.014800669532001542
15.137542792897909,0.011342634458918255,0.011375608459924358,0.011454158586904128,0.011533106928034442,0.011559152451532384,0.011540122277523324,0.011499027479802137,0.011497327386618572,0.011557466323745658,0.011662806776087109,0.011773472278500563,0.011853458664737637,0.011898598804743976,0.011929301740985387,0.011993064929814778,0.012093262951768047,0.012245935536773445,0.012390015298519685,0.012543489843050537,0.012661451931977652,0.012803928689121058,0.012935013214982582,0.013141021052168078,0.013341841057823878
15.688307718588129,0.010281233481460816,0.010289759469041648,0.010299605007520363,0.010327379737559816,0.010340721068915926,0.010352838858299407,0.010362273103807773,0.010392949200002555,0.010441655329270105,0.010512589849837717,0.010581253606239294,0.01063547627852035,0.01067716440426203,0.010709961846423255,0.010774674071571511,0.010874452858443462,0.011023631960283886,0.011169085377633614,0.011306332130767593,0.011391696285600439,0.011472879034186256,0.011566075164031631,0.01174859696214714,0.011974938519785816
16.259111696026753,0.0093146001310486781,0.0093086762235037313,0.0092623761321366516,0.0092311116086989387,0.0092245220388367244,0.0092678583624170585,0.0093291067710721265,0.0093993286422247024,0.0094517284030786186,0.0094805360925143134,0.0094990536380183954,0.0095174773485044994,0.009555390282988796,0.0096175759313910092,0.0097053769468242734,0.0098063557969432225,0.0099199293617502349,0.010027661899280282,0.010133632196458464,0.010214055051485538,0.010310485297561733,0.010397920531012517,0.01055930738643962,0.010743407842942254
16.850683826825456,0.0083877445306521636,0.008376627634341105,0.0083289813779958699,0.0082960639704610095,0.0082849239576754385,0.0083219678477783887,0.0083882324725159663,0.0084634770397205017,0.0085139263791647046,0.0085359723688225309,0.0085311446476570296,0.0085358706371421178,0.008567697940714325,0.0086399259893275016,0.0087410112450028166,0.0088434701579873654,0.0089377461564645877,0.0090006231707215889,0.0090646538132790333,0.0091257296396016763,0.009232779843443506,0.0093526355190696187,0.0095305298613075351,0.0096984751261790514
17.463779740256346,0.0074874642223372589,0.0074907316901726695,0.0074825021628921462,0.0074830458356838214,0.0074906978384250422,0.0075161707775528441,0.0075460641075091317,0.0075833463130794421,0.0076098911724873375,0.0076337297380870694,0.0076488697640617609,0.0076731880738019065,0.0077169734373505605,0.0077815515541681535,0.0078657200113223524,0.0079494020514609964,0.0080229751885387834,0.0080724291189402386,0.0081167084574897963,0.0081652762803567924,0.008258301325620554,0.0083813303374578041,0.008562310265702866,0.0087354903225627112
18.099182558435352,0.0066702792556370127,0.006685267980346854,0.0067147242181304634,0.0067541306768919007,0.0067816553105117805,0.0068009297730191598,0.0067954979431101847,0.0067930919959851011,0.0067924775640060275,0.0068065981390339481,0.0068442121786711496,0.0068976848798230073,0.0069600902036937029,0.0070241257966521253,0.0070812055745159697,0.0071335624194519553,0.0071780659919871148,0.0072154988638057915,0.0072694831286632677,0.0073252787853017587,0.0074215660569141306,0.0075331314242621517,0.0076827281220062105,0.0078281885831739118
18.7577038966229,0.0059749756109379604,0.0059909976653234054,0.0060251018058892214,0.0060746356791021583,0.006104613289502403,0.0061227363055715855,0.0061113347118459949,0.0060940577787493844,0.0060811721110289874,0.0060931314189329733,0.0061312578434953302,0.0061947011795471241,0.006263270434089474,0.0063266114118278871,0.0063716821016974734,0.0063973281637426105,0.0064216106761443292,0.0064470601555957074,0.0065007072891258844,0.0065740964740887975,0.006679248889100986,0.0067874831890133436,0.0069127876015424583,0.007012207672790538
19.440184899919522,0.0053877390901484468,0.0053961546635834523,0.0054131683059845948,0.0054405402308561612,0.0054576609231089535,0.005470683517524666,0.0054699639403774647,0.0054690241013610752,0.0054695786785150524,0.0054855565409939189,0.0055165632740128423,0.0055672636745351944,0.0056193599494132052,0.0056673771081516833,0.0057041454358279786,0.0057267326087835357,0.0057464423029052192,0.0057737632639391911,0.0058253929477762867,0.0058983109795964772,0.0060025961890635138,0.0061041105651615801,0.0062143062986610431,0.0062930311974351838
20.147497317680724,0.0048715080810635136,0.0048745812591601823,0.0048667283908385706,0.0048657472722648532,0.0048629362833214618,0.0048706810546150781,0.0048787760869126728,0.0049015143248463122,0.0049240598378441636,0.0049549614341855008,0.0049832379580307951,0.0050136258080810681,0.0050392910579095673,0.0050645196983927221,0.0050854049350010921,0.0051093775301676025,0.0051386435150417853,0.0051764650618493224,0.0052354093214952435,0.0053028591118635671,0.0053904398586737123,0.0054776668545046814,0.0055660240035297903,0.005632020998847409
20.88054461702329,0.004397106397819206,0.0043938685380970899,0.0043737906230227885,0.0043554852880056671,0.0043390630656587881,0.0043416612025204415,0.0043533367984300853,0.004388126778057444,0.00442426174422339,0.0044638921219162242,0.0044938967410659281,0.0045141607063097222,0.0045215662621027608,0.0045281647879138465,0.0045367642490639071,0.0045561341898081587,0.0045917139348168323,0.0046399791288527226,0.0047054410816209646,0.0047733340156952409,0.0048466040768597729,0.004910175251103599,0.0049762800337251889,0.0050227989251852012
21.640263136845526,0.0039417369687020365,0.0039391954075818081,0.0039216101755483734,0.0039051850637943364,0.0038907152629912289,0.0038917159678582003,0.0039026048298866911,0.0039328080591700676,0.0039673484910816015,0.004003507411768803,0.0040302060571826281,0.0040477695131693192,0.0040524819892167052,0.0040543049440615597,0.0040597093272367601,0.0040753693266522006,0.0041108059052659129,0.0041604971576143512,0.0042230904131752567,0.0042871410752125527,0.0043530616228419916,0.0043997461122322612,0.004447766133549802,0.0044802548263251918
22.427623283835395,0.0035127634340426095,0.0035128452294699297,0.0035059281870901682,0.0035034859258633588,0.0035001929960136735,0.0035065167562928767,0.0035150969198600723,0.0035338832218756444,0.0035543699183646638,0.0035772705448229303,0.0035936977622157418,0.0036077558348963645,0.0036182525964647549,0.0036265661634218294,0.0036389093986479715,0.0036604602957412968,0.003693389100014377,0.0037349669900357263,0.0037890049501883016,0.0038411859539255744,0.003893563787161991,0.0039340843482131849,0.0039715173526375658,0.0039978872022685685
23.243630771994255,0.0031199688932208591,0.0031260838488977871,0.0031299702729066237,0.0031421042883239547,0.003151506889896849,0.0031652618313882108,0.0031721161142685972,0.0031826770859877396,0.0031869145929741549,0.0031945563203470417,0.0031989540156189822,0.0032093951640939089,0.003220005617677657,0.0032384359375456917,0.0032605072803790769,0.0032897786988983491,0.0033250984703321329,0.003363051506848791,0.0034036725184787286,0.0034411176696667045,0.0034775496142525064,0.0035059820857643587,0.0035374590206749268,0.0035655466848902861
24.089327907259467,0.0027785650649362337,0.0027845325080860794,0.0027952706655137716,0.0028151197636003822,0.0028315641996272678,0.0028488035722487037,0.0028573378866685317,0.0028622478382236416,0.0028585044036443241,0.0028559249222370742,0.0028533231249187052,0.0028567690001276569,0.0028663076100796658,0.0028895677499668482,0.002917866980342354,0.0029521688206695096,0.0029896962050870446,0.003025736669151291,0.0030562144511876443,0.0030822277050432945,0.0031069799100886808,0.0031240564750121269,0.0031487230970018709,0.0031731527721886588
24.965794918866774,0.0024854347981270175,0.0024907040028524507,0.0025004708100878625,0.0025194618868299434,0.0025356439284299759,0.002551527183119906,0.0025594184309302159,0.0025642212357763761,0.0025589532809707771,0.0025551752892537527,0.0025503893897323993,0.0025532136400612249,0.0025619854790597252,0.0025815981967347579,0.0026098348072643995,0.0026430077014769626,0.0026780381181715773,0.0027105482338005693,0.002738069529691467,0.0027569835314499302,0.0027751637073617497,0.0027871076374080817,0.0028063282176526982,0.002828240778596447
25.874151339153041,0.0022341759557485963,0.0022381229561656557,0.002242507128711213,0.0022546471535140888,0.0022640821950852263,0.0022754311059828281,0.0022808003048334635,0.0022854991767199406,0.002285114719041359,0.0022851468457972812,0.0022849490464753597,0.0022909062412848069,0.0023000737674068183,0.0023173042816853062,0.0023398338180954381,0.0023661462844802861,0.0023940495556820096,0.0024192023603525348,0.0024424598640208073,0.002459656626132789,0.0024747079140307049,0.0024871414778215861,0.0025055779066931461,0.0025275655447846157
26.815557433561711,0.0020130118320275114,0.0020152168614366861,0.0020145662801821507,0.0020174175769164249,0.002018508335529301,0.0020230283916046199,0.0020243572497307127,0.0020285626514541244,0.0020332046537551163,0.0020397206772826415,0.0020463387583505854,0.0020571833592739619,0.0020693702258152147,0.0020855880740282551,0.00210201260529852,0.0021205601578939692,0.0021393420564758125,0.002155975931535048,0.0021719521797561869,0.0021858444269414745,0.0022005594952810847,0.002214768036348902,0.0022353030127810758,0.0022599535910388102
27.79121568267772,0.0018125398331181319,0.0018125732321474519,0.0018081856532835561,0.0018052840695035322,0.001800210519010359,0.0017989102437673266,0.0017973075238417735,0.0018014253653356738,0.0018062369235806175,0.0018183169395490362,0.0018302025552301426,0.0018454208464182553,0.0018608118922796013,0.0018766492359580944,0.0018897866174124589,0.0019018123900284012,0.0019130958126211128,0.0019224049562707179,0.0019316333778952588,0.0019401770140122787,0.0019539980517009337,0.0019695819472951293,0.0019922098059252935,0.0020187260491554282
28.802372318184783,0.0016262557075642503,0.0016257847395242386,0.0016202143613507358,0.0016148039943933989,0.0016067059377126158,0.0016028815034100363,0.0016000489399057849,0.0016027889251350458,0.0016080378901484615,0.0016202386174658523,0.0016346612587773146,0.0016515019264699005,0.0016671686876857938,0.0016832844328777963,0.0016957760042511927,0.0017051093508231308,0.001711208340877679,0.0017158934627841127,0.0017207593654192666,0.0017263609347160092,0.0017363150460056875,0.0017503803468820189,0.0017741829627977435,0.0018009668841215687
29.850318914707021,0.0014520238840669553,0.0014521971184400795,0.0014472158485100417,0.001442589437510633,0.0014353742941599079,0.0014318178985641139,0.0014294583650401038,0.0014321758043878696,0.0014367335783747603,0.0014477891256766684,0.001459706745529421,0.001475124011370732,0.0014891118125495706,0.0015031411722587484,0.0015144922083406009,0.0015229510136056668,0.0015276748510538174,0.0015312388997765769,0.001534825147668617,0.0015395969952480826,0.0015483751955715497,0.0015608808958380016,0.0015820428078888171,0.0016077112126399729
30.936394039568196,0.0012906901686537409,0.0012911720069671562,0.0012883522308985151,0.0012863413724445438,0.0012824945211098449,0.0012814540070886782,0.0012804364089784581,0.0012839724618389781,0.0012880777328260762,0.0012960112301046434,0.0013051917500603305,0.0013165608194442568,0.0013271361184571395,0.0013379350083080888,0.0013467245623051127,0.0013544074835832309,0.0013594978808542657,0.0013634900173827846,0.0013683332673883331,0.0013738443811700529,0.0013834175688320349,0.0013954938766643221,0.0014145379601938068,0.0014367862287888444
32.06198496257587,0.0011437053443356104,0.0011449079321185773,0.0011440590795853689,0.0011454758640961904,0.0011453370083437941,0.0011472542503218608,0.0011491997531109521,0.0011532083482784783,0.0011572261755638524,0.0011629028369486982,0.001168671268957977,0.0011758022994165507,0.0011820375563124097,0.0011888658387879114,0.0011944868122409358,0.0012004645730352426,0.0012054843613986121,0.0012112619731906027,0.0012173687435847458,0.0012251568455489137,0.0012363818028771068,0.001249390916221671,0.0012673343647222612,0.0012870499113579736
33.228529428014404,0.0010135429026157383,0.0010146304239262993,0.0010157244418699807,0.0010192615256368054,0.0010220565373575963,0.0010268120919503243,0.0010302907993757771,0.0010355282683991995,0.001039110233224616,0.0010439887283389959,0.0010468119242404983,0.0010508567538369817,0.0010533451779380365,0.001056588191263419,0.0010598576170107732,0.0010631023330495704,0.001067113352268001,0.0010739416444824901,0.0010812738854809045,0.001090823637436622,0.001103105422335493,0.0011173849020735815,0.0011358073557874437,0.0011543331102332188
34.437517491110206,0.00089907052480805993,0.00090014109403829812,0.00090165773926592641,0.00090656785597664769,0.00091117350620961712,0.00091745865575088015,0.00092229058442627743,0.00092781861903667995,0.00093188151925915896,0.00093569068370247255,0.00093733011482466377,0.00093876439003792722,0.00093920457604157459,0.00094017766724335816,0.00094099891620902376,0.00094317890768683132,0.00094617235296134972,0.00095126719618893185,0.00095940194707350157,0.0009698010149750691,0.00098257110324168062,0.00099712213083696932,0.001015077182326185,0.0010329454002679928
35.690493421315054,0.00079894978128847161,0.00080012752624120109,0.00080213077967319912,0.00080699721121602064,0.00081181376025388219,0.00081813881723150073,0.00082327512028482208,0.00082878974276229256,0.00083221281993359209,0.00083573490742025469,0.00083716547026196908,0.00083790153451138161,0.00083710561716285325,0.00083700300870531708,0.00083698771171134001,0.00083826007132628555,0.00084045480564343134,0.00084507102654191035,0.00085208117442989173,0.00086187028683926137,0.00087448395688966007,0.00088826143172562877,0.00090489276077909686,0.00092160304400035198
36.989057674838449,0.00071248791357741981,0.00071352037813401936,0.00071506639942714445,0.00071917489143938362,0.00072305508268893925,0.00072862544568777499,0.00073288688505962485,0.0007374699689165487,0.00074058873612745102,0.00074380850186070435,0.0007450384715730618,0.00074604738980590946,0.0007453850331551326,0.00074535617166293644,0.00074527128873544402,0.00074647042176753664,0.00074875884944627935,0.00075269727226998095,0.00075890174156448276,0.00076731293247184196,0.000778783572943198,0.00079101730279920734,0.00080568024451715958,0.00082045718557260949
38.334868938948745,0.00063693864894009966,0.00063811569008886959,0.00063890242692576926,0.00064173498191039124,0.00064426805395104148,0.00064830857167758049,0.00065127635866316091,0.0006547327855582763,0.0006569933713643783,0.0006595845869785677,0.00066090948690311624,0.00066230541580056257,0.00066236797290239458,0.0006631534107645054,0.00066371883472063353,0.00066546050802143708,0.00066825598136177611,0.00067221793053159895,0.00067771093747262534,0.00068500826329476183,0.00069441680289655805,0.0007050743366771306,0.00071737672912880468,0.00072986528971064057
39.729646250654199,0.00057063437888010826,0.00057118977134840154,0.00057131841601201772,0.00057302067269238144,0.00057413825073629465,0.00057646565305013997,0.00057798344626955322,0.00058035731023495241,0.00058161301827286405,0.0005835315532539409,0.00058448169976982323,0.00058624932940357088,0.00058722616812079131,0.00058900506660658491,0.00059051336616280925,0.00059316385208715849,0.00059639856824908466,0.0006008726604565251,0.00060624453723406857,0.00061265072602909032,0.00062050956675194224,0.00062943062287662555,0.0006394029962361325,0.00064931565587261764
41.175171192470152,0.00051110417579400269,0.00051143784024951233,0.00051124915590300413,0.00051180419082541562,0.00051176558421414664,0.00051264522564148374,0.0005128686103249569,0.00051395803500339787,0.00051451424061133011,0.00051570602135071753,0.00051647414673167136,0.00051830159871216197,0.00051980368555329393,0.00052230753122295415,0.00052486135944229684,0.00052809959175803556,0.0005319771361809722,0.00053673509571036671,0.00054210440964488904,0.00054842707430624582,0.00055526937410324551,0.00056228961103135799,0.00057057520042613774,0.00057848335996354971
42.673290168077123,0.00045731821433366016,0.00045751779230820966,0.00045683224623974117,0.00045689524355760347,0.00045605333715878493,0.00045589135300487527,0.00045518381578027456,0.00045520446851997354,0.00045504890385666963,0.00045590825272184832,0.00045637248126556562,0.00045806212336758911,0.00045973817089856039,0.00046252857884011844,0.00046571943740850164,0.00046943644078362157,0.00047389494383827391,0.00047883796550658719,0.00048431209089001837,0.00049003257928549593,0.00049628194048803587,0.00050281164334375905,0.00050948800260103289,0.00051577745431803657
44.225916760776492,0.00040839163132824763,0.00040853369354670876,0.0004077310235306858,0.00040740406892482428,0.00040615094317231204,0.00040539945979321812,0.00040417012298644972,0.00040382195306087887,0.00040309935930378515,0.00040354017070627635,0.00040396569464705434,0.00040512346844674696,0.00040685078865351776,0.00040970972414587636,0.00041284672862366978,0.00041704349249684081,0.00042136135367017158,0.00042630300362173079,0.0004317767508477538,0.00043726841989578935,0.00044308087290190201,0.00044880070066674604,0.0004545810127361688,0.00045996440528348059
45.835034177756413,0.00036364695173089767,0.00036391431493829063,0.00036314412067132984,0.00036264343463898729,0.00036134798096799925,0.00036042698471222545,0.00035902932003255283,0.00035833116750982885,0.00035755110857906003,0.00035784167704279446,0.00035799391487895127,0.00035908144325039193,0.00036060183188159345,0.00036322784628839422,0.00036625542634585728,0.00037019656107939447,0.00037439572051967129,0.00037910625821913069,0.00038407577389606984,0.00038913394758974262,0.00039453068679912162,0.00039963483462390759,0.00040493944991898401,0.00040954024877376538
47.50269778328984,0.00032311121277323052,0.00032330068506480902,0.00032265805798563363,0.00032225053239068324,0.00032106814400348349,0.00032026379960935214,0.0003190008327586813,0.00031839419082756171,0.00031768171744510354,0.00031784345066995789,0.00031806286401618589,0.00031914843236217905,0.00032040548994402562,0.00032259331143459635,0.00032523060558339867,0.00032870307817099709,0.00033249807117298469,0.00033674891231938453,0.00034119709307395274,0.00034565722311938329,0.00035047770401894218,0.0003550412051562396,0.00035979467681118704,0.00036391013181552578
49.231037724100673,0.0002863384102828187,0.00028653921391912085,0.00028600873069807575,0.00028579062699407576,0.00028488622580770395,0.00028435109152907811,0.00028341785246649431,0.0002831097378690195,0.00028258807250909623,0.00028283547567867218,0.00028315193247012427,0.00028411560936138225,0.00028519477111854652,0.0002871245857282434,0.00028934635197441771,0.0002922642318838875,0.00029551827286432297,0.00029906681354284481,0.00030283467373838635,0.00030679704941236063,0.00031079378722795314,0.00031468121826323803,0.0003187366288104343,0.00032254990730760935
51.022261650251231,0.00025318901833209367,0.00025341896133106862,0.00025300736496165072,0.00025301026247327024,0.00025247034475486124,0.00025232766945802731,0.00025171738540510219,0.00025168544896578965,0.00025151283715375838,0.00025195785418836297,0.00025234063435776444,0.00025334703260550956,0.00025434380601731948,0.00025606072519187423,0.00025783042692420488,0.0002602715540402506,0.00026282472752611752,0.00026573502379825809,0.00026887955075299147,0.00027207451478862554,0.0002754233943716225,0.00027865024313117326,0.00028205756763131917,0.00028524812292763518
52.878657535026633,0.00022366223856228051,0.00022377804812066804,0.00022361785426986552,0.00022373159110902069,0.00022348539207909385,0.00022363175994790513,0.00022353451783373168,0.00022375629820235027,0.00022387676076674606,0.00022451287233279243,0.00022503860125442504,0.00022614566308389039,0.00022711679884290792,0.00022862780683306771,0.00023012388220400304,0.00023200923881060848,0.00023405657251530931,0.00023642203629364172,0.00023884654040540881,0.00024135060688929011,0.00024407917937935286,0.00024665757886485618,0.00024944213080901889,0.00025202987162215723
54.802596597418052,0.00019733244326180371,0.00019757158447938211,0.00019739622020571723,0.0001977284624882017,0.00019774773351424746,0.00019818219111625984,0.00019828045880398992,0.00019889750631305048,0.00019926671976595173,0.00020009559702472562,0.00020076494882587809,0.00020180374733688028,0.00020284321411647571,0.00020415914616815634,0.00020551514990200387,0.00020705103407706038,0.00020874533733553774,0.00021049272260051377,0.00021234237691200586,0.00021434650388466037,0.00021643129734698341,0.00021840230597036658,0.0002206369642143366,0.00022263913682898234
56.796536330937336,0.00017419431283580145,0.00017431957874004117,0.00017433482884944562,0.00017473217244101669,0.00017489110735582208,0.00017548668969086245,0.00017591498155503787,0.00017671516710166674,0.00017726119601784579,0.00017816971636985118,0.00017902716248533596,0.00018009382983140421,0.00018113087115903537,0.00018232827070552293,0.00018351572753207146,0.00018489067896677869,0.00018615767787194537,0.00018757133761812539,0.0001889607993265166,0.00019045701673633952,0.00019203745962167312,0.00019350586536757974,0.00019532315769465319,0.0001969256840257394
58.863023642632825,0.00015377011411674482,0.00015397641395804157,0.00015403786396164104,0.00015441245630659281,0.00015473713638761155,0.00015543706796473586,0.00015599834318402034,0.00015685002016192773,0.00015761580585993418,0.00015861261318071695,0.00015941161997039266,0.00016056876965504785,0.00016150978273480471,0.00016269553325433395,0.00016378448730832579,0.00016496285293537971,0.00016603845140047285,0.00016717928578723756,0.00016828238928517925,0.0001693843464417033,0.00017052907368716314,0.00017181167413385379,0.00017304860242883108,0.00017429881242346512
61.004698106314358,0.00013594291648567555,0.00013606732276718811,0.00013613822049548738,0.00013661470774468595,0.00013696949957553092,0.00013767989209763354,0.00013829198546835147,0.00013921218970575772,0.00013999662767434987,0.00014094978361817861,0.00014188585112111587,0.00014292728455646622,0.00014391111581383426,0.00014497720187571853,0.00014594715375252504,0.00014700578949193577,0.00014793818949854209,0.00014892810818853061,0.00014982678358913329,0.0001506618061546533,0.00015155156574710518,0.00015247333763269283,0.000153417643231641,0.0001543927313248962
63.224295334144671,0.00012029748892062805,0.00012045486312671494,0.00012051740674582506,0.00012097723004583782,0.00012130425642374945,0.00012200631759639105,0.0001226275740934743,0.00012350822032118625,0.00012428448044553633,0.00012525790080942373,0.00012608266714305219,0.00012714184286550731,0.00012801519943989037,0.00012897586911074857,0.00012986014077285071,0.0001307885170218348,0.00013170177880524742,0.00013252730836933735,0.0001332671129324163,0.00013398830555063149,0.00013468984576528453,0.00013534941661452055,0.00013617558427805876,0.0001368522090729879
65.524650470901975,0.00010664428251660682,0.00010677234519989448,0.00010688087326682708,0.00010720090168515536,0.00010755351462825649,0.00010818953661067415,0.00010874604375705338,0.00010956996765393648,0.00011028097974224299,0.00011116993514847032,0.00011197895192411461,0.00011283561648012252,0.00011366823146341173,0.00011454961556201307,0.00011534267643248386,0.00011617832464765748,0.00011698611342430762,0.00011774580093055348,0.00011840120689799241,0.00011902003366743782,0.00011960441732457999,0.00012016692789437386,0.00012079823356682048,0.00012136410407319331
67.908701815378791,9.4664476315661772e-05,9.4768764795676724e-05,9.4862747337536718e-05,9.5141658409327035e-05,9.5445758256092889e-05,9.6000892894607809e-05,9.6480535712421822e-05,9.7202695913914394e-05,9.7828380457177372e-05,9.8621919197790925e-05,9.9313826037516345e-05,0.00010014981380382371,0.00010079855779457705,0.00010161239607463235,0.00010228516984767122,0.00010302381751802966,0.00010375466357000207,0.00010439927006333782,0.00010497842604542673,0.00010557721789128741,0.00010608543438399981,0.00010658614179474835,0.00010714823304618787,0.00010764751919844009
70.37949457354128,8.4126402426054625e-05,8.4245863910089452e-05,8.4247463245878257e-05,8.4552884804443146e-05,8.4769875232849901e-05,8.5233324135309402e-05,8.5629752737407389e-05,8.6242661186838182e-05,8.6765761979770012e-05,8.7432145310619575e-05,8.8011336902921178e-05,8.8697370107148482e-05,8.9314554650405525e-05,8.997899371223847e-05,9.0583582058385848e-05,9.1210966322610026e-05,9.1797534383427498e-05,9.2433335028065458e-05,9.2951407979364672e-05,9.3497446685216271e-05,9.3978027154488497e-05,9.443930708509865e-05,9.4930567109553776e-05,9.5397428651429125e-05
72.940184748243709,7.483365497997288e-05,7.4935240444528803e-05,7.4957607520036509e-05,7.517827400824531e-05,7.5343435842058909e-05,7.5716649058012175e-05,7.6064936042112563e-05,7.6501283452294275e-05,7.6927766525727512e-05,7.7491320477940037e-05,7.7955002272905166e-05,7.852755077318585e-05,7.9030390211979815e-05,7.9611471367929329e-05,8.0095881498969818e-05,8.0647150259858039e-05,8.1146592784367422e-05,8.1646061405336867e-05,8.2166747620808847e-05,8.2620566528440742e-05,8.3112586479862707e-05,8.3527049430060646e-05,8.3986589364917416e-05,8.4431802505967324e-05
75.594043170467017,6.6614313726860025e-05,6.669972275074286e-05,6.6689653957357001e-05,6.6885325275736068e-05,6.7004006537288788e-05,6.7294659944820007e-05,6.7523888282492589e-05,6.7927357830854102e-05,6.8225018777729254e-05,6.8672741308870716e-05,6.9028584468002266e-05,6.9483312956340054e-05,6.9888692547684719e-05,7.0358322064763279e-05,7.0757375217011392e-05,7.1214775940933034e-05,7.1622217995743337e-05,7.2074152019258389e-05,7.2475604524254236e-05,7.2935546025373887e-05,7.33465862752785e-05,7.3777861949231305e-05,7.421417201062229e-05,7.4618776230560985e-05
78.344459677229182,5.9322122262816732e-05,5.9393005811316305e-05,5.9380181969281159e-05,5.9530400752126275e-05,5.9609806270835217e-05,5.9828913814211418e-05,5.9987392644763118e-05,6.0300617985360044e-05,6.0512529720767663e-05,6.0857006936271968e-05,6.1117744621821957e-05,6.1467378299538342e-05,6.178458335480419e-05,6.2153054539500208e-05,6.2471290273886232e-05,6.284126312574613e-05,6.3174014526592645e-05,6.3561691003466425e-05,6.3905706487876399e-05,6.4306258512543055e-05,6.4675779499381858e-05,6.5065654638764639e-05,6.5468657654227033e-05,6.5872072588124553e-05
81.19494744150586,5.2833583633045064e-05,5.289235661372349e-05,5.288106926873426e-05,5.2991277752857668e-05,5.3038974473963371e-05,5.3199104507488035e-05,5.3299633788852704e-05,5.3511321687191651e-05,5.3654471455796479e-05,5.3933292324021692e-05,5.4114012251429977e-05,5.4374066885083672e-05,5.4609942739298686e-05,5.4889930059295877e-05,5.5140754868754707e-05,5.5432081196352817e-05,5.5695776614158102e-05,5.6003366786738784e-05,5.6293252666027652e-05,5.6647637976936852e-05,5.6973402399806278e-05,5.7304646383976934e-05,5.7700470621684791e-05,5.8074653746431962e-05
84.149147459689956,4.7049281316503475e-05,4.7093165158796149e-05,4.7081242188813308e-05,4.7163649817412792e-05,4.7185060028494263e-05,4.7304289684517442e-05,4.7370425245860798e-05,4.7511478106864943e-05,4.7597995999220516e-05,4.7763644687970688e-05,4.7918898183231008e-05,4.8105682240763559e-05,4.8272990947464955e-05,4.847963859262814e-05,4.8652717037672016e-05,4.8892528259463983e-05,4.9098881157384061e-05,4.9349002791915751e-05,4.9586283244079134e-05,4.9864577561852669e-05,5.0146296366501697e-05,5.0453317085179944e-05,5.0802476486596672e-05,5.1145184202128213e-05
87.210833202324253,4.188644220293105e-05,4.1925975937976215e-05,4.190686139132066e-05,4.1971032387859777e-05,4.1972420765951091e-05,4.2058716506092504e-05,4.2090553755676566e-05,4.218589685903943e-05,4.2229924451497522e-05,4.2357340850923686e-05,4.2424600026711584e-05,4.259170747649213e-05,4.2684791399886027e-05,4.2832304043570295e-05,4.2951786042906386e-05,4.3135518347615399e-05,4.3295120788871579e-05,4.3493768230074524e-05,4.3683830673785923e-05,4.3900393091204047e-05,4.4149562823736672e-05,4.4404265561277453e-05,4.4714114730287288e-05,4.5021315428272167e-05
90.383915434045193,3.7273207630530818e-05,3.7309443723510319e-05,3.7286142308718719e-05,3.7337299687949937e-05,3.7324345303376208e-05,3.737601179333843e-05,3.7386226098836198e-05,3.7455297644993328e-05,3.7479750989338409e-05,3.7553072387179649e-05,3.7584685734362751e-05,3.7670458770025506e-05,3.7740354128385986e-05,3.7859875787965916e-05,3.7954766280294192e-05,3.8076263582165377e-05,3.8185984119033269e-05,3.8342290914173197e-05,3.8491868138391776e-05,3.8676306897615469e-05,3.8880320497597029e-05,3.9097451875285544e-05,3.9358514874247158e-05,3.9627471715599286e-05
93.672447208896912,3.3148361059639857e-05,3.3176127570910645e-05,3.3159600597311954e-05,3.3198353881980051e-05,3.3176714986099184e-05,3.3221083016941357e-05,3.3205543088438497e-05,3.3243086142276113e-05,3.3245971908542685e-05,3.3295810357708046e-05,3.3302931864829036e-05,3.3370969238101685e-05,3.3395635127465677e-05,3.3463660384348837e-05,3.3527566596315214e-05,3.363091615418267e-05,3.3707585021118362e-05,3.3829592502899151e-05,3.3944911712574521e-05,3.4086105638536993e-05,3.425395187125254e-05,3.4440332754227983e-05,3.4663411824223042e-05,3.489259128418732e-05
97.080629047394183,2.9458753054073528e-05,2.9492199959344108e-05,2.9465855634219079e-05,2.9487228672281547e-05,2.9477186215775414e-05,2.9504756826928026e-05,2.9480705193886923e-05,2.950878662057177e-05,2.9490560817694439e-05,2.9516147876799612e-05,2.9512308957407168e-05,2.9545566209851319e-05,2.9560324079241397e-05,2.9604249832201716e-05,2.9644979139807105e-05,2.9704961418325349e-05,2.9770825725032764e-05,2.9853581785629045e-05,2.9956504026883851e-05,3.0068759846518453e-05,3.020592526681732e-05,3.035783550487791e-05,3.0539271517078352e-05,3.0741172183429769e-05
100.61281430194772,2.6161883045582209e-05,2.6186304023902499e-05,2.6161085511025584e-05,2.6176978830448269e-05,2.6165052740861026e-05,2.6177334567940684e-05,2.6161863080390382e-05,2.6173086691274813e-05,2.6149508629262457e-05,2.6163055541861963e-05,2.6147632824707369e-05,2.6166680293659723e-05,2.6161171466016105e-05,2.6195729356586536e-05,2.6207385355257566e-05,2.6262553252361879e-05,2.6311010674615921e-05,2.6372896868637717e-05,2.6439321460802485e-05,2.6537369992613892e-05,2.664518854087394e-05,2.6779292324887599e-05,2.6938467810563946e-05,2.7101203923383683e-05
104.27351471750627,2.3204344657085183e-05,2.3221911453798639e-05,2.3209867131486137e-05,2.3221648553886729e-05,2.3205167388581395e-05,2.3224133559403195e-05,2.3195286852140291e-05,2.3200835185538046e-05,2.317309079690388e-05,2.318363109126342e-05,2.3161692745315814e-05,2.3170601351983275e-05,2.316424585637562e-05,2.3181826207459375e-05,2.3184637033669183e-05,2.3223505010111587e-05,2.3246667518061863e-05,2.3293647808131975e-05,2.3368251723173729e-05,2.3440272403027658e-05,2.3527973092372489e-05,2.3631347984857162e-05,2.3765007889542129e-05,2.3910500203264042e-05
108.06740619451595,2.0559499472873506e-05,2.0585231643268417e-05,2.0563596567359232e-05,2.0573355569446141e-05,2.0563817207610528e-05,2.056888016085728e-05,2.0540735077518701e-05,2.0552141632336571e-05,2.0526003327178254e-05,2.0529091836640322e-05,2.0506740492956879e-05,2.0510713117815292e-05,2.049678560365727e-05,2.0508858589105439e-05,2.0508638539134139e-05,2.0541116691509109e-05,2.0556714047163978e-05,2.0593338639814714e-05,2.0642800092578965e-05,2.0700561711702991e-05,2.0772162112130642e-05,2.0864081973145064e-05,2.0983361325736284e-05,2.1106648941958232e-05
111.99933476156073,1.8199080584496968e-05,1.8212659238235705e-05,1.8193902623792231e-05,1.8212314910618504e-05,1.8199085051455888e-05,1.8203405804594411e-05,1.8187651525230705e-05,1.8189534945619971e-05,1.8164776202441932e-05,1.8165679378580844e-05,1.8146507367195266e-05,1.814629444166346e-05,1.81327126294018e-05,1.8143314770981828e-05,1.8139866851465524e-05,1.8157335387857659e-05,1.8169620177140283e-05,1.8204289808661841e-05,1.8249106010362511e-05,1.8297067665913255e-05,1.8362602795574372e-05,1.8435492721701786e-05,1.8530949145741278e-05,1.8635175331432018e-05
116.07432276531028,1.6089206344009101e-05,1.6110371126573219e-05,1.6093422291196379e-05,1.6101142213367954e-05,1.6094637192704334e-05,1.6098698673330542e-05,1.6076645569288416e-05,1.6084100427627129e-05,1.606251980101241e-05,1.6064800517118834e-05,1.6046885214422626e-05,1.6046488743276782e-05,1.6034548459835114e-05,1.6042808681365327e-05,1.6040216263719324e-05,1.6056042188720802e-05,1.6071298176371929e-05,1.6096935511294465e-05,1.6124554505513727e-05,1.6171848909023959e-05,1.6222927352957644e-05,1.628475307878215e-05,1.6366194738350309e-05,1.6462185653250659e-05
120.29757528568456,1.4214260293593343e-05,1.4225105812020042e-05,1.421893808023684e-05,1.4226175330038027e-05,1.4217532390868983e-05,1.4222177312293253e-05,1.4210497695010815e-05,1.421363404805029e-05,1.4195963089172047e-05,1.4198466798674356e-05,1.4183081194691022e-05,1.4187538050641508e-05,1.4173363266040866e-05,1.4181992694438633e-05,1.417978115562349e-05,1.4194077109235806e-05,1.4203794056568287e-05,1.422991010089302e-05,1.4254348366365055e-05,1.4290677200065041e-05,1.4343760737948975e-05,1.4397663290357946e-05,1.4471843645377357e-05,1.4549476291438133e-05
124.67448678442648,1.2548819696329289e-05,1.2558506587981603e-05,1.2550040124343796e-05,1.2557198148769374e-05,1.2553322807916248e-05,1.2558443688573265e-05,1.2543446357773935e-05,1.2547217813320671e-05,1.253883683128296e-05,1.2542696985607402e-05,1.2529040314674614e-05,1.2535009963485048e-05,1.2523532098853655e-05,1.2532887722268736e-05,1.2533508309469721e-05,1.2548296866208295e-05,1.2555541676787874e-05,1.2577829473964285e-05,1.2604686070102683e-05,1.263768801467325e-05,1.2681392092022759e-05,1.2729250735869953e-05,1.2791421781167996e-05,1.2860804460648875e-05
129.21064799557803,1.1068338132711212e-05,1.1077101315266468e-05,1.1072658209525721e-05,1.1079632762947935e-05,1.1068026603346841e-05,1.1082459332100066e-05,1.1072917584597271e-05,1.1078338052705489e-05,1.1067792824458232e-05,1.1073274189205961e-05,1.1063339568875147e-05,1.1070644787593937e-05,1.1066858335536441e-05,1.1076955380439745e-05,1.1074242857712479e-05,1.1087954912987995e-05,1.1098657793990035e-05,1.1120254189433271e-05,1.114311321206117e-05,1.1173627600700965e-05,1.1210096165569644e-05,1.125345998823535e-05,1.1310644125763413e-05,1.1370659271686201e-05
133.91185306665858,9.7592046666187485e-06,9.7670752620098843e-06,9.7583591681853297e-06,9.7756433654965728e-06,9.7663775395313498e-06,9.7726301689002575e-06,9.7636024923102548e-06,9.7695917401837296e-06,9.7654078168370618e-06,9.7721139740414818e-06,9.7667556599014341e-06,9.7729263006057863e-06,9.7666757493217616e-06,9.7781013576618472e-06,9.7826098363715686e-06,9.7981855041709334e-06,9.8070558215807794e-06,9.8280812524686491e-06,9.8494940772254555e-06,9.8787403309734487e-06,9.911608553961164e-06,9.9548262902661964e-06,1.0004675061742706e-05,1.0058542862272785e-05
138.78410695966824,8.5993035226045959e-06,8.6092718611944976e-06,8.6017353638845936e-06,8.6083920929191232e-06,8.6010340797973688e-06,8.6136931420439586e-06,8.6069770822573121e-06,8.6137108018221123e-06,8.6083565049837468e-06,8.6186301952670148e-06,8.6129053754361532e-06,8.6225414652921044e-06,8.623629538651598e-06,8.6356921249661732e-06,8.6368428282668306e-06,8.6526958967129194e-06,8.6653357089369262e-06,8.6863686718798537e-06,8.7033534985456358e-06,8.7309672426112879e-06,8.7629982039902181e-06,8.7995528085741802e-06,8.8450483568017994e-06,8.8941487679449708e-06
143.83363312137053,7.5710319887753973e-06,7.5773450546625081e-06,7.5748044128501248e-06,7.5812335998142908e-06,7.5754979409371889e-06,7.5822281384688465e-06,7.5822658778659574e-06,7.5903811524895889e-06,7.5874007019799319e-06,7.5958696480147312e-06,7.5951601848783801e-06,7.6029394911923068e-06,7.6057563586554413e-06,7.6183500197520406e-06,7.6255646466773241e-06,7.6367087257861671e-06,7.6497636323903748e-06,7.6675408479354949e-06,7.6877687465017139e-06,7.714047580807161e-06,7.7425110948302301e-06,7.7763288182683236e-06,7.8177747932527998e-06,7.8621284591770795e-06
149.06688143264944,6.663204793745073e-06,6.6688675753789808e-06,6.6637467904725198e-06,6.6727504293652342e-06,6.6683555869890372e-06,6.6751090115397442e-06,6.6747493185861538e-06,6.6823038005116991e-06,6.6822738106530125e-06,6.6911360817684335e-06,6.6920135962323041e-06,6.7024131592316851e-06,6.704081784795579e-06,6.7169171187091365e-06,6.7250241896131633e-06,6.7408206290982915e-06,6.7498519688721998e-06,6.7697748496580714e-06,6.7863096260452338e-06,6.8111726677767912e-06,6.8389958214536226e-06,6.8707498239445461e-06,6.9066841285855872e-06,6.9470598869026063e-06
154.49053644709775,5.8620168975434019e-06,5.8670977088025322e-06,5.863900167235505e-06,5.8696521219401415e-06,5.8697843981793656e-06,5.8764544509818739e-06,5.8744664972842746e-06,5.8820875352643244e-06,5.8817944605328489e-06,5.8916794175902778e-06,5.893740182535143e-06,5.9042910756822642e-06,5.9063264565829788e-06,5.9191724874006193e-06,5.9241486702197232e-06,5.9397525103830522e-06,5.9530499314624499e-06,5.9721885837873967e-06,5.9912360410626763e-06,6.0114784706035177e-06,6.0374127452549357e-06,6.0668154321238347e-06,6.1018659215628622e-06,6.1359888958397758e-06
160.1115259293569,5.1562646151643915e-06,5.1617593656149308e-06,5.1580766130178033e-06,5.1634676758590629e-06,5.1609642770590646e-06,5.1673458929385723e-06,5.1690678534401695e-06,5.1765862489578729e-06,5.1772386088071729e-06,5.1860112213353987e-06,5.189437753238017e-06,5.1999022799003192e-06,5.2026706451246615e-06,5.2152573322143854e-06,5.2242150915833953e-06,5.2392540760933708e-06,5.2488486963753449e-06,5.2670781873400546e-06,5.2851791316019681e-06,5.3074291868093239e-06,5.331832981456076e-06,5.3554939409727236e-06,5.3856992213029316e-06,5.4194045976802257e-06
165.93702970411763,4.5334691308360447e-06,4.5396326645362841e-06,4.5365607995852893e-06,4.5415715850783637e-06,4.5397405995802704e-06,4.5458238456852528e-06,4.5454286208793538e-06,4.554876649967717e-06,4.5562015143265082e-06,4.5638927399833007e-06,4.5673002916533857e-06,4.5757685594960905e-06,4.5817617276321717e-06,4.5938988353268618e-06,4.6028657673070016e-06,4.6172452464098772e-06,4.6298437279226239e-06,4.6438899215177462e-06,4.6609589229753396e-06,4.6817169539862288e-06,4.7043073847190383e-06,4.7295795208437226e-06,4.753547733010342e-06,4.7842898034966032e-06
171.97448882708204,3.9860428242648443e-06,3.9895511463696777e-06,3.9888414644473455e-06,3.9934636207870932e-06,3.9921507484032065e-06,3.9978747774747372e-06,3.9979792879620783e-06,4.0065814369876157e-06,4.007223377973173e-06,4.0154953297601268e-06,4.0192073446313902e-06,4.0289157772143108e-06,4.0348743235528299e-06,4.0449582893688414e-06,4.0537317025647049e-06,4.0673196266580538e-06,4.0793416113802826e-06,4.0954352387768977e-06,4.1085564071855797e-06,4.1278034044292295e-06,4.1457154139107246e-06,4.1687868132243063e-06,4.1954490295011593e-06,4.223604250669442e-06
178.23161508960192,3.5032621664515492e-06,3.5063681198346536e-06,3.5042010402751788e-06,3.5100333642408663e-06,3.5091123696305375e-06,3.5144380023450941e-06,3.5148865796148245e-06,3.5213558429613616e-06,3.52347579301752e-06,3.531264999113938e-06,3.5350924840901418e-06,3.5442444374083758e-06,3.5501355773969161e-06,3.5608615799394999e-06,3.5680820588447084e-06,3.5807810234441502e-06,3.592103786447063e-06,3.6070482920499188e-06,3.6218627497826782e-06,3.6370635752726701e-06,3.6535109390565808e-06,3.6746048310248424e-06,3.6987997428843881e-06,3.7243323012851014e-06
184.71640086913607,3.0779486251545957e-06,3.0806918803334389e-06,3.0788571181783529e-06,3.0841211755855023e-06,3.0834907117086507e-06,3.088392293557334e-06,3.089061863322147e-06,3.0950651497390074e-06,3.0971880082362861e-06,3.1042019453487112e-06,3.1080064808733853e-06,3.116531829323746e-06,3.1222169981872565e-06,3.1321909392011734e-06,3.1391192577466748e-06,3.150873420725551e-06,3.1614198616388431e-06,3.1751838700762921e-06,3.1888200069221705e-06,3.2050302238259857e-06,3.2224084927434194e-06,3.2370887952478571e-06,3.2589645768595901e-06,3.2820416852949864e-06
191.43712933810426,2.704220737216015e-06,2.7066358715718115e-06,2.7050747382992985e-06,2.7098442238344934e-06,2.709426481351581e-06,2.71390185406159e-06,2.7146997847869356e-06,2.7202183467395615e-06,2.7223606067253939e-06,2.7299469033604975e-06,2.7322649699061782e-06,2.7401295011223272e-06,2.7455197407207999e-06,2.7547108757316465e-06,2.7620721373497622e-06,2.7721046610548945e-06,2.7818376946615072e-06,2.7944280189220907e-06,2.8068967849954928e-06,2.8216574128997452e-06,2.8374217875608244e-06,2.8548628886080566e-06,2.8728334467802955e-06,2.8914617920649654e-06
198.40238504418352,2.3762915172364086e-06,2.3784170691610641e-06,2.3783186105914519e-06,2.3814227565705306e-06,2.3811533723800662e-06,2.3852126017217753e-06,2.3860704901727814e-06,2.3911041636488957e-06,2.3931974238973279e-06,2.4001239503779605e-06,2.403621175418771e-06,2.4094315161261187e-06,2.4144700570525343e-06,2.4228759802165844e-06,2.429683399625003e-06,2.4389891263416842e-06,2.4479051040850631e-06,2.4593578070647231e-06,2.4706964394079016e-06,2.4840746639077319e-06,2.4983185395712414e-06,2.5140618536467264e-06,2.5303588188680824e-06,2.5491038402471839e-06
205.62106487555539,2.088106243964714e-06,2.0911438910664246e-06,2.0900132475572958e-06,2.0927874643456631e-06,2.0926221817138438e-06,2.0962820178799843e-06,2.0971520694958612e-06,2.1017124389859109e-06,2.1045047668696382e-06,2.1100337256199989e-06,2.1133026300938209e-06,2.1198326150987995e-06,2.1244954590689496e-06,2.1321259202593127e-06,2.1367177063779112e-06,2.1456422430920423e-06,2.1537525823687564e-06,2.1641135523816106e-06,2.1743690566418243e-06,2.1864387955990541e-06,2.1992557073614914e-06,2.2122603062378263e-06,2.2281938879444973e-06,2.2449901707889902e-06
213.10238942511577,1.8361226038256793e-06,1.8377963614371379e-06,1.8359709274996935e-06,1.8384397248111608e-06,1.8383453214187496e-06,1.8416264202568238e-06,1.8424726031702489e-06,1.8473391619958763e-06,1.8492321090031623e-06,1.8542167041200885e-06,1.8572288755554635e-06,1.8631211639489156e-06,1.8673821175389327e-06,1.874379998942241e-06,1.880086564569046e-06,1.8881191482249704e-06,1.8939890377252439e-06,1.9033095018330286e-06,1.9125326307693692e-06,1.9233666941574623e-06,1.9348460547619875e-06,1.9467073651642844e-06,1.9609289686032562e-06,1.975926415438402e-06
220.8559147681589,1.6124996418480342e-06,1.6139612226958395e-06,1.6131406260076915e-06,1.6153468610436079e-06,1.6153264946036552e-06,1.6172455629720646e-06,1.6187962761066263e-06,1.6224910922099536e-06,1.624232451334748e-06,1.6286988056412742e-06,1.6314429147291291e-06,1.6367273403297927e-06,1.6408081081932546e-06,1.6470121610954742e-06,1.6521536929898844e-06,1.6593495755766214e-06,1.6659291984454604e-06,1.6742624084166218e-06,1.6825161428915851e-06,1.6921889419326799e-06,1.70074391775166e-06,1.7120606095447945e-06,1.7247110813562447e-06,1.7380572681659743e-06
228.89154466858096,1.4161437149664018e-06,1.4174206820200929e-06,1.4167039673655354e-06,1.4186524524787553e-06,1.4193469097844083e-06,1.4219723069916327e-06,1.4227529466627562e-06,1.4260514201663117e-06,1.4276528968867267e-06,1.4306110431215287e-06,1.4330915717206496e-06,1.4381522430696953e-06,1.4416467294334093e-06,1.4471852533714147e-06,1.4517931997829793e-06,1.4582148156177123e-06,1.4640940353145674e-06,1.4715238732856126e-06,1.4788787448386019e-06,1.4873261757843473e-06,1.4964404350074217e-06,1.5065017308898217e-06,1.5177294143395358e-06,1.5295739440129809e-06
237.21954322919666,1.2440164452540435e-06,1.2451347092891666e-06,1.2452045291736055e-06,1.2469328504123079e-06,1.2469622276930267e-06,1.24928768056031e-06,1.2499983421869834e-06,1.2529269057312401e-06,1.2543692433192549e-06,1.2583004212726642e-06,1.2605559337617786e-06,1.2647780538133194e-06,1.2679143152956074e-06,1.2719088814029547e-06,1.2760243179432408e-06,1.2817408324741189e-06,1.2869792792498142e-06,1.293642891937876e-06,1.3001945111402313e-06,1.3078652361317986e-06,1.3159536134952271e-06,1.3248838012214193e-06,1.3348288477752558e-06,1.3453270986326797e-06
245.85054800232226,1.0941866969793688e-06,1.095177994737197e-06,1.0938432699973124e-06,1.0953671149823368e-06,1.0954023528096955e-06,1.0974590806780879e-06,1.0981008578619608e-06,1.1011268620072427e-06,1.1024317068445523e-06,1.1055921065679017e-06,1.1076040861030678e-06,1.1113484332675189e-06,1.1141397191998767e-06,1.1185137821227476e-06,1.1221768308968428e-06,1.1274115878878813e-06,1.1320766729602734e-06,1.1379496844665508e-06,1.1437605960271726e-06,1.1499013559105085e-06,1.157064359342443e-06,1.1649743279659416e-06,1.1735227932170122e-06,1.1828134971634342e-06
254.79558357737798,9.6085046607239429e-07,9.6171589216425418e-07,9.612508107678452e-07,9.6259348609203964e-07,9.6311232950046209e-07,9.6493569931723573e-07,9.6552774930881474e-07,9.6782930663369296e-07,9.6899717809257571e-07,9.7179092930839049e-07,9.7358370550629865e-07,9.768949922000738e-07,9.7854462727860886e-07,9.8271068965312175e-07,9.8596279054264941e-07,9.904550181560228e-07,9.9457915320527658e-07,9.9976823894666893e-07,1.0048991446630953e-06,1.0109003704717611e-06,1.0172198188895657e-06,1.0242001692459745e-06,1.0319467534741588e-06,1.0401355845985244e-06
264.06607566285891,8.4473489693980518e-07,8.4484635789957045e-07,8.4444542850677638e-07,8.456303278047046e-07,8.4567940593874454e-07,8.4728321532173288e-07,8.4780706671256029e-07,8.4983362482900205e-07,8.508651562395028e-07,8.5332655793803947e-07,8.5518494313805197e-07,8.58111076284439e-07,8.6030815909916522e-07,8.6372643345932008e-07,8.6659945896924099e-07,8.7055975486834863e-07,8.7419886092678166e-07,8.7884948671308326e-07,8.8337614148902054e-07,8.8824682790880193e-07,8.9381431981088897e-07,8.999668227736748e-07,9.0678701658662014e-07,9.1400022129699168e-07
273.67386568066814,7.4192621746485186e-07,7.4259388313596767e-07,7.4224434727852254e-07,7.4328471725659644e-07,7.4366398416898051e-07,7.4507920621020142e-07,7.4555299628073919e-07,7.4734181912275519e-07,7.476053139793856e-07,7.4977932543466625e-07,7.5118267076853304e-07,7.5376014232011231e-07,7.5569628506376739e-07,7.5870718736591988e-07,7.6145571400390176e-07,7.6494795539638481e-07,7.681555223551566e-07,7.7218754417704568e-07,7.7617056538299201e-07,7.8083002879766308e-07,7.8572510445672986e-07,7.9113562857819231e-07,7.9714402281233867e-07,8.0348247884389065e-07
283.63122589144717,6.5244616486875601e-07,6.5303431243805864e-07,6.5219734144482768e-07,6.5311456028407201e-07,6.5316182860528039e-07,6.5440481167102524e-07,6.5482028052903893e-07,6.5639179892609529e-07,6.5720048796573106e-07,6.5910976560039212e-07,6.6052643228008926e-07,6.6279482214359569e-07,6.6450318295044471e-07,6.6715304670632921e-07,6.6938288749311057e-07,6.7245229345432684e-07,6.7527230186968125e-07,6.7881565487501764e-07,6.8238015331312344e-07,6.8647548795482957e-07,6.9077435182106296e-07,6.955281289257434e-07,7.0059695963407213e-07,7.0617218169326333e-07
293.95087507023055,5.7294749350719683e-07,5.7346203469375113e-07,5.7319652070601546e-07,5.7399908820658456e-07,5.7428380081435637e-07,5.7537570041380691e-07,5.7574549461668182e-07,5.7712618494146786e-07,5.7784116055028937e-07,5.7951868363575099e-07,5.8060726967769073e-07,5.8259622931810991e-07,5.8360455711193638e-07,5.859320295275802e-07,5.8808174783160286e-07,5.9077840898810453e-07,5.9325429881154049e-07,5.9636702898598548e-07,5.9943850194884158e-07,6.0303410853047433e-07,6.0680547326640765e-07,6.1097842975678683e-07,6.1559116824276284e-07,6.2047796171704327e-07
304.64599475244148,5.0376064379163764e-07,5.0421247387698743e-07,5.0398327139619431e-07,5.0468773945669317e-07,5.0472703909930778e-07,5.0568190793206044e-07,5.0559098965487432e-07,5.0680265068909607e-07,5.0742814515184625e-07,5.0903274688216926e-07,5.099891245247362e-07,5.1173599364209854e-07,5.1305187441922956e-07,5.1509227385382507e-07,5.1680826825410459e-07,5.1917127629615113e-07,5.2133979070584369e-07,5.2415942481926316e-07,5.2684845237835668e-07,5.2999795536155125e-07,5.3329886364103225e-07,5.3695349715342168e-07,5.4098972436689315e-07,5.4526849611320316e-07
315.73024607098245,4.4289881006692847e-07,4.4292818994497548e-07,4.4272971660507356e-07,4.4334987262500795e-07,4.4338676029335642e-07,4.4422648570503228e-07,4.4451116451103953e-07,4.4557240834592856e-07,4.4612155523114704e-07,4.4741044326512049e-07,4.4824574177587288e-07,4.4977348666371138e-07,4.5099440636101713e-07,4.5278090795485221e-07,4.5428325660159104e-07,4.5635219201248928e-07,4.5825031869585356e-07,4.6063788578780288e-07,4.6299132818946215e-07,4.6574850658736232e-07,4.6863668759034114e-07,4.7184282105900652e-07,4.7537034695853587e-07,4.7910597500770669e-07
327.21778720592988,3.8894340986367801e-07,3.8929163167640457e-07,3.8911590775206405e-07,3.8965725057528655e-07,3.8968661919276914e-07,3.9055003785251244e-07,3.9079995264291957e-07,3.917288086715924e-07,3.9220998503590609e-07,3.9333801930849116e-07,3.9406939841045302e-07,3.9540635675132694e-07,3.9641213947189753e-07,3.9797333638388644e-07,3.9912267444834216e-07,4.0093466493220148e-07,4.025957317500096e-07,4.0468679180570935e-07,4.0674647957907704e-07,4.0916135432616659e-07,4.1168918958094715e-07,4.1449087158094478e-07,4.1758119126663506e-07,4.2086079678770353e-07
339.1232914691148,3.4199935219775471e-07,3.423048354304316e-07,3.4215192718519918e-07,3.4262603753498793e-07,3.4265234195352101e-07,3.4329366937151158e-07,3.4350872187647661e-07,3.4441687518460231e-07,3.4483778202947898e-07,3.458245323737717e-07,3.4646408360636572e-07,3.4736037416970293e-07,3.4824202393151261e-07,3.4961127296757614e-07,3.5076037186175906e-07,3.5234553367807856e-07,3.5379712242210388e-07,3.5570291965184261e-07,3.5750139218176431e-07,3.5961158999128808e-07,3.618189717873713e-07,3.6426718632984927e-07,3.6696586794347273e-07,3.698315945144339e-07
351.46196604669831,3.0062048180336183e-07,3.0088814088540409e-07,3.007549439761524e-07,3.0116976680287245e-07,3.0119298311820708e-07,3.0175374997430394e-07,3.019417012725464e-07,3.0264969531365612e-07,3.0280433057708876e-07,3.0369915287653727e-07,3.0425843203851096e-07,3.0528241462652339e-07,3.0605137984919398e-07,3.0724682121245419e-07,3.0824924045782615e-07,3.0963319176095596e-07,3.1089959919115902e-07,3.1249628887144196e-07,3.1406646076426764e-07,3.1590996689387531e-07,3.1783693620211889e-07,3.200106321658295e-07,3.2236418305104037e-07,3.2486497822379782e-07
364.24957142367305,2.6401397404390977e-07,2.6429594729592871e-07,2.6418191278846525e-07,2.6454830212366411e-07,2.6457083800017646e-07,2.6506463012558707e-07,2.6523104880086159e-07,2.658534448411329e-07,2.6617348138242429e-07,2.6692815600623586e-07,2.6741447515650656e-07,2.6831861912471748e-07,2.689889207410267e-07,2.7003230257560508e-07,2.7090626505866337e-07,2.7211409228148365e-07,2.7321838807054893e-07,2.7461186290708242e-07,2.7598127506954514e-07,2.7759016224322317e-07,2.7927090435851467e-07,2.8113719847234982e-07,2.8319210085495845e-07,2.8537644621675335e-07
377.50244151511083,2.3212432471513171e-07,2.3235999995854139e-07,2.322604015942327e-07,2.3258113502419038e-07,2.3260064372650525e-07,2.3303250152589754e-07,2.331775007463155e-07,2.3372154729128225e-07,2.3400057909732185e-07,2.3465998015404876e-07,2.3508412106966844e-07,2.3586466226159053e-07,2.3644462279429356e-07,2.3735569702199507e-07,2.38117896116877e-07,2.3917251794179509e-07,2.4013582419629223e-07,2.4135252477498271e-07,2.4254729118230556e-07,2.439520881480609e-07,2.4541876468801109e-07,2.4704839275879723e-07,2.4884185732310893e-07,2.5074930359869708e-07
391.23750452986189,2.0388405183276439e-07,2.040678916747803e-07,2.0399758728160024e-07,2.0428009228413899e-07,2.0429931676442813e-07,2.0467846988486277e-07,2.0480691712143205e-07,2.0528367855440238e-07,2.0552880303917227e-07,2.0610596062188147e-07,2.0647743111185793e-07,2.0716005128223681e-07,2.0767024653115445e-07,2.0845309894288034e-07,2.091189097518325e-07,2.1004006555411844e-07,2.1088111086992258e-07,2.1194346524141969e-07,2.12986241765317e-07,2.1421254527735467e-07,2.1549235420539013e-07,2.1691463134032494e-07,2.1847937798705739e-07,2.2014389778555118e-07
405.4723045933643,1.7979684686173506e-07,1.7995521563404634e-07,1.7987759132800873e-07,1.8012107261042994e-07,1.801327396284625e-07,1.8045943626670699e-07,1.8056531414299079e-07,1.8097603597446825e-07,1.8118265762978693e-07,1.8167988501101913e-07,1.8199571192032196e-07,1.8258386609039311e-07,1.830197387614352e-07,1.8368440128856813e-07,1.8425510046010771e-07,1.850492969968443e-07,1.8577201589459279e-07,1.8668850667667585e-07,1.8758646509020736e-07,1.8864515611473664e-07,1.8974922249104882e-07,1.9097815162423914e-07,1.9233017348735896e-07,1.9376978772189266e-07
420.2250241571752,1.5739603615841209e-07,1.5751695792911486e-07,1.5744060860856553e-07,1.5764614928650507e-07,1.5765047643495366e-07,1.5793140361244155e-07,1.5802077592658172e-07,1.5837788603074441e-07,1.5855805766547848e-07,1.5899357303442507e-07,1.5927197098345869e-07,1.5978982962792584e-07,1.6015414522706641e-07,1.6076041854899212e-07,1.6126717300701246e-07,1.6197072455314935e-07,1.6261304136177552e-07,1.6342622789202601e-07,1.6422431034206699e-07,1.6516443933972119e-07,1.6614518225318724e-07,1.6723666396099824e-07,1.6843652218788046e-07,1.6971459148433125e-07
435.51450722385113,1.3855822392648252e-07,1.3870300259906546e-07,1.3866709415916459e-07,1.3879966416215588e-07,1.3883481333585473e-07,1.3911126326714906e-07,1.3921855430236328e-07,1.3955916546506461e-07,1.3974307755911798e-07,1.4014923198965901e-07,1.4041573752220786e-07,1.4086460243447954e-07,1.4122215423878549e-07,1.4177010198580143e-07,1.4222835787027844e-07,1.4285691613720317e-07,1.4342908697742946e-07,1.4414867491105867e-07,1.448520746515408e-07,1.4567752406001094e-07,1.4653541483812484e-07,1.4748786352226737e-07,1.4853194042880086e-07,1.4964201628360459e-07
451.36028341684715,1.2197580639059862e-07,1.22084783197969e-07,1.2203368674901288e-07,1.2219685076522617e-07,1.2220353831358874e-07,1.224204704863026e-07,1.2248825263576201e-07,1.2275957750506216e-07,1.2284615480924622e-07,1.2317660263614925e-07,1.2335766920017424e-07,1.2374769814334952e-07,1.2403499582130008e-07,1.2448944161278382e-07,1.2486535590918237e-07,1.2539110664150488e-07,1.2586777730846424e-07,1.2647457729041284e-07,1.2706772462076105e-07,1.2776906343609573e-07,1.284995400440357e-07,1.2931439789748498e-07,1.3021035419534286e-07,1.3116593460887523e-07
467.78259292617025,1.0728498153749943e-07,1.0738020192378143e-07,1.0733423960901502e-07,1.0747430519281402e-07,1.0747634507136706e-07,1.0766094096143409e-07,1.0771397368184756e-07,1.0792915598693933e-07,1.0803893010703282e-07,1.083169980595188e-07,1.0848740741705918e-07,1.0881580609727038e-07,1.0905373319572234e-07,1.0943711831678559e-07,1.0975126127454149e-07,1.1019615559662285e-07,1.105976713053257e-07,1.1111310289266512e-07,1.1161623683225216e-07,1.1221458792599848e-07,1.1283805808080418e-07,1.1352126930565843e-07,1.1429408810297089e-07,1.1512033804484769e-07
484.80241236166279,9.4107803773154004e-08,9.4213735016039671e-08,9.4197724991526272e-08,9.434621950252108e-08,9.4354753160628765e-08,9.4545099349851625e-08,9.4620990318906238e-08,9.485139568682991e-08,9.497521594864167e-08,9.52457773556885e-08,9.5420730479088179e-08,9.5732667230268247e-08,9.5963388663019462e-08,9.6319489310078543e-08,9.6612409046804149e-08,9.7017292880548057e-08,9.7381193075015755e-08,9.7841941569185528e-08,9.828862111707826e-08,9.8815547597849804e-08,9.9361037489626827e-08,9.9932864067612164e-08,1.0059949320581302e-07,1.0130979432333359e-07
502.4414815469259,8.2647741954191218e-08,8.2724344901980263e-08,8.2696480660893231e-08,8.278008193731854e-08,8.2796870198533672e-08,8.2956448161271132e-08,8.301799109945398e-08,8.3217353434390742e-08,8.3325569340267971e-08,8.3564701143434966e-08,8.3722230287364504e-08,8.4001937563962262e-08,8.4212352617287853e-08,8.4534441757498699e-08,8.4802630008429701e-08,8.5170325521958936e-08,8.5503058019293022e-08,8.5921551026668229e-08,8.6298270447132807e-08,8.6775769404841347e-08,8.7269760410387876e-08,8.7817912811906489e-08,8.8416808441070234e-08,8.9053216338267094e-08
520.7223312881207,7.2762196117535188e-08,7.2830156421113528e-08,7.2803839479383822e-08,7.2902558604280861e-08,7.2908905467844441e-08,7.3037853277028867e-08,7.3078576835925367e-08,7.3237965020338071e-08,7.3315516033776032e-08,7.3487462100861146e-08,7.3606438267643226e-08,7.3831260428196686e-08,7.3994901673354433e-08,7.4255939559836914e-08,7.4452736994348448e-08,7.4755788871677195e-08,7.5029223927612824e-08,7.537874121828803e-08,7.5719427640977179e-08,7.6123572533166963e-08,7.654391830208953e-08,7.7014006922770874e-08,7.7530647042318187e-08,7.8082754683919872e-08
539.66831215310629,6.3781087150917374e-08,6.3829910655724204e-08,6.3800635890199443e-08,6.3861482636538662e-08,6.387101620052005e-08,6.3991906528912583e-08,6.4040261855208486e-08,6.4196041024662732e-08,6.4284246254143118e-08,6.447426390435029e-08,6.4603436563405189e-08,6.4827205331039221e-08,6.4998780394047808e-08,6.5256310815652228e-08,6.5472587592692912e-08,6.5764815344314894e-08,6.6029423401038325e-08,6.63588140870409e-08,6.6677407862285075e-08,6.7048692761483018e-08,6.7429937935364983e-08,6.7851100653417185e-08,6.8275559888171442e-08,6.8759407245051616e-08
559.30362429767843,5.6179772481264941e-08,5.621766453745607e-08,5.618453940472369e-08,5.6248088718185197e-08,5.6242744458124579e-08,5.6332675562514413e-08,5.6357353117486212e-08,5.6474578532222683e-08,5.6531698435986714e-08,5.6677306696254594e-08,5.6769542449746838e-08,5.6939334233521053e-08,5.7071224133070637e-08,5.7279487974556814e-08,5.7453239100962699e-08,5.7695304260907965e-08,5.7889382240782382e-08,5.8168857942642354e-08,5.8441723059352011e-08,5.8763211837317723e-08,5.9096363145614739e-08,5.9467068025571072e-08,5.9871792855801229e-08,6.0302621847881842e-08
579.65334837701255,4.9397799269305724e-08,4.9434217461349873e-08,4.9407585669684357e-08,4.9441733163045357e-08,4.9438849310473261e-08,4.9518660608021047e-08,4.9540560396868684e-08,4.9642855698172882e-08,4.9691795191418981e-08,4.9817705707478861e-08,4.9896288755917002e-08,5.0047256447265425e-08,5.0158452564325977e-08,5.0336316842377432e-08,5.0483638284716918e-08,5.06907784171362e-08,5.0878523240007982e-08,5.111817303691453e-08,5.1351787666596047e-08,5.1628465138386003e-08,5.1915239157825312e-08,5.2235455795715959e-08,5.2585371473217945e-08,5.2958734433727647e-08
600.74347758178226,4.3412407332866676e-08,4.3438574769464038e-08,4.3409599489729956e-08,4.3454103571110419e-08,4.3445347887650868e-08,4.3509378387699703e-08,4.3523262718413942e-08,4.3608240838107469e-08,4.3647306190926909e-08,4.3754689734009709e-08,4.382154355954257e-08,4.3952803028727463e-08,4.4050121758686077e-08,4.4206800853960442e-08,4.4337435504699604e-08,4.4500616570133925e-08,4.4669771491203199e-08,4.4884631731374019e-08,4.5094670287971021e-08,4.5342309328998045e-08,4.5598836824248235e-08,4.588414773574684e-08,4.6195126507944885e-08,4.6525790260002754e-08
622.60095083988949,3.811846246969751e-08,3.8149114740089714e-08,3.8142132678241357e-08,3.8199247104746033e-08,3.8209100525102287e-08,3.8281283671216957e-08,3.8307885518644449e-08,3.8394314441012198e-08,3.8438057608121598e-08,3.8538470676871792e-08,3.8600425662992694e-08,3.871528385143689e-08,3.8797350916934631e-08,3.8927996899910754e-08,3.9033099444613806e-08,3.9181886035387471e-08,3.9314061728708652e-08,3.9484518242171125e-08,3.9649212855969795e-08,3.9846254685443936e-08,4.0050590689278104e-08,4.0280841962879652e-08,4.0534142242273707e-08,4.0781713565265894e-08
645.25368722619839,3.3518777537463166e-08,3.3546263236514445e-08,3.3531431782544477e-08,3.3572639400915881e-08,3.3572570795086753e-08,3.3627546009417057e-08,3.3643242867764009e-08,3.3712280165299182e-08,3.3744993435687745e-08,3.3828645089503471e-08,3.3879933800558531e-08,3.396308761592048e-08,3.4035565621763858e-08,3.4151893493139097e-08,3.4247264925056071e-08,3.4382012077045707e-08,3.450329340592469e-08,3.4658836741205108e-08,3.4809916401370418e-08,3.498958252223286e-08,3.5175624805673794e-08,3.538409428926791e-08,3.561211677325684e-08,3.5856164889164114e-08
668.73062162424412,2.9390496598854755e-08,2.9409920090288284e-08,2.939488836231789e-08,2.9431131946200434e-08,2.9433867993331013e-08,2.9486924533059321e-08,2.9507883227334115e-08,2.9577262668531552e-08,2.9616473182570369e-08,2.9701319686917384e-08,2.975856934579958e-08,2.9857884803610469e-08,2.9932997276802184e-08,3.0045953264814122e-08,3.0139144109157608e-08,3.0265447223758649e-08,3.0377741652092969e-08,3.0503861290827378e-08,3.0638909791971334e-08,3.0796436534146362e-08,3.0957033542500983e-08,3.1134720696556655e-08,3.1327270993921642e-08,3.1531667848888403e-08
693.06174168545101,2.5932762468247101e-08,2.5950335283751791e-08,2.5933578692254276e-08,2.5941368902293554e-08,2.5933276588102221e-08,2.5966090742272618e-08,2.5968187644658725e-08,2.6010673050217313e-08,2.60254976964469e-08,2.6079732973619281e-08,2.6110132868208734e-08,2.6178329588328876e-08,2.6227183247214496e-08,2.6311494811268088e-08,2.6381601981769564e-08,2.6484025296894417e-08,2.6578075556571237e-08,2.6700477901799799e-08,2.6821167731090571e-08,2.6965489141613934e-08,2.7115876094509305e-08,2.7284531450588535e-08,2.7468602135896886e-08,2.7645962925740125e-08
718.27812613307788,2.2703822928813666e-08,2.272163131798953e-08,2.2712707812179284e-08,2.2742659774359705e-08,2.2746406166381412e-08,2.2788135944353716e-08,2.2790426297132611e-08,2.2843714359880778e-08,2.2873250240414396e-08,2.2936969943870183e-08,2.297893729128888e-08,2.3052434652377232e-08,2.3106903829780145e-08,2.3189838079100204e-08,2.3257351110425605e-08,2.334994693084471e-08,2.3431793936189185e-08,2.3535111918748326e-08,2.3633600854263211e-08,2.3749797204920976e-08,2.3868570214578448e-08,2.4001192677922382e-08,2.4145579407532715e-08,2.4299988371117833e-08
744.41198445982059,1.9938314830402597e-08,1.9959250081022308e-08,1.9956222367293637e-08,1.9986506273033223e-08,1.9992921673389992e-08,2.0031544085828886e-08,2.0046895328160665e-08,2.0092925804600077e-08,2.0116872506427903e-08,2.0156977559599446e-08,2.0189958415577052e-08,2.0249529837649541e-08,2.0291722111959205e-08,2.0358187094155222e-08,2.041086341495251e-08,2.0485317939077317e-08,2.0550552829666495e-08,2.0634910373588186e-08,2.0715675933386974e-08,2.0812728858307891e-08,2.0913006057855572e-08,2.1026537595218001e-08,2.115149187118229e-08,2.1286523015654692e-08
771.49669806976499,1.7501341352756968e-08,1.751427345136675e-08,1.7507636801047108e-08,1.7531539508297692e-08,1.7536188469704783e-08,1.7570535917211956e-08,1.7586112417508329e-08,1.7629914609941158e-08,1.7655690100555354e-08,1.7707688799897253e-08,1.7742806932091691e-08,1.780174472680979e-08,1.7834403985238051e-08,1.7899567444054573e-08,1.7952150812471398e-08,1.8022993756557497e-08,1.8084682871757419e-08,1.8161813814481852e-08,1.8234319692712195e-08,1.8319505991043397e-08,1.8405877309731087e-08,1.850225340751849e-08,1.8607092143835742e-08,1.8719376452152022e-08
799.56686291725964,1.5379903358852326e-08,1.5392032475181242e-08,1.53867959512603e-08,1.5407942262234521e-08,1.5411966034329599e-08,1.5441637781740941e-08,1.5454621187645568e-08,1.5492016877522159e-08,1.5513425502015352e-08,1.5557588805931839e-08,1.5586852123525314e-08,1.5636889461921468e-08,1.5673632347098935e-08,1.5718658648784185e-08,1.5763252589536541e-08,1.5824015847191764e-08,1.5876939529703298e-08,1.5943666051813674e-08,1.6006571617979513e-08,1.6080918187615221e-08,1.6156550212848989e-08,1.6241270360605477e-08,1.6333607759026538e-08,1.643276228756653e-08
828.65833369715347,1.352277722728265e-08,1.3537194818286753e-08,1.3535652882751061e-08,1.3556336146351379e-08,1.3561055457311751e-08,1.3587236402980726e-08,1.3597778119657647e-08,1.3628738729796095e-08,1.3644789810527749e-08,1.3680006355533896e-08,1.3701532189653875e-08,1.374081151568551e-08,1.3758442681451875e-08,1.3802219406102198e-08,1.3836579905983371e-08,1.3885459427520682e-08,1.3928011798777749e-08,1.3983350805479363e-08,1.4036171792487856e-08,1.4099932433377703e-08,1.4165776665264181e-08,1.4240577625748266e-08,1.4322969463832392e-08,1.4412209405830585e-08
858.80826964286234,1.190198099070247e-08,1.1916010526553474e-08,1.1915022821666545e-08,1.1932504118661487e-08,1.1935077915516006e-08,1.1955635002249141e-08,1.1961839654709997e-08,1.1985425353494607e-08,1.1994622714674336e-08,1.2021768281688038e-08,1.2037095523392396e-08,1.2068201143950934e-08,1.2089439541783317e-08,1.2125429050670019e-08,1.2153945937379258e-08,1.2195979445841816e-08,1.2233376294255873e-08,1.2282810094164948e-08,1.2330897871197874e-08,1.2389283641406131e-08,1.2450140500666101e-08,1.2519290234920857e-08,1.2586692780155249e-08,1.2669017612804251e-08
890.05518199074425,1.0453347228374068e-08,1.0458777594346621e-08,1.0451108168110775e-08,1.0459817211324318e-08,1.0456021742649551e-08,1.0468613707804353e-08,1.0469608158989376e-08,1.0486793871972347e-08,1.0493544859429408e-08,1.0516033522299759e-08,1.0529467342445787e-08,1.0557884199135709e-08,1.0578821452106368e-08,1.0613662807928146e-08,1.0642804243553844e-08,1.0684441467890786e-08,1.0715690535615582e-08,1.0764618329605767e-08,1.0812323323798552e-08,1.0868779452474421e-08,1.092687069709862e-08,1.0991569498480049e-08,1.1061444174206823e-08,1.1135733092067835e-08
922.43898317142953,9.1523902615330031e-09,9.1580293173729297e-09,9.1535714840201257e-09,9.1646678031814157e-09,9.1659554271495168e-09,9.1824719763775223e-09,9.1895261525134365e-09,9.2111588243723605e-09,9.2167815753666596e-09,9.2431746657774998e-09,9.2612166136729172e-09,9.2916184885055451e-09,9.3145287596656639e-09,9.348413500283521e-09,9.3760060980732459e-09,9.4130857912228962e-09,9.445518535689592e-09,9.4859131193419776e-09,9.5238524380953853e-09,9.5682465928011853e-09,9.613026589589257e-09,9.6628023434506264e-09,9.7165748929752435e-09,9.7739745073545543e-09
956.00103779092444,8.0445362413680217e-09,8.0554610571752332e-09,8.0567232870502593e-09,8.070469940366713e-09,8.0743717182553709e-09,8.0901738442544216e-09,8.0967537207923747e-09,8.1142268527174002e-09,8.1224080617203751e-09,8.1411827878851842e-09,8.1515049299451708e-09,8.1717607072154735e-09,8.1848139737798871e-09,8.2071441648826476e-09,8.2239320650390803e-09,8.2493129256154001e-09,8.2712056255605504e-09,8.3009354940314819e-09,8.3296077410967861e-09,8.3652394392460897e-09,8.4026185176455674e-09,8.4458992553269639e-09,8.4941663851473798e-09,8.5471065738120851e-09
990.7842154666115,7.0858795939814564e-09,7.0914728876882907e-09,7.088058465937355e-09,7.0952161741222479e-09,7.0936167628010071e-09,7.1024922595072751e-09,7.1031183984215728e-09,7.1140464871283583e-09,7.1174741230407163e-09,7.1309285306750515e-09,7.1378499269335939e-09,7.1543911142460053e-09,7.1655652087557529e-09,7.1857908929180205e-09,7.2020046119702683e-09,7.2265163771942075e-09,7.2485676076359247e-09,7.2779688789397623e-09,7.3066842627852675e-09,7.3416148440514342e-09,7.3779219103275169e-09,7.4191459212560804e-09,7.4642042599002464e-09,7.5066845489095181e-09
1026.8329455856465,6.1997198320025352e-09,6.2075624005486966e-09,6.2081490748230884e-09,6.2184744336280175e-09,6.2214866737972951e-09,6.2338627454597775e-09,6.2390510934929889e-09,6.2531390121667261e-09,6.2603789608795215e-09,6.2759904857527881e-09,6.2795654082564183e-09,6.2967752720190172e-09,6.3086032514757404e-09,6.3275662985738095e-09,6.3422715780873556e-09,6.3634429479000699e-09,6.381764390190096e-09,6.4058150982048694e-09,6.4287261508376912e-09,6.4565594609795013e-09,6.4852823089000371e-09,6.5180369899049631e-09,6.5540865872535155e-09,6.5932103678540797e-09
1064.1932740556724,5.460371824569759e-09,5.4671577617618417e-09,5.4668998764756366e-09,5.4744496905763806e-09,5.4749649758438576e-09,5.4830583954544264e-09,5.4843812262876878e-09,5.4930627317221913e-09,5.4954994635113254e-09,5.5050792007479639e-09,5.5091938267933979e-09,5.5202177732858703e-09,5.5267867109652686e-09,5.5399797959279144e-09,5.5499303154229506e-09,5.5661250774843391e-09,5.5804664022335241e-09,5.6005405130143427e-09,5.6203133069615543e-09,5.6473057791114585e-09,5.6737160397423132e-09,5.7043164984518812e-09,5.7383608049537571e-09,5.7684057206046135e-09
1102.9129221203705,4.7825429613615139e-09,4.7863932998142701e-09,4.7847066476690177e-09,4.7905109152476098e-09,4.7908941977202463e-09,4.7986147785130556e-09,4.8011370284323402e-09,4.8052303940173431e-09,4.8100431740568518e-09,4.821555498276914e-09,4.8286922392372471e-09,4.8420813374090768e-09,4.8516959643424061e-09,4.8670307792441489e-09,4.8793506835559583e-09,4.896781892942418e-09,4.912141937496271e-09,4.9319363286598084e-09,4.9508180683249108e-09,4.9734016426724047e-09,4.9964897907126422e-09,5.0225018040788952e-09,5.0507571217979929e-09,5.0811438378053242e-09
1143.0413473149401,4.1918977891622921e-09,4.1938722836745401e-09,4.1911896668270169e-09,4.1952534106626528e-09,4.1948494299835441e-09,4.2011261515024102e-09,4.2031726601222796e-09,4.2116938445827552e-09,4.2162681909538724e-09,4.2269708674416229e-09,4.2340683193744265e-09,4.2468170395097156e-09,4.256377732561738e-09,4.2710082707814264e-09,4.2829845307373262e-09,4.2993659135104536e-09,4.3137850924299118e-09,4.3318950552973068e-09,4.3489411443617897e-09,4.3689464394272136e-09,4.3890520671843014e-09,4.4113942647300879e-09,4.4353310559262066e-09,4.4608264509918469e-09
1184.6298066394043,3.6745306280825807e-09,3.6782415981588539e-09,3.6778980668919807e-09,3.6833990911751678e-09,3.6848397637325719e-09,3.6919180626879534e-09,3.6950043192250083e-09,3.7034411927128351e-09,3.7080484747310349e-09,3.7176555562944466e-09,3.7237126827942133e-09,3.7298970472032846e-09,3.7374652453020071e-09,3.7491828033822833e-09,3.75836639339543e-09,3.7712455154538034e-09,3.7823440152175334e-09,3.7966648425409095e-09,3.8101515528306884e-09,3.8263700453102171e-09,3.842916052934533e-09,3.861683239991486e-09,3.8821874226534774e-09,3.9043925351399302e-09
1227.7314220303958,3.232261713650119e-09,3.233758896429907e-09,3.2315032437012083e-09,3.2342028239871189e-09,3.2333011663589582e-09,3.2373324790353055e-09,3.2379845309147858e-09,3.2434712331804272e-09,3.245863051530739e-09,3.252908168197999e-09,3.2572055852756425e-09,3.2658868128613694e-09,3.2722331953241856e-09,3.2826092841257422e-09,3.2911397508376926e-09,3.3032667765725366e-09,3.3141339867465901e-09,3.3280952280064353e-09,3.3415052244390964e-09,3.3574549053097676e-09,3.3737232388528508e-09,3.3919415214562787e-09,3.4115602364204445e-09,3.4325357413505348e-09
1272.4012482150895,2.836622813245934e-09,2.8366705857578342e-09,2.8334618419479051e-09,2.8359434119843498e-09,2.8340859093380453e-09,2.8366634205116599e-09,2.8364677742157612e-09,2.840676885562737e-09,2.8424126787315031e-09,2.8484240391640006e-09,2.8522839047638531e-09,2.8601828043399578e-09,2.8662748940396845e-09,2.8760638746449994e-09,2.8844252320963129e-09,2.8960443335643828e-09,2.9066731361129726e-09,2.920041295527617e-09,2.9329479875435207e-09,2.9480205672031995e-09,2.9632990556698351e-09,2.9801435240319744e-09,2.9980567409768017e-09,3.0169482362934757e-09
1318.6963430339215,2.4906259345037718e-09,2.4927922277801374e-09,2.4920460421249352e-09,2.4950204470420626e-09,2.4951341735894829e-09,2.4988930280847376e-09,2.4999143636378964e-09,2.5044670639399567e-09,2.5064778026537339e-09,2.5118679872099751e-09,2.5113572744279941e-09,2.5176673594624189e-09,2.5220628751966481e-09,2.5293960294004767e-09,2.5352373363888932e-09,2.5437386704808693e-09,2.5512552214066892e-09,2.5611108558975384e-09,2.570582893792259e-09,2.5820318534918079e-09,2.5938118803111571e-09,2.60716952233218e-09,2.6217167956374339e-09,2.6374202572889715e-09
1366.6758403219349,2.1844367113168235e-09,2.1861111285363989e-09,2.1852988239665974e-09,2.1877627461346371e-09,2.1877846430281888e-09,2.1910184393145334e-09,2.1919074069410753e-09,2.1959033766996995e-09,2.1977063609188163e-09,2.2024718738032085e-09,2.2052562662805443e-09,2.2108206753244809e-09,2.2146813992973312e-09,2.2211034753538381e-09,2.2261713743154477e-09,2.2335480951503677e-09,2.2400012616164647e-09,2.2484784536680621e-09,2.2565552778999878e-09,2.2663418444297716e-09,2.2763607745429368e-09,2.2877498404847504e-09,2.3001377436799935e-09,2.313543402864553e-09
1416.4010254418536,1.911137204498652e-09,1.9121780757533937e-09,1.9112080166839913e-09,1.9132698919725798e-09,1.9133782556861927e-09,1.9164638079112755e-09,1.917673505447055e-09,1.9217443561768051e-09,1.924040154570593e-09,1.9290243130914333e-09,1.9323664789127042e-09,1.9381748257859428e-09,1.942518206839283e-09,1.9490673772006902e-09,1.9543878027939184e-09,1.9616261188747689e-09,1.9679495582309313e-09,1.9758876609781545e-09,1.9833197044030324e-09,1.9920593839435025e-09,2.0008191565460065e-09,2.0105832731979305e-09,2.0210361259654859e-09,2.0322063899070739e-09
1467.9354135653359,1.6808345299274165e-09,1.6830546854931498e-09,1.6833886459414299e-09,1.686228030817771e-09,1.6871547394771767e-09,1.6904788637152321e-09,1.6919112020611994e-09,1.6930341002525746e-09,1.6949358477547968e-09,1.6989528576252055e-09,1.7013124722787873e-09,1.7056375563827456e-09,1.7085212003382228e-09,1.7132140090972585e-09,1.7167557650777974e-09,1.721942839669063e-09,1.7263458986023835e-09,1.7322198171511789e-09,1.7377549165107914e-09,1.7445713923583656e-09,1.751578586054492e-09,1.7596580855840244e-09,1.768553455320682e-09,1.7782947154102333e-09
1521.3448308024374,1.4736439559684575e-09,1.4748287388041096e-09,1.4744642646087975e-09,1.4763963245822577e-09,1.4767939637621846e-09,1.4794201379317164e-09,1.480550082406281e-09,1.4838039758507786e-09,1.4856283257758245e-09,1.4894407095410924e-09,1.4919266485547385e-09,1.4962391914819976e-09,1.499373317838402e-09,1.5041535363926505e-09,1.5055334061164321e-09,1.5107824341481361e-09,1.5153267663792794e-09,1.5211098829707975e-09,1.5265252878702039e-09,1.5329702076251941e-09,1.5394692804506289e-09,1.546784357229559e-09,1.5546760239304334e-09,1.5631727230795891e-09
1576.6974982828699,1.2952202567339823e-09,1.2956333669387418e-09,1.294602247434151e-09,1.2955163993445936e-09,1.2950578895545647e-09,1.296546707304125e-09,1.2967568543727689e-09,1.298881373168156e-09,1.2998394548871495e-09,1.3026407103636911e-09,1.3044061664540708e-09,1.3079045319124678e-09,1.3105177592575691e-09,1.3147161502941092e-09,1.3182057253952191e-09,1.323099064275884e-09,1.3274946294734624e-09,1.3330848040199687e-09,1.3384343818422619e-09,1.3447498863789967e-09,1.3488361138419776e-09,1.3559402336610362e-09,1.3635311495991914e-09,1.3716054191570635e-09
1634.0641192964952,1.1350967999762311e-09,1.1366537720990964e-09,1.1369269940556142e-09,1.1388293346524037e-09,1.1394281770839623e-09,1.1415831594206408e-09,1.1424492074073781e-09,1.1447874107023901e-09,1.1458934397611939e-09,1.1483828321637015e-09,1.1497423745639688e-09,1.1523938695204136e-09,1.1540669977342297e-09,1.1569391489822813e-09,1.1590351921763821e-09,1.1622335446325953e-09,1.1649095250710636e-09,1.1685840761462918e-09,1.1720413594572466e-09,1.1763828780676912e-09,1.1808668756500342e-09,1.1861052345353219e-09,1.1919074500444753e-09,1.1983199024298162e-09
1693.5179696043303,9.9965807558414383e-10,1.0003806439988696e-09,9.9988728057726436e-10,1.0007441348774647e-09,1.0004178083821453e-09,1.0014304418586693e-09,1.0013286213766555e-09,1.0025478323818551e-09,1.0027550236550201e-09,1.0042555558977959e-09,1.0048771017133692e-09,1.0067499938009398e-09,1.0079048380121e-09,1.0102503519355729e-09,1.0120637131059471e-09,1.0149843170899082e-09,1.0175837001986334e-09,1.0211814421989643e-09,1.0246957622257947e-09,1.0290733072799445e-09,1.0336390010426995e-09,1.0389080567179654e-09,1.044682569577543e-09,1.0509828081235374e-09
1755.1349910354293,8.7579774698670833e-10,8.7643962255336581e-10,8.760529617587862e-10,8.7687624918975634e-10,8.7669662778793599e-10,8.7771294072839387e-10,8.7777884490406728e-10,8.7901652505860725e-10,8.7938103152882597e-10,8.8088189774730279e-10,8.8161203223991655e-10,8.8342863600305238e-10,8.8460105504953103e-10,8.8679462075540812e-10,8.8849459836693694e-10,8.9113284775327621e-10,8.9345397589015933e-10,8.9661236740690032e-10,8.9965857173268594e-10,9.034232926437794e-10,9.073155835675914e-10,9.1179095364615972e-10,9.1667859382908141e-10,9.2200296734695024e-10
1818.993888489214,7.6626438546494105e-10,7.6688578741779161e-10,7.6668463640777057e-10,7.6761148536415499e-10,7.6772801003184461e-10,7.6894436474387546e-10,7.6937683576216065e-10,7.7086450338402789e-10,7.7161052562233486e-10,7.7335233655175586e-10,7.7441331235239255e-10,7.7639787114936224e-10,7.7778429914470631e-10,7.8001134089988881e-10,7.8174849158839461e-10,7.8423485173204526e-10,7.8636966158545933e-10,7.891555877970987e-10,7.9176306721865398e-10,7.9491877233707069e-10,7.9811033757099872e-10,8.0174387745633615e-10,8.0567698834666002e-10,8.0994581834434927e-10
1885.1762304671172,6.7425816113448501e-10,6.7490026733456886e-10,6.7471734715989802e-10,6.7541701680393096e-10,6.7530459553168836e-10,6.7606108734157917e-10,6.7604618492375031e-10,6.768858141071551e-10,6.7702144334048909e-10,6.7799434257821314e-10,6.7835539700540632e-10,6.7953032957344493e-10,6.8020739748805108e-10,6.8166502410991422e-10,6.8275751646779686e-10,6.845834073702177e-10,6.8619397100825189e-10,6.8847357379256043e-10,6.907043149473119e-10,6.935209794414671e-10,6.9647528188827438e-10,6.9991357414688543e-10,7.0370305852059858e-10,7.078599378953959e-10
1953.766553261999,5.9113515600956744e-10,5.9157233718253343e-10,5.9130814188431587e-10,5.918380830676717e-10,5.9168494164598297e-10,5.9231828127393804e-10,5.9230657070153541e-10,5.9306853936151956e-10,5.9324219458971125e-10,5.9416945112655429e-10,5.9458181646190209e-10,5.9571919832311035e-10,5.9643100914132441e-10,5.9782821457209471e-10,5.9890419829933337e-10,6.0061318754794302e-10,6.0212076938033119e-10,6.0419571542556962e-10,6.062059084726688e-10,6.0870459884154099e-10,6.1129665122246781e-10,6.1428628090683679e-10,6.1755578858935446e-10,6.2112398387773955e-10
2024.852468938368,5.180234110653399e-10,5.1851323025121911e-10,5.1841618527753711e-10,5.1903519820761296e-10,5.1907775211000243e-10,5.1982249742116388e-10,5.200148954994795e-10,5.2088816012628062e-10,5.2124672969653447e-10,5.2225697326190171e-10,5.2280399303821421e-10,5.2396547224138616e-10,5.2472944372182192e-10,5.2606257620725577e-10,5.2707913657928236e-10,5.2861146452695289e-10,5.2992538258846832e-10,5.3169391770160995e-10,5.3336171208836787e-10,5.35416298255423e-10,5.3751134978144581e-10,5.399197244895715e-10,5.4253934026347029e-10,5.4539607453922668e-10
2098.524777241385,4.5288527008715619e-10,4.5333536607525036e-10,4.5331052251727128e-10,4.5394366785888041e-10,4.5410069000400799e-10,4.5489301332749639e-10,4.5521860247619492e-10,4.5614979848791618e-10,4.5663592558163921e-10,4.5769234325055385e-10,4.5833941935685569e-10,4.5951697076443982e-10,4.6033642599719495e-10,4.6164246814480936e-10,4.6265839191504326e-10,4.641129733050946e-10,4.6536340316776548e-10,4.6700024037318706e-10,4.6853788270443329e-10,4.704052113660013e-10,4.7229973408897044e-10,4.744622958029368e-10,4.7680375023862941e-10,4.7934831318204359e-10
2174.8775815775493,3.9738343139093843e-10,3.9762828559891155e-10,3.9744943461845609e-10,3.9784285730072423e-10,3.9782384277750119e-10,3.9836761459756005e-10,3.9851760160799366e-10,3.9921244933561997e-10,3.9953970960143357e-10,4.0038556526911545e-10,4.0089834044331233e-10,4.0189570158482253e-10,4.0260380826711085e-10,4.0375542195650976e-10,4.0467269649153912e-10,4.0525507384813196e-10,4.0640275510602277e-10,4.0789149163845428e-10,4.0929930361985321e-10,4.1099167910260052e-10,4.1270568658220298e-10,4.1464490583454e-10,4.167321103333341e-10,4.1898462023845967e-10
2254.0084092152333,3.4724377939371137e-10,3.4747964026416817e-10,3.4736463174476015e-10,3.4775883205519434e-10,3.4780487414993076e-10,3.4834482948603243e-10,3.4885177946866028e-10,3.4952581726433558e-10,3.4987500563934321e-10,3.5066695144737401e-10,3.5115854462255282e-10,3.5205904845636045e-10,3.5269459623063242e-10,3.5370191853518225e-10,3.5449236977129913e-10,3.5561501594983855e-10,3.5658326928778541e-10,3.5784223448585287e-10,3.5902521329263845e-10,3.6045568845605523e-10,3.6190652901144606e-10,3.6355976100674343e-10,3.6535048751178085e-10,3.6729734714445398e-10
2336.0183358586128,3.057761976539464e-10,3.061419522024835e-10,3.0615978526245973e-10,3.0658123229135388e-10,3.0665278237845481e-10,3.0711324413690038e-10,3.0723216842988126e-10,3.0772393388360241e-10,3.0789406620742486e-10,3.0842028652620239e-10,3.0865691730575443e-10,3.092323048975024e-10,3.0956250058276889e-10,3.1021306064474416e-10,3.1067485435303799e-10,3.1143659717367322e-10,3.1207768624465944e-10,3.1299499542282349e-10,3.1387102954829498e-10,3.1499497615079631e-10,3.1616884712506699e-10,3.1755666663828644e-10,3.1909914415053977e-10,3.2081622516244645e-10
2421.012114754074,2.6795579609982716e-10,2.6804886169231972e-10,2.6785473950431252e-10,2.6803787917915425e-10,2.679464087503638e-10,2.6823161741914209e-10,2.682597152225597e-10,2.6865787373654978e-10,2.6882077850484134e-10,2.6934056232854386e-10,2.6965101144132866e-10,2.7029833823781272e-10,2.7076666040488371e-10,2.7154505888266457e-10,2.7218007022547195e-10,2.7309207204262187e-10,2.7390306435745102e-10,2.7495258342568836e-10,2.7595226745963284e-10,2.7714797624534212e-10,2.7835680241073567e-10,2.7971649132340525e-10,2.8116793414539522e-10,2.8272492148052387e-10
2509.0983104940628,2.3402386602826464e-10,2.3420535416908368e-10,2.3414970711067323e-10,2.3443094329666219e-10,2.3447982765193789e-10,2.3510619476232468e-10,2.3526155968626507e-10,2.3573416942505626e-10,2.3599296924242284e-10,2.3654972705169566e-10,2.3690795463031753e-10,2.3754004918682025e-10,2.3799451044940718e-10,2.3869482621582193e-10,2.3924552684553652e-10,2.4001137929263467e-10,2.4066465296494795e-10,2.4150086215111808e-10,2.4227244051437228e-10,2.4319443802368787e-10,2.4411294849713443e-10,2.4514977829331627e-10,2.4626022537289633e-10,2.4745861636884663e-10
2600.3894376892281,2.0548988030452837e-10,2.056992536555754e-10,2.056790237323649e-10,2.0593067761604899e-10,2.0595555325159923e-10,2.0624675976457305e-10,2.063210333607335e-10,2.0665493313166128e-10,2.0678853733322221e-10,2.0717346031876845e-10,2.0738117783602195e-10,2.078295152291705e-10,2.0812963026622352e-10,2.0865662035908057e-10,2.090697368782804e-10,2.0969202829048948e-10,2.1024013092625353e-10,2.1097528706331851e-10,2.1168149008032922e-10,2.1254802964093348e-10,2.1343767159707173e-10,2.1445663987543697e-10,2.15559855913886e-10,2.1675839320866384e-10
2695.0021046860479,1.8055485379411664e-10,1.8063884439055569e-10,1.8052235261482466e-10,1.8064591541470565e-10,1.8057625278443372e-10,1.8074610800297265e-10,1.8073534728055699e-10,1.8096165739246379e-10,1.8102474690994329e-10,1.8131988833350701e-10,1.8147349249560125e-10,1.8185077042126537e-10,1.8211191468618696e-10,1.8258440030372145e-10,1.8296964770835912e-10,1.8354932672633177e-10,1.8407425190700356e-10,1.8477200614119214e-10,1.8545163914638836e-10,1.8627790671586291e-10,1.8712830112256498e-10,1.8809508272575596e-10,1.8913621055256937e-10,1.9026092978024327e-10
2793.0571625134503,1.5768416540056352e-10,1.577877277625254e-10,1.5772665207015369e-10,1.5788368166906119e-10,1.5787972577997816e-10,1.5809036308111561e-10,1.5814735434567059e-10,1.5841277980109538e-10,1.5853551083534303e-10,1.588579153545345e-10,1.5905222658457414e-10,1.5943471798645469e-10,1.5970753515475137e-10,1.6015430213335157e-10,1.6051385744879314e-10,1.6103035559534199e-10,1.6148655566440893e-10,1.6225023108327482e-10,1.6281833662719557e-10,1.635014653706459e-10,1.6419582761955178e-10,1.649811541595645e-10,1.6582458896525261e-10,1.6673396020583993e-10
2894.6798592487494,1.3822514183656028e-10,1.383471004669434e-10,1.3833153414011452e-10,1.3851065939149101e-10,1.3855277252057963e-10,1.3878339639790891e-10,1.3887981205440564e-10,1.3915585275029828e-10,1.3930327946921873e-10,1.396192041155893e-10,1.3981555025232056e-10,1.4016743387101323e-10,1.4041289394330996e-10,1.4079957864008153e-10,1.4109774169718366e-10,1.4152182398936552e-10,1.4188083116373735e-10,1.4234967978934672e-10,1.427830940831882e-10,1.4330977703437702e-10,1.4383778139942936e-10,1.4444202840047766e-10,1.45092729239342e-10,1.4580261927194596e-10
2999.9999999999977,1.209484115957553e-10,1.2105483312605731e-10,1.2103721495444378e-10,1.2118538699193745e-10,1.2121135713833651e-10,1.2139955540617939e-10,1.2147003064745528e-10,1.2169724069564381e-10,1.2181388072611562e-10,1.2207983149285206e-10,1.222452021684521e-10,1.225504933578525e-10,1.2276821086693747e-10,1.2311454641559211e-10,1.2338963411012825e-10,1.2378015449743166e-10,1.24119493543857e-10,1.2455936813977101e-10,1.2497245182730793e-10,1.254696657291978e-10,1.2596974181189137e-10,1.2653635810443557e-10,1.2714210718390551e-10,1.2779634849543704e-10
