t\s,0,0.04347826082608696,0.086956521652173921,0.13043478247826087,0.17391304330434784,0.21739130413043481,0.26086956495652175,0.30434782578260872,0.34782608660869568,0.39130434743478265,0.43478260826086962,0.47826086908695659,0.5217391299130435,0.56521739073913047,0.60869565156521743,0.6521739123913044,0.69565217321739137,0.73913043404347833,0.7826086948695653,0.82608695569565227,0.86956521652173924,0.9130434773478262,0.95652173817391317,0.99999999900000003
0.0010000000000000002,1.3183811388519189,1.162141182734179,1.3044461418236324,1.231996855594133,1.2835627445316078,1.2335475901579933,1.2559612422853093,1.2949345456721346,1.2807525420957973,1.3505092872123043,1.3236863093893589,1.4723194507259905,1.3927931054479927,1.588086739091068,1.3334704674913773,1.5487869472790408,1.555341084019318,1.5123159579488856,1.9335116839311013,1.5623686028784505,2.6819365212431876,1.6221631263242671,3.8671714682132006,0.38115589630615432
0.0010363068525512035,1.3178778529277224,1.161656547666821,1.3039365555549693,1.2314971338919918,1.2830371858379124,1.2330195052275634,1.2554258060466736,1.294363290734907,1.2801686276165185,1.3498714447935498,1.3231928019694408,1.4716508324818278,1.3917438017910371,1.5873901267614201,1.3326343352424859,1.5477097142484126,1.5540369220171613,1.5107757894093083,1.9317899192287769,1.561279849784114,2.678585524285154,1.6189126594726986,3.848285417072475,0.37248456724046264
0.0010739318926445826,1.3173539933611664,1.1611521650955101,1.3034063217188532,1.2309771228985369,1.282490665751908,1.2324702921026187,1.2548688700845219,1.2937692751209227,1.2795616831346024,1.3492085033874304,1.3226733205196979,1.4709517122830675,1.3906497649549436,1.5866573445237009,1.3317641551021575,1.5465865583119012,1.552676048003633,1.5091688127213274,1.9299873020891027,1.5601371025340995,2.6750831762910821,1.615517274609374,3.8287023985176347,0.36361983082315419
0.0011129229795208641,1.3168086834359656,1.1606274467595159,1.3028546760007202,1.2304360969454251,1.2819219140511962,1.2318991224337772,1.2542895822093101,1.2931516665857998,1.2789305885799251,1.3485195251390252,1.3221263645427115,1.4702208133421664,1.3895092201223918,1.5858867147217097,1.3308588025741157,1.5454153784430673,1.5512560055602478,1.5074920293154719,1.9280997764553831,1.5589372205868131,2.6714228414857644,1.6119716466582759,3.8083974247565493,0.35456574818817899
0.0011533297100391751,1.316241055407545,1.1600814514542126,1.3022801243134836,1.2298730239709244,1.2813303095645381,1.2313049813111085,1.2536869445465868,1.2925093694748568,1.2782743603837332,1.3478036874076622,1.3215504271287841,1.4694567385581649,1.3883195934059955,1.5850752806368291,1.3299166107499918,1.5441938886215212,1.5497739998191946,1.5057423595389992,1.926123084761457,1.5576777713622505,2.6675953744434082,1.6082676850219286,3.7873440278344788,0.34532455263251904
0.0011952034817644893,1.3156500451257216,1.1595131964944434,1.301682388944073,1.2292871670231875,1.2807146377328422,1.2306868196519716,1.2530601174170215,1.2918415677451662,1.2775922957291925,1.3470595375463574,1.3209433751947444,1.4686573288064437,1.2980283490876321,1.5842216017636019,1.3289362475806055,1.5429198542979066,1.5482269989560677,1.5563021479629242,1.9240521839365101,1.5563549844082445,2.6635936449820292,1.6043978143316053,3.7655189922079444,0.33590017045207787
0.0012385975583455986,1.3150351336305448,1.1589221561468188,1.3010601801199755,1.228677363931638,1.2800740992234978,1.2300441040606991,1.252408041723811,1.2911470186961935,1.2768831027076715,1.3462862111076674,1.3203041164694298,1.4678212617506006,1.2971861336015778,1.5833225088563267,1.3279156625353767,1.5415910862147939,1.5466122347123132,1.5552216667820176,1.9218826485071077,1.5549657019073493,2.6594091416372976,1.6003549034539901,3.7428929650923237,0.32629771232313942
0.0012835671372667327,1.3143947477281017,1.1583070300531515,1.3004125817295744,1.2280428306197564,1.2794075951449599,1.2293753977377797,1.2517296260489275,1.2904248800740561,1.2761458381452542,1.3454824454070149,1.3196304207318406,1.4669466112544569,1.296308057261685,1.582375740984844,1.3268538540738994,1.5402048778660173,1.5449263393145998,1.554086448637463,1.9196094475305472,1.5535060844649706,2.6550322602743108,1.5961300957187632,3.7194389421492815,0.3165233807740151
0.0013301694200590472,1.3137277271036965,1.1576669014010785,1.2997384696990366,1.2273824009438954,1.2787141933521866,1.2286797751365484,1.2510239902486546,1.2896740062164724,1.27537929781721,1.3446471397310802,1.3189200877503424,1.4660313682327342,1.2953911294011196,1.5813787163865527,1.3257487261859424,1.5387586768520123,1.5431661793021476,1.5528931760181877,1.9172266813102397,1.551972749178276,2.6504542689835944,1.5917151706853474,3.6951281527872197,0.30658373483311152
0.0013784636850612507,1.3130336833060028,1.157000781230713,1.2990367472892785,1.2266951139885691,1.2779927305637955,1.227956149959148,1.2502897827826018,1.2888927508407733,1.2745824479174246,1.3437791488130983,1.3181712691934706,1.4650737005406427,1.2944351126454583,1.580328123320669,1.324598343701842,1.5372499294826412,1.5413281120778777,1.5516389129843446,1.9147295868515357,1.550361492580123,2.6456648506027705,1.5871012176230579,3.6699330752016976,0.29648731167981168
0.001428511362821959,1.3123108116762978,1.156307563587738,1.298306405580206,1.2259798175829246,1.2772420352970357,1.2272033407906306,1.2495261325356068,1.2880807032916834,1.2737538399217669,1.3428770742351617,1.3173817981354432,1.4640715527045813,1.29343751835742,1.5792214799207613,1.3234013299705136,1.5356758236694077,1.5394089848335852,1.5503202942672942,1.8557983714129023,1.5486683116623681,2.6406542949298455,1.5822788558853063,3.6438230948988348,0.2862441766410484
0.0014803761142396545,1.3115581792098965,1.1555862323077211,1.2975461642736263,1.2252353445522317,1.2764608013779366,1.2264204207534704,1.2487316221944411,1.2872362306193565,1.2728925843205161,1.3419397462272684,1.3165492251892772,1.4630225788873759,1.2923964929609015,1.5780552733876902,1.3221551052539411,1.5340332145542561,1.5374044653980548,1.5489339561117959,1.8534318703734698,1.5468887593133331,2.6354113700544985,1.5772388451932784,3.6167681547813118,0.27586514955328312
0.0015341239115396782,1.3107745361487559,1.1548355722791221,1.2967545614199025,1.2244606204804995,1.2756480131595254,1.225605970029072,1.2479051398440788,1.2863581685144538,1.2719973041145067,1.3409657280420788,1.3156710713157338,1.4619244891885046,1.2913105838256116,1.5768258467010128,1.3208584055207364,1.5323190933722799,1.5353108034122727,1.5474759614244249,1.8509572053858392,1.5450181627238635,2.6299249289186264,1.5719703887771175,3.588738189835567,0.26536314609984402
0.0015898231221912246,1.3099587658555265,1.1540545061026461,1.2959307520475249,1.2236542799221297,1.2748024059460192,1.2247586515878339,1.247045361588448,1.2854450929693257,1.2710666154586079,1.339953701383962,1.3147446444984041,1.460775028443777,1.2901772311304573,1.5755297407895341,1.3195087979205091,1.5305303273553363,1.5331241057293141,1.545942628848934,1.8483690816942726,1.54305178022787,2.6241832275809429,1.566463678740547,3.5597022387664765,0.18392079875047784
0.0016475445958711165,1.3091095642084838,1.1532418471685146,1.2950732287620212,1.2228152459692865,1.2739227196722993,1.2238777421978995,1.246151209893128,1.2844961206099867,1.270099141808771,1.3389023359574992,1.3137672032690375,1.4595715525549622,1.2889945321477621,1.5741636193993145,1.409362991704171,1.5286637364442868,1.5308400371883124,1.5443297765705211,1.8456621415923564,1.540984863068843,2.6181737924343906,1.5607071482245374,3.5296281359042041,0.17446043187374016
0.0017073617545849409,1.3082253056738864,1.1523962809194888,1.2941807998373633,1.2219420693002689,1.2730074530065281,1.2229613672225099,1.2452211993539777,1.2835091723656546,1.2690937825171886,1.3378101298783349,1.312735902556625,1.458311439002955,1.2877605940127255,1.5727230171719384,1.4075330252310607,1.5267157978305477,1.5284539533376744,1.5426333096293092,1.8428305998256747,1.5388113327890096,2.6118841428578889,1.5546899596956791,3.4984850025502965,0.16497248524683528
0.0017693506860602217,1.3073048965136422,1.1515167657867846,1.2932518987747699,1.2210335925330469,1.2720554616773256,1.2220084893773304,1.2442539539233621,1.2824835546349789,1.2680492416167226,1.3366756069320616,1.3116474523066017,1.4569923207629927,1.2864725143915821,1.5712037514008443,1.4056212643607751,1.5246829553634598,1.5259616905820792,1.5408487508793769,1.8398691836107446,1.5365265826612813,2.6053000508254627,1.5484002922894433,3.466241616231855,0.15548248786581098
0.0018335902405303805,1.3063467679683072,1.1506015720323259,1.2922851755512283,1.22008831433061,1.2710651098233257,1.221017742430007,1.2432478933379798,1.2814172386712812,1.2669636322030442,1.3354972759878478,1.3104988146562846,1.4556107206076376,1.2851287325478662,1.5696015673443071,1.403624003528563,1.5225616875068226,1.5233579709978073,1.5389709653627506,1.8367711769878952,1.5341242614449584,2.5984083027506131,1.54182600909553,3.432863736001309,0.14601582244722522
0.0019001621310326443,1.3053494943690112,1.1496497721508403,1.2912793685856059,1.2191050748529051,1.2700352451532524,1.2199874687018522,1.2422022275808331,1.280309511184214,1.265835746852872,1.3342737449976028,1.3092864760074576,1.4541641923922271,1.2837263607222686,1.5679116160413287,1.4015377463127834,1.5203480163736458,1.6273721397178633,1.5369957618586341,1.8335308959183294,1.5315983141399556,2.5911943936989701,1.534954146560267,3.3983216831111349,0.13659482980438042
0.0019691510373474265,1.3043116399228438,1.1486599130966084,1.2902327733264656,1.2180821634499921,1.2689641740315949,1.2189166652131789,1.241114992123812,1.279158036522233,1.2646643126811341,1.3330034596911844,1.3080068083179128,1.4526493345322251,1.282263228487859,1.5661289643562668,1.3993583949977335,1.5180383325332514,1.6244513754675154,1.5349171553061751,1.8301415299117707,1.5289429966933312,2.3061328970070463,1.527772534333053,3.3625823275651783,0.12724863182666013
0.0020406447137114505,1.3032315941443358,1.1476304663934835,1.2891440215112198,1.2170183593638626,1.2678506077150757,1.2178035913279359,1.2399847742672137,1.277961990547567,1.2634474236401161,1.3316847915468486,1.3066562543246789,1.4510631352109158,1.2807366498133186,1.5642485141725047,1.3970817321146285,1.5156283428877941,1.6213877882098586,1.5327306132130616,1.8265960055371124,1.5261513339874,2.2974992231374927,1.5202674099800788,4.702800193510484,0.53929833479924127
0.0021147341004415644,1.3021079162660953,1.1465602608836294,1.2880115636115761,1.2159121473047776,1.2666930297289696,1.2166469598555381,1.2388101636615829,1.2767198157308144,1.2621840468012238,1.3303163375594806,1.3052304712572038,1.4494023944762375,1.2791438582134609,1.5622650743121085,1.3947035615559855,1.5131138938531876,1.6181743777290194,1.5304300896423229,1.8228878264123978,1.5232162531601716,2.288513246252478,1.5124251610886859,4.6600455847219564,0.5221768242190592
0.0021915134396113,1.300939043865128,1.1454477927221811,1.2868338407771489,1.2147621206432291,1.2654897729863706,1.2154452671423286,1.2375897221974128,1.2754294445031746,1.2608725141263335,1.3288964453734593,1.3037254158253972,1.4476634051202382,1.2774825482280345,1.5601726908712408,1.3922194904415051,1.510491114127035,1.6148037879943331,1.5280096068927378,1.8190098470581688,1.5201314439191265,2.2791625487643614,1.5042317641837144,4.6157041383557953,0.5048367622657679
0.002271080394927248,1.2997232894854278,1.1442916745494705,1.2856093377627076,1.2135667336396523,1.2642396092292358,1.2141970959136899,1.2363218877061399,1.2740899947209527,1.2595115546450302,1.3274235848410001,1.3021370215959962,1.4458428011389515,1.2757497278778991,1.5579654117386781,1.3896252739291128,1.5077553457986141,1.6112684979582355,1.525463737818427,1.8149545765600124,1.5168893957988985,2.2694342700087873,1.4956730838439398,4.5697280075401068,0.61313438165234402
0.002353536175957802,1.2984591394413201,1.1430904729873941,1.2843366721381244,1.2123245079836806,1.2629408225884049,1.2129009191714175,1.2350053119648692,1.2726998234634266,1.2580993218059007,1.3258964599031628,1.3004601790916013,1.4439369408353286,1.273942730321822,1.55563712257117,1.3869162290297368,1.5049025483658625,1.6075607559728269,1.5227855372613703,1.810714371347558,1.513482473035765,2.2593149079202703,1.4867348517909704,4.5220673513249494,0.59242961864219978
0.0024389856668722248,1.2971451690646063,1.1418429027398531,1.2830138194963183,1.2110340459542499,1.2615920103879716,1.2115552841612924,1.2336382879034318,1.2712573104959688,1.2566345076280072,1.3243135053855895,1.2659641032233395,1.4105234613691664,1.2720588106591217,1.5531813259772207,1.3840875022749799,1.5019280101823824,1.6036722046956129,1.5199690412719065,1.806281635960886,1.5099027944288537,2.248791742753383,1.4774021334378631,4.4726764584193006,0.57146085624117404
0.002527537559853855,1.2957796569251059,1.1405476030019486,1.281639658755239,1.2096938155289649,1.2601916594953764,1.2101590555780035,1.2322197265064005,1.2697611274076053,1.2551160511666239,1.3226731827852518,1.2645620727097011,1.4085744477335993,1.270095000433537,1.5505912185826674,1.3811344955568927,1.4988277661495886,1.5995947943072224,1.5170072076416545,1.8016486741139488,1.506143321741547,2.2378517882043525,1.4676603499046905,4.4215049472986721,0.55025191628374159
0.0026193044933570972,1.2943610271563557,1.1392031115053687,1.2802126399918734,1.2083024811768723,1.2587384312812446,1.2087106504421712,1.2307478640784666,1.2682098755043398,1.2535422807502528,1.3209742789369443,1.2630897703131705,1.4065455991189992,1.2680485589096206,1.4685716861795299,1.3780525520098195,1.495596563097024,1.5953196516427397,1.5138934013230028,1.7968068313691674,1.5021950830923743,2.2264820066302491,1.4574943991883629,4.3685081226867624,0.52882904326543212
0.0027144031953841201,1.2928876613923421,1.1378082525393207,1.2787313391670523,1.2068587927126941,1.257231015331115,1.2072088442783269,1.2292215761762009,1.266602435583593,1.2519120437107176,1.3192155908266727,1.2615435490481275,1.4044337721581996,1.2659167211780198,1.4662848782368201,1.3748365230745776,1.4922307121441918,1.5908381310630375,1.5106202887163818,1.791748846727387,1.359706740369802,2.2146694697676139,1.4468898356572026,4.3136425168486312,0.50722465483704582
0.0028129546319634463,1.291358736188613,1.1363617896925753,1.2771941662429072,1.2053612768995094,1.2556679012836298,1.2056522395436673,1.2276395148811616,1.2649372749910412,1.250224325613317,1.3173956705044816,1.2599204384602078,1.4022367284389929,1.2636965317873647,1.4638844272744791,1.3714814489865716,1.4887255889998414,1.5861410313309534,1.5071809622204455,1.7864662606934871,1.3540730856329901,2.2024026706731092,1.4358326545116142,4.2568652932532132,0.48547437958768569
0.0029150841610193702,1.2897723596338437,1.1348625969648136,1.2756000621147905,1.2038087976267207,1.2540479576030634,1.2040397854921423,1.2260006192205992,1.2632135208717727,1.2484778123455271,1.3155137671239459,1.2582171549668342,1.3999521466464557,1.2521121903683365,1.4613654558625058,1.3679826938376891,1.4850766810777714,1.5812193734709581,1.503568159576389,1.7809514491571008,1.3482137046685239,2.1896691524398193,1.4243078327235708,4.1981336987810209,0.46360928940703161
0.0030209216918278487,1.2881273215714373,1.13330965137202,1.273947614038093,1.2022003318242582,1.2523701319245788,1.2023707614658861,1.2243037312467777,1.2614295597414298,1.2466716248462149,1.313569117732527,1.2564298604565316,1.3975774350071788,1.2488300673490471,1.4587233225779528,1.3643352820087102,1.4812801290713651,1.5760637687717463,1.4997742085270147,1.7751960139466973,1.3421234123552495,2.176458496684063,1.3485032750289179,4.137413042539265,0.5094994074315764
0.0031306018502617766,1.2864223933640915,1.1317020200564798,1.272235808847654,1.200534572247193,1.2506334048871395,1.2006438887248976,1.2225480186129971,1.2595859326968935,1.2448053593145687,1.3115609992576651,1.254555375162532,1.3951102122273369,1.2454383431907559,1.4559519721906327,1.3605347851594161,1.4773316735900153,1.5706648059863255,1.3891999057941575,1.769192579756691,1.3357961668652933,2.1627600313986477,1.3379049817651349,4.0746694206027314,0.48353803501231596
0.0032442641500357553,1.284656994814668,1.1300390026320137,1.2704637480233032,1.1988111165072155,1.2488371068424726,1.1988588421177724,1.2207325113005254,1.2576808206716237,1.2428781622018619,1.3094888420201869,1.2525902869415404,1.3925487142807924,1.2419361086020899,1.4530475757683234,1.3565758650370299,1.4732277862362935,1.5650129046730399,1.385237827434139,1.7629334702619417,1.3292274748000636,2.1485651956809306,1.3269579416633945,4.0098726557916962,0.45747808634769171
0.0033620531701682613,1.2828297404957993,1.1283200996789979,1.2686307346986041,1.1970292076169926,1.2469805042572375,1.1970148850197404,1.2188571675851563,1.2557140902503079,1.2408898344272643,1.3073524862475097,1.2505309451151909,1.3898909934382573,1.2383227803547925,1.4500045965487516,1.352454709472795,1.4689652253055101,1.5590993448367954,1.3811304267278501,1.6377075913751469,1.3224131581910115,2.1338663802434894,1.315661495824834,3.9429992625373416,0.43139982991851866
0.0034841187388868658,1.2809404313670711,1.1265448221012875,1.2667361051921944,1.1951883906881449,1.245063181197736,1.1951119810018724,1.2169213342956482,1.2536857845475993,1.2388405473722628,1.3051519185942766,1.2483743795704818,1.3871355242863501,1.2345981066864624,1.4468185400646689,1.3961449717470202,1.4380613461999019,1.5529143223939172,1.3768755135142783,1.6285342413075341,1.3153494268990471,2.1186566634351038,1.3040185856543474,3.8740323632373475,0.40536753926426172
0.0036106161242105187,1.2789886270709303,1.1247131758714737,1.2647798341821499,1.1932884879742005,1.2430854850921378,1.1931499527100868,1.2149252535085679,1.2515961030629796,1.2367304012744853,1.3028879958872608,1.2461170486962878,1.3842809856555505,1.2307629530797044,1.4434844405054719,1.3927588456716649,1.4320470865986863,1.5464494868037946,1.37247247835694,1.6190384571355025,1.3080342634293629,2.1029321575442737,1.292032792975732,3.8029597571003251,0.37944504385814071
0.0037417062314512271,1.2769744286126752,1.1228256226809599,1.2627617915389919,1.1913297116636841,1.2410472304040354,1.1911293783522865,1.2128691578018334,1.2494453854527023,1.234560231241403,1.300561336809551,1.2437559012797514,1.3813265338981182,1.2268178008371251,1.4399978429523799,1.3892203187817529,1.4258104170676233,1.5507869286353184,1.3679208939702221,1.6092169025591829,1.3004658697145715,2.0866910340046161,1.2797116925005911,3.7297803199035116,0.38525936589576304
0.0038775558078864491,1.2748978511735913,1.1208825485616387,1.2606824284861204,1.18931282767619,1.2389491727359996,1.1890509731286443,1.2107537775063975,1.2472348481890094,1.2323312138044002,1.29817376268727,1.2412877992628424,1.378271640941648,1.2227650471176048,1.4363550118823696,1.3855258485161528,1.4193494017908961,1.5458733458456209,1.3632212321695079,1.5990681809798843,1.2926450574623232,2.0699340812116134,1.2670647429194921,3.6545000317273661,0.3566081237513572
0.0040183376548624441,1.2727599137510879,1.1188849632315652,1.2585426901913479,1.1872384782158178,1.2367925748093853,1.186916053628579,1.2085804316791382,1.2449656969387775,1.2300450142530508,1.2957266227348327,1.2387105013226609,1.3751168247601981,1.2186075614376932,1.4325518488699345,1.3816717174514679,1.4126624665059353,1.5407387379679562,1.3583753056354908,1.5885922124462013,1.284572403807033,2.0526648538561858,1.2541056254903076,3.5771357106277719,0.32825667533325031
0.0041642308475984867,1.2705616963260127,1.1168345583511936,1.2563438236397815,1.1851085631310525,1.2345788873674906,1.1847263720154615,1.2063508333718573,1.2426403103992243,1.2277037225934464,1.2932229726192759,1.2360213826152133,1.4002346291201775,1.2143488901053274,1.4285852522884852,1.3776552308297596,1.4057493084274029,1.5353780188460178,1.3533858014307043,1.5777905448876481,1.2762524403578936,2.0348908682262845,1.2408514460143643,3.2929618394409772,0.30029672695673071
0.0043154209629714174,1.2683050206414919,1.1147331965235523,1.2540879497710193,1.1829246402323861,1.2323105303754005,1.1824841101148991,1.2040673526148566,1.2402611720946766,1.2253104229066594,1.2906660408197013,1.2332184403114184,1.3952291964903907,1.2099943362285899,1.4244524314231057,1.373474062006494,1.3986108292374411,1.5297870226092982,1.3482571262020429,1.5666673910391182,1.2676899564557971,2.0166231440798583,1.2273236787030584,3.2304767402238213,0.27278758428292349
0.0044721003155703968,1.2659922476325391,1.1125836172006558,1.2517774754530819,1.1806898189106505,1.2299900725761859,1.1801926399705849,1.201732871483955,1.2378316267178207,1.2228686044555843,1.288059567827986,1.2303004261916701,1.3900656183323008,1.2055500626381672,1.4201518666172888,1.3691264430526076,1.3912498406152736,1.5239626532574562,1.3429949364658569,1.5552297823924164,1.2588935751718964,1.9978770892994362,1.2135484973701551,3.1669765958649805,0.25436646395246498
0.0046344682023220004,1.2636266665094809,1.1103891880422552,1.249415494148252,1.1784070952274988,1.2276213172747816,1.1778555827105492,1.1993515196713815,1.2353560385673177,1.2203829385209701,1.2854089224413201,1.2272663104478863,1.3847472360207576,1.2010237234721046,1.415682462901259,1.364611984968036,1.3836704877430748,1.5179029791035532,1.3376067713334123,1.5434864406729503,1.3230988667346537,1.9786751922874828,1.1995577882899511,3.1025756369926967,0.22662918410787825
0.0048027311559969499,1.2612121660602043,1.1081543453659251,1.2470065164504831,1.1760808973660914,1.2252086616536531,1.1754774703123871,1.1969277198885493,1.2328394017851565,1.2178588773748515,1.2827200207120768,1.2027039283713918,1.37927782600309,1.1964249758489984,1.4110442734968274,1.3599313265479509,1.3758794717141427,1.5116073387734446,1.3321024360711817,1.5314509705785895,1.3117385298628506,1.86590708796939,1.1853885813787883,3.0374073773273267,0.19972765335114673
0.0049771032079208013,1.2587535031361767,1.1058838335375754,1.2445553521399688,1.1737163876417753,1.2227578114676021,1.17306408628599,1.1944669880991796,1.2302880523947124,1.2153028008598312,1.2799998900993614,1.1985412893091905,1.3736634345420953,1.1917650002347386,1.4062389184905442,1.355086004630806,1.3678857598042669,1.5050767297068433,1.3264942131372663,1.5191398561478309,1.300001610414256,1.8414105857882532,1.1710865799160501,2.9716265232855221,0.17366519154165871
0.005157806160222907,1.2562566618864821,1.1035840426983654,1.2420682333749937,1.1713198275000423,1.2202751038732345,1.1706221149689213,1.1919765274122938,1.2277093488223727,1.2127224412936357,1.2772571524640739,1.1942520859788033,1.367912005375274,1.1870573563986113,1.3769362294196981,1.3500794513211645,1.3597010798193878,1.4983143628577977,1.3207965471074203,1.5065740780155465,1.2878965926374804,1.8163164642901393,0.90798863915051697,2.9054100191569887,0.13450032913533505
0.005345069867969808,1.2537291279245437,1.101262112957258,1.2395524396515611,1.1688985172042976,1.2177681673723555,1.168159600215688,1.1894641063875042,1.2251115743803211,1.2101269153193925,1.2745018052231671,1.1898420702648167,1.3620332572206735,1.2331915602793515,1.3698687242240339,1.3449167509448046,1.4754962909019014,1.4913247610662665,1.3150274544764216,1.4937798666001072,1.2754380022179248,1.7906646853843995,0.88775001859062286,2.8389596350607462,0.13138298398121151
0.0055391325315420729,1.25117874848479,1.0989266476534425,1.2370166079675755,1.1664612340099438,1.2152465281304785,1.1656857714202431,1.1869391291868396,1.2225053088425284,1.2075269194900784,1.2717450586594623,1.1853184228495479,1.3560394891267151,1.2266642784504143,1.3626460443629185,1.3396046771673014,1.4672279017804613,1.4841169554562441,1.3092074218134258,1.4807879446389052,1.2626433429104509,1.7645040694769705,0.8674394225438391,2.772503170548589,0.13394546812696717
0.0057402409996263441,1.2486158045583124,1.0965874995714628,1.2344709083805583,1.1640180331548891,1.2127205746403433,1.163211627780413,1.1844124222519667,1.2199019581751145,1.2049342827368719,1.2690002025506146,1.1806904513881662,1.349945477272513,1.2200370137000505,1.3552846218408376,1.3341526872511906,1.4587317972345772,1.4767002640760438,1.3033617014018546,1.4676363554658565,1.2495360768007231,1.7378952237377234,0.84714076879299682,2.7062957265297882,0.11632050051230181
0.0059486510832081497,1.2460516450314572,1.0942562390369091,1.2319270183710387,1.1615807377568217,1.2102026903084493,1.1607494738275648,1.1818968227249798,1.2173153176754568,1.2023634899443323,1.2662823746519507,1.1759698466853763,1.3437692689794858,1.2133304356544272,1.3478040409627283,1.2479655465011206,1.4500243205620791,1.4690899246612616,1.2355475313361239,1.454369067452717,1.2361468248909659,1.7109092101054557,0.82694754918463786,2.6406228700943757,0.12750522573878698
0.0061646278809647488,1.2434998125224865,1.0919461183042891,1.229398792840243,1.1591628471595641,1.2077068458686426,1.1583136678375467,1.1794066473488556,1.2147608907394556,1.1998296755667752,1.2636086161236335,1.1711708341364115,1.3375319477881931,1.2065685386260725,1.3402282136667054,1.2426589647448054,1.441125359589023,1.4613032547974854,1.2262546050224046,1.4832180866214912,1.2225106107925967,1.6836305617107428,0.80696703478074028,2.575801461993251,0.14185653415916022
0.0063884461164719786,1.2409753450647258,1.0896723443970942,1.2269012685007965,1.1567799468938347,1.2052493340428327,1.1559205519062914,1.1769585270405969,1.2122553912395801,1.1973517131930294,1.2609986048834685,1.1862238685715738,1.3312583375677605,1.1997794191547655,1.3325852927937376,1.2373637734438034,1.4320597590804027,1.3236911424765232,1.2169311456600553,1.4685596165782044,1.208672269474846,1.6561577616157592,0.7873165024825397,2.5121815915917978,0.15956504596397281
0.0066203904876540346,1.2384958259194718,1.087452015564935,1.2244525447522392,1.154449453948132,1.2028486881739013,1.1535886520617851,1.1745712141334934,1.2098195042404427,1.1949498795730733,1.2584743882742941,1.1805874591571524,1.3600078994986688,1.1929958623534702,1.3249083615601194,1.232110055198973,1.4228577867461354,1.3161164464706872,1.2076238324189035,1.4537579662810458,1.1946828500458651,1.6286052831874258,0.76812721138205098,2.4501476812147303,0.14995952596655115
0.0068607560289206783,1.2360810913903606,1.0853045307302676,1.2220724744798872,1.1521914773289268,1.200525402288747,1.1513391123890244,1.1722657911157057,1.2074753928716859,1.1926470247028647,1.256060370985665,1.1748432222763654,1.3542986253416984,1.186255394231182,1.3729493272498985,1.226932788384488,1.4135551163799391,1.3086328321069542,1.198386095909882,1.438874912092615,1.1806041785985144,1.8672077798382816,0.74954372776497991,2.3901192256889772,0.17543904912599828
0.007109848486452487,1.2337534484138359,1.0832517903557459,1.219784068273043,1.1500284430946408,1.1983029099563964,1.1491950575691874,1.1700660284498099,1.2052479108805301,1.1904691708629684,1.2537845073636049,1.1690135864344597,1.3484792556293996,1.1860787593857367,1.3645007401619296,1.2218712014209814,1.4041940073939259,1.3012957094387261,1.1892786487410376,1.4239819974573038,1.1665067398207611,1.8437976018576592,0.73172374637456983,1.0487382540668477,0.20451852443511598
0.0073679847071115197,1.2315379525264234,1.0813179588998425,1.2176121462213132,1.1479853931089679,1.1962072521166931,1.1471827757089414,1.1679985528605812,1.2031653153595698,1.1884448903053908,1.2516771258739823,1.1631245531767149,1.3425730220973264,1.1808067690103314,1.356037220773942,1.2169696705601609,1.3948235006573668,1.2941668694604189,1.1803706704276919,1.4091622358064342,1.1524726180869038,1.820550411590375,0.71483964619858398,1.0067353767663008,0.21597923322406132
0.0076354930414721384,1.2294626212496951,1.0795306916709078,1.2155854743623422,1.146090311744274,1.1942674281794439,1.1453313348028331,1.1660928742892338,1.2012586485213887,1.1866062468001246,1.2497722612068287,1.1572072865408245,1.3366078717025403,1.175632995810787,1.3476087134390582,1.2122779074860546,1.3855000017911152,1.2873176022601172,1.1717400989396083,1.3945095203421261,1.2903994018247431,1.7976195009741787,0.69907620765252432,0.96884429772580916,0.25151713291415945
0.0079127137614846063,1.2275586025946268,1.0779195966942279,1.2137348380534831,1.1443740854626299,1.1925155565574812,1.1436729289317853,1.1643815653744696,1.19956164480908,1.1849877406883706,1.2481070125003271,1.1512984182787704,1.3306165854960454,1.1706020958099543,1.3392721217742292,1.2243118591919675,1.3213784476440651,1.2808255149427907,1.2856073571319939,1.3801298583211974,1.2811341743026787,1.7751788934147044,0.68463266327125893,0.93558813629806536,0.019567748334793578
0.0081999994933027124,1.2258600094287431,1.0765178572203697,1.2120952760602677,1.1428707179947537,1.1909869524366457,1.1422428167595911,1.1629005807177464,1.1981121504365433,1.1836283104328231,1.2467222948243659,1.145440348367373,1.3054412104592075,1.1657643143279302,1.3310918304441657,1.216327342670624,1.3175334231476654,1.2747776936808464,1.2773780751754202,1.4456263607079878,1.2722787689749566,1.7534197695640614,1.0066441264943933,0.90751394638482452,0.021269530366225808
0.0084977156658260031,1.2244045688219103,1.0753615166632744,1.2107043656003498,1.141617725070887,1.1897199134707535,1.1410794621219083,1.1616891050158529,1.1969511001993283,1.1825694229614214,1.2456627870431873,1.1396814205503603,1.303133220021607,1.1611756321000826,1.323141832854617,1.2086301879755013,1.3141154771551555,1.2499586541067629,1.2694813611569771,1.4377315766161098,1.2639469803143584,1.7325553114587819,0.9854295872610237,0.88518931672433609,0.026133733468668652
0.0088062409755271989,1.2232332566136392,1.0744897249899177,1.2096032038818976,1.1406554400535072,1.1887565883454698,1.1402247021586582,1.160789612750591,1.1961227447630449,1.1818567264494391,1.2449758566293099,1.1716505695109758,1.3010858077584828,1.1568969344753555,1.3155042261391827,1.2013048305321377,1.311203559580747,1.2402797410895232,1.262012133719054,1.4306964520912118,1.2562638866279485,1.7128181696598404,0.96543003563056118,0.86920054115788759,0.018710757563894731
0.0091259678681560284,1.2223902981252195,1.0739449777126922,1.2088365327719544,1.140027788289359,1.1881420710468831,1.1397236118310756,1.1602479419894394,1.1956746786217707,1.181538589090934,1.2447134280375991,1.1681378481519964,1.2993477026957407,1.1529971730756188,1.3082704692833431,1.1944453213898782,1.3088830629606036,1.2312275465885705,1.2550753802079271,1.4246721675032177,1.2493664681767314,1.6944626411150239,0.94688967003139624,0.86014952995935801,0.032281991381751141
0.0094573030379321976,1.221923214413664,1.0737726238279848,1.2084518706787435,1.1397814908966666,1.1879247059799951,1.1396241220779006,1.1601132408253534,1.1956581217534819,1.1816670379673155,1.2449298746809205,1.1648691479416868,1.2979716020390129,1.1370137231854187,1.2929940735916716,1.188153485804321,1.3072452600632403,1.2229383465134447,1.2487859990292236,1.4198230256928639,1.0821748253436532,1.6777619275617326,0.93006785258353375,1.1664110673955292,0.056938278419693233
0.0098006679448624564,1.2218827373346812,1.0740204336526062,1.2084999442825506,1.1399662298241111,1.1881555643998212,1.1399773923466376,1.1604376714118985,1.1961264805651552,1.1822970647637163,1.2456832549748498,1.1619019522175336,1.2970144918093069,1.1369184623483761,1.2909782921393003,1.1825409771371369,1.2022129848498935,1.2155602417534226,1.2432682469304837,1.4163227132055454,1.0807208217281641,1.5548617971237491,0.91523677767577283,1.1237078562044189,0.084243432389484951
0.010156499350839883,1.2223221346879427,1.074738873546238,1.2090341030146305,1.1406344333500016,1.1888886198793003,1.1408365944320824,1.1612753025347615,1.1971366276317852,1.1834856151338755,1.2470333109203082,1.1593003015738645,1.2965365221758134,1.1375940764821735,1.2897323082498815,1.177727514238768,1.2021796608809723,1.2092527481075348,1.2386560592703972,1.4143556648626827,1.0810145871921577,1.5567983971311605,1.0982477083107369,1.0885741249585408,0.14204833779513137
0.010525249875207218,1.2232968263546127,1.0759800970916444,1.2101095647347506,1.1418402081065864,1.1901792309581332,1.1422568551724019,1.1626828868511438,1.1987456937482932,1.1852919019717163,1.2490422473394638,1.1193378198337314,1.2866296495595506,1.1391251094728432,1.289361669566631,1.2746535608869181,1.2034086367606278,1.2041863195102653,1.26798310508741,1.4141152582539007,1.0832589542019377,1.56213912176554,1.1050887126402813,1.0617093854125415,0.18428752548061311
0.010907388570490948,1.2248634717723235,1.0777973424762877,1.2117829818320445,1.1436388466579057,1.1920842505052289,1.1442943549675846,1.1647176413072771,1.2010135288799875,1.1877761745494162,1.2517721738249641,1.1213486077811012,1.2862132931211425,1.1415976928549298,1.2899759706537566,1.2708717265695668,1.2060382767054563,1.2892977225439495,1.271015579692687,1.2597261925657222,1.0876620519012477,1.5712136780121,1.1153131259889051,1.0438161990714434,0.26082204008707777
0.011303401519038452,1.2270794598816792,1.0802439686297589,1.21411148575271,1.1460862142479442,1.1946606741017645,1.1470052244229123,1.1674374325177581,1.2039987575318492,1.1909971358198566,1.2552852165984114,1.1243849174805973,1.2867279548447235,1.1425970981761111,1.2198961817724197,1.2679061025157807,1.2102089756469319,1.2879722591618474,1.2756299253584302,1.2648032156603222,1.0944348993878066,1.5843510163404062,1.1291689046556712,1.0355931560807221,0.70781506234197877
0.011713792451317229,1.2300009436910955,1.0833722340211693,1.2171508416333623,1.1492364242633124,1.197963674088335,1.1504439591697917,1.1708982762895346,1.2077583975028858,1.1950132446249475,1.2596410890225265,1.1285388996202528,1.2882733992724091,1.144605784808391,1.2237612045692146,1.2658750005548427,1.2160598020341908,1.2881764324721416,1.2819691437412075,1.2727073443866175,1.1037879925363541,1.6018714552683377,1.1468880693573738,1.0377270489670991,0.77460975095164031
0.012139083386662601,1.2336822514865844,1.0872312927587586,1.2209544462726463,1.1531414548446559,1.2020459731728579,1.1546623218691252,1.1751530725200361,1.2123459348065566,1.1998781011147877,1.2648950460926898,1.1338997258463905,1.2778058241996533,1.1479234197522601,1.2293953613496251,1.2395715065927106,1.2237258904281205,1.2900735736245679,1.2901727851606211,1.2836700471689255,1.1159257120416441,1.3284613420587448,1.1686770510677889,1.050886963334051,0.83492993112304248
0.012579815297288934,1.2381721824578449,1.0918663947841196,1.2255706415216858,1.1578480420418877,1.2069551108388623,1.1597063147197559,1.1802496684923998,1.2178091169100611,1.2056393117290227,1.2710954916571211,1.0878671349595379,1.2790686604918999,1.152657213018756,1.2369400365231655,1.2443114334073471,1.3010894776911641,1.2938244149881939,1.161145141013094,1.2979128131664766,0.98312693895426406,1.3466405807412229,1.1947129678010242,2.1920410918428388,0.93576322539593093
0.013036548796408986,1.2435132758354115,1.0973145212944928,1.2310409331036489,1.163395962857976,1.2127305188721778,1.1656141046861421,1.1862275778693721,1.2241865365080429,1.2123354733864602,1.2782799893057586,1.0914922168174144,1.2815555275267467,1.1589075153078738,1.2465281981992433,1.2504641149398594,1.3073026685320315,1.2507374105571216,1.170446436480006,1.2501136416640293,0.99059285656210605,1.370372888329257,0.80134595331765013,2.2728746537468396,1.0282246471615508
0.013509864851336774,1.2497378788110183,1.1036035617881907,1.2373964958126464,1.1698146276729489,1.2194011860652552,1.1724133209692695,1.1931155660532049,1.231505356527947,1.2199923033919333,1.2864739435929664,1.0967936431632097,1.2853716685270182,1.1937968513229862,1.2582775850582379,1.2581076881151603,1.3154410593204489,1.2657495727034984,1.1823504191605707,1.2618798889734535,1.0013398618355893,1.399952373601991,0.83464141270815162,2.3661168717226246,0.56420390719722491
0.014000365522480943,1.2568650459419484,1.1107480146192756,1.2446548514446505,1.177120004008998,1.2269820327730372,1.1801162819435831,1.2009274195152173,1.2397767197459757,1.2286196281543766,1.2956834893557243,1.1038920618086649,1.2906134812123824,1.1995515781004542,1.2715677190338113,1.2673057044539746,1.3256061675791102,1.2833844835749915,1.19699109314206,1.2771643610803949,1.0155700601453077,1.4356184405278327,0.87302673763770144,2.4718476012640167,0.66157858500082511
0.01450867472916862,1.2648966214618653,1.1187450174711557,1.2528160397900621,1.1853105568430351,1.2354692651107371,1.1887176429346482,1.209657760360912,1.248991338203723,1.2382058831753966,1.3058924532042511,1.155460748785913,1.3284500348713237,1.206452616943352,1.2820678870406255,1.2780983456505055,1.4017610066243833,1.3037102990510903,1.2144716906288977,1.2961235637994832,1.2225016189611182,1.4775351192292874,0.91648895104299299,1.993324132199632,0.74514214007649571
0.015035439043273929,1.2738128816726033,1.1275711164144013,1.2618581416360684,1.1943629051072548,1.2448366339659742,1.1981885425909695,1.2192784017527174,1.2591152089872253,1.2487138073917095,1.3170570529530323,1.1649522894108486,1.337612377974196,1.214513007757887,1.2949582298562632,1.227831468822842,1.4179508809118033,1.3267506161701021,1.2789563073025434,1.3188693115071146,1.241123894537921,1.716566971784232,0.96492742434202228,2.1386554058990441,0.84584154823824065
0.015581328511660681,1.2835672862231888,1.1371770548742006,1.2717326274186007,1.2042273797363237,1.255030217113358,1.2084721844335036,1.2297321517661715,1.2700843699298048,1.2600747391873028,1.3290985290209392,1.1759366656970087,1.3480270059854149,1.2491814814675308,1.3422705911889352,1.2425547435932458,1.4357543750685409,1.2368150225183854,1.2926160086331464,1.5801911852304329,1.2629003364565676,1.7598412846423344,0.98493608365652108,2.293562325561652,1.0326453476009192
0.016147037508485406,1.29408361537687,1.1474831704749704,1.2823594726555712,1.2148226276400464,1.2659633295892263,1.2194794334282051,1.2409282200248981,1.2817989187821013,1.2721832214824644,1.3419004526256231,1.1883952379469065,1.3596545912681393,1.2642578162676728,1.3592371304298467,1.2594537006516475,1.4550461828412153,1.2619829680443218,1.3087787244253093,1.6121085602153471,1.2877813268365799,1.8083032960776109,1.0256403650791981,2.4571075786079746,1.1818040978773752
0.016733285618444747,1.3052470478712479,1.158374974989556,1.2936219834761005,1.2260316275154537,1.2775121842860244,1.2310827831825009,1.252737510885197,1.2941185689511485,1.2848922090569204,1.355300152243899,1.2051555158263909,1.3829088483932992,1.2800250317573045,1.377987209623825,1.3044007639341544,1.3845259945537691,1.2902110794502732,1.3273883999606824,1.6467564333615883,1.315627986708563,2.0523288132135349,1.0709644810958707,2.6280586427892558,1.7029232927607154
0.017340818552090808,1.3169035569812735,1.1696985673306699,1.305362200121067,1.2376959964926755,1.2895107127591245,1.2431129615677037,1.2649869036788459,1.3068576692063516,1.2980072889258736,1.3690854736664733,1.22468619765732,1.4040128377150722,1.2962549093613234,1.3983685698733552,1.3212783048015808,1.4124634216950653,1.4055141994940641,1.4799682637144542,1.6837932463495235,1.3567734231473878,2.1266238683019765,1.120434939842653,2.8048222310317215,1.8842208687169659
0.017970409094378741,1.3288538908369389,1.1812576709755831,1.3173773366415844,1.2496136599014562,1.3017467674476393,1.2553544719626188,1.2774568964852051,1.3197810046763152,1.3112836729792434,1.3829901373464963,1.2455005239457932,1.4263999985040527,1.2960611639155104,1.4272157694081216,1.3396886978930524,1.4417801816175597,1.4310587279642277,1.5062782719462575,1.707600654601265,1.40021614098805,2.2038431106484495,1.1733741292978266,2.3125159726841957,2.0354782614767828
0.018622858087653158,1.3408511614179588,1.1928104771764083,1.3294169916275678,1.2615354197973829,1.313960035435457,1.2675435233607004,1.2898780732239175,1.332602783541688,1.3244241473755665,1.3966927439792016,1.2180369952393448,1.3640731960413177,1.3168953896802122,1.454243673639894,1.359373505995336,1.4442154204568967,1.4580963435782905,1.5335499234720373,1.7564700780203566,1.4454577050473745,2.2827501955980551,1.6951014724872948,2.4627695618764847,2.1129393944105104
0.019298995450323576,1.352600446427715,1.2040696736485188,1.3411823816695687,1.2731646241699082,1.325841705959192,1.2793682469639407,1.3019315510656497,1.3449853095562503,1.3370793923468227,1.4098167434294737,1.2404525295564781,1.38506820439477,1.33793905338689,1.4818099537503713,1.4075301347320419,1.4718109900132568,1.4861435902694211,1.5612294224873722,1.8058907638805977,1.2426568907812907,2.3617914263213606,1.7644568248160795,2.6150383913154656,1.7640664895607188
0.019999681232524824,1.3637602523368741,1.2147048929996345,1.3523285682073265,1.2841597843471391,1.3370369384770129,1.2904713370064655,1.3132522881278419,1.3565438771386198,1.3488516627778608,1.4219365086523794,1.263519324095796,1.4072156387064751,1.3346939746370481,1.5001628354136756,1.4300302115689192,1.5000637183979255,1.5947839758500777,1.4824774523599444,1.8547984166580136,1.2857107730624193,2.0861824397507007,1.8311144265026087,4.3968100964211771,1.8037852535089769
0.020725806710105182,1.3739480574717646,1.2243477514321057,1.3624701242657693,1.2941398655066223,1.3471504072422249,1.3004566199094825,1.3234345871842379,1.3668531770847494,1.3593037727582669,1.4325845118733014,1.2746595476210132,1.4293359225637516,1.3503032339240235,1.5254374281863647,1.4204231674866605,1.5282777432721275,1.6252971708472614,1.5172740304506078,1.7196312638607196,1.3292715690495243,2.1677838690175122,1.5271078905134345,4.5247192599017581,1.8516540245618671
0.021478295518333718,1.3827495665906042,1.2326020774526114,1.3711905478042468,1.3026945557787712,1.355758373063054,1.3088993743526771,1.3320452274488161,1.3754611116964952,1.3679711362183298,1.4412681559167595,1.2921198672008813,1.4459101786923867,1.3647885533771387,1.5497942747497291,1.4492955110063122,1.6070454438683157,1.6534746113256915,1.5508630935532892,1.7583198191405245,1.3721973216515835,2.2458735013751721,1.5997894066313165,4.6304426119344271,1.9901901771227131
0.022258104826769043,1.3897336214736029,1.2390577810037939,1.3780577637601823,1.3093993042914462,1.3624229556985483,1.3153638065050473,1.3386385440138042,1.3819051769154385,1.374382597479098,1.4474896315107344,1.3817514764948555,1.4614403224764594,1.385709320080764,1.5572033716424372,1.4760895930476181,1.6233249955105862,1.5923451263897732,1.5129506200393998,1.9777883675765224,1.5073370526930177,2.2999638039716288,1.664973116494366,4.7075231701322764,2.1038811388134491
0.023066226556783781,1.3944718136034275,1.2433112426276693,1.3826435136856219,1.313835112388233,1.3667137711306623,1.3194235913774719,1.3427792833680883,1.3857375207884388,1.3780836489834201,1.4507740320907487,1.3903041754037986,1.5312019840093369,1.394833444793619,1.5672776417934082,1.499723076479313,1.6159584058278966,1.6191334493805698,1.5326608425486157,1.9949792378986331,1.530939558856403,2.3416499717684474,1.7196811697685916,4.5163983878010185,2.23442870148574
0.023903688643293591,1.3965639439329771,1.2449890097059324,1.3845499788314299,1.3156148257112363,1.3682352149705821,1.3206899702723831,1.3440712747554642,1.3865543035482233,1.378668980155453,1.4507018141588333,1.3951956676112331,1.5463121457382272,1.4242825409567104,1.634192603942509,1.4742694956878495,1.6288205016724646,1.6410722151858863,1.5485411411712562,2.0042195520443329,1.7082155120717744,2.3720000549371889,1.485810833751998,4.5465388944103324,2.0634222694789059
0.024771556342295536,1.3956684669157706,1.2437793548944001,1.3834402208676835,1.3144135956425202,1.3666583816091133,1.3188431115091817,1.342189587858158,1.3840303681415094,1.3758172071702006,1.4469486159737244,1.4030836571317877,1.53285984872781,1.4327409979225649,1.635055413674138,1.488227537774037,1.6357762728681564,1.6666328055778195,1.6834584312955485,2.004090350613474,1.7198734727350877,2.648806807191022,1.5136945790541176,3.5930824438983109,1.7574834258120973
0.025670933585879095,1.3915378596353563,1.2394638601742827,1.379073569698928,1.310003526444433,1.3617561221159917,1.3136692200391167,1.3369165485715762,1.3779575880884636,1.3693309488811565,1.4393259724419636,1.4042001573986909,1.5420550474781791,1.435924159707838,1.6292500943876576,1.5141928224306298,1.5787136553160508,1.6662336553753221,1.6771557487297741,2.0964070904616392,1.7204309687183468,2.633356005072983,1.9849456159208785,3.5604075434675906,1.6615448748343624
0.02660296438643335,1.384055673828442,1.2319547108886013,1.3713430389096324,1.3022907601179092,1.3534417902748004,1.3050966014947676,1.3281828246003975,1.3682842544741476,1.3591763709315217,1.4278230983891831,1.3540573438593526,1.5463847253517571,1.3780845714761085,1.6561067294762779,1.5095341019875974,1.580227016695062,1.7685282955966386,1.6689385457640356,2.0755954275390991,1.7086226613444069,2.3879536605913927,1.9554006268899684,3.480614250562212,1.4491241985524539
0.027568834291836514,1.3732738412474532,1.2213288328167096,1.3603126137040249,1.2913507941977502,1.3418059525238206,1.2932334145560844,1.3160992158301212,1.3551524144365885,1.3455204127520943,1.412646011778719,1.3437248258860919,1.4959397433886465,1.3767204550009211,1.6440010563821943,1.5404016499008542,1.5813645637190348,1.7395576651532103,1.6561081324098268,1.8925254353709846,1.5646219846062053,2.3555275670787523,1.9022256105072302,3.3532736994238803,1.2008318632433657
0.028569771893478792,1.3594478113450918,1.2078597167461282,1.3462511914723336,1.2774629216562126,1.327149715833394,1.2783990123507607,1.3009935279697942,1.3389302612861882,1.3287625450483498,1.394248330163034,1.3670489399352732,1.523259793789066,1.32062820573843,1.56170685364782,1.5262076680697803,1.5601507333226436,1.6755018785676228,1.633147130609359,1.8567754318425287,1.5434154636711241,2.302270646487159,1.7343264603518946,4.1160619220027002,0.97699779763934202
0.029607050389036851,1.3430633124073665,1.192042617142782,1.3296600330145907,1.2611338004881674,1.3100105639361104,1.2611477531683035,1.2834315000788763,1.3202342848610655,1.3095549415799468,1.3733512272146582,1.3380011853722067,1.4967745148960603,1.3030787821116974,1.5328933217551821,1.4686253678360666,1.5474534148161183,1.6371756418063264,1.5607050562689437,1.8097430299052064,1.4898168341997007,2.0729498152541055,1.6670761254215449,3.780246349182562,0.68178072219598107
0.030681989201987656,1.3248545840049246,1.1746081680792138,1.3112885934419864,1.243113419292257,1.2911756625369009,1.2422820221670197,1.264229861097931,1.2999401264407737,1.288811009801293,1.390603421474907,1.3307841077510716,1.4653554254136907,1.3412501534216972,1.5052700204423672,1.4451378347539574,1.5102909387514956,1.5903766177653722,1.5282641573662659,1.7680040214340806,1.4390568305543638,1.9821068148012273,1.3331217393260886,3.3886763220070861,0.49290124714025296
0.031795955659921847,1.3058061844647,1.1565224033438142,1.2921360051452666,1.2243948918879255,1.2716817580785289,1.2228481790985555,1.2444521437256526,1.279175279608296,1.2676960137612525,1.3709764316304813,1.2959942084268619,1.4884285265793551,1.3148819751032761,1.4607212649971189,1.3796526977579049,1.4687547591170187,1.5186467629068829,1.5312750554467129,1.7896663630758667,1.5347954243570712,1.9805174830034957,1.2609837098189018,3.0326326732974849,0.31710520412889309
0.032950366733791245,1.2871372556987808,1.1389679770741421,1.2734341045838846,1.2061954812422755,1.2527935639256498,1.2041149738299382,1.2253863320918299,1.2592931335851176,1.2475986540211466,1.3497590951927236,1.2654070479180035,1.4149776637776768,1.2973519573108332,1.4831225543325672,1.3413773532098219,1.443866760138917,1.492270799488324,1.5177628746450864,1.7014630391702212,1.4536553965672283,1.8442859849110391,1.1853500506094861,2.2401355230613262,0.15616199139913078
0.034146690840303091,1.2702619171266178,1.1233033775725789,1.2566057577885204,1.1899159636078025,1.2359607210117929,1.1875280830534791,1.2084997112066276,1.2418244571640003,1.230080048943023,1.3284376533986233,1.2015477830782402,1.3807508921318004,1.2122830612037703,1.3975431604592359,1.3130781674994978,1.4326496316434714,1.4323784766760923,1.4596843644162618,1.5726100827123446,1.4031462444343106,1.7157109082381794,1.2791491824100376,1.9939489679745748,0.040978349919896573
0.035386449709753513,1.256720848379473,1.1109958141458782,1.243195413879107,1.1770709231956289,1.2227450387571821,1.1746379746330646,1.1953667868767752,1.2283992890099569,1.2167935850001186,1.3087759349803036,1.1811654647776635,1.3412732801771199,1.1922408133808915,1.3742717888658262,1.2726014632199281,1.4016875489885479,1.379577901855793,1.4042028794956423,1.51422822313017,1.340362484506386,1.6038350360868208,1.1799516092285103,2.0299903832783457,0.015974613118942216
0.036671220321676121,1.2480771625772604,1.1035192270928604,1.2347645862396348,1.1691868627026452,1.2147130844809624,1.166992816880736,1.1875623086841642,1.2206366310629448,1.2093752746667406,1.2927134205524737,1.1654935198295542,1.3579439858376645,1.1867108544857334,1.3088294625010803,1.2775366601351053,1.3498663788627709,1.3429099060921601,1.3927963348937737,1.448848029698695,1.2420720219059262,1.4834728321800981,1.104642291831226,1.8259276524004235,0.025003323678902234
0.038002636910767926,1.2457718290454523,1.102215798618488,1.2327454901997328,1.167658334496906,1.2132882491800672,1.1659920931423216,1.1865140764313935,1.2199893007948717,1.2092859228092294,1.2822101822467147,1.1833960080417185,1.3331099754864226,1.237826810667741,1.2973949066166313,1.2609211322636895,1.3272504099102491,1.3331537577244035,1.3609238213176695,1.4306929021234964,1.2171428020994497,1.460142681535018,1.0567849904782491,1.7435908371354625,0.094286301849933807
0.039382393045644108,1.2509320245902131,1.1081136103503582,1.238248786923748,1.1735597621245262,1.2195560402763759,1.1726929147927621,1.1933061814797128,1.2275412500892622,1.21760584915266,1.2790404328729608,1.1859079349837884,1.3281265344102797,1.227465681645981,1.3426111839029318,1.22228956574736,1.3579924146064855,1.3334194031403968,1.3543716628957512,1.4639250279842599,1.2338010461779945,1.4729449659682814,0.95383645232817571,1.6986156966499948,0.24153933454363141
0.04081224378306586,1.264137583891582,1.1217043057550882,1.2518304108786156,1.1874160897163861,1.2340272352741977,1.1875741797953197,1.2084389656577457,1.2437572170086568,1.2347790272119994,1.3261191386514213,1.1768103097592757,1.2950324798657817,1.2050154949602074,1.3496261906207181,1.1822550812707959,1.3573671912731555,1.3311056543871018,1.3234675558828926,1.4839300050343809,1.258924322148232,1.5517368302043906,1.0240947364509339,1.7648101637369109,0.40266024295124225
0.042294007900381417,1.2851658421329049,1.142702183315464,1.2732345296102316,1.2089502258741902,1.2563786696291004,1.210278842512821,1.231561412882705,1.2682070552458811,1.2603295392603115,1.2978961867294174,1.1907889163862819,1.3098435696152109,1.1935167783867655,1.412487855947461,1.2077618778985197,1.4593785939485144,1.3511401003343053,1.3782108904971224,1.5348915922440938,1.2820460278508108,1.6029476015282853,1.1095388533976802,1.9311920529144118,0.49690966014168225
0.043829570209020015,1.3127573108401047,1.1698239115023625,1.3011617436196588,1.2368535909884031,1.2852190034273008,1.2393788032992461,1.2612285570998836,1.2993161073221131,1.2926041314779582,1.3363754158369829,1.2284921661121189,1.3445998002626425,1.2236898234714317,1.3956420017134405,1.2946713381707013,1.4337653507157029,1.4015575434323182,1.4178539390032192,1.6536064996016648,1.3408878359146001,1.8224498858398874,1.0994318519624358,2.4565018998473533,0.67281750150141306
0.045420883951981537,1.3444762212764516,1.2006641225748353,1.3331315784143385,1.2686532577229173,1.3179562082461871,1.2722440683314744,1.2947624189458224,1.3342258845643755,1.3286305333863311,1.3319560712012617,1.2669677864728328,1.427503590102674,1.3003789762492488,1.4393902463148009,1.4007902199919045,1.4385682560031228,1.5325141618586713,1.5006267850970971,1.7565006797667593,1.4147308279589197,1.9615332210269116,1.2141820780907437,2.7418240798360785,1.0510196269897278
0.047069973288371467,1.3767611743268588,1.2317527504521877,1.3655384170886009,1.3007690299621117,1.350863303070696,1.3051149310954315,1.3283232814496841,1.3688820971495943,1.3642110671531782,1.4148802712191184,1.3207348162322887,1.4752625482016128,1.3590047681591386,1.5374925145756606,1.4028739753503032,1.4855678183759551,1.6333077791832693,1.4699388772628481,1.8665947253339255,1.5203397056047834,2.2032802595786052,1.3253434804651079,2.7332677090635116,1.2053257086663507
0.048778935868141471,1.4052537944347918,1.2588868663442554,1.393989508633922,1.3288552076321594,1.3794398740219549,1.3334732931307371,1.3572902526942698,1.3984460670226326,1.3943605929761134,1.4502330239333787,1.3609836828843527,1.5061154788040767,1.3791322017150378,1.5823066397826109,1.4782340575975468,1.638893626569967,1.7155426385252213,1.5527821717738561,1.8816198851136505,1.5544959761737118,2.1679705944698071,1.5943775732312133,3.2058957207068488,1.3438003940682393
0.050549945500310701,1.4254485390577081,1.2777690879925103,1.4139658796052004,1.3484613764530877,1.3991043477540188,1.3527483696336731,1.3769906338398528,1.4180736212492775,1.4141241072845787,1.4717879830108132,1.3552355900180828,1.5466187074700102,1.4243376794565847,1.6051723112149459,1.5193391844691178,1.6726671844941308,1.6906298335229621,1.599175597014721,1.940796188207969,1.7102632537254294,2.2569217453965393,1.74543232374117,3.9118289049270061,1.5005348489066819
0.052385254918061869,1.4336062279292499,1.2848986196659098,1.4217482285917917,1.355955935220635,1.4061526079760824,1.3592900403244812,1.3836990839056895,1.4239708639329933,1.4196771699414512,1.4838605267668181,1.4043965724738996,1.5681965958500186,1.4544300728316557,1.5853972360640114,1.6385865072038541,1.602381725056091,1.7261881022728076,1.7534704548115769,2.0469598741674133,1.7596123074288954,2.4177900436374671,1.5872949395798059,3.4095964080333943,1.6033894016654813
0.054287198644229165,1.4277603604885769,1.278537833651967,1.4154278788027206,1.3495247654579861,1.3987901043936759,1.3514012553860084,1.3756976665111997,1.4144991779116864,1.4094636950455666,1.5310020619394127,1.4231522767339868,1.5863430020311853,1.4854628082342742,1.6060280982667337,1.6123326082449694,1.6154037086723747,1.7895428961311168,1.7725788061779895,2.0663654342711482,1.8706720258925031,2.6098474601823796,1.5528274954476728,3.5999535186711,1.414923376958086
0.056258195960823126,1.4085410824171731,1.2594857194042248,1.3957261571379718,1.329971195561555,1.3779458642775442,1.3301392480821068,1.3540842810183449,1.3909940615745224,1.3850138214145602,1.5314932586680641,1.3790975886033152,1.5698804548744647,1.4790889692833133,1.5944143421447734,1.5449004557046422,1.7119445998478113,1.676375063809239,1.6130254495033114,1.845012722295678,1.719133926737868,2.5158113060451797,1.8063140723588731,3.6989549618847377,1.2948041516565354
0.058300753986369434,1.3795435144434123,1.231392777701698,1.3663474058355405,1.3010385728661049,1.347586050730925,1.2995922028238525,1.3230404029748684,1.3580000898720925,1.3511361981574623,1.4671452026869929,1.3325070916299921,1.4964046535542366,1.4278932281487187,1.5300528239938558,1.5300623783023184,1.6697555705472951,1.618820389668997,1.5641672829733579,1.7707293653784291,1.6751289764133617,2.0948649677179674,1.522987990349252,2.9067948467272799,1.0928172065853232
0.060417470864976577,1.3470677625698499,1.2004626380332084,1.3336923341230431,1.269100025133298,1.3143655932566958,1.2664917641953366,1.2894154843709202,1.3227803657043751,1.3153590820937211,1.446326302763282,1.3354592962969605,1.4296592938173944,1.3678467840799726,1.5022055961337628,1.4593003191626508,1.5425434804519682,1.5182894717818272,1.5957026024752849,1.6466163013446931,1.6897992486574367,1.8730905529173469,1.392650421452946,2.8014599096641177,0.81209240869966948
0.06261103907118791,1.3192091989035362,1.1745264036126031,1.305921481509472,1.2422124585135634,1.2866275096707795,1.2391793828087145,1.2616742183924998,1.2941753725997387,1.2867248009065975,1.3994278255448762,1.3010369844190919,1.404973717381381,1.2998352738813423,1.4545871765476477,1.3527552542529833,1.44737277015156,1.433002722770766,1.5259984346703277,1.5174545474587546,1.5715985035503763,1.9556363789197349,1.1077671705370449,1.9666675519692944,0.56748542579316563
0.064884248834823202,1.3043581412132426,1.1615794264023414,1.2914363796256794,1.2286177191414254,1.2728392975483303,1.2260464652081069,1.2483241380132313,1.2809484652469791,1.27410393538986,1.3392111903773412,1.2388374603852341,1.3746790246891294,1.2678992312310431,1.4212685499421696,1.2955499040289822,1.4430168727385535,1.3948877434642668,1.3313308016954579,1.463293294492928,1.3838145804633086,1.699273949193298,1.2671074445152044,1.7657339972029149,0.58887295793829253
0.067239991690164716,1.3091495525848131,1.1678152206632575,1.2968205407398159,1.2347287922563623,1.2795135593844802,1.2334799101709741,1.2558560421562106,1.2896583816499341,1.284058188031274,1.3115345972146404,1.2322057978444434,1.3555855492211548,1.1882986216149902,1.4283387450690128,1.2885096601810346,1.401502534525946,1.3183939836940226,1.3174180515688931,1.3895114924450809,1.257027123224816,1.5294429335656332,1.2163677357730194,1.8309436261749852,0.68622302636504173
0.069681264154003733,1.3359467446757449,1.1952369603272928,1.3243229126670206,1.262664300253725,1.30867747865193,1.2633592237737048,1.286205761643973,1.3220487742609066,1.3182014994704474,1.3301199038857305,1.2576120817496985,1.4263357296670733,1.2129857336690293,1.4311211376526387,1.3193530237745108,1.3675576351480243,1.4304309889903379,1.3820534906278716,1.5536789424227209,1.3473404575542247,1.8095746469107326,1.0488080829618411,1.7102053118185268,1.0003208145935787
0.072211171537224589,1.3803865247725469,1.2393361089707469,1.3694086068594515,1.3078346592102434,1.3554102215202875,1.3106025628171665,1.334225047165603,1.3724570049292879,1.3705451494237195,1.3733881307805405,1.2698547950160446,1.4517126884582012,1.322248753725944,1.4589191265966974,1.3899665250728503,1.4367308358927176,1.5079031513787413,1.3885543952935677,1.6714644932253577,1.4238155304537941,2.022170761385496,1.3220558298698961,2.1019126844339553,1.3466832675912883
0.074832931894776314,1.430386864372224,1.2881990763628437,1.4197920266467463,1.3579897966654926,1.406908523358652,1.3622395619127019,1.3866904054895031,1.4268423270502808,1.3468417404387765,1.4522067818386404,1.3382588794654566,1.5018883776018583,1.3717777512774774,1.5633804313337123,1.4803234846067426,1.5092677202297864,1.5984172372209287,1.4830397640896535,1.732165521259958,1.4675323462606684,2.0649662146897754,1.6164358926471323,2.4212143424429087,1.774090430160868
0.077549880119054199,1.4685501703952184,1.3249165932145388,1.4579046145841517,1.3956933514896264,1.4451096168227195,1.4000922531424749,1.4250333508472295,1.4657404670322194,1.3962114535939918,1.5363078353466335,1.3894686734295192,1.5888760824388726,1.5117534369578607,1.5809841936969065,1.5700116062594134,1.615940127856561,1.7125605512969742,1.6503909482189556,1.9521443203520903,1.6121386733220788,2.3396101310414679,1.6038020399882953,2.9056452771756085,1.9734242116828682
0.080365472181900266,1.4787577025336986,1.3340597568023895,1.4675912185380184,1.4050192524679233,1.4536687061741986,1.4078728017502726,1.4326500864153218,1.4720158814074011,1.4260879568313385,1.5868401894938415,1.4510431838007207,1.6074237357098897,1.5510649668469796,1.6513540197562975,1.6083150388676586,1.6785253900614059,1.7593626497512105,1.7386896554853166,1.9478348771807532,1.7337593601165509,2.5151306962929993,1.8091115673712466,3.0924380119672605,2.1198051060182479
0.083283289530616339,1.4546595328356204,1.3099181540259792,1.4426750332959348,1.3800746300671136,1.4267692854306517,1.3800773550593135,1.4040413614917924,1.4404327444212868,1.4237179283496388,1.5539167850761828,1.4527524449909563,1.5963953540427838,1.4901355205027116,1.711513405944288,1.5591246600069981,1.7024426501703829,1.7546319493260074,1.7962855281098769,1.9182841759511575,1.7580297081688059,2.3550948756069374,1.8870817998288203,3.067205798222858,1.9807992465466988
0.086307043643583686,1.4050185710827918,1.2615252660218275,1.3922673674422583,1.3301760061305146,1.3743761202360592,1.3271316622207956,1.3500090548540129,1.382895108375358,1.414010326041705,1.5202493265122712,1.4419052044391947,1.551063833993112,1.4995183133855789,1.5917043518957144,1.5224960943961534,1.6776950952562402,1.646422098918606,1.7093782121296499,1.8231855757835547,1.7108768490770672,2.196735867040843,1.6717416968173211,2.7171776031609625,1.6610371104443402
0.089440580751281543,1.3518976666239269,1.2106036174995047,1.338789214730923,1.2776939817778725,1.319843725926745,1.2727054069709709,1.2947492047153446,1.3250582453100606,1.3304541774226095,1.4129581854224398,1.3358426659551697,1.4794751167928553,1.3609303255800214,1.5695117832729011,1.39459588725108,1.5646770229059257,1.5645669641864401,1.6092787754287201,1.6845329525969532,1.5554943963361438,1.871253256746968,1.5270447362557888,2.2567931716766907,1.2376571710888697
0.092687886728712393,1.3222993021465754,1.1832311869525105,1.3094260963194984,1.2494611209896789,1.2908902619970206,1.2444680247212432,1.2663409710232827,1.2961286830355903,1.3047884921594743,1.3870655535956189,1.2982011073984836,1.4254360655186247,1.2894980713170245,1.413353758200401,1.3392666608106936,1.508156165732089,1.5042943622091798,1.4684114376318576,1.5786155786653353,1.4007923906756332,1.7281411146288974,1.5201369190794196,1.792901264025204,1.042288191640182
0.096053092165454393,1.3368006716499963,1.1988683244087071,1.3246770352149326,1.2655156500832589,1.3079354222718269,1.2625047564788785,1.2850793275700312,1.3167288572057885,1.2857094961906057,1.35756943532229,1.2785431931048379,1.4129155412779006,1.3048630912749104,1.4111535644695437,1.3738174052914474,1.4130911714076575,1.4746035196255889,1.3979329308970136,1.5593014412138473,1.314014438320013,1.6632539874151462,1.2676583053575996,1.7001271058250425,1.1801460203059833
0.099540477619792678,1.3974110836905211,1.2588594660163608,1.3862322328743231,1.3272763052354719,1.3719862281521387,1.3274242599003401,1.3515076882486525,1.3866808942033799,1.3088738783021654,1.4396997335782658,1.318737515804969,1.4426071727095859,1.3720734633516258,1.4416220049658932,1.4332056628545615,1.5164507530826086,1.6185693904562868,1.4770237912350694,1.751996392124056,1.4355449781187417,1.8520311844622483,1.6105385659775493,1.8844925342355054,1.4680173456144985
0.10315447906361094,1.4786302582636992,1.3380227517664025,1.4681003996456923,1.40880193144028,1.4558204565970527,1.4116064508521049,1.4374062027916921,1.4759014940998441,1.3924205887135486,1.4879716753500816,1.4255935294722804,1.5630028412624597,1.4678649469660741,1.5473659300041618,1.5906596174618244,1.6032322914163615,1.6539019371748509,1.573230554553561,1.8499309456110495,1.5467471334568472,2.1274538661782572,1.6136050518189222,2.3233078085249872,1.9137849068210926
0.10689969352496964,1.5339734682251631,1.3911984170199503,1.5233489280088008,1.4634911983533243,1.51119068398134,1.4665080602223952,1.4931418460550674,1.5324296721071278,1.4880173053902581,1.5719671079946949,1.5295468707218447,1.6281090631206325,1.5527425698196566,1.7033062677559201,1.6457160078972493,1.8037645268808902,1.8254173134955636,1.8367955213179812,2.1076009321218407,1.7886738764899519,2.3371130478141993,1.7892034729829902,2.8416949663474043,2.2356867861853971
0.11078088493554963,1.5266534592666119,1.383244859774436,1.5151909342014271,1.4551015265744986,1.5010713994782634,1.4553348824179579,1.4812566008277726,1.5178664837261664,1.5191866801762832,1.5842799567428756,1.493500072562739,1.6973385921799604,1.5445317526439419,1.7669961603517663,1.6762627992519796,1.81724785901838,1.7368901737739006,1.8080102288632816,1.9943215155903591,1.8634562525570573,2.4036332146484938,2.0213869316549449,2.9318606040737905,2.2740526203601803
0.11480299019039646,1.4640915961809924,1.3223870180614128,1.4516891179148388,1.3921919100818059,1.4350610917539406,1.3885927251514447,1.4128925797748479,1.4451694061947933,1.4491521226429143,1.5592295960657907,1.4682179381605067,1.6164944348404333,1.4785924140569136,1.7010641771721566,1.5746699410135534,1.7480819634401996,1.7148665791261806,1.815417776178947,1.9663358227594472,1.7866671180927369,2.0918553777337365,1.8075272964315445,2.6784467024408514,1.7171170187593816
0.11897112542767653,1.3989469586010728,1.2603657938539836,1.3863131177057539,1.3281306498845424,1.3687945798732244,1.322654521791776,1.3458153846415826,1.4192019995156784,1.3720394695730533,1.484859144612301,1.3403673620971546,1.5403766006033948,1.3988367333338516,1.5553872639425208,1.4780892541054556,1.5361821964911542,1.5464098436638665,1.5619370432432333,1.6741438240143225,1.6348906659879958,1.8811407558841893,1.5352862250397266,2.1642474490017776,1.2898152892231565
0.12329059253642989,1.3918375027287198,1.255561441566357,1.3799600493162245,1.3230090968266524,1.364098634171258,1.3191223777798955,1.342584741872173,1.3898608248588147,1.3185406388986092,1.4229229612416783,1.3328112037443134,1.4328451493324792,1.3678050418885732,1.4650216765909931,1.4298791396811339,1.443974071894047,1.5222704817977046,1.4693334127185835,1.6857648019033604,1.5238338169608596,1.676406980626723,1.3992837130942064,1.8688527027339887,1.219302324243472
0.12776688590060065,1.4634911090490395,1.3269745410552787,1.4528820287689115,1.3963677359427891,1.4402701521387939,1.3964951061668671,1.4217257297738115,1.4437561510154637,1.3747749874939927,1.4582388175684287,1.4161800857150411,1.4960754861122041,1.4668422939553238,1.5387584015749098,1.4918352654422051,1.538890647247058,1.5901687044656683,1.5062077645868612,1.7301860290986042,1.5155165725316238,1.9097506096968573,1.545569304903438,2.0552446487909037,1.5021685195461032
0.13240569938792018,1.5615110060887787,1.4227935567530494,1.5516528173784536,1.4947928594202722,1.541273115380136,1.4978430368507816,1.5249248088161949,1.5269470973995567,1.50957658071286,1.6000339257039968,1.5169721080883392,1.6406581818152972,1.5357184421577585,1.7104597929306919,1.582117024481704,1.7046399733708313,1.7458172445758464,1.7170221175233564,1.9560843388426292,1.7657821691695972,2.2652089590492324,1.7838487098551923,2.5358597044132694,2.0439321713347454
0.13721293359253647,1.5889239288622612,1.4487356030138017,1.5784443973958275,1.5210910123297481,1.5667301341362645,1.5222410267688247,1.5490345506552217,1.6005318151659935,1.5607939725743734,1.6487950185648117,1.5808495329179095,1.743232711275378,1.6359089339047159,1.7913586889935686,1.7253255567153474,1.8779584544958468,1.8423817640748439,1.9040155586565746,2.0730879890848888,1.9452406484374749,2.5613658491018541,1.937322056995272,2.9304636736542307,2.2670397833112474
0.14219470334059872,1.5137152844446859,1.3749708151791822,1.5017892623845768,1.4447653333486485,1.4862959939936351,1.4404190701971942,1.4648827891094598,1.5509819042791833,1.5007950243778367,1.622987941273891,1.5317092569763133,1.6877719358338936,1.575110165631358,1.7224993364820875,1.6408455751389699,1.8227797108684172,1.7829426787928071,1.8829875675050971,1.8970902258276965,1.8811595596630468,2.4053555010723358,1.8336098634440532,2.8072651387719816,1.944058888921063
0.14735734546834808,1.4261394986319829,1.2905977686738197,1.41358420834149,1.3579267386625133,1.3962581886309522,1.3504576255315328,1.3734913535192845,1.4700104693511094,1.425914992663742,1.5219082723044721,1.426467497008673,1.5449605731025713,1.4656671977356268,1.5775523644974783,1.5533815110852291,1.5944388760017318,1.6521574002607622,1.6213922007332258,1.73229813880695,1.6952748950093337,2.0351437320555306,1.5737090999681413,2.3145218696790835,1.424014917459175
0.15270742688260411,1.4442624479506776,1.3098710411595142,1.4326354795699388,1.3781063190039333,1.4176774969383032,1.3732738360484631,1.3977577913183836,1.4119562622797588,1.4036088838664966,1.4795706467233574,1.3809445972667334,1.5208858088758106,1.4276927278893368,1.5502183699658758,1.5465048462757522,1.5494273774864382,1.6387195340075777,1.5442847181246862,1.7476065934831695,1.5005637159461003,1.8036121267365957,1.5463971433700863,2.0080820379053534,1.3040358164053032
0.15825175291390461,1.5775313621259219,1.4406098564314789,1.5674427731239007,1.5129092312097896,1.5568517810759772,1.5137526584328498,1.5416807283216087,1.5492286637379493,1.5123398840050868,1.5993988531872674,1.5142973011952563,1.6683544244940549,1.524666713266015,1.7071542070124224,1.6205817240388569,1.7547916720614012,1.7818292243714495,1.7560960295763834,1.8876349217453026,1.6196628805521414,2.1188604198678149,1.7764869767524942,2.3235944678121996,1.8768210890630144
0.16399737597291922,1.6744645192356451,1.5348650570510927,1.6646103323608656,1.6095031862734572,1.6550424152122787,1.6116243847337728,1.5997978284954684,1.6594754561084244,1.6121764505284091,1.7320743011021094,1.6588472831956551,1.7811319432120767,1.6950398050807962,1.8665420310597263,1.7606329575781956,1.9058837677220772,1.9006089797294408,1.9465119798496175,2.1083049301184928,1.9585345039820368,2.4979734337229331,2.0518233908119328,2.7479188811629851,2.3526159838929743
0.16995160452115241,1.6037022656781517,1.4657292953957892,1.5923663746494654,1.5374216782302215,1.578776532757594,1.5336745929205762,1.5743418433348211,1.6219457820207879,1.5903833277256894,1.6835502201404324,1.6521074315896556,1.7168890880000163,1.7113776056485075,1.8241530416776186,1.7573369440467443,1.8429559846745178,1.8597402082978647,1.9409448826941116,2.1087560484512551,1.9515358401658887,2.4186621299104445,1.9957358068584199,2.7444602476771252,2.2555082698283968
0.17612201236734229,1.4900255640145588,1.3563217904386813,1.4779087294913325,1.4244675230627308,1.4618516949342535,1.416635786979036,1.4776066803638628,1.5069270944696029,1.4730758971685702,1.5416481448696402,1.506734850517887,1.5843842282623086,1.562419179699873,1.6430119705481729,1.5982170881055779,1.6341168928538536,1.6946025884578131,1.7151817454405318,1.8688087071891886,1.7446488913299163,1.9628370082855326,1.7026970755766273,2.2406857901296462,1.6076288821395224
0.18251644830138475,1.5399319910582392,1.406742946732777,1.5290970763730343,1.4767230901597763,1.5163963277214734,1.4728324198037797,1.472441512506478,1.5189757861866156,1.4768717835590905,1.5865348271565267,1.4773348942011353,1.6348579086237578,1.5139430688226412,1.6606899881899722,1.5670795532616921,1.6366627474944835,1.6979463275552007,1.6315200582436944,1.8547488407916717,1.6583918083215394,1.9140596143311086,1.7324180769201121,2.0921178915550342,1.671023308274016
0.18914304607803245,1.7058064245952949,1.5690931540018482,1.696447208971847,1.6438308255148968,1.688137255279571,1.645637159077296,1.6193948939610436,1.6985863659588176,1.6315896879571028,1.7652083488471817,1.6534379622783035,1.8168549261303042,1.6883353371608791,1.8686454487102253,1.7617437704557233,1.9273792224162207,1.9037932123642349,1.918825146354493,2.1333625622291947,1.8998471987301855,2.3182605587826401,2.1561949014158017,2.4934069192065635,2.2658297178604698
0.19601023476307319,1.7000773973963881,1.5633052083579742,1.6896725678394162,1.6367526649655559,1.6786518200096907,1.6345607775019744,1.7005494056545807,1.7241904507986447,1.7065811510498099,1.7896515341921457,1.7448370966061035,1.8418396343413974,1.779192238621512,1.9065177462813381,1.8726909375367313,2.0247548858351365,2.0134040342414323,2.0426420533960936,2.1773162073848198,2.0694003968626475,2.4798962281267336,2.2476725529961641,2.7182968699466983,2.5650364032384232
0.20312674945514284,1.5455315733431689,1.4133796469910707,1.53348721756646,1.4817667053801529,1.5176870009626668,1.4724419491812952,1.5605779794320824,1.6052291073717697,1.5596130114486755,1.651709835381439,1.5729450592232297,1.6947328051268187,1.6164283209402299,1.7328480170506282,1.7214150826881394,1.802322273286336,1.8021785000256045,1.7937988225844492,1.8801035272314266,1.9285482735417645,2.1243865347887549,1.8464106891783558,2.3637406837988237,2.0263919827806376
0.2105016423968161,1.5963927766174493,1.4641098225246978,1.5854474036892157,1.534853739734146,1.5727933895531658,1.5539720641675672,1.5441335681957895,1.6019606783133895,1.5535238762629433,1.6386036299717261,1.5588153094656718,1.6634087384242804,1.5755757931385688,1.7482930102024596,1.6639584071198215,1.7718276852374544,1.8334657073914968,1.6982501901996727,1.8814046298466565,1.7934095837662269,2.0112073338464143,1.8134423991123185,2.2650826237293131,1.8266962510951998
0.21814429448910344,1.8219010006853615,1.6844580796921491,1.812865313780577,1.7620062559012979,1.8061141262879801,1.7196916729047871,1.7408135545728101,1.7844134515013934,1.7801990708021549,1.8346333519784821,1.7916428255840628,1.8703602593938058,1.8276273435585608,1.9707327886538053,1.8889160955366151,2.056993201493583,2.0436516258712345,2.0409239427622197,2.2415120795540133,2.1006138644464443,2.4786308695674961,2.2662655970839296,2.7055211361112015,2.4031287350408093
0.22606442722400577,1.7639496810544202,1.6284971719363739,1.7535437607041926,1.7026420104077964,1.7428003188896923,1.7114390650505498,1.7334740008897143,1.7833418170228015,1.7626531070119427,1.8722527239755209,1.7786699785432916,1.9094318288638306,1.8594552088555929,1.9491874451000513,1.9465722980269362,2.0362536257894135,2.0488989120394763,2.133175717165841,2.2457543577279466,2.114821784501828,2.5949095261873936,2.2521100841336192,2.7529240638086776,2.4746580427255367
0.23427211505029999,1.5980171490117527,1.4682033605516269,1.5863428105622006,1.5369683968481809,1.571547935149411,1.5912449366107779,1.6022860924942535,1.6400352975359738,1.5858878657763067,1.6993555178559063,1.6008446484046601,1.7507929187328273,1.6171218874929423,1.7693920302040738,1.7299873159565227,1.7740291178789107,1.8427077389285258,1.8370186197269049,1.9394256455329244,1.8674800518323877,2.1799566027640367,1.7980458314475563,2.3428359807060701,1.9684957673207606
0.24277779818828998,1.7981700499184115,1.6639143717305274,1.7885733653252665,1.7396833485658085,1.780219817888252,1.7197833120241057,1.7387968816579473,1.7704785127897367,1.7633288983799957,1.8035716927556678,1.7811131183409543,1.8591290024855311,1.7899076417061224,1.946287299465439,1.8620245820948185,1.9950814271617219,1.9991977499885252,1.9789402037293939,2.1712951848858211,2.0351766817980206,2.3333951700565194,2.0830255153941835,2.7107961022084055,2.2151721667178208
0.25159229590981802,1.9162422222848119,1.7795799967962012,1.9069705250043683,1.8577916737276325,1.8454969309682809,1.8713244443900798,1.8450318514988016,1.9310641125780084,1.8842464133587917,1.9870515722131756,1.9226203792774328,2.0353143758276175,2.0026834992857943,2.0791692084587794,2.0878771464502393,2.2265010550109992,2.1848945368205648,2.2501264826469196,2.5129244993065916,2.2617452211256932,2.6756462044856733,2.4772393381202757,3.0749418560844788,2.5557178420980868
0.2607268203004347,1.6786535292573035,1.5492217156190975,1.6670452899695078,1.6189203035806656,1.7069441520224302,1.6786308645455534,1.6891835741084833,1.7093554817475933,1.6960034677684135,1.8012560996561433,1.7139178227585319,1.8635523927500799,1.7546975835405618,1.9079002505394556,1.8810958953894499,1.9162913436230156,1.9749585523011792,2.0005318338648976,2.0704789126393734,1.9862947120563206,2.3355982848140684,2.0582984250697791,2.4720553952943192,2.0663621610486658
0.27019299052122669,1.8559181984198005,1.7223001438265158,1.8459764333216953,1.7985696804113971,1.801912567879242,1.7962981524875659,1.8075068264240599,1.8606459584198092,1.8017664684662122,1.880856760418169,1.8525588617314952,1.9269766569619833,1.8886517895605266,2.0219514666480052,1.940477305072136,2.054766519362488,2.0993593116781994,2.0557976021235618,2.2175668809013587,2.211898018444117,2.3994210096091138,2.1775801760568356,2.6590420663978875,2.3473887484706211
0.28000284758844979,2.041044473976819,1.9040193101376417,2.0322633516767894,1.9847939577352633,1.9768096365407237,1.9706182816600664,1.9688156057946715,2.0463381253841177,2.0118512282938772,2.0976035813929954,2.0092322701823129,2.1531896378448465,2.1187411162096854,2.1847505292862479,2.1989184098054366,2.322346668055161,2.3145359547756446,2.3780306109115337,2.5878622873570691,2.4758651066613311,2.7000990552160147,2.6679702744998344,3.1558679661688984,2.7872555316974985
0.29016886968976069,1.7564406249232434,1.6284027851547975,1.7451618724539202,1.6986669931284695,1.7601665883244237,1.7537043390296949,1.7820430437893719,1.7893496875769301,1.8176215355067455,1.8667619304894174,1.8192450711271495,1.9376781755059937,1.8244148713260069,1.9525983932577731,1.9462180678833594,1.978559991997372,2.0572971539515734,2.1469034151620008,2.1626936065495386,2.0855608608127341,2.3890809395838417,2.2446717811303074,2.5229391171260431,2.230063929400103
0.30070398805653642,2.0451502996173474,1.9092332518405755,2.0358610239492236,1.9669126734009126,1.9885214328373308,1.9724812999630785,1.9634320080540419,2.0527821345559687,1.9771689859206845,2.1138766769199719,2.0368440024398069,2.103992077152725,2.0936616758108357,2.2038415101224018,2.1383785883658675,2.2363767726674268,2.3419960962671666,2.3405698199477456,2.4245758449633286,2.4289839450118507,2.7005731145186473,2.4980901643184552,2.8891582741739512,2.8091367177839857
0.31162160341246387,2.0778283611464143,1.9430917999991379,2.0685766191992485,1.9926119500013755,2.041674456978285,2.0076870682912369,2.055768962515458,2.0691722681151532,2.0836689519853664,2.1547741803296958,2.0610920829278143,2.2513133406426391,2.1751023584174618,2.2791733331758905,2.2943960004278168,2.3888083607976114,2.3519685996639055,2.4469743469812784,2.6229035384751569,2.4971388924527673,2.7612113567472534,2.6221424456882687,3.1170981078612385,2.937632335770104
0.32293560301933,1.8947541936774428,1.7655871043230551,1.8837127759686325,1.8701205257139737,1.8912185706722653,1.9061910212689384,1.8905080408269797,1.9436783924473104,1.9317236508931082,1.9810093291661133,1.9680422801952773,2.0489048778345937,1.9758480749753744,2.1314738777319278,2.0842884744573666,2.140588798236422,2.1632296997895537,2.2305153914217817,2.3264977423842765,2.1911759331028406,2.5500548302852621,2.3637834243450015,2.661996295345034,2.4321873170174513
0.33466037834168677,2.3385873607515038,2.1982814125863968,2.2307889500380966,2.2028337978921968,2.2587088931491017,2.2193132594840463,2.2663969628892318,2.3030828432923793,2.2638737786189722,2.3924361129580256,2.3054085654821836,2.4236696079554703,2.3988137654591526,2.4954667288738506,2.4595394083779354,2.6298146994284082,2.690810820722092,2.6415570906192443,2.8221420736491893,2.7881885407668374,3.1425233218195245,2.8946806948891091,3.3548085076165748,3.2492987484104106
0.3468108433528686,1.9785972863774433,1.8510052706402575,2.0022580686366069,1.97011068777089,2.0151753154681717,2.0007086512671521,1.9811382291193524,2.0427789949995052,2.0472269614762766,2.08613217924227,2.0543740924490361,2.1666782117209777,2.0688858897383069,2.2042590927249819,2.2005343627234248,2.2886735583897462,2.2698512378733451,2.3332038652771416,2.509824704789537,2.3911536141891361,2.6038734440443818,2.4511202218004158,2.9298055233957712,2.7165947405366211
0.35940245350563965,2.385344110611868,2.245373853306659,2.3327832241381206,2.294573904448292,2.3270519859821213,2.2895506163301889,2.3666184225954865,2.3588637520629732,2.3623292267524221,2.4683986560258973,2.3755475105093637,2.4964890663723054,2.4987791670694151,2.6196034707061528,2.5454612683228106,2.650813001719996,2.7692229276616445,2.7893653655911521,2.8711691663341981,2.8479110217576817,3.1803624581239092,3.0391114383060085,3.5153512778186098,3.2430664419198365
0.37245122539160996,2.2467442472057959,2.1145664927139478,2.2365328255429802,2.1683944726882629,2.2301560645547021,2.2124267262868003,2.1962536786363103,2.2832347345237878,2.2463456994261719,2.3187919083712245,2.2959634337821697,2.4319770756329717,2.3370949001491113,2.4377174887874844,2.4601556562673181,2.5344733856693438,2.5596531954496413,2.5636049334361815,2.7068406283297577,2.7358896262567214,2.933468681380873,2.7685102076416115,3.1305561319945809,2.9051175345412616
0.38597375711441811,2.4286981737477618,2.3253753940554134,2.4152228797994191,2.3858053322616186,2.4000116512996517,2.4045331188578984,2.4412794714207706,2.4679267627075632,2.4395297365574606,2.5887155960626274,2.5067732311536588,2.5788207001071584,2.557570269019152,2.7206014107388796,2.6813992526704169,2.7250237006795146,2.7927152534857669,2.9287041810576966,3.0446724189782799,2.9691501703933909,3.2050294673836106,3.1450177474125667,3.598250027621134,3.4146754496696303
0.3999872494026056,2.4873677845896558,2.3408552423825393,2.4384528877005778,2.3932554323591368,2.4398998505948271,2.4005358698913994,2.4098960737462107,2.4864338705664011,2.4791162809472667,2.5072614323271409,2.4600449688242492,2.6128582628386994,2.5538516020286579,2.6257610319119067,2.6547839827070732,2.8089926548550466,2.8363527677211096,2.8155462217869172,2.9551506858380208,2.9077703217953967,3.2412152837505346,3.1550241336935869,3.4462830160946396,3.2014376838139924
0.41450952748902736,2.5861176693915695,2.5062387194904545,2.6141864545302163,2.5818536197912607,2.6033921094875367,2.6189073698164407,2.6378588236896974,2.6643397399039515,2.6378677010001184,2.774800678222789,2.7228451758031156,2.8008659134535492,2.7755410889735685,2.9548952040066752,2.9250188203627658,3.0099476699536005,3.0470778197604886,3.0915043887450793,3.3296720136036129,3.2472895074772623,3.5378996931467555,3.4056524429249748,3.745077141319598,3.7238173044224823
0.42955906378464082,2.603060067541719,2.548527356753735,2.6251263217105532,2.6071346572535337,2.6481569136437457,2.5854500548321511,2.6254190438008465,2.6821944383562055,2.6707861150586609,2.7171557602969187,2.6735327572662406,2.8283516778608373,2.7996314385210894,2.8870068810688281,2.8131832144542557,2.940723129250955,3.057429351818854,3.0602981025344889,3.1896133022098638,3.0752882991321258,3.3940855591868058,3.2978664877199435,3.7055197020827109,3.5659098176998896
0.44515500137550273,2.9666930969996201,2.8561508739158938,2.9650168181269407,2.8748838387021536,2.931876559145941,2.960013916711258,2.9588757385036857,2.9950603891914565,3.0066518238835158,3.1158959868884963,3.0610481009632906,3.1486295784053993,3.1137487673468058,3.3292261011128303,3.3515477888760188,3.4204581424451543,3.4579707277293039,3.5026640121366199,3.7214030736406585,3.7221566762580096,4.0784941387504432,3.9222860985937587,4.3383493789680188,4.2027088039467344
0.46131717837287423,2.814159822481507,2.7331483392144946,2.8531264620581283,2.8302085028090573,2.8358082405788139,2.8034122074427046,2.8582088397754433,2.9108604312402235,2.8705959625819091,2.9181523376166751,2.9006184778576198,3.0550641117100383,3.0173418102412484,3.0908034577470858,3.0377819249927711,3.2082969883172723,3.2632304055230179,3.3585404589336205,3.4690332109050672,3.3991175750618439,3.6257377670350905,3.4887303960713894,3.9239404561674576,3.8595449703441318
0.47806615314739531,3.3869709132496837,3.2873583479812964,3.3332216952176168,3.2901096669596654,3.3779824562782323,3.371710331277427,3.3479980948156935,3.4090697677258959,3.4687395150078828,3.563726852694117,3.5041620921517733,3.6029901724502906,3.5618810612399443,3.7351499061533104,3.7484801545857636,3.8957929698037788,3.9124846307513508,3.9406279418301438,4.1328493694524013,4.2001460062701881,4.5172593238791023,4.5071094473065614,4.9705224930348777,4.8509025828600443
0.4954232304794392,3.3658945735676298,3.2777868637158463,3.3485189678549432,3.2959992737612538,3.31478847642029,3.3112560751928868,3.3995990030139183,3.4383713380132122,3.3833716428659955,3.4602625930242539,3.4487183447208736,3.6033575301180463,3.5811859724658461,3.7191351175356431,3.6730886356822339,3.7879958887251632,3.9221684552876468,3.9667738812336211,4.2260878585393584,4.1543134097546499,4.4034780300939929,4.3135691271127143,4.759904548486702,4.6643708974115725
0.51341048865889705,3.5505564966406382,3.4958968245184678,3.5779466915593048,3.6564415076754813,3.6817117828816208,3.6402761663462115,3.6479181894885642,3.7018241700394583,3.7597961241961002,3.8531084334495063,3.7701917420333757,3.868634451024036,3.8040583995128827,4.0217614292532744,4.0291342809183561,4.1533766055977139,4.20904132271653,4.1940884544151231,4.365407755060005,4.3226274541302701,4.6720806246568145,4.6685464862902109,5.1114229651657297,5.0217813032800223
0.53205080756887724,4.3475427082460545,4.2509142574753973,4.271581588178833,4.1352787132002184,4.2325913231381165,4.2378645317674817,4.2593134174950791,4.3185117496766168,4.3005857728335908,4.4309779025166209,4.4489617679345344,4.6607016074957262,4.6282199565624165,4.7482656888407604,4.73990730818144,4.9034158014850373,5.0061288806732023,5.1713837660315818,5.480987807512065,5.4967078355636483,5.8828541641497054,5.812526125973605,6.2412346227179683,6.1501085151186388
0.53669961580458514,4.2790838650648766,4.1820304009490883,4.2629569608993734,4.1931756085089091,4.2874627935598255,4.2598762491422804,4.2805242215636099,4.3028990554007578,4.327971918458843,4.4843450854823459,4.478826078402335,4.6309207048370808,4.5884606756405901,4.6911165279902889,4.6859146465860704,4.8951520707728378,4.991694187768303,5.135284379257655,5.4039923163804815,5.3587790497995229,5.7376638553741941,5.6500000253486178,6.0727172753868217,5.9924394075978853
0.54124036695023126,4.0815626072890154,4.0337328704512174,4.156902004605854,4.1628052867395127,4.2194469516211939,4.1572734016917821,4.1857144216369306,4.238430074491589,4.2682893274634353,4.3945586044428637,4.35841542799335,4.465742693471384,4.4158764827529922,4.5341648030539545,4.526928042216241,4.7332096869461111,4.8310365389772869,4.9515808135629413,5.1112277504453232,5.0635128645221812,5.3922244843306544,5.2859836305410681,5.7182477478895635,5.6751010674919371
0.54567557268926681,4.0561051456374972,4.0090691646505547,4.1144674253306297,4.2023298558274575,4.2207287403150815,4.1618345199029454,4.1830360542923888,4.2637986249573174,4.3057244582502587,4.3911942636072467,4.3382030433107825,4.4112411967566629,4.3926503926993758,4.5218427937032883,4.5429199771510014,4.7363671719894391,4.8138255625908215,4.8949317192287651,5.038920354085036,4.9606295923310597,5.2768222100325559,5.2045229140229203,5.6429779913797553,5.6367008617212377
0.55000768632346864,4.2644971349618572,4.2115705345481729,4.3156416646473872,4.377689984577728,4.37429181360244,4.3601232975024686,4.432370445829747,4.5094158794902341,4.5129815563459488,4.5870260313647577,4.4981403021004098,4.5995059012293495,4.6038266231594207,4.8262417304490555,4.839656568713508,5.0140911963744657,5.0901907626689535,5.1353620546710772,5.259703059110052,5.2483803098916724,5.6168825746722177,5.5629867035486313,6.0645607042761185,6.0776821540894161
0.55423910412996691,4.672066485527921,4.5883422220226748,4.649092343804341,4.6346893012585042,4.6532740254756391,4.6853176637564502,4.7425208935151204,4.8161435611255001,4.8154773751411994,4.886006445419298,4.8427572768669052,4.9801697475577384,5.0068511830386342,5.251020249769681,5.2676639987284943,5.4400460646040756,5.5232817431428884,5.5747583633851718,5.7463574834810061,5.8150606980398152,6.2299697771159117,6.2198365547055801,6.7586680860695196,6.8227637515938113
0.55837216668672762,5.0679247417549789,4.908423777672283,4.9570053538684107,4.8901809252901103,4.9170924083132377,4.9648281255610982,5.0091050995411024,5.0782603032449742,5.0692278297252642,5.1547025593465605,5.1148524474908754,5.3207640031573646,5.3938761014587726,5.6167812106490373,5.6073747386565174,5.7537066330057911,5.8443655992502954,5.9667331453055112,6.1603253873652193,6.288608733986166,6.7470409000713971,6.7784648624628971,7.3372915440663746,7.4133000956167052
0.5624091601672252,5.1374977653649694,5.0168022251298794,5.0485996878439892,5.006508200317505,5.0246762556818538,5.0445440114749829,5.0750609494008359,5.1249677700999428,5.1122976995177396,5.2361629919911366,5.2491113685212714,5.4744651722498077,5.4995454880704386,5.6966159377593613,5.6740548805204298,5.8359884600015448,5.9327710948559798,6.0499971062017721,6.3254633802411888,6.4595109440430178,6.9221438732108709,6.9396055515745729,7.5252950620815682,7.5130130090888088
0.56635231760502469,4.9886967184797868,4.8911586950871424,4.9720227965872255,4.9765381555716885,4.9956628063159769,4.9972068128395222,4.9948474028587952,5.0480948415620333,5.0639213255540199,5.1936016311237836,5.2053659315972709,5.4249288650507879,5.3527406349353441,5.5467800149344839,5.5422944012766493,5.6658031336564818,5.7646990447547068,5.9193571080159018,6.1864159419237694,6.3091782679944117,6.7562514114756596,6.7370118880644441,7.2353499781602295,7.2042981857293853
0.57020382012896664,4.8045265648665918,4.7417210213127419,4.8782665258113411,4.8695177239889063,4.9450116228294974,4.8733326961528292,4.8833629123705578,4.945125026248661,4.9818588617206387,5.1266432741381323,5.125518500356975,5.2834832470198307,5.2325990444999206,5.3910327319313183,5.348238546754601,5.4647483323692541,5.6176124512528531,5.7536780055620511,6.0037576664412882,6.1164572535810748,6.4730711991774115,6.4328757433854662,6.8562651514594108,6.8330005182524474
0.57396579816964266,4.830328759196993,4.7708908452371439,4.9239373102944857,4.8786520345113917,4.9912524612749394,4.9197274769287844,4.943758343543152,5.0268782455815284,5.0793625963885818,5.2100678566545167,5.1886858174126544,5.3040961041506023,5.2459032067034244,5.3815205588318804,5.372846406310007,5.4894830545179474,5.6457677476715844,5.761700338412366,6.0296738565213843,6.0985921293376286,6.4214679454044798,6.3550409533496586,6.7436266904731497,6.7189857673512705
0.57764033263782832,5.0504895190063053,5.0003214008629584,5.1483069221832238,5.0495986415303378,5.1901986292611468,5.1265199673784991,5.1863996234965271,5.2902696962030404,5.3448746060721533,5.4680017026337282,5.4282193684591675,5.5414265117198056,5.4733685274553636,5.6296669920801605,5.6631934702513718,5.8093830846057699,6.0046399022330661,6.0925298455335906,6.3709145615366651,6.4026227810913952,6.7187708785202176,6.6613000169413681,7.087096113073585,7.0799370930844816
0.5812294560755239,5.4928069942898219,5.3763100883561492,5.4997865956743226,5.3860702732081336,5.523007643083929,5.5092349295455278,5.6020705284227006,5.7199817934770181,5.7524622052110317,5.8494400851395767,5.8345602870608673,5.9553439689673269,5.8904124150826647,6.0945217742150817,6.1708628645146746,6.3430881694062009,6.5281704587796412,6.6527716411987967,6.9320726203050071,6.9239353789766938,7.2926018346238379,7.2476823573279034,7.7642284560997723,7.7852906535263173
0.58473515378023855,5.9451523390430339,5.8152583306903125,5.8697678944398604,5.7589847029066732,5.856232701926956,5.8640041525686684,5.9661397413688064,6.0953466554617535,6.1034621344708739,6.1920536095594798,6.1647723863156898,6.3602853318072903,6.3278482137620813,6.5596153504993708,6.6785400181288423,6.8412446850561537,7.0810008839316652,7.1843351549523504,7.4741055203305677,7.4888966439210662,7.8844740266465578,7.8552375626936737,8.426279632079968,8.5369806944199809
0.58815936490314524,6.2251311536015237,6.0524349043133059,6.0864178122738082,6.0445430516767651,6.0608171009369869,6.1241987436831096,6.2164358939774829,6.3051328339624941,6.3043204545678879,6.3878514562125446,6.3767847355049287,6.5700764743378386,6.5931636320937059,6.8793101470374012,6.9807548593559829,7.1853865158534074,7.3970156678215888,7.4938785897149387,7.7706892081691095,7.8162238878594508,8.2483826483351379,8.2444601198155691,8.8943206761316596,9.0219018603552286
0.5915039835217073,6.256362877742049,6.1232943693939887,6.1631844417379398,6.1275584252070985,6.116577132388727,6.1790678305033566,6.2663709637754437,6.3211332049547764,6.2967377707066134,6.4162627349007835,6.3799363642003755,6.6396415142826299,6.6882706321545129,6.9235982706481991,7.048767286725024,7.2362553990419656,7.420757768446947,7.5044116273302279,7.7719832414336452,7.851954749651668,8.2422033053308041,8.3056424374117341,8.993227444897002,9.1600304981561749
0.59477085968737287,6.0972207528729996,5.9986765275211837,6.0847792332551762,6.0741896011732024,6.0731009994501619,6.1157553897651269,6.1512004301357592,6.1818023591949895,6.1713876901044387,6.2817813005926837,6.2555648352540629,6.5737603904894968,6.5892640123845467,6.8250238331675064,6.9352001677448243,7.0598355458423612,7.2475185576749936,7.2995388865729183,7.5640713511529611,7.6427874607916237,8.078246798568216,8.1321512237618663,8.7815254093829935,8.9465715649530466
0.59796180044891845,5.9119864920703549,5.8701882546097295,5.9881797197949709,5.9749702274534684,6.0486014430043724,6.0270449947938687,6.0443539554444214,6.0736144711522684,6.0661747105614268,6.1728358188311176,6.2012621322703581,6.4385750545138762,6.4857756893611622,6.6961815775234754,6.7394896043156223,6.8798899100838753,6.994417391400475,7.0649964684998849,7.3423391835394796,7.4287530716082983,7.8724132445508985,7.9355674882663152,8.5473818956279501,8.6593645345533332
0.60107857085200456,5.8576204430828511,5.8395062144169287,5.9998894979041779,5.9720913372705127,6.0673050777180606,6.0378757103760563,6.0225018082921906,6.0611462606927944,6.090466194168016,6.2324608748195942,6.2474060212082918,6.5097882752932037,6.4839227954716989,6.6624507402718791,6.6995603501540018,6.7837497094112678,6.9213776331984036,6.984234403192886,7.298886679618704,7.3579189871042558,7.8183029697104161,7.8803955175234499,8.5128859216119963,8.5728069644720506
0.60412289491549709,6.0390703676112594,6.0135258920522006,6.1688536780348002,6.1207432737869567,6.2666795257844363,6.2144737700181594,6.2106659773148323,6.2660328621392933,6.3199876806339859,6.4666729116566444,6.466796958619085,6.6865478636512279,6.6836164593535159,6.8364518519791746,6.8646295042513543,6.9968459817582573,7.0959133728368897,7.1909329038801104,7.5375815011118448,7.6208548726094705,8.0904400453605376,8.1981529676147602,8.7900433365585968,8.8782403079881078
0.60709645658509692,6.4755995371328936,6.3840542334996826,6.5196639269447587,6.4632823240276593,6.5413512933549782,6.5429680242639847,6.5600632355998414,6.6659037078495658,6.7395362787424347,6.9113482235807169,6.9116083533867823,7.1277093526640556,7.0677966495215969,7.256212264058945,7.2384353727043163,7.3975743050731353,7.5264362928492119,7.6872758385138695,8.0354935990390004,8.1620199738254087,8.6505876611645363,8.7560253400160946,9.4214265538112159,9.5296851011626131
0.61000090066480195,7.0064731300053609,6.8591216846621137,6.9549511538164097,6.8715920650117823,6.9038224736838174,6.9634792834423251,7.026198767678693,7.1672672161680566,7.2474778861169398,7.4164850462284448,7.4164144470289557,7.5560981039971011,7.5376150979907379,7.741735952116187,7.7818556791016817,7.9610139550443364,8.1182461032917672,8.3129655523011934,8.7254555091922157,8.8465520177928738,9.3823427563056612,9.556240621978759,10.192433095725391,10.289494777110122
0.6128378337267173,7.4834391985451703,7.3664308050640557,7.395565791885133,7.2901466398579942,7.28483372239495,7.4074333989609613,7.4958557427849541,7.6566812232339316,7.7441995803483223,7.8895131538279202,7.8499408489146276,8.0705421904695385,8.0416017210716291,8.2400671676854955,8.3004192042038767,8.5450081194088625,8.7320974414408283,8.957799609294625,9.4052433202805332,9.5506637009824544,10.103777052695818,10.252694953026548,10.952114629921596,11.093066602244562
0.61560882499972069,7.8306113789271308,7.6847004300092294,7.7304760797754852,7.606757583792799,7.6363084300780883,7.7083120627317445,7.8309668698816175,7.9957979898345153,8.0763811856318313,8.2099819183186185,8.220698216731023,8.369465605497453,8.3640148859503256,8.6029270260715975,8.6778833373479074,8.9593240388617801,9.1777676146046616,9.4564678734618894,9.9120646228027525,10.052945340253302,10.635416571614201,10.702026386931607,11.449408851460703,11.605586705109204
0.61831540723746925,7.9619784590367999,7.8603163759880772,7.8901413810085614,7.744779847576865,7.8455151769117037,7.8926906516170448,7.9922522487436254,8.161109653721951,8.225202817396621,8.330173241783541,8.3042280149479666,8.5033200134876097,8.5099092482573724,8.7901075138970555,8.8840374884398443,9.1872794013697785,9.4351805754090492,9.7072758923218316,10.147633843924268,10.28784843336598,10.84306916116202,10.9650631155273,11.665715090941376,11.833368038593107
0.62095907756623026,7.9825167170765781,7.8272902432527189,7.8875611092898907,7.802870178385092,7.9140463694802747,7.9098706326772117,8.0474039545097185,8.1667893296435068,8.2101796385832131,8.3156417043292095,8.2846286750918807,8.4556874172631069,8.4901923684856229,8.8016776522117652,8.8972473860249011,9.2261203270954866,9.4593798863033953,9.7296763832182478,10.15156149691029,10.25897172965233,10.777476407289214,10.860441695596819,11.576502524916577,11.698192527626816
0.62354129831300709,7.7795926876315207,7.669379814153217,7.8086172924504353,7.7568787635291301,7.8641306411827827,7.8359027512769899,7.9527865612571986,8.0614660028968501,8.0707315388208372,8.1800905649597553,8.1317643728234543,8.3503747377289983,8.3537423091383971,8.6768907060395577,8.8260920196453299,9.1342034919198341,9.3671475481332891,9.611026921438679,9.9897635615980107,10.062204390251281,10.569511859583145,10.652572124145081,11.326026331931644,11.388481220124959
0.62606349781441384,7.5840607076697779,7.5477763587059599,7.6934707889504352,7.696235785960198,7.8154265541215864,7.7986081273220407,7.8750840792090457,7.9483881082105654,7.9413768694575992,8.0540638403490448,8.0071310668017759,8.2097148080647457,8.2758072171918684,8.6071633130450209,8.6877029481520367,9.0083727405872196,9.234755414274332,9.4277550508941204,9.8028393182685249,9.8402745770254114,10.322118929929275,10.379393348197482,11.006445917068049,11.113104430409294
0.62852707120674933,7.6030928398959077,7.492390297811653,7.6740807596324885,7.7372767103815931,7.8460625499501475,7.8139580382421627,7.8662856195469431,7.9200864578479013,7.9157396170157881,8.0475599410383438,7.9971722781137942,8.2240019316886901,8.2375655946780171,8.5699621968919928,8.6930836297933638,9.0030626889729319,9.2035251016877737,9.3684623610770359,9.7067146853569284,9.7543243208347121,10.204145676487315,10.26856378865341,10.919875152800159,10.992818962216916
0.63093338119770714,7.6749757792317723,7.6005775527526112,7.8105696882557822,7.8434517143418816,7.9433024018685501,7.9427014730208612,7.9784394423845697,8.0355164113684623,8.0472173505286264,8.1672903881603816,8.1761352194969277,8.3675509484930899,8.4350159144332792,8.7615748992939189,8.8461802533263381,9.1404263919403093,9.3223541541115083,9.4949248736156733,9.8070167819441849,9.8492236479305575,10.33201777601198,10.377990203781337,11.083769617239795,11.196959502172376
0.63328375882014665,7.9970313462410605,7.9490424924250078,8.1027838036490891,8.1551936614179112,8.2182827943803431,8.2574525557745346,8.2542800597814221,8.3134117176805375,8.335413440190905,8.5011035944442028,8.4783271077011051,8.7592409757875203,8.7715161478311785,9.117822010480495,9.2099342136529394,9.4896374863596407,9.6401031293341646,9.8250907799960032,10.15634827212898,10.203503717239357,10.697739723952964,10.824665920604025,11.524199590966042,11.697673501231691
0.63557950416834508,8.5088948194103295,8.4140746160413755,8.5457020211677133,8.5610511618311804,8.6659422622727451,8.6712309062456256,8.6709917063625426,8.7325220903955483,8.774498702141031,8.9553471798536481,8.9956511477417678,9.2650073028727249,9.3092867162028199,9.6480033256742992,9.7349700409634465,9.9660665216939357,10.169180638977123,10.352906557893441,10.66812236053633,10.758931346482864,11.348231217123669,11.482192200668237,12.264132969758293,12.49527762459411
0.63782188711713461,9.1055516417692388,8.9634867099146049,9.1054729045165601,9.0151780135772057,9.122968138873178,9.1339670945744729,9.1751574919339873,9.2484862279875983,9.3202773981210356,9.5454888991381477,9.5883523669164283,9.8849255630784061,9.914484539502471,10.262344973374127,10.321730612289279,10.5799508342389,10.757975424054059,10.97822968409254,11.323740711617084,11.474304411687413,12.070170598550902,12.291692655307429,13.106901141278058,13.41854675537752
0.64001214802432438,9.6658334300568995,9.5700628858195813,9.641499666558893,9.5181840906753621,9.6054531202090061,9.6726175192030723,9.6758905771343962,9.7924187439967909,9.8771257150607426,10.109882811276094,10.21089748237037,10.514762839419632,10.531633499077088,10.831514788808477,10.979818633849789,11.192354669145061,11.407836999879237,11.639033233363762,12.017784559790641,12.174313349573026,12.877127878572777,13.126860817864063,14.047636200610738,14.388865611106439
0.64215149841679564,10.170476664314947,10.080103095274922,10.105511842435135,9.9630221848703968,10.088135897574375,10.097757438237295,10.129079247670234,10.272905309481757,10.384734808604662,10.65478775611291,10.722238104259304,11.045663336378766,11.061149582862981,11.389626758827944,11.485743565247049,11.761142269756419,11.961096355567861,12.218008813852066,12.616589089539957,12.861443436261652,13.589853657945696,13.868435523664402,14.816910987708525,15.22480385488609
0.64424112166064906,10.595604804707364,10.424793930404121,10.497513509071723,10.301880011666981,10.405956273140873,10.409442978436346,10.488351520074502,10.65598077537652,10.783110998822849,11.020596966218363,11.147115847223176,11.459462992548652,11.469580047205454,11.765138549788389,11.878503250598442,12.171409610782575,12.381884347974847,12.674388439678296,13.093516608309073,13.318121701226119,14.070637979402818,14.423571251285466,15.483009393617976,15.879086688888492
0.64628217361577467,10.780664749276184,10.654220425763924,10.714377016087383,10.497549416701077,10.607527318476059,10.573396995752773,10.716903699300019,10.896073833569972,11.029808429326295,11.307998807373224,11.374515234212595,11.734830817367765,11.692608963236125,12.029219641877717,12.107349133559183,12.400141290527245,12.63411680201898,12.941961695432838,13.402034231174184,13.669422041803045,14.469438993015501,14.784268338229595,15.838000501964416,16.237216238787369
0.64827578327520763,10.829809573624516,10.734879663395986,10.807889514457202,10.604853116470622,10.659236071463965,10.644320393483213,10.819549368898151,11.014871068156936,11.148033120440232,11.379126963885938,11.445781310394523,11.790126369654899,11.790856716630515,12.071761424544093,12.168888785599847,12.491855697378924,12.704032226458366,13.029833378903277,13.507197740407719,13.747015422719414,14.538973485075985,14.936231391082401,15.993756605836097,16.355973024961713
0.65022305338962305,10.766775010772108,10.621353110363998,10.71637411404663,10.616849559315597,10.718448375722801,10.686361798929283,10.844307878713153,11.024969941361633,11.14750173360153,11.382689271173149,11.499562229946605,11.774500864004949,11.718228021025425,12.039516527387605,12.142232161022548,12.396380995181971,12.662775487442559,13.021706994797569,13.50233275868959,13.790663183674042,14.603874593653018,14.870055082574254,15.925225273647811,16.269987452658825
0.65212506107731316,10.663590637821471,10.50538805998076,10.662976805280778,10.552018634334672,10.629413383452629,10.68987936895428,10.801288837814354,10.990227768881596,11.093850150384242,11.300253143250302,11.316141977338702,11.648302966059418,11.61241777689429,11.914330613908533,12.040520580128941,12.295577254953969,12.55792470229062,12.911337876554171,13.405336259675096,13.643869864485168,14.451463070785394,14.749702650689869,15.769838823747705,16.077952446648851
0.6539828584199886,10.469226030734717,10.370136716504931,10.54920834715449,10.512114920573367,10.581754107392044,10.715706479662913,10.774674054966454,10.935626603481069,11.041786886205955,11.210871675823,11.216688336207881,11.522756283062336,11.507404040639813,11.781142771193117,11.903532056894619,12.162515732059546,12.481899206519302,12.827653056941926,13.312065087338851,13.592848057422088,14.32998574195517,14.620651288685622,15.546423163745203,15.857473601368838
0.6557974730447298,10.368139148675255,10.283128486575151,10.430415603594156,10.500968845510215,10.61173252104345,10.741416981189104,10.782309435002389,10.938989343212597,10.99937117673835,11.198168710528989,11.198414024831436,11.46323370753089,11.442782949896355,11.723058139308705,11.852000046594185,12.174474158360681,12.446257383744523,12.803610847091477,13.303392831541714,13.545260175837029,14.346183664158161,14.555880708532641,15.481087514199317,15.752928704110673
0.65756990869241005,10.441967596641916,10.30871609971291,10.479805234812375,10.565095875132101,10.729197868098709,10.852125552592042,10.874101317556779,11.011057931766118,11.066811303651775,11.222956997233268,11.194692909943115,11.509138561435975,11.485684869636316,11.762555592235003,11.948243537801318,12.248082736674405,12.571779572601372,12.918850776914041,13.394660049088998,13.680324838525848,14.401434374274686,14.662996492581442,15.586035523600003,15.808236349112121
0.65930114577290932,10.618880212448857,10.468440336335334,10.660370374018385,10.760709467114793,10.949044223241799,11.041098894729657,11.072220682308398,11.219014260776021,11.223190246582817,11.40224549307095,11.367251586587372,11.659523137550423,11.673114624150912,11.938590046051104,12.124804354825756,12.472023960552178,12.812619270418509,13.175059660796251,13.664437555478798,13.945243644753646,14.703661309238669,14.950524705767748,15.791208954346075,16.070092182228109
0.66099214190741984,10.833164777603088,10.781712345165943,10.982283836032366,11.086650268835001,11.285031040904869,11.347296243715391,11.407413311382697,11.524398417106568,11.509487653715041,11.69039548665387,11.703536271168559,11.964811443667713,11.984374694839062,12.345895896280126,12.512951873135535,12.881302103351118,13.249721009484347,13.608815846477228,14.108700112657971,14.417512290812738,15.182926232864702,15.401079341063451,16.310426181844377,16.582645700236753
0.66264383245814684,11.303240148388795,11.227008135041615,11.391031594164815,11.520594011009962,11.705072551852936,11.740550521097248,11.821977117222559,11.935444036036643,11.939013514329417,12.094461338758265,12.10996292278287,12.413649029120279,12.482144836612861,12.816433815090932,13.019983959811725,13.381338805042105,13.793312957119269,14.17163623540182,14.692280130348081,15.020257642649085,15.786211730468494,16.06793698249021,16.971836844444624,17.252294391884789
0.66425713104569861,11.880470345981848,11.780238085764722,11.920332847694226,11.976595499490941,12.202404847510479,12.261439936606621,12.321162767060741,12.434855939762201,12.41720213964436,12.671298980952997,12.596496485773969,12.958946978002132,13.048777947460621,13.393563964014902,13.649830981239575,14.035474954216625,14.468801841287132,14.870102724138633,15.422610143921702,15.774177186645829,16.562258405714601,16.824364911615703,17.773817571887776,18.128443160087045
0.6658329300544481,12.546490060107317,12.398934981527418,12.560258939311097,12.556554244381914,12.775156106768918,12.783877580053741,12.864565807194595,12.974422927978594,12.979813963978813,13.18438838527436,13.198984223859952,13.541685027828862,13.669601634088394,14.067380920696451,14.363162637415371,14.768252384741572,15.212184696823897,15.60617297724275,16.202536954693642,16.570556114209467,17.419999728175753,17.720923332472012,18.747721820807783,19.09006033026526
0.66737210112614909,13.157066670368295,13.0751362921892,13.221727127645863,13.172313082459368,13.369892816856009,13.374453177693795,13.447651792681427,13.562215702124377,13.543790376716061,13.782150375904166,13.819896259574307,14.206430863727292,14.346319143605797,14.758392394083785,15.054665194449626,15.494772458750958,15.953411212654828,16.39997218994904,17.003094875275565,17.39219814938042,18.277900256969588,18.579736764335394,19.651536773832049,20.051661051329575
0.6688754956420786,13.809174065554544,13.696706969589286,13.841945397474774,13.784230375324114,13.920726807558822,13.930407583764463,13.999561754455499,14.122463466250338,14.150013863858476,14.379295302031096,14.422497786417807,14.854975651964196,15.006583813894395,15.417458428033569,15.751172424868855,16.173988159611326,16.702192549182655,17.140982762837666,17.789672107930528,18.176679495554708,19.095777484770224,19.450343653756136,20.545132281229598,20.998042614606675
0.67034394519397233,14.405063416932535,14.310904031968676,14.39359472000433,14.233779965215945,14.41433892891655,14.442772337526549,14.4918131791419,14.636367540653737,14.684247656601656,14.946166663532495,15.014621145019191,15.413558722066227,15.596965889766579,16.054388416217989,16.420088530154317,16.897161762288306,17.350542154279537,17.812643297795148,18.479599460137251,18.876342432326055,19.837476286964375,20.219488493778044,21.400617710314691,21.864567516066018
0.67177826204401314,14.935915334710444,14.823576977199991,14.910370559824514,14.724022034359223,14.792788004568138,14.833405364421196,14.924392083456041,15.054485670931172,15.121095935071935,15.410894450338674,15.498508571807179,15.921402149426285,16.126438626852178,16.602590482158121,16.944514445713139,17.428509948236751,17.946224072162295,18.388281379200635,19.053881306448602,19.487071531955735,20.447279964908375,20.840059680471313,22.062953156957519,22.558963376155589
0.67317923957412851,15.320911244154559,15.187048651947407,15.291845310013741,15.107190377064398,15.143986703667906,15.17792897830077,15.251952112754225,15.410395673723542,15.518960348636028,15.807264576695161,15.889855643472401,16.373902232779074,16.567263250050019,17.04301798834058,17.411519860601402,17.872412525583059,18.389919747729436,18.802898807785823,19.50666677634581,19.923414015909657,20.926677707699127,21.330832418520004,22.532454807398608,23.096062926633749
0.67454765272484374,15.617623678830569,15.444700784762972,15.58588460322062,15.372937337626354,15.41469144403527,15.467721412671381,15.502608070208225,15.671629019663669,15.782999986113282,16.096820132210269,16.178481402908801,16.658722913940437,16.887931577017298,17.330318158419686,17.707343431378831,18.210670212603873,18.706331971625332,19.135110205912497,19.808477922633756,20.23596050334163,21.195054259354947,21.609585520141991,22.899286395782838,23.460518915235298
0.67588425842393451,15.742530030169291,15.613946120953187,15.737453267123783,15.555015818405082,15.557618314429419,15.609226554341149,15.672978834074456,15.852687306149164,15.947282336564967,16.285922954091802,16.365423983865185,16.883944420347689,17.077323696343228,17.551452449406497,17.945672173111234,18.378507582849124,18.897350278595695,19.294845702999737,19.950658958405256,20.372694673220394,21.359695474267937,21.790556088788435,23.062761228939053,23.638051806716248
0.67718979600511597,15.784132172528189,15.690728606015909,15.802548296342138,15.613855966483243,15.573652371327626,15.651698965521064,15.753635576518718,15.941036201198585,16.070900873921346,16.385179440112552,16.509161525900709,17.003912121843314,17.205987452762201,17.730126884242054,18.031561205920298,18.484121522778878,18.976445968961343,19.364588986180024,20.013215666142059,20.437211135111284,21.373395679576788,21.828862129361369,23.079735619074199,23.627108847547788
0.67846498761700058,15.833803279703716,15.687219211569754,15.780636894050986,15.597526694415137,15.575425154966069,15.606127235223539,15.76365301158512,15.967571287939791,16.102550729701761,16.463626028533326,16.568573130643927,17.050441483675968,17.277653160883347,17.753505928529194,18.031513755966444,18.496619318175362,18.939163160568569,19.339606769499369,19.964941927290056,20.330271739221644,21.310446301300544,21.731295021716505,22.972788513696287,23.546903281181585
0.67971053862254782,15.749407874041935,15.541681698174216,15.700202958047157,15.540707431093324,15.561057567159878,15.576638103928417,15.741404660162516,15.951009948126739,16.0945698202122,16.468260105611989,16.554514720308362,17.037487216613954,17.241792204906233,17.695646396401571,17.99849075495149,18.420174735365435,18.862003743823152,19.216173220484052,19.821951906254981,20.24538272927748,21.135503463388886,21.565245429170318,22.811958012927789,23.364299130276777
0.68092713798923221,15.612449720763834,15.409349742869381,15.601086645125179,15.44885633821832,15.523517579131294,15.519026079913601,15.680238942848518,15.883624121081084,16.052946933690691,16.38179279488395,16.502733199595241,17.006901663582539,17.179918920010095,17.610620871069841,17.867441907699686,18.324399254866876,18.760050357901491,19.110051666386425,19.670128239900805,20.063213685469236,20.994083110184874,21.398029223200865,22.616285513504408,23.140405119745992
0.68211545867013967,15.478870358638233,15.318372150533833,15.47423827071907,15.366594193532364,15.462089775159257,15.510434724885272,15.64311025448842,15.857305367506342,16.041697386099258,16.353433779760962,16.466483720927499,16.969107944139978,17.127842745569069,17.553040617669467,17.784431584936101,18.216205367585644,18.618716519558802,18.986984634655528,19.536075332725886,19.884068381856196,20.810857173462864,21.188807776954491,22.388443033269141,22.934994634473696
0.68327615797620667,15.349811614578357,15.225918986776378,15.388433185435133,15.321511873276904,15.449826092488365,15.44810681976378,15.499927446071524,15.846726628486067,16.011109147540992,16.386492926481878,16.506766671227524,16.929281620017719,17.092569182568695,17.546299176290631,17.737258613749873,18.157173993473407,18.506158787000459,18.86277960985899,19.411278243118431,19.852007090463303,20.685040734126233,21.057062357023824,22.256048263923731,22.77848094177898
0.68440987793980756,15.278527206683066,15.135996293160133,15.335284303204389,15.250635790609522,15.433697516098619,15.482158082333626,15.548586931079626,15.877043864835287,16.034084945655195,16.410918932349887,16.525216953508789,16.932093591662124,17.093529035657411,17.488538887409959,17.722061865730211,18.112923297041561,18.465965099807363,18.819371161691379,19.357093296421226,19.764414093981031,20.627926730550826,21.014494637085591,22.193179946450982,22.707842459203675
0.6855172456698897,15.26049788662931,15.117206973285647,15.283893976389663,15.273751349770464,15.503585079481127,15.513633084134199,15.652991062146612,15.97917595814215,16.104941302124644,16.481935843155952,16.558241847058525,17.007554145646282,17.112044293084182,17.541869980865158,17.751798004726879,18.133328915690072,18.480669386743102,18.839554887556005,19.370280129951425,19.779226863989606,20.664740593812894,21.067677566432394,22.254896837985143,22.754789390717633
0.68659887369885386,15.299937476811465,15.140957049210556,15.363113567844266,15.361971594335046,15.630038509407314,15.660963301197626,15.830509555526078,16.127179678413086,16.274749636359047,16.612871250283206,16.697679604752921,17.145298353221733,17.240853252616944,17.651490448595723,17.871912391390651,18.20893857406918,18.589260991022456,18.975612674024887,19.536827345145866,19.957916856452357,20.824650139955338,21.189237524115015,22.418198892264627,22.931480551371351
0.68765536032137298,15.440065239119576,15.280893141229171,15.518174240336521,15.530921457888326,15.812541381717892,15.852508531446801,16.055072627001209,16.314608172688168,16.491081877815304,16.835383838886628,16.910286494181491,17.306866716040531,17.442417372280033,17.837559412961127,18.053322412888519,18.458080858690664,18.78658442926826,19.180040274630301,19.753822815429885,20.218371560855303,21.092463728098664,21.497686566028278,22.687522756983526,23.239148722554091
0.68868728992533379,15.682798436755547,15.508723318111151,15.718774256762117,15.756091600807849,16.09520766773494,16.174519829655765,16.375900746352272,16.60077965160599,16.747768804954831,17.130280444165692,17.211339145404054,17.573585825186456,17.712889926828211,18.131803260417655,18.333288347988855,18.737625019362895,19.104392304609064,19.477627237822162,20.071692898287438,20.568048669141717,21.449653351330198,21.91210683103418,23.116366335714702,23.718732920358889
0.68969523331508664,15.997151393909007,15.846714201179566,16.033648257900495,16.112074102100451,16.433660957147367,16.522468231647508,16.764689938456286,16.954454983962933,17.105529269290855,17.435527715133503,17.555573104211362,17.923281406896422,18.0631115284923,18.525476013368461,18.701033794262912,19.103649731521728,19.492371706204722,19.872385204362217,20.566606125823455,21.017376193776727,21.948114185768645,22.410299965849845,23.734880164265633,24.314423231233377
0.69067974802718257,16.262651963130338,16.208446729142452,16.413405599480029,16.476766809413675,16.812109998980304,16.960438855807297,17.233410554472357,17.371494573017117,17.529271360312123,17.852911000460153,17.94935144772171,18.346209687995724,18.49177486487315,18.91234233303112,19.123632541421102,19.557857623876771,19.952427831944078,20.397672631253954,21.09842040084186,21.542959828075254,22.584037559863646,23.048858513735468,24.40253474120982,25.040256330481498
0.69164137863876962,16.727903563325526,16.665286433679285,16.874678343243431,16.936561160429846,17.282345816376619,17.42930403232458,17.733986322913552,17.839748015539953,18.004266956879292,18.323324020253494,18.416107344964985,18.831101493968163,18.946635169559158,19.387385528418235,19.607119782333029,20.088960967492312,20.529334674763959,20.967669182718964,21.699951456015697,22.213562194869155,23.280904317914974,23.791679092566483,25.186728177417535,25.878418300388148
0.69258065706882233,17.253121701651253,17.143820855912054,17.370690346317133,17.422887727589114,17.801333427312784,17.977286143956007,18.221694943436887,18.375010377640137,18.453618846426252,18.849708017980447,18.930914377095178,19.34434465385857,19.485487054451369,19.923193283990258,20.184916175116086,20.660046980017796,21.129284412629204,21.589984195685247,22.361428866104688,22.959210820146836,24.065607420430752,24.632015505892923,26.068515729188221,26.806540252029663
0.69349810287236879,17.827895159338368,17.707626520073973,17.923968270799378,17.986396396008786,18.300474123388994,18.518178854719736,18.794111975032138,18.918764641042799,18.981167407473549,19.413259771798039,19.471022137149703,19.906978505139705,20.065590320475167,20.547404366894625,20.736011477565626,21.263220563007053,21.78486731389421,22.306537092052167,23.150990949885454,23.695978621952236,24.895198068203172,25.525939515529899,27.009171619021799,27.788295190955978
0.69439422352787861,18.432416657742579,18.286169680097373,18.496151741826907,18.566003592422931,18.887073041521944,19.149142020760337,19.275959609280108,19.483841436187504,19.585335482028313,19.988662896765163,20.03650872973958,20.48476938685053,20.663437374838395,21.194506047759205,21.368266714271158,21.930113033158705,22.474750236666296,23.016858435992617,23.944150840106886,24.50967686533113,25.757766687660478,26.377097145130392,28.002767790982034,28.839513868559152
0.69526951471797072,19.051959885342512,18.897304643149255,19.09776403894648,19.163012891600374,19.457634147373028,19.726437769160839,19.867507160000969,20.05868176947115,20.151257730351062,20.509523460379569,20.620224360376596,21.070992636727169,21.227387860737508,21.812401570758084,22.039285292848945,22.603673932346283,23.194522315112408,23.759437608940061,24.733396842959337,25.341970006469637,26.640690353582613,27.320416019181721,29.009278058423661,29.916798266000114
0.69612446060359723,19.688074341102038,19.519364439940546,19.710301010811236,19.789669140707701,20.070111447450472,20.303063833038323,20.438969724869821,20.617178141314071,20.716261119378032,21.043707554286812,21.210157649009489,21.661325616907561,21.817651491495781,22.406469972047489,22.660294237226481,23.280354882532265,23.901488671370316,24.514321459399071,25.5050400684122,26.177897240500897,27.546833717031404,28.270366532495245,30.00561317068059,30.987438800744712
0.69695953409185274,20.318125350197079,20.181406244373647,20.316852410993306,20.402995794633171,20.609005854261341,20.872268758219434,20.964564442809206,21.185220408835448,21.264605072210543,21.595831386337522,21.727922904537991,22.24637922772672,22.390810588665772,23.011990285827778,23.283992194628809,23.942726206558291,24.595980613143183,25.240260635386221,26.246760498965159,27.01125344063621,28.429971899604425,29.208850253548007,30.968200009549037,32.00647826353088
0.69777519709756008,20.822970316861756,20.780234831850976,20.970037056365982,20.978331192192854,21.21202028405969,21.417943026463035,21.530324090505019,21.74666585540399,21.804237817355897,22.141543933423236,22.269221878494136,22.791217280144338,23.0211576850852,23.619642488658428,23.886882761027664,24.595715598436072,25.277548293233849,25.955921096494421,27.024353876069654,27.830659642000683,29.259035352733918,30.068828092596959,31.918185072834603,32.976382946013473
0.69857190079877507,21.399424278177321,21.35114294916275,21.533392321318388,21.508861528069247,21.712376624112949,21.917493616521824,22.019703280471731,22.259999628178775,22.317743667634204,22.739143196784426,22.786794328945689,23.319204528466798,23.562430089164991,24.182228356075939,24.553925423708279,25.212204099516384,25.920054340211209,26.623445155331865,27.772138701868244,28.565581689414103,30.012159824836999,30.88625440542819,32.805848642019555,33.934639600221999
0.69935008588635184,21.940322612703312,21.848384671669919,22.071830454922747,22.018804066581652,22.215196950070094,22.431163572065998,22.480075511615723,22.747444938751869,22.801963117264677,23.227986080339178,23.281941549968906,23.807390962843783,24.05896690604277,24.706136929744389,25.087515912659001,25.791436484083533,26.507024057616945,27.25143913726788,28.435285923362244,29.244484223367181,30.746982627781108,31.637754292227328,33.611763954395428,34.792475534486584
0.70011018280770843,22.487083520332817,22.341144498030189,22.553287956223357,22.487142057158053,22.677338938345201,22.845092257717624,22.90136521164095,23.183963058283553,23.249054013984278,23.666823506820947,23.746546788548585,24.290306937007699,24.503204309090506,25.160968667769339,25.534669522836339,26.329296232550405,27.043342125311028,27.835197244305164,29.018379452056251,29.864758282899857,31.416943358490244,32.319527725572698,34.34965690318495,35.555925987893716
0.70085261200492532,22.938206692342646,22.786529512784909,22.987887835712172,22.963787603308447,23.057461883523501,23.231842740497086,23.305798344954383,23.565356809762307,23.63941131188767,23.954204750014469,24.148324222769588,24.704021744779311,24.86456797667779,25.607919408939779,25.969786406029016,26.803790493984707,27.52582972520031,28.337911387090571,29.493038520449772,30.439090657862835,32.009761356748641,32.971065625781193,35.025801180745475,36.240124334697612
0.70157778414730998,23.338374194165226,23.208211330289487,23.372565295430832,23.33476456819335,23.428453725413419,23.585154495027382,23.620021475479007,23.899097075569443,23.935319974087179,24.301399877760559,24.489393090712838,25.061443439917639,25.24396790296305,25.979560425505042,26.354949124041013,27.204511295771226,27.936938258935697,28.792156987590715,29.994209516327828,30.940149283618666,32.52842346963007,33.547366385697387,35.57051403040532,36.852546964539215
0.70228610035855554,23.706447305041365,23.546573449333664,23.74528883676976,23.654483866412193,23.741491121822037,23.825713967089541,23.972524889744818,24.201685954001732,24.229580158367753,24.604137737303972,24.786786859855056,25.360689419787377,25.576498066075146,26.303951017791405,26.723677340778522,27.548718062811531,28.331946721300483,29.185179367777891,30.415509192273021,31.357689994038083,32.969926164369099,33.979357320698909,36.066316136391833,37.36577011179179
0.70297795243861949,23.995015705702826,23.831697799614631,24.024614213383757,23.935768350027502,24.019454886438325,24.082313086721115,24.18492129642982,24.455326876370236,24.475197169580497,24.862518422538415,25.035598464543,25.608359306468628,25.858786721713841,26.540342489490286,27.01360773446504,27.882017559721135,28.641710949828848,29.507327876286581,30.746088827378117,31.71246231731493,33.336309653008357,34.330166316591203,36.476669037714601,37.761940129799768
0.70365372308044494,24.231598549638875,24.098428211524151,24.241249479120597,24.148893312318251,24.231657943804748,24.300366261042655,24.355738885351457,24.6085443260381,24.689641866250895,25.077358111506328,25.252262039808556,25.817527909530327,26.11089452682063,26.774392663850449,27.256808648933657,28.119455973035656,28.891947532538325,29.778880702564493,30.931661506765522,32.001950963283889,33.634944193530828,34.626962248701602,36.786924158222973,38.069535094313323
0.70431378608164452,24.410133330849931,24.285418891115114,24.474974811426364,24.32277424633503,24.39752803533338,24.402808416169137,24.565140053746291,24.754978165496141,24.845436969655566,25.29872113186866,25.427497570752166,25.996482737362385,26.272652992862277,27.008934488985687,27.42993366078008,28.310656941728666,29.087622460559942,29.99536409357097,31.16622170060873,32.214959467761219,33.844457184663042,34.850189009914175,37.008958591846749,38.286834847647697
0.70495850655126391,24.545902732526883,24.424398106755689,24.607935428386554,24.46602719090879,24.519910993170924,24.522102317889221,24.672631716821343,24.866205473896116,24.963300854316913,25.405420258641243,25.547740813461132,26.126648864825256,26.386381359072402,27.148686960688792,27.549041258054785,28.453025873983279,29.224610019940883,30.149482480017468,31.358321665087715,32.362297237385064,33.980206189677119,34.990995773114264,37.164272071328014,38.4337131397333
0.70558824111173868,24.637294428423047,24.516913839033805,24.697072286391631,24.559252794599161,24.6298229257809,24.602526814676821,24.721350410720333,24.947494733496569,25.052829070016742,25.465722879394889,25.635303392424248,26.2210483411327,26.468967863707803,27.247804046957754,27.691635232185945,28.55577266565524,29.322595921345055,30.249143676599488,31.485609610565007,32.427904256386682,34.057725575054064,35.080779138952494,37.220461193704978,38.52371777035296
0.70620333809615832,24.68834859947674,24.576531365863048,24.767913487041369,24.605419965344481,24.670066055841744,24.61704105057288,24.845985967665911,24.988393304054625,25.102455628453754,25.498661691904999,25.689417681540363,26.249485958600417,26.514352083904669,27.252974819391966,27.68093568040058,28.61617579893209,29.373660527868196,30.297843698645011,31.539078252157196,32.485881893429905,34.093570227967575,35.183747875038534,37.245969188865274,38.516560222720727
0.70680413774094331,24.75868756393902,24.592063586227596,24.808063167962246,24.669974426855333,24.753805369604379,24.627735147834755,24.838907202007249,25.011686159530655,25.078053812962025,25.512987613212317,25.676108034094796,26.269518536515534,26.538059273967519,27.27660382958129,27.69511872343719,28.641131972661242,29.40086162975058,30.313910109223798,31.536067173350602,32.491040874272585,34.100166365969926,35.150896877981722,37.212147895945236,38.477235148893669
0.7073909723740448,24.740035947295837,24.576258968329057,24.79036986513529,24.656201187055558,24.733374512055889,24.612837363267317,24.80576406698674,24.994020265061408,25.066766972886398,25.504328355658799,25.65673216059804,26.261232256190851,26.524175853468478,27.326092609670013,27.683509556110948,28.659013184951618,29.384893324691802,30.321587964892387,31.479872882599011,32.458682204363868,34.068189878715202,35.068517378997058,37.141107925679535,38.383006927091628
0.70796416659876948,24.694936702726409,24.581943676108494,24.7721681476105,24.605009956052527,24.661094295559451,24.588447416434065,24.752750956453383,24.948922796873376,25.05775982234627,25.465611269464716,25.612977459328249,26.23368558799848,26.504844608716667,27.287940233247355,27.670143699739128,28.619132923427969,29.347781332908198,30.281689733499661,31.408723282627761,32.40041851089336,33.976579546462744,34.955981564242393,37.024201533058658,38.241853751707822
0.70852403747333148,24.74042127141729,24.518248470500112,24.678589687217027,24.54502826416865,24.596777890343219,24.528387442231178,24.685637190705165,24.87380200996995,25.031028347788379,25.423559665679932,25.567119842162356,26.18686819402501,26.475047489628196,27.240030912915245,27.635031577665359,28.556780076352879,29.273973773233593,30.21106622624211,31.33099648100324,32.283265204401687,33.867456758394837,34.818011696683243,36.874181825201958,38.069092179182917
0.70907089468623041,24.651071686064824,24.436902698129416,24.599834159016609,24.468586023198441,24.517791154095903,24.432102855993435,24.611456261249259,24.807543275179341,24.987829121528193,25.372778478544205,25.522807608824223,26.131605756934732,26.425354895647615,27.150651619769633,27.575405000941828,28.486901076044887,29.207165292697027,30.126697479048744,31.25576577312313,32.183731193654239,33.72541888570413,34.669344544410706,36.684511614497751,37.852182151284069
0.70960504072755393,24.548793633235618,24.342332475585863,24.508150303270668,24.355611843988299,24.456957902293652,24.350312037626281,24.528308084467426,24.734617206966504,24.891269975807518,25.310859575867653,25.46099333721213,26.092288843821734,26.372447310714051,27.090261172736064,27.490996164735407,28.410755514167249,29.127284831600264,30.024673210224137,31.149450027151033,32.056385038653389,33.576768936123699,34.561277112690732,36.495614394079894,37.621859020553529
0.71012677105629751,24.437858500983566,24.226440263679251,24.40768403513357,24.221726294839755,24.362482740310952,24.263800849905238,24.417056900449097,24.661799886729568,24.815711478237063,25.250847288640216,25.392731358064339,26.016226089792326,26.280245829606429,27.024284259881824,27.40987242362462,28.345160296186805,29.041643749224022,29.912069747922942,31.023631486808881,31.927674612961709,33.422660053241998,34.40026337467134,36.298396240919828,37.396340232342482
0.71063637426379578,24.322228312725201,24.120038321707398,24.27611157274805,24.12325641233474,24.238378924550489,24.160601375857368,24.336076450301334,24.58402432827279,24.726425804197788,25.184637535596266,25.324907869333401,25.939674602588639,26.188516972819343,26.978026988217607,27.328803895972669,28.26138408575207,28.950972659280524,29.815418048296124,30.885178648866713,31.783903334056959,33.304107981966808,34.219952175859362,36.094972752965987,37.165176413953304
0.7111341322333542,24.189346296479926,23.986073603853583,24.169240019051358,24.033019827213138,24.143051939783618,24.062255375087261,24.256401198217645,24.506978761637583,24.651058009127155,25.114317119354382,25.256736663868651,25.870441609527916,26.099373682169244,26.916382644325495,27.255092958686873,28.175090885953978,28.855777530232444,29.711982975946739,30.778627604944631,31.660661686444655,33.137498927302659,34.04588635917753,35.892329060472548,36.948543979786336
0.71162032029617128,24.078175822505727,23.878700804198161,24.108649504603818,23.936669295886531,24.049792098812759,23.976004949538037,24.180835467530414,24.432304365793243,24.581840792438015,25.047875493764877,25.195160976843908,25.805767746642232,26.016789448447526,26.844910622574389,27.192038820823655,28.098837542580441,28.781322035240009,29.611869536340237,30.669914573431015,31.538171557243913,32.980160280596465,33.862970903515816,35.700211827177554,36.746566260233521
0.71209520738363574,23.971801436739042,23.77605919749476,24.02555306116119,23.845362135209143,23.962193882558495,23.920460264198482,24.111866752617061,24.363899386720732,24.521925115492195,24.988046211423352,25.123548554023728,25.758368775481358,25.957764603896067,26.77793838083744,27.143133384175599,28.032056655036286,28.706889117602259,29.523594910977408,30.557845334289595,31.444300792412832,32.844897885574028,33.694497006945312,35.519422362558544,36.542043783701956
0.71255905617608395,23.872775555122644,23.714158606948331,23.934481009375304,23.761498817708343,23.931601721793413,23.844517697114497,24.025100574130192,24.289362302515656,24.536014277022332,24.93020856147632,25.069679827429354,25.701253313571215,25.900172755122185,26.726383739383891,27.095337630715221,27.979754898697138,28.649885023245588,29.447270941920578,30.464186831377447,31.335796386469156,32.711878407513723,33.552958353422582,35.356115812901407,36.352527860086411
0.71301212324809993,23.826990985078737,23.642683598445728,23.852750695776194,23.69287328212522,23.860942620784044,23.779714436968789,23.993980040075257,24.245889947749674,24.495428985450417,24.877670442219824,25.048783781938255,25.664597486145794,25.864013924263418,26.653405911521986,27.089957087300718,27.935894741676748,28.593161887023598,29.400656518992037,30.391271683387458,31.249936504988,32.601227211533114,33.413667327724397,35.211529158055782,36.190071825869381
0.71345465921043727,23.746468645520508,23.567221789853647,23.775124602951109,23.626144449226558,23.823156517231837,23.727604582440108,23.964976536808535,24.227194145089015,24.47366510424763,24.850951509550214,25.037714022444561,25.623856260208413,25.84219360188581,26.633026840630919,27.06237447168678,27.903378328774124,28.557986424770206,29.35890061291866,30.334571706596762,31.170447546523064,32.516061468049884,33.293823608197272,35.108386917505413,36.046520082745701
0.71388690884864314,23.67889965348877,23.50447770790197,23.718078637262806,23.578204576158896,23.781080483226106,23.720316449878737,23.846514061326161,24.210257702507079,24.460586142959073,24.854767268756405,25.030655261129141,25.618439957033843,25.923247227445245,26.625055825104937,27.054394624195993,27.878203243482858,28.525950805749744,29.329588303109631,30.296825802652165,31.127793973544613,32.459973790450022,33.252334430813789,35.00452844100073,35.918467080686241
0.71430911125845908,23.625506307231262,23.422055785078555,23.674801988294348,23.5442373463884,23.752935752971098,23.793930272106081,23.845690055983141,24.220890541793779,24.461375561077148,24.867010772926733,25.035272313980386,25.627261972986162,25.93215097906068,26.636541277868673,27.05382660892792,27.883067000191659,28.513453031657264,29.316698699258268,30.28451986075379,31.10087773995474,32.435139167588204,33.194986379239708,34.932048508431762,35.828902065288275
0.71472149997807566,23.587219964945689,23.390187490265816,23.637370232259855,23.505793157266453,23.739515961613506,23.785675780847669,23.860154358437285,24.220663080690429,24.475743012037128,24.886177705368027,25.057775085559115,25.65828956477344,25.960154966451228,26.661277865758166,27.071513158967718,27.911503665614873,28.53141818405129,29.305580611340702,30.301170826423913,31.103488003602251,32.416900181444362,33.163613367825747,34.877127384301275,35.770477151032537
0.71512430311731179,23.564698371803388,23.373856217134744,23.623855436220765,23.501552499597892,23.737696481868625,23.793088273145258,23.887432747520506,24.249276053858921,24.448038734961301,24.922222759341821,25.088669587625191,25.699446065351367,25.989654450211674,26.710189457051456,27.114738645963371,27.95215797633864,28.576854521408677,29.343946041772142,30.357730886898935,31.116528609767556,32.414643285330385,33.169332322198898,34.859307259321213,35.740746988914907
0.71551774348379282,23.558358028763905,23.386034821392968,23.626271130749956,23.473410058999434,23.738314312882721,23.816415869398043,23.933860058896244,24.28985901013948,24.488919714000076,24.972319736145437,25.137354950187728,25.762996004195884,26.047817416489124,26.753779366146773,27.21419514878653,28.018694982631132,28.633826294913888,29.392554835882038,30.403083928162232,31.15554403536953,32.444030208047479,33.207293652696535,34.869443744886667,35.740814132615924
0.71590203870619395,23.650853307219222,23.400982906576246,23.644788165111095,23.499582571908832,23.772319648880512,23.878940157825127,23.99593605636619,24.349480891367421,24.558329177787527,25.056896183639765,25.207486827857792,25.857618800597265,26.113674527732655,26.82691532606259,27.294234204338863,28.098371125059202,28.717271590838209,29.462890233146027,30.471497357124463,31.19851899612695,32.488427416887134,33.253469281131402,34.907744680996984,35.782572797965258
0.71627740135462092,23.67872042953968,23.432110261172056,23.636616322444752,23.541743924841285,23.821991219418123,23.934123653918505,24.011834762990475,24.429872606880963,24.637238967930898,25.143437264952809,25.285386477829888,25.948850382352248,26.205860069487244,26.929423332680017,27.399188624927774,28.193191924830899,28.81207676557824,29.547855166252702,30.52984776115045,31.282584022032097,32.566144026117399,33.322120047174394,34.96746396785602,35.843302851077169
0.71664403905819096,23.722655801801011,23.479243085486814,23.682654908159748,23.599679306615144,23.887094360310584,24.004662854131311,24.102691105334088,24.519589187344536,24.740069590043277,25.228586218319833,25.386894607450813,26.055020553059876,26.312628074549139,27.043312051333487,27.513295337557793,28.270940086338669,28.927702616434544,29.658173562260345,30.639879799215123,31.375236049527302,32.663702154764906,33.418524276698008,35.116541173309088,35.950533047318459
0.71700215461988159,23.782354696188122,23.518923102412373,23.747815169859678,23.673034220235422,23.967263525584713,24.090169777162373,24.208589012734592,24.627323468448594,24.848635727772489,25.340163575485349,25.511858626734465,26.169598128180951,26.40975139499642,27.184898510575294,27.643111814279109,28.401403798023239,29.058855816954747,29.785654325969517,30.771230155136436,31.512724626576528,32.788397730095312,33.482618069509044,35.237590938340873,36.072358595672995
0.71735194612870956,23.857388290343806,23.566911552334204,23.828163657104596,23.761327520711347,24.032857073238119,24.190140206366777,24.328927463619038,24.745169914327562,24.988980915164575,25.460844614775851,25.642952996073291,26.305271787336096,26.563687599496916,27.331011496251449,27.78937014285475,28.557661203434691,29.205355093348771,29.933444859459996,30.921150267357007,31.662359433947131,32.933638710062951,33.628433586796746,35.377956266514957,36.210807494819164
0.71769360706930252,23.847948558395728,23.657587972935289,23.923149765934795,23.808806589338928,24.112768498715013,24.303980903001502,24.463024412514642,24.893280763644725,25.124957486521453,25.600283480249345,25.79453514306806,26.446700345724821,26.717527451226488,27.471349634928629,27.9416061216034,28.72070152615197,29.370039991568774,30.099261477822438,31.123561158310622,31.829253230011091,33.101256248308346,33.821255830815062,35.548720889724791,36.383424145635217
0.7180273264289232,23.953083780827001,23.762389197014272,24.023171970387921,23.924103373195976,24.236792308511212,24.431025269208476,24.558437291067094,25.064002011204138,25.29050251073204,25.739901221357286,25.951856754021719,26.609861155273393,26.90262245433405,27.642359427874908,28.117134606931359,28.902635441394523,29.547635340131819,30.280876800883561,31.309570458950475,32.010603522649035,33.324896580306813,34.011238410370424,35.721920161973685,36.573383011855185
0.71835328880200677,24.071719840168953,23.880612024338916,24.146214439999312,24.052513813134283,24.373476715525612,24.596397907007486,24.690517029957846,25.231718939729035,25.480305399047211,25.9043316883035,26.123031202470884,26.794240637915209,27.082595742773265,27.826522311195731,28.300789716886356,29.094503730535507,29.742681448347867,30.479223002679646,31.506524911615998,32.213888679165393,33.531546490965411,34.241844804259017,35.937790782190859,36.795150590129197
0.71867167449226776,24.203097919002175,24.027343307388946,24.281804289435968,24.19326928537339,24.522048465209082,24.749559299554676,24.856925559928641,25.398711022222415,25.636558313621208,26.064701274735853,26.323284819023684,26.961454641073942,27.284062821883708,28.026878572069108,28.502171120839193,29.29939036956057,29.968381667044014,30.689202205976471,31.723882572492585,32.433941590366885,33.747062266804278,34.47132231015712,36.174428026890382,37.039463717024773
0.71898265961243357,24.346430117497221,24.171425998909399,24.400932671269402,24.345562650123611,24.681703195674345,24.893480296013877,25.034186305943877,25.571604258846492,25.817969392752275,26.250580722233281,26.509153655963019,27.147230236092582,27.486136483959854,28.234861488454044,28.719733280362561,29.511962855234742,30.190032493090257,30.914128381758928,31.923223227960989,32.669063535518944,33.987953006755561,34.729472685838118,36.421975628007203,37.304784782696515
0.71928641618166045,24.500886877533048,24.326594966696575,24.559268892044201,24.508571195881814,24.790934409014881,25.067307566059753,25.221441584406421,25.757352653890848,26.008687180001289,26.433710409328341,26.709660589927807,27.396030136849731,27.697719840332866,28.487365128006786,28.896856770385057,29.739576219115406,30.425295021850616,31.14852928603068,32.168178781867027,32.918276806129143,34.222667346708477,34.99243494309485,36.696682142559439,37.600501487962902
0.71958311222068394,24.665633645839989,24.492015721974894,24.727770366938785,24.698745266534388,24.970089986454695,25.250158828916028,25.41781107801944,25.938618022948503,26.195796012645587,26.637887458782643,26.91883657220751,27.623688431922346,27.918697327375412,28.716810279060155,29.175454748561606,29.971712525002658,30.668477271217853,31.397500963648781,32.419957713689655,33.171914267586544,34.492561914259568,35.270421595545486,37.000649835914373,37.903574377298355
0.71987291184475888,24.839822034817189,24.666829009074718,24.905598473502323,24.87921869661659,25.158027633326128,25.441217512125149,25.622424575034529,26.140608124202117,26.40233870735392,26.937469338299707,27.128859279910102,27.848750296747312,28.147748437710106,28.955222058109939,29.417495486792177,30.218699166318402,30.921178314602003,31.654804738471285,32.687586732208729,33.459713852033019,34.759923656936735,35.554290911182761,37.306806919397786,38.222855068277568
0.7201559753544382,25.025365487206727,24.845219525741413,25.091901204083115,25.067984980996698,25.353907687589526,25.669487340375781,25.832488772226498,26.349417072720826,26.60526885301806,27.157748302211985,27.353107649367303,28.085730768973008,28.418832185911015,29.200300440425053,29.667154113296419,30.480502986581996,31.163970184279606,31.923188614659011,32.964890794828534,33.728575623128563,35.053850712021813,35.858313425909728,37.637973902514204,38.567364828195423
0.72043245932424249,25.21725521562621,25.036233548074961,25.285853288834915,25.264216603012756,25.592901206342503,25.877911197254434,26.059772396227345,26.558870635461062,26.824777335859835,27.38397398032248,27.579265414271504,28.323930465616286,28.661491572856903,29.45188236865215,29.936843902803957,30.743490290595219,31.432352386415005,32.206675376510248,33.272086473647505,34.02106189308688,35.35791793698445,36.172037274343893,37.969548659166321,38.91404191730544
0.72070251668926744,25.416052153101191,25.234152504242957,25.466724677942693,25.467102194437757,25.802260959288105,26.092092180391774,26.280104865552858,26.779987110756338,27.04949339129962,27.618553991429508,27.81517786742188,28.567453661002219,28.905956944683567,29.708450054051355,30.199053991120309,30.994302032981068,31.694800209719688,32.490348732331768,33.565514625050128,34.31470213085413,35.674047467531636,36.496565107023343,38.311783625511453,39.276951399166137
0.72096629682977909,25.620957873761654,25.438192697009072,25.67759247450158,25.675851020030677,26.017133279936388,26.337536146165803,26.505440700566396,27.018442643340677,27.29843416204676,27.854517129249871,28.055587839102373,28.826772607630119,29.158280740026385,29.910368202719837,30.466157284099609,31.270459924591705,31.975683924974874,32.780162827810273,33.902689155889675,34.622875756118447,35.995222869794816,36.8295387707185,38.669064825167879,39.645378541667014
0.72122394565384274,25.831197934690863,25.647580668563023,25.888277478283271,25.88970116013661,26.236758771119639,26.561779282055795,26.735037944978103,27.247560984455049,27.531923646572977,28.094194584991783,28.295050588203594,29.078429920133203,29.414453108562157,30.17240132833831,30.746445020195097,31.548796484945342,32.261213182937354,33.086629931582138,34.208247114438564,34.937044266378507,36.339268667856231,37.176455429522321,39.026485675480217,40.022681501228362
0.72147560567803015,26.046030049445108,25.805938395904377,26.103533694986254,26.107924544485286,26.460411105770618,26.789556981762871,26.968176985858008,27.479752669110894,27.773214968619868,28.340516586787999,28.542306870687753,29.333091668086126,29.66890909220092,30.439393400214612,31.020544722676277,31.831507311435416,32.552885035285726,33.385997938690707,34.518288194434717,35.246840405510738,36.672880981350318,37.497791760135442,39.392673943191767,40.40311873331666
0.7217214161062524,26.264745492720976,26.023224621079862,26.322661376325414,26.32981115533039,26.692202749429271,27.020198673009872,27.253398422617465,27.721352779073641,28.012246452271938,28.584962748922408,28.791902224300429,29.584649194730446,29.930719012860209,30.708916347939521,31.296840960625559,32.116312383208424,32.845069121802226,33.688639735570177,34.858336576726288,35.570176124805585,37.010981092695147,37.846816896693781,39.759587463922799,40.797747583128512
0.72196151290675892,26.486665393458679,26.261401399504393,26.544983206083998,26.531679046805948,26.921060407999903,27.253068598220125,27.488186343573034,27.957912496291101,28.253026003716514,28.823637147201225,29.041678812354803,29.809269574936479,30.194223016500473,31.05214585410431,31.574806079035625,32.403212374076247,33.139396013459191,33.99892179435119,35.174975245026872,35.896621727617458,37.366851988947019,38.201974811032414,40.136115804547444,41.193811608944088
0.72219602888734757,26.646750225918368,26.484388557262719,26.769860462285578,26.757966794539243,27.152031897101551,27.487563227536157,27.724569705547765,28.19570289645344,28.493618706008419,29.025628072209656,29.30750798410736,30.068806426832452,30.460423170588911,31.32665314222686,31.853898140601814,32.69129642425105,33.441659554606304,34.305587768554688,35.493497793097049,36.229652302106842,37.710844272049144,38.560077899834141,40.516065490432084,41.598593125119805
0.72242509376882647,26.874499575933442,26.709416379919276,26.9966882141307,26.996415376663208,27.394732239888981,27.730803890852258,27.961981160100549,28.442085853312165,28.735932992771268,29.273590003373101,29.559976035961881,30.335077550495043,30.725195377133787,31.601625910727307,32.106878682039678,32.980427452595904,33.738381076371297,34.613203488057479,35.675060915993527,36.559666628949344,38.069327375618741,38.920996297849342,40.900623262859881,42.001091603189707
0.72264883425676774,27.103695094352588,26.935915166279301,27.196254161186516,27.225396213121712,27.628748775459826,27.969092573272064,28.19989938265644,28.680930797476321,28.978377440478653,29.521959021221846,29.820426936959848,30.595206333324313,30.989807078847662,31.803328058449551,32.386207284405828,33.269671282498166,34.040402242448181,34.90552267478779,35.99435121845454,36.890365151222795,38.393233774462715,39.282399307237938,41.284236054867506,42.405365773942322
0.72286737411159396,27.333799869287759,27.163343847263604,27.425537773175165,27.455074877478182,27.863193528726697,28.207413561176509,28.437831659801304,28.919499119976535,29.220222816802561,29.769571900367737,30.073138087289408,30.854745575692505,31.246574312914163,32.076113388873637,32.600114085013047,33.558455352438614,34.329606950515881,35.212460297159851,36.313377438578755,37.223754783626646,38.739157249918208,39.644177704118192,41.668447586707771,42.811530808918178
0.7230808342170354,27.564305050764233,27.391208528541028,27.65515113552101,27.684958801604807,28.097596782725304,28.445294724078849,28.675326370634139,29.154181069228798,29.461786379804835,30.016300105024129,30.324932344257832,31.135142134269699,31.509155009640381,32.432787665631622,32.876926579512656,33.8485435876064,34.624229190638289,35.518476566299796,36.639662158675492,37.553480373462662,39.084524944191799,40.005572855006903,42.065482552163303,43.216647109482437
0.72328933264699602,27.794751439010724,27.605528354877606,27.884633176261559,27.914608782622963,28.331512922421098,28.682310783304274,28.911965574836358,29.390824353788048,29.702165609225631,30.261738918954507,30.594110108213499,31.392399353440851,31.770238398341462,32.713667839067057,33.153128566918895,34.135086162714288,34.917328533018008,35.827107165474445,36.956108475336805,37.881918081548065,39.42869369010441,40.372522435616702,42.448817855678499,43.620942431502044
0.72349298473086499,28.024689419195056,27.832532303640619,28.113563120597973,28.143590494291857,28.511126112192869,28.918077564099804,29.148795747430995,29.626001515192911,29.940981349209324,30.513307393528521,30.843069874914363,31.647808962501585,32.013214988168329,32.983345791231841,33.489937123842537,34.41969230142422,35.207353798672557,36.129705748287961,37.270593019668013,38.209215639624745,39.765896538505331,40.731195103842765,42.830481436103582,44.02589047094807
0.72369190311731035,28.253734290366992,28.058667823439464,28.341549149015918,28.368396188830957,28.742088955827057,29.152220546733588,29.383199602831155,29.85939284064807,30.183972140075639,30.755167437251657,31.089945846702904,31.912414078833535,32.267679186305031,33.250647775596008,33.76157460687682,34.699548467993736,35.496157859452069,36.429891094798222,37.605775442207232,38.533571121050045,40.106067814165726,41.087590700946748,43.2204375336878,44.426671934779733
0.72388619783659014,28.481518703512847,28.283569013001397,28.568229854106903,28.59408623771742,28.971500972984359,29.376518522389233,29.615684957709163,30.098186808172613,30.418693855172023,30.994704403681681,31.344758559949696,32.162719284184277,32.522289260989055,33.515252362005413,34.03400497417897,34.978805960621685,35.782166888238862,36.72176438011229,37.914894894929603,38.855125657748431,40.443411048967391,41.462632902897894,43.596889156382531,44.824585198424757
0.72407597636141408,28.646420955425128,28.506907282862812,28.793276872253045,28.818086415529251,29.199043200118467,29.507768887560815,29.935602190671489,30.32762263296172,30.650931018637493,31.241455524228513,31.586700248531997,32.410222175531089,32.774030416272581,33.786674367496744,34.299654419301078,35.255011146655306,36.066943208221346,37.016008852282539,38.220767985098064,39.183890570653602,40.774379896000028,41.813328113872558,43.9699397822842,45.219052375759929
0.72426134366639228,28.869970537954941,28.728386086877435,29.01639254624024,29.040100785903633,29.424434904241934,29.737283425405622,30.161491976119578,30.554410655517131,30.902998532634228,31.475559430895373,31.825704822083935,32.654666746268049,33.022419568849728,34.045062117977068,34.561966530513018,35.527899351436645,36.346229545306414,37.306746908929199,38.523049727780744,39.48376706126146,41.104828119743615,42.160284137818962,44.339118785690516,45.603729403112084
0.72444240228610046,29.091339173959568,28.94772989791818,29.237307069124654,29.228362615453079,29.64741591969505,29.964097135467455,30.384584429208189,30.785017978167161,31.12974566873163,31.706591804977506,32.061550565762445,32.899687244091183,33.267917610006407,34.215938320150599,34.820699576521292,35.791728561744094,36.621798556763679,37.593682841630653,38.858559450367466,39.793981012888253,41.431234625168145,42.503128513228148,44.657916956581175,45.989245199132711
0.72461925237179625,29.310293093789369,29.12979078060016,29.455778448376805,29.445574276847765,29.867751062847674,30.187979826703668,30.604678471339867,31.005716500105336,31.353325725533068,31.93435135576874,32.265628170687705,33.137199048185721,33.509838641155511,34.466047999216244,35.083068354753777,35.999962976900861,36.893414770485833,37.867906486149877,39.152798003749922,40.099980622995645,41.753273137845099,42.840826960280538,45.017828070092946,46.369948066305369
0.72479199174681785,29.526606814004481,29.344195190584287,29.671586634824052,29.660078650573269,30.085244180867448,30.408749847207218,30.821587790967897,31.22317935526371,31.573573742760345,32.166949084028602,32.493723719147965,33.371042744489387,33.748003295389935,34.708040396682918,35.334157931851223,36.260511100292206,37.150960483588278,38.146706904983148,39.442606977652758,40.40149394236505,42.066675963811576,43.173441551160067,45.372794036753476,46.74548088433221
0.72496071596069322,29.740086237201467,29.571894332533702,29.884540854021907,29.871690653730184,30.299706353107467,30.626227934611961,31.03517042263411,31.437242737505585,31.77777225477621,32.387607061769813,32.718149420805275,33.601055927108973,33.984247585758567,34.950002810452133,35.581095891771838,36.51684020855464,37.413967252708972,38.421034073689952,39.727779201930389,40.696157292462885,42.379319298546761,43.501028329599649,45.722513591405004,47.11414954951033
0.72512551834199346,29.950549962930381,29.780309206806123,30.070841037901118,30.08024109271355,30.494364426471293,30.840274492045864,31.24528768658638,31.647239770740271,31.990686509059742,32.604550198884681,32.938780463999137,33.822244426002726,34.214564051479101,35.187790473224595,35.823735269717872,36.775408126413822,37.672457929234952,38.690705601591617,40.040951880859211,40.988317973911762,42.686840130481869,43.823360158130527,46.082685271278024,47.479116038419306
0.72528649004995649,30.157858458114788,29.985615062527359,30.276533912867308,30.28559684753418,30.702451285207644,31.050751483766362,31.451821236405522,31.853839786024764,32.199895246885717,32.817670425167307,33.148160015698522,34.044114660238847,34.440723907202482,35.421281398041174,36.065961170708761,37.022893784567714,37.926301901228726,38.958567548077554,40.316511283162981,41.275413047987968,42.989082247950137,44.12280151154846,46.42141706449911,47.838067609351128
0.72544372012491098,30.361870772670954,30.187675160588697,30.448844111291692,30.513116230489686,30.907078835181892,31.25756043731235,31.652184871258214,32.056708089308813,32.405304696178064,33.033532119588926,33.360830300021917,34.261786391492933,34.662642955547199,35.64033789630048,36.299880848266184,37.265776557847857,38.175390747841448,39.218652334762737,40.586974198929965,41.55729228630662,43.322683337610215,44.434095099102706,46.75420173117891,48.190816624090075
0.72559729553752883,30.562476930674165,30.386379986768588,30.647915277630091,30.7112586281728,31.108143259538338,31.460599358426407,31.851323690498248,32.255772281205282,32.606826351722702,33.238822042709216,33.569418887374923,34.479863961227238,34.88842010917142,35.864558931207284,36.529218102339655,37.503964242292568,38.421495616436005,39.473716304637492,40.852229951880872,41.842432372272015,43.613445418421179,44.739621660206467,47.080895509105176,48.565446575637907
0.72574730123693165,30.759586686035618,30.58163710590452,30.843511499464512,30.905865574721247,31.292315852362663,31.659806463168934,32.117109548766166,32.725625625345856,32.780344321392477,33.495996808633208,33.773872836027294,34.684140594210476,35.101919801672921,36.084265264915302,36.753913701511919,37.754830671474338,38.660839258227497,39.749612698797137,41.112199688795954,42.113551350310445,43.898568675853312,45.039265587925911,47.41532884305343,48.905370600055903
0.72589382019768056,30.953118423232809,30.773366040317342,31.035554865142331,31.09686057199724,31.48439572728239,31.843121598474681,32.309763045748696,32.917287818854675,32.973701791837811,33.693013187963516,33.974149551708251,34.888946467312053,35.310987026430666,36.346593807684258,36.979473029263318,37.98336313967593,38.895219292724505,39.994348695967346,41.394513136707246,42.379180224612355,44.177948680706322,45.332878482993692,47.729558847378939,49.238631605636328
0.72603693346567244,31.143012885469943,30.961504445178434,31.223987203557044,31.28419085056521,31.672734866617247,32.034569533076137,32.498394903261214,33.109991378616542,33.163049427326769,33.8859063598793,34.163367190631106,35.089411928784102,35.5156057740096,36.557476404355839,37.194718225859106,38.207053675316274,39.124594196677208,40.232119760010391,41.643870233092457,42.63926060590893,44.451528729870915,45.618150463793427,48.03737037954852,49.521132244262844
0.72617672020296986,31.329206398222595,31.146006644936278,31.408758501522243,31.467805182328448,31.857306241290644,32.222047919873148,32.682992529589683,33.334908444900066,33.348364797886461,34.066582238301635,34.355214387178421,35.285516144009307,35.715761656640097,36.772964694071561,37.38148549431935,38.425866902340204,39.351790183223784,40.466418621595949,41.887720836792141,42.893756303936243,44.707507519982755,45.89998047426343,48.338711986783892,49.840287773869932
0.72631325773158939,31.511678990442306,31.326827566837892,31.589832564583048,31.647689172299579,32.038075657328591,32.405537669546902,32.863542643608525,33.519333428004757,33.529648213647306,34.251181478844956,34.542833538260311,35.477259522303939,35.928781138267368,36.974689475027844,37.587153853848577,38.639807591680437,39.571152456104755,40.695481391623616,42.126141445245594,43.153628905769438,44.969183300621808,46.175700388848782,48.633641578722745,50.202753560151905
0.72644662157627127,31.690396198071539,31.503949185367674,31.767189746024087,31.823809911729768,32.215029813582078,32.544035107828677,33.040048980154097,33.699466255959123,33.693453052313998,34.431640710448846,34.726223540725186,35.648800948867574,36.18340049427934,37.171779355965555,37.788079541409388,38.85770302452147,39.785490424837917,40.919299443252385,42.359123491682112,43.396951728034765,45.22498647030443,46.445289850234985,48.935866015497595,50.508335876744241
0.72657688550625554,31.813570064725354,31.660649752244353,31.940810403088108,31.996170391794294,32.388166361954063,32.719485357636586,33.212523644557223,33.883588090073317,33.867037791293114,34.607972785364836,34.905391859123483,35.831759245600551,36.370468470733613,37.364252498373389,37.983627643901855,39.061767123173922,39.994822602253407,41.137900855857879,42.434212032705545,43.634676791727543,45.474927759729326,46.708761841524392,49.217536666896194,50.807073612697423
0.72670412157608721,31.985606353031471,31.83046008227393,32.110696880845353,32.164759309031069,32.557481791824102,32.890997762326151,33.380986823467538,34.055289770010859,34.097354014171287,34.780200131470338,35.087769496953115,36.010424395324662,36.553082462865859,37.552144873188809,38.175487220985815,39.261005135253072,40.183587004430592,41.350333417300135,42.656195211224258,43.866829494945705,45.719024784397334,46.975228073541075,49.492716010659933,51.098971720784903
0.72682840016547245,32.153874453390017,31.996554207522422,32.276850225403905,32.32959759933874,32.722990550100803,33.058590062661096,33.545465532457456,34.222786534111947,34.263359604170546,34.949686069739982,35.258728091837838,36.18481636676006,36.73128314036876,37.739779968280345,38.362702341517434,39.455450921319425,40.382386080455035,41.558399075176567,42.872924429830164,44.093449057545513,45.93960012961179,47.226452007424086,49.761438058689237,51.384050788357854
0.72694979001820825,32.318387751001865,32.15893668984063,32.471043359488249,32.490692484658211,32.884717038134113,33.222283187089488,33.705995004158467,34.386125430697575,34.42540989513509,35.113879623124376,35.42556003597565,36.354967860504985,36.841718092560768,37.91857042373158,38.545275459997356,39.645149533171207,40.56845305301249,41.761352953966707,43.08447435637936,44.314571186900139,46.172150645870715,47.471653010230511,50.023739371914417,51.645197705365717
0.72706835828020844,32.479162072995678,32.317629050929099,32.630256647709757,32.648073947988451,33.042682311031967,33.382114434614778,33.862609605072066,34.545346873346716,34.597322782035917,35.274074897402897,35.588291628286242,36.520934243453667,37.010415886295959,38.092904378194362,38.723293752875179,39.83098973473534,40.757675748784095,41.959259105380625,43.290776030160487,44.535916262771934,46.398992989677936,47.710875210352242,50.279677646700293,51.916649623308331
0.7271841705366443,32.636233979137614,32.472657827427611,32.785768792731687,32.801768536446616,33.239241482224315,33.538112024543807,34.015362299280241,34.700477936072275,34.751738363178447,35.430320763494819,35.746994923334569,36.673754738876596,37.174884591950104,38.262794875074178,38.896816861350089,40.011043107137084,40.942124300636351,42.152131414040923,43.488584981765598,44.720299086999148,46.620186402462423,47.944167653098702,50.52611719025299,52.181458505336195
0.72729729084822248,32.78961399756372,32.624048672383651,32.937609638320282,33.008892626967281,33.39008600753732,33.69031831715256,34.164295135764405,34.863197236787528,34.902323192218319,35.582656705519184,35.901717009721324,36.831783735891804,37.335185433272272,38.42833802709356,39.072202139999717,40.186520060524344,41.121862743981183,42.340057310648263,43.684353082440794,44.924782156478614,46.835805262438953,48.181412052363157,50.769444259349257,52.439688429702073
0.72740778178662024,32.939355017617345,32.771849530749023,33.079017290147021,33.155437237583101,33.537279276177287,33.838781264610589,34.309466934762895,35.010571199003607,35.049132720567286,35.731164761120453,36.061902174027637,36.985782822594047,37.491369223454967,38.589617121499032,39.236997522413731,40.357489317189902,41.296954754274338,42.510180969722569,43.87508633825928,45.124036269728094,47.045913256704807,48.403080041520298,51.006614555604756,52.69142645644024
0.72751570446909608,33.085497356485575,32.916088602505624,33.223528931848705,33.298404487548396,33.719231801107526,33.983552897349,34.450937164016068,35.154073178069666,35.192221075994894,35.875911746406928,36.208769246004522,37.135824423516169,37.643508557695895,38.750137405004352,39.397491938900203,40.479699387680739,41.467484530527145,42.688385887537152,44.060859306249768,45.318139537237585,47.236279757227749,48.619066429790109,51.237725862301886,52.936761195305735
0.72762111859229639,33.22808063775301,33.055084425257519,33.364503845805302,33.437841161852702,33.859132714802399,34.124689544783905,34.588758632773533,35.293735774466768,35.331651012646034,36.02075481438078,36.351826179539785,37.281964932568371,37.79166925791651,38.90315494639799,39.553768268786371,40.641492047347128,41.636571070645005,42.861892296932638,44.241746626794338,45.507173961494118,47.435778332874179,48.829465206246823,51.462859295774251,53.153483859263361
0.72772408246527609,33.367159601766616,33.191939851967618,33.501988492440432,33.57380125275813,33.99552217987366,34.262240351643413,34.723004010273144,35.429638990433887,35.476326723815873,36.158100066473708,36.491154307266697,37.424280628561974,37.915095418691635,39.052128187846392,39.705893616192043,40.799010359216481,41.798156651668251,43.030794586520642,44.417838959489018,45.699147506151348,47.630029391497374,49.034354091621935,51.682121349032968,53.386315080337226
0.72782465304175248,33.502778521040455,33.325378494802862,33.636033922899514,33.706342606805265,34.128455422818661,34.396272341953591,34.853733714437112,35.56188592268154,35.608585541602224,36.29184996522963,36.626808093860745,37.562839698046446,38.055391619447619,39.152423710562289,39.853955063503236,40.962770267855376,41.955411915667355,43.195169708691537,44.589225343894213,45.87831023382023,47.819135650992393,49.233832529745996,51.882644148543477,53.613047773018479
0.72792288595160781,33.635004495736212,33.455463185440749,33.766705496469513,33.815146749606356,34.257984546013176,34.526843644445762,34.981009616050869,35.683715269668028,35.737371885683388,36.422070362139493,36.75883967243135,37.700053805019706,38.191934839822352,39.293633121531457,39.998022694606334,41.112041888292879,42.108428853098303,43.355112988036126,44.772865723818541,46.052681516855955,48.003175733610988,49.428006106987596,52.090333673171699,53.833787115290761
0.72801883553166136,33.763883162755519,33.582246356178075,33.894057815661654,33.941369198495522,34.384182557929307,34.654019674984738,35.185193257173523,35.808749763527885,35.862765750149265,36.548829046543688,36.887357261497527,37.831300460267812,38.324796062428504,39.431029905099422,40.144643325358629,41.257305396255106,42.257291933055967,43.510709558613598,44.935265854001045,46.222346988040954,48.182271996513009,49.616187676321715,52.292465255595744,54.04865703266114
0.72811255485572512,33.889480262296274,33.705787063809112,34.018140933243558,34.064337602350861,34.507103492040187,34.746649276232347,35.306848052889109,35.930346621898934,35.985183315118775,36.672207242343575,37.024028154090047,37.938282691407949,38.454060235992074,39.564695965498686,40.281129903160036,41.398611673619598,42.402084418572485,43.659954939037561,45.093231251463294,46.387405758723617,48.356507996562868,49.800142489839345,52.489157975651324,54.257769791875035
0.72820409576396117,34.011851433198899,33.826145129976794,34.139030361315235,34.184104826766998,34.626813979353756,34.867155619431287,35.425212021684274,36.048589889425784,36.103976206388324,36.796341750770807,37.196850840002298,38.062342082615942,38.579797721002251,39.687480370514095,40.413872576784343,41.536058018449694,42.542902136687189,43.807154244277626,45.246861084364355,46.547959009651095,48.527924801688641,49.979082078207284,52.680525846779346,54.461240218952298
0.72829350889155664,34.131063411477953,33.943388545885682,34.2567788164597,34.30074091325514,34.74338231375441,34.984484953340143,35.540352155920118,36.163550303317606,36.219587099738419,36.906627548392862,37.315118117723614,38.183024096302688,38.702105524484068,39.813865770585835,40.542960661929101,41.669729672838002,42.686545544769615,43.950283613521606,45.396256474312395,46.704101868439466,48.692822951823473,50.153134965337813,52.86667073937133,54.659187227021903
0.72838084369673239,34.247177656274289,34.057574721984565,34.371459275484085,34.414313174318522,34.856868948088959,35.098703999072313,35.652343363733962,36.275299430824816,36.332073563709855,37.020104439929128,37.430165281984955,38.30040075071156,38.802894389256835,39.936772829387337,40.66846603481099,41.799710664898157,42.819659794215113,44.089481994975358,45.541505234315991,46.859878349583596,48.853165154810995,50.322398367337883,53.047715600114316,54.83996450714767
0.72846614848810021,34.282329254085198,34.220465421909466,34.483128394698724,34.524877840653062,34.967344566946849,35.209883463103324,35.789701452711597,36.38396298000589,36.449911203701049,37.130496019497514,37.542065263260156,38.414555485360324,38.918684501200914,40.056280625518411,40.790481241419911,41.943234779872,42.94906399725005,44.224839195143431,45.682708716485649,47.007561190985143,49.009071512147784,50.486996485386044,53.223775634076446,55.027296951040626
0.72854947045138485,34.39176560845226,34.329042569966987,34.591848782729357,34.632505829446018,35.074874636018649,35.318086802726611,35.895722872111946,36.489579923450947,36.556314599234611,37.237865786999464,37.650881486944854,38.524568112567067,39.031268939375877,40.172470423392951,40.90909079182893,42.066123454831541,43.074851759709418,44.356414992362261,45.819973470643163,47.151138544548303,49.160624563228339,50.647038605995476,53.382596830371767,55.209469644818455
0.72863085567552377,34.49831765377894,34.434745943872258,34.697693279013038,34.737265407340601,35.179524619830772,35.423385640839115,35.998809977434576,36.570049934089184,36.659810924902558,37.342286791652441,37.756703846156597,38.632579365745187,39.140719438903034,40.28541969275102,41.024378350935876,42.185570963192731,43.197151729371399,44.484293072018772,45.977594756055623,47.290712735150009,49.307945053558797,50.802625080570579,53.549021813087165,55.386596684809774
0.72871034917816158,34.60206463560462,34.53763868752867,34.800721711013466,34.839215585030615,35.281361627858132,35.525841741589829,36.099038338754326,36.669621393084526,36.76047069998458,37.443834899459034,37.859596233814955,38.737602153327316,39.247112009674311,40.395215095952153,41.135401519946754,42.301769613754004,43.316106871236116,44.608571998775005,46.107188954949379,47.426379870157689,49.451140781864524,50.949382142629474,53.710815895814449,55.558802636340261
0.72878799493055058,34.703050804557279,34.63778536953032,34.900997896445915,34.938428876455873,35.380452170036733,35.625527231022716,36.196479700505733,36.766371385194361,36.858365229796618,37.542580161709338,37.952112574130297,38.839703693054616,39.350529020186514,40.501935963518918,41.244250007439405,42.414760326035321,43.431702219415456,44.730534158181399,46.233160180505365,47.55823045084253,49.59031232027337,51.096436598803848,53.868073798250407,55.726213842630386
0.72886383588187365,34.801348912063986,34.735251909121871,34.998592039570212,35.03496624645777,35.476862041279674,35.763674546964467,36.291208231355995,36.86037480365485,36.953562350012362,37.638588916510344,38.049253328237683,38.938956888858229,39.451045734807849,40.601820408832282,41.350025101099163,42.524571022950113,43.544031230267137,44.84776897681877,46.355565239675343,47.686365802772343,49.725562930572778,51.239357664715499,54.020925427321345,55.888941020239145
0.72893791398300123,34.897021189332008,34.830104485386983,35.093562403460965,35.128892354201525,35.570655245799571,35.85816938476637,36.383287372067571,36.951707533560693,37.046130150556564,37.720095947850496,38.143685803283006,39.035432304721326,39.548742162529379,40.702561413869262,41.452798541169614,42.631286113057286,43.653176367282867,44.961672000121325,46.474491029977798,47.810882151592523,49.871060778852552,51.378257103729993,54.171575836837292,56.047111933119595
0.72901027020969578,34.99014069698751,34.922401218209416,35.18597276089713,35.22027613571845,35.661898644641042,35.950085964985192,36.472796655260026,37.040437994524837,37.136137108784169,37.810827521141618,38.23548740381375,39.129214379470795,39.64368221629411,40.800465622451156,41.552656786050647,42.734984003473073,43.774151461664587,45.072346683591604,46.590042443014681,47.931873274501413,49.998828442767262,51.543294756673276,54.315935647580773,56.186493441462517
0.72908094458527739,35.080749155022204,35.012208725791425,35.275887506082654,35.309174579102546,35.750652584712952,36.039485393557698,36.559787932783365,37.1266377735883,37.223650284577161,37.899029432795942,38.324717230629176,39.220362712163478,39.733470027334988,40.895598359871656,41.649675242137164,42.835743193514645,43.877174383495003,45.179858785122633,46.702308043371886,48.065019978675991,50.122978359460831,51.674368017818779,54.456236489582807,56.335926529951394
0.7291499762027629,35.168925881851465,35.099585083546117,35.363373412750661,35.39565242966637,35.836987265385687,36.126440961379558,36.6443358710967,37.210376002825797,37.302481265272945,37.984778750222176,38.411445138975978,39.308950673323125,39.82333865435794,40.988049400504678,41.743938682135195,42.933643500320613,43.977252360899001,45.284307615831494,46.811370083596557,48.179308437276632,50.24360020365566,51.801717036869377,54.592557885684073,56.481148334220052
0.72921740324648887,35.2547249305062,35.184593653073534,35.448481807485223,35.479771094862372,35.927082291804254,36.211011419072747,36.726505815517157,37.291719644796103,37.38501726416871,38.068137847818434,38.495744172483683,39.395050868391991,39.91067280806601,41.077884713187814,41.835512332618237,43.040175962261856,44.074483192525804,45.385769640095532,46.917318239342421,48.290346634108573,50.360796681139618,51.925449093338102,54.713431352749467,56.62226458825171
0.72928326301323387,35.338209520559758,35.267302515450865,35.531288827303797,35.629396136384457,36.008369186427444,36.293261544313282,36.80637127533555,37.370744463521987,37.465260720811784,38.149169266689569,38.577675110660493,39.486229428555816,39.995536922011524,41.165170289576054,41.924477007240057,43.132436942774802,44.168934497050941,45.484375352971256,47.048930799588561,48.398227092344314,50.47464907169342,52.045669092331082,54.842137101106346,56.7593914847821
0.7293475919328487,35.419431009329855,35.34775543725118,35.611832870170474,35.708964043762535,36.087423038668931,36.373248368501663,36.883979266975075,37.418302423320711,37.543266607448459,38.227926632389426,38.657309427391738,39.567713163793087,40.078003087081015,41.249979415908456,42.014090312644839,43.222066789399832,44.260693411808461,45.5801693033427,47.148759088013321,48.503037524875253,50.585260008927435,52.162465068511665,54.967188307084143,56.892642716877162
0.72941042558840696,35.498453478328884,35.399716764222831,35.713869475759566,35.786349086556584,36.164297162555158,36.451035468373448,36.95940425619483,37.49284637439996,37.61909440625459,38.304484495427459,38.734705975744873,39.646897573955357,40.158119916450232,41.332386858761311,42.098097666166723,43.309151267167181,44.34982033399865,45.673226838000119,47.245731393340975,48.604849255643785,50.692719395272434,52.269337384495884,55.088686319999397,57.02209722623229
0.72947179873588819,35.575333627872169,35.475892156362534,35.780538406223059,35.86160249216482,36.239050297066569,36.526676441542804,37.032704886980355,37.58918277407065,37.692810741718858,38.378893658984452,38.794648454990238,39.723858532030135,40.235967876389623,41.412454279139638,42.179707285482436,43.393745680805296,44.436403943225741,45.750074090436101,47.339930216316134,48.703758011572063,50.79711676761508,52.379557428881526,55.206737047992647,57.14789482485503
0.72953174532340193,35.650137089658529,35.549987473990768,35.854657756630331,35.934796019457281,36.311742992606014,36.600234101060778,37.103937364183366,37.659709108993411,37.764468133449554,38.451221727300435,38.867623427882791,39.798648378811777,40.311609712429345,41.490245159249753,42.258981241844594,43.475931361783296,44.520500657148659,45.837905253749341,47.43143369583413,48.799846803303808,50.898527577519417,52.486642089672387,55.321417506784201,57.270121171139181
0.72959029850996704,35.722891214303672,35.622059722896665,35.926755873020738,36.005976383574307,36.382434797938913,36.671764936298132,37.173163721337914,37.728216162417084,37.834130393806845,38.521520322188735,38.93856120435521,39.871327873319387,40.385108374990523,41.564670268446207,42.335999405011535,43.555775419343263,44.602193682920188,45.923229665495455,47.557354295626283,48.893194518052042,51.014765541534871,52.590678687673062,55.432845865376294,57.427142515778542
0.7296474906838526,35.793685005046427,35.692165112122893,35.996882048435509,36.075200556777418,36.451167078688741,36.741325303912163,37.268293206579983,37.794771961402148,37.90184451173991,38.585106062237173,39.007502981461585,39.941960955038667,40.456534358207136,41.63809320749715,42.41081369901076,43.63334286538884,44.67883063480258,46.006107527762651,47.643767668865621,48.983876776881516,51.110531744081527,52.691753149498254,55.541101694107056,57.542741235345602
0.7297033534804932,35.862542145885527,35.760359422769397,36.065093271899968,36.16128325695172,36.518005580175668,36.808958808425814,37.334952214732766,37.859429667703807,37.967672756873071,38.651701405178756,39.074510123580694,40.010606912430376,40.525929231196642,41.701254358515143,42.483490670099854,43.708698520436883,44.748509550467134,46.086618187371641,47.727710518054664,49.071975064929575,51.203571914229542,52.78994382172823,55.646278965286911,57.66159453522414
0.72975791779998833,35.929534045048058,35.826681743375957,36.131437757052481,36.226840163581073,36.582993992604315,36.786020101979375,37.399740483611822,37.922239916399121,38.031664406880736,38.716423896607012,39.139632742851973,40.077319974545389,40.601329133845866,41.770120064262301,42.484840119723231,43.781909244135022,44.823242329061031,46.164817253127694,47.809250097721815,49.157555190846324,51.293951712083071,52.885338729247451,55.748464544303715,57.770653448067605
0.72981121382419423,35.99470410309732,35.891196967568249,36.19597298046574,36.290595203172415,36.64619369758293,36.849210486747324,37.462701314128935,37.983264177571982,38.093871998600662,38.779345879331231,39.202925009652972,40.142153932712972,40.666965765878558,41.83703336911276,42.553619955666363,43.853031696751714,44.895834759343415,46.262977809179574,47.888453220017254,49.250035727862269,51.381755341310054,52.978021912276745,55.847749207168818,57.876615674234927
0.72986327103341886,36.058107817079872,35.953949612099677,36.258739625569433,36.352595540229231,36.707645003218204,36.910654111765325,37.523893844336271,38.042540578637272,38.136872120201588,38.84050917904824,39.264439274556935,40.205163412261754,40.730755294673145,41.902035815175623,42.6204395997338,43.931715606246144,44.966355769429356,46.336888970341533,47.96539642335847,49.33079843968153,51.474138875026256,53.068061879836023,55.94420413672924,57.979574942961335
0.72991411822272856,36.119776275008917,36.014990884810686,36.31979385856539,36.412884929683059,36.767407118808478,36.97040790412575,37.583369761239737,38.100135016720742,38.195527119096369,38.899954734370112,39.324231311678886,40.266409043688327,40.79274219693616,41.965203775092959,42.685370609629899,43.998862339649349,45.03486420493573,46.408683622721583,48.040143737569451,49.409263444133103,51.556746023241431,53.155540031380951,56.030519333668053,58.079614691436291
0.72996378351787616,36.179776074364781,36.07435936620459,36.379179769195616,36.471522714477032,36.825517021119595,37.028515517245978,37.641178680583835,38.15609323233366,38.252521097660065,38.957744613289833,39.382343031931669,40.341180701274425,40.85298133501783,42.02657642448321,42.748453796375543,44.06410680199042,45.101420084014535,46.478430029936135,48.11275775777176,49.485487217549235,51.636998711619526,53.240538934245706,56.121680613607168,58.176845084875822
0.73001229439085824,36.23814121959731,36.132111218292266,36.436948229558766,36.528547530528158,36.882030363194644,37.085026451386511,37.697363287676126,38.213234749156982,38.307927471585572,39.013919742312282,39.43883114727214,40.39906616602093,40.911525370553136,42.086214853916317,42.809746486134827,44.127497831359506,45.166075238026679,46.546182963065803,48.154228499624878,49.559548732358962,51.714974267408252,53.323121412657201,56.210255880840123,58.271333629265428
0.73005967767511115,36.294927434530109,36.18828894989565,36.493133894633502,36.584007822908461,36.936985001433641,37.139979403000325,37.751975472085178,38.266095865517855,38.322022906970233,39.068533268757164,39.493737520184368,40.455335789360106,40.968415321782231,42.144166430458426,42.865838506259024,44.189090522006154,45.228892067447305,46.612015639897436,48.222719063982368,49.631506495177746,51.790727936662734,53.403356652706861,56.296328571625054,58.363156174309552
0.73010595958035363,36.350164885167032,36.242934466805309,36.547795276157558,36.637944765388966,37.02530386345461,37.193425674457103,37.805061434395611,38.317463043611497,38.3745700228028,39.121625353116542,39.547103314194828,40.5100241410546,41.11055204924196,42.200541171710938,42.999554488342255,44.248936251737177,45.289930393919349,46.675965866539627,48.289258433505893,49.701425428967923,51.864330895245075,53.479883700609207,56.37995991948992,58.452376550994813
0.73015116570708494,36.403913248330355,36.2960901921615,36.600957836955786,36.690407820045948,37.077332069631666,37.245406972710043,37.856662736739963,38.367372148670256,38.425666713621467,39.173241295851767,39.573896193876863,40.563184624072164,41.164105299394578,42.255323528312147,43.055647202767432,44.307094238232821,45.349223313387483,46.738104335963726,48.353908963967115,49.769355557858944,51.935851669870317,53.555671205744147,56.46123303193599,58.539085514843464
0.73019532106074492,36.456203208304942,36.347798959817737,36.652680287603289,36.741427364293486,37.127931986004114,37.295964537654072,37.906824474222958,38.415874837897718,38.475347241386771,39.223428088240325,39.62428126251325,40.614864069037139,41.216154486406595,42.30857137683779,43.110153048764914,44.363608821760863,45.40684727858752,46.810748451389372,48.416735209990293,49.835371373221278,52.005336891394109,53.629304190166295,56.540202600881457,58.623350043781102
0.73023845006554611,36.507080105133355,36.398106935434043,36.702997694257647,36.791057063732296,37.177146435715258,37.345134579576552,37.955585787072778,38.463011293206364,38.523650920949876,39.272216171491891,39.673264782875776,40.665099812205881,41.221635339315981,42.360314141958952,43.163128548301756,44.418527416419238,45.462827843148261,46.869401310104877,48.477802649606019,49.899517014622688,52.072861494496465,53.700868019834161,56.616947995498776,58.705239999108016
0.73028057657798384,36.556573356036097,36.447041538543999,36.751942861359566,36.839326640591025,37.225017712917179,37.392958063166589,38.002993077971041,38.508820706047118,38.570620864629745,39.319657861720771,39.720886951778084,40.713936748448759,41.270947401411831,42.405478835571557,43.214603731408715,44.471901530399919,45.517236532643437,46.92638859571889,48.537131728138775,49.961850665044039,52.119462873786688,53.770408830605447,56.691538386046886,58.784827037714422
0.73032172390003169,36.604734277352691,36.494652021210641,36.799568993039429,36.886278278660029,37.271568584255874,37.439478268846869,38.049078590236604,38.553342747036368,38.616296107880771,39.371671163942665,39.767184709664434,40.761422776151448,41.318882374558598,42.4543825709261,43.264631692320108,44.523771870415658,45.570103800389916,46.981766798999161,48.594791988842189,50.0224265512079,52.183227798901498,53.837997810915112,56.764029295183718,58.862176213413477
0.7303619147920315,36.651592787820846,36.540977835655212,36.845891872886568,36.931955465115607,37.316856792662293,37.484723472967744,38.093887770082802,38.596615180373192,38.660716117359698,39.416541988961399,39.81220036232844,40.80758869741112,41.3654745076783,42.501919462811202,43.313257291913033,44.574190273415297,45.61286338372156,47.035578370094299,48.650822832249105,50.081306243781,52.245193778537214,53.903686939738691,56.834488061256707,58.937360507436097
0.73040117148528261,36.697198153473437,36.586043300572783,36.89096594043076,36.976384442765266,37.360905604436994,37.528745114337653,38.1374546661973,38.638673439621925,38.70391582371667,39.460175781045109,39.855969492346048,40.852475114166737,41.410776750184596,42.548126955516636,43.360511078964919,44.623192043509334,45.662787795532495,47.08787809452042,48.705279476940632,50.138523765839636,52.30542022921145,53.96752991899848,56.902963255532086,59.007863642647862
0.73043951569433929,36.741563115734607,36.629889668431133,36.934823674615473,37.019604580942541,37.403751659207046,37.571564301848412,38.179816970136017,38.679556213784963,38.745921777561307,39.502604058943689,39.898528546094894,40.896116754505783,41.463797308504581,42.593046432826668,43.406446345150471,44.670820405706763,45.711309394799173,47.138707644306123,48.758206977974623,50.194138829130679,52.363956270739436,54.029585042968392,56.969531076028943,59.078768325969577
0.73047696862902167,36.784738316666335,36.672552088741213,36.977493681013584,37.061653790529817,37.445438650436699,37.613218328915536,38.221005954314023,38.719297388102859,38.786783875431865,39.543865229003131,39.939917865209281,40.938557173591107,41.506597131025046,42.63671821821481,43.451100631151348,44.717124758753926,45.758469953667372,47.188107059337199,48.809645483735949,50.243592510465533,52.420850369147956,54.089904457330704,57.034242483787239,59.147686308249831
0.73051355100614812,36.826754882000387,36.714069058187306,37.019015262834728,37.102564167231321,37.485987920779735,37.653744365554303,38.261061440687627,38.757931032218039,38.825389816891402,39.583996550180018,39.980160433333367,40.979829332325608,41.548209252767265,42.679171049501747,43.494503997731954,44.762131468392909,45.804313600063324,47.236118515953422,48.859648743178695,50.296123071108013,52.476153628900647,54.148539810441434,57.097139900550246,59.214690200053155
0.73054928306099409,36.867647370323539,36.754462678451091,37.05941807385534,37.142363513819873,37.525439151097089,37.6931705432944,38.300015674438328,38.795492239762098,38.864089393988252,39.623033705167472,40.019299067556858,41.019960002973676,41.588669602293521,42.720446348190308,43.536697911098599,44.805883642286062,45.848875467665493,47.282788216136396,48.908253913745284,50.347184813115746,52.529913089238107,54.20554296579212,57.158283341675997,59.279829188250005
0.73058418455848595,36.907441219314933,36.793774649500847,37.098735634703189,37.181090760044754,37.563819753937423,37.731531971599907,38.337895782664418,38.83201327547431,38.901728461962193,39.660994591657072,40.057369339745492,41.058987987693399,41.628018752671778,42.760578189045191,43.577723174355924,44.8642632314004,45.892200416885316,47.328153911046684,48.955499860923737,50.396829057950526,52.582170801237226,54.260955095291138,57.217734459787607,59.343157615512609
0.73061827480413288,36.946170165669173,36.83202691283077,37.136995389591902,37.218767814338207,37.601167124230415,37.768858802039176,38.377546644303948,38.86751963198185,38.938343386631459,39.697921106126159,40.094395193271339,41.09694824134931,41.66628044238314,42.79960314463824,43.61761285783723,44.905581431463361,45.934313668869436,47.37225956376642,49.001437930390239,50.445093929767609,52.632977330125868,54.314834887161851,57.28506235871464,59.4047368215397
0.73065157265470626,36.983864063862711,36.869255961384624,37.174232232384384,37.255434237420559,37.637503492180258,37.805179239716381,38.413427434395999,38.902044520713389,38.973968900274485,39.733840696047992,40.130411791615188,41.14492066623643,41.7034927806817,42.837554627563804,43.656396607868373,44.945755624677986,45.975261771120131,47.415135340299457,49.046097259037197,50.492015860043466,52.682372407056391,54.367213401943445,57.341285789385438,59.464613413438201
0.73068409652866961,37.020555622410029,36.905493447557092,37.210470666177571,37.291115026455373,37.672863506246358,37.840521940495819,38.44832704635337,38.935623155441135,39.008625318761915,39.768785669934005,40.165442315861583,41.180850179400295,41.739683943334967,42.874454814940691,43.694102858193219,44.984824371058494,46.015075982548296,47.456826182082295,49.063251341693103,50.537643529474735,52.730399706400931,54.418148030526936,57.395946878939867,59.522844806313515
0.73071586441636738,37.05627265619114,36.940757743082941,37.245738293975592,37.325833984650671,37.707267337478697,37.87490778695792,38.482279241085052,38.977165834978223,39.042340055573732,39.802779701538384,40.193811727687716,41.21579409064725,41.774881707970053,42.910341855604202,43.73076685378328,45.022809029556811,46.053787410724908,47.497358865570277,49.105473678093404,50.582016642205417,52.777099394239485,54.467675273306668,57.449103550985456,59.579474641941488
0.73074689388997538,37.091035769786686,36.975077510811388,37.280070729553699,37.359620255418122,37.740750616416335,37.908376685343683,38.515302349813282,39.008926761802286,39.075147067196667,39.835848952643573,40.227066790219396,41.249788559507579,41.809119155164808,42.945248837117106,43.771326929796487,45.059752793982625,46.091435596346855,47.536773735657334,49.146532860584557,50.625153346918523,52.82251247856766,54.515843909233809,57.500799563713372,59.634542000479996
0.73077720211322106,37.124878986738622,37.008490296080709,37.313481193035841,37.392507263924927,37.7733399188146,37.940951460041106,38.547433495055884,39.039816013071686,39.107069061137736,39.868029092438519,40.259427148848772,41.282858381513506,41.842420224100351,42.979198174085468,43.806002248078585,45.095679188147187,46.128046198748052,47.575096401851624,49.186452236957848,50.667112226597965,52.866672768257558,54.562679798342288,57.55107494443655,59.688101343810558
0.73080680585087754,37.157819587271661,37.04101303499192,37.346006369683892,37.424514551647007,37.805047255475074,37.972649663221091,38.57868810556829,39.069860626943409,39.138129258994013,39.899335794616491,40.290904951281846,41.315033433958888,41.874816506169736,43.012217210140079,43.839723740238696,45.130622025579214,46.163646777626127,47.612368365284055,49.225274565164,50.707915712147951,52.909617178142071,54.598545694723725,57.599968020804226,59.740194962359965
0.73083572147803688,37.189901942852885,37.072669924236834,37.377670381218195,37.455669843126088,37.83591565862298,38.003503858111799,38.609098897781223,39.099088187795132,39.168355354573578,39.92980116372928,40.333989079110324,41.346333258785307,41.906324924901128,43.044338932726532,43.872524478472769,45.164611903019249,46.198274085298181,47.648621804546565,49.263036188203841,50.747605233453214,52.951386991888285,54.642852747812867,57.647530922666192,59.790863706730306
0.73086396498916784,37.221119566354901,37.103485189378262,37.408490632195026,37.48598701832816,37.865958287380636,38.033540536649525,38.638695501722395,39.127517067827284,39.197775441687554,39.9594472409226,40.363783912733197,41.376787483226508,41.936984308529645,43.075585552956909,43.904417240526527,45.197668065316975,46.231951116584241,47.687139716930687,49.299763573799282,50.786203790456057,52.992011645808816,54.685935504734516,57.693792998790741,59.840147807262838
0.73089155200696299,37.251522504724562,37.133491886314005,37.438504704739898,37.515508356038481,37.895201264414936,38.062776261474937,38.667486337479204,39.155173430684954,39.226404709275812,39.98829599050805,40.392776075750589,41.406422507017851,41.966810420155525,43.105984391644597,43.935448217671365,45.22982650436461,46.264710517600179,47.721398214809597,49.335483952891082,50.823750050738454,53.031526383012533,54.727849542163312,57.738790866918862,59.888092787005007
0.73091849779098061,37.281124695204198,37.162699897307903,37.467716209124774,37.544238212518394,37.923666579183191,38.091230769176036,38.695503003429621,39.182081709615886,39.254266098607332,40.016368690878153,40.420988947618753,41.435262789018452,41.995833348948509,43.135556437075138,43.965637400280684,45.261114420834929,46.296575229614973,47.754727120045573,49.370234178379178,50.860274575650692,53.069968482479453,54.768617955967784,57.782565416768193,59.934733600355685
0.73094481724608495,37.309943973552436,37.191142693627626,37.496159228961915,37.572213741485029,37.951377118937671,38.11894022161141,38.722772933542728,39.208259283564985,39.281391236931086,40.043695107102394,40.448448125272989,41.463327282574028,42.024069515056908,43.166482058819383,43.995001222006977,45.291547654662281,46.327578637283295,47.787146764807403,49.404037640895694,50.895807231776416,53.107357550412416,54.80827833712101,57.825149317272007,59.980111001990736
0.73097052493069092,37.338011347223073,37.218832165468484,37.52385460305959,37.599445679690689,37.978352601639926,38.137053785845637,38.749310665763915,39.233732303138822,39.307791270315647,40.070289776194841,40.475171396974474,41.490635327529162,42.051549297757447,43.194518045987934,44.023572732694447,45.321161495521665,46.357741593848914,47.818683851975948,49.436919978819788,50.930373647250235,53.143735912628472,54.846868652850389,57.866581603884697,60.024259742349386
0.73099563506481746,37.365345879923552,37.245797987561673,37.55082193063572,37.625958435237408,38.004618169274181,38.163352532312274,38.775135852396488,39.258518559858203,39.333485275972635,40.096175703685731,40.501175479963422,41.517214898020029,42.078285732772201,43.221800735685974,44.051381767727435,45.349975865334272,46.387078635394573,47.849363667890429,49.468917524442077,50.964009271934628,53.165855594910681,54.884407789446414,57.906891506165266,60.067222594283521
0.73102016153795224,37.391958499792963,37.272054672241211,37.577079408336431,37.651776627637446,38.030190102756023,38.188960357103497,38.800273133907467,39.282632966525853,39.358500877860934,40.12598150363192,40.526493429671973,41.543084360193461,42.104310188442469,43.248346676584333,44.078426207881421,45.378008023835719,46.415626717265695,47.87921694945544,49.500045805238187,50.996735758148134,53.200313966721296,54.920935441739857,57.946119168773293,60.109019716270268
0.73104411791673563,37.417876622639596,37.297622453421354,37.602650095243007,37.676913678646088,38.055086462758482,38.213890891522169,38.824743675533682,39.306106016039848,39.382858124561608,40.15051924623549,40.551133283413947,41.568268938921392,42.129639101214707,43.274180956184864,44.104746902827173,45.405292290728539,46.443403066135943,47.908261714503169,49.53032793616876,51.028578851372004,53.233846790157259,54.956483623944223,57.984296215698123,60.149691459722817
0.73106751745246401,37.443127273581922,37.322525748983026,37.627553128637373,37.701388159301132,38.079327733721584,38.238172072917223,38.848563035484403,39.328944594599307,39.406566168647259,40.174404672347009,40.575120073743165,41.592778833582997,42.154288259800524,43.299322495702654,44.130364634096622,45.431843767408282,46.471966376993805,47.93652835348621,49.559801932424307,51.059570000506938,53.266470914706588,54.991072143428028,58.021436532959342,60.189279086887836
0.73109037308842029,37.467713034711778,37.346771121490747,37.651809215545654,37.725225227419287,38.102937126532197,38.261810903437436,38.871749884448946,39.351175310090184,39.42965111322701,40.19765881029889,40.598468905780464,41.61664156569168,42.178283050190657,43.323790897615254,44.155295414850116,45.457682074513286,46.498289089184254,47.964030080009252,49.58848384860903,51.089721425436437,53.298216414637864,55.024739575572312,58.057585122995079,60.227798657491803
0.73111269746703333,37.491658734157681,37.370389950927347,37.67543122312054,37.748437287285924,38.125924486666918,38.284836424980313,38.894323903601617,39.372818791307509,39.45213366812095,40.220297919586301,40.62120154639706,41.639872023835778,42.201642470899969,43.347610944882035,44.179553745314479,45.482833184767514,46.523903571534902,47.99079501722008,49.616392615251243,51.119075115770102,53.329120251350105,55.057498507201672,58.092768281698227,60.238788235001266
0.73113450293687066,37.514991642907262,37.393397489096969,37.698435903526843,37.771043366752565,38.148314891383052,38.307260978966951,38.91630103206262,39.393882082309574,39.474019822198898,40.242346774786711,40.64333545230329,41.662483069114387,42.238702214788646,43.370799970813096,44.203171981498599,45.507308786734939,46.54883100092411,48.016844460740685,49.643560932949185,51.147636485286057,53.359191754832864,55.089386137202382,58.127005607821047,60.275269937701523
0.73115580155946902,37.594580121804029,37.415802644565701,37.720845479052514,37.793061518575996,38.170119547750801,38.329100438859314,38.937698955181986,39.414385509677231,39.495335766579956,40.263814377598464,40.664884558413178,41.684504211414605,42.260833613574505,43.393368253484368,44.226156528107822,45.531134238000959,46.573101980611682,48.042195226531476,49.669998780824244,51.175440824590623,53.388461651280522,55.12041936814785,58.160336812026799,60.310776836238801
0.73117660511600679,37.616671036463231,37.437628306914121,37.742671524174511,37.814503150526434,38.191348280757666,38.350373439956456,38.958533854689449,39.434344114735723,39.516097310464829,40.284711858723313,40.685866503044963,41.705945149995387,42.282382319681346,43.415343012195081,44.24853119906038,45.554326123092324,46.59671675786376,48.06688123382628,49.69573422614485,51.200819944962859,53.416953320614994,55.150626705028117,58.19277760758996,60.345349179580808
0.73119692511381973,37.638195316772908,37.406098749022931,37.76393811032176,37.835389117244631,38.212034404277802,38.371093307156116,38.978821575641632,39.453783633187413,39.536315313074738,40.305068676825613,40.706299085635692,41.726817009504884,42.303355551324785,43.436732651665807,44.270314257126302,45.57690850365907,46.619713091757149,48.090896766167134,49.720786031335592,51.227130439132452,53.444690738804638,55.180035043507814,58.224360170774162,60.37900208029896
0.73121677279276664,37.659161387011409,37.426882817875594,37.784649949520826,37.855737169273198,38.232179472222924,38.391273182351142,38.998576151672751,39.472709978464991,39.566801385488361,40.324889093637466,40.726197387091815,41.747145479544997,42.323785158805549,43.457567726727575,44.291518280748278,45.598890343215317,46.642093689180911,48.114278023596853,49.745177459903061,51.25274068582803,53.471684085205197,55.208668583072722,58.255102269351482,60.411767659708858
0.73123615913144691,37.679582244250923,37.447130526881665,37.823197137564421,37.875556183513254,38.251805634237826,38.410933603998274,39.017816361505538,39.491136284079403,39.585955247282982,40.344197376165539,40.745572334621102,41.766944021452218,42.343672821298242,43.439328282605857,44.312168074771762,45.620287977159023,46.663889018353075,48.137044536415488,49.768912987783551,51.277680108323693,53.497973146848381,55.236535829491913,58.285037754103541,60.443659598007798
0.73125509485327256,37.699480747804046,37.466859926469624,37.84288168605417,37.89486243436113,38.270924957934767,38.43008144851774,39.036552532576025,39.50908052874729,39.604611969552934,40.36299957241863,40.76444336771965,41.786220867652446,42.363040635362267,43.459172517992556,44.332269750069827,45.646241663489491,46.68509916216135,48.159202384762466,49.792026920244098,51.301955561153591,53.523556689731777,55.263674638234079,58.314180119894445,60.47471996024251
0.73127359043240037,37.718869663774967,37.486085112206638,37.862066119443625,37.913668488617986,38.289546384010464,38.448739123996347,39.054799322970212,39.526556806638837,39.622782982885838,40.381313915830106,40.782823959365487,41.804997318424284,42.381899528205395,43.478501593694091,44.351842518430203,45.666532188653946,46.705756349954754,48.180780734866858,49.81453472841531,51.325595592148602,53.548475752584636,55.290092213079333,58.342560708522797,60.504954935051501
0.73129165609952529,37.737760831601918,37.504810037091374,37.880751902703196,37.93199478648603,38.307691215071827,38.466920407954603,39.072572553995997,39.543573392555118,39.640485564712435,40.399152099620551,40.8007234018296,41.823288336861879,42.400257791858166,43.497323099523783,44.370909234974533,45.686288119293749,46.725870449095964,48.201788420788944,49.836447210982442,51.348611204884946,53.572733108885586,55.315822101198137,58.373303938657045,60.534401416778564
0.73130930184753973,37.756168960593641,37.523059397935867,37.898964395746589,37.949851428158581,38.325364237651229,38.484628384001553,39.089886370114982,39.560143855400383,39.657731683924794,40.416529831010848,40.818160272669047,41.841099314391613,42.418138692621142,43.515652367845178,44.389464320149273,45.705530298873782,46.745458198711276,48.22225181851536,49.857779307290912,51.371027627028525,53.596357406117022,55.340867511928082,58.400222020223737,60.563083636574447
0.73132653743706055,37.774106711149216,37.540839794557542,37.916710080113262,37.967247178312391,38.342590638436377,38.501883338205516,39.106747014448047,39.57628320530057,39.674530647229403,40.433459095191211,40.835146374069154,41.865031959023327,42.435551687609404,43.533509106375277,44.407539575360715,45.724267499055713,46.764532266650349,48.242167948745191,49.878561668097973,51.392855731770396,53.619366543367505,55.365270974114537,58.42643778398633,60.590998576022685
0.7313433724018289,37.791592238470912,37.558167819865048,37.933998939115554,37.98419318581,38.359366834629327,38.518695306498557,39.123174390289932,39.592008420731872,39.690894778352231,40.449953129049391,40.85169391008094,41.881934155710042,42.452513664029539,43.550897825974971,44.425150172784925,45.742509352508932,46.783103954978287,48.261567795649171,49.89879372343421,51.414111997932196,53.641766141168773,55.389027296565473,58.451970751397312,60.618202429264784
0.73135981605398293,37.808627135120332,37.57505554612726,37.950848025269806,38.000711107626557,38.375722055789083,38.535081484355032,39.139176526106894,39.607315476983786,39.706844967789948,40.466019846498966,40.867810207884759,41.898399131838232,42.469037260860205,43.567838488146663,44.44229203928262,45.760280438233167,46.80119147663936,48.280461812391877,49.918499564751983,51.434807342477143,53.663583508692682,55.412169552408159,58.476839788258076,60.644692155532539
0.73137587748920918,37.825222486164421,37.591513948515058,37.967267161700875,38.01680413633585,38.391655300743878,38.551043441519141,39.154767401050776,39.622231633402407,39.722382118925452,40.481672456488013,40.883519017603248,41.91444112546742,42.485134288668633,43.584333108272403,44.458994484506547,45.777593604288995,46.818813221529126,48.298862627707422,49.903511201031506,51.454969263635576,53.684832170605659,55.434700841084123,58.501058704219759,60.670493902638555
0.73139156559177365,37.841400016564876,37.607553729321808,37.983270477969199,38.032490877900273,38.407181524671614,38.566607480868697,39.169954779557884,39.636758402455598,39.737521121744066,40.496924525592476,40.898815612308681,41.930068605579436,42.500813228543848,43.60041165119037,44.475257134530693,45.794457060750574,46.835972208529711,48.316784617491066,49.922214359976351,51.474608918651938,53.705529161728919,55.456653004512191,58.524650043807924,60.695622396655381
0.73140688903943607,37.857173798140138,37.623182245530188,37.998863151296973,38.04777238657698,38.422313041985035,38.581767193973064,39.184756475500762,39.663127347361296,39.752277025952935,40.511784984730184,40.913721182849258,41.945289814844728,42.516089846845716,43.616066638380289,44.491103888954967,45.81087780976668,46.852685869671404,48.334239932708442,49.940432766452432,51.493743279948831,53.72568916156888,55.478041659109294,58.547633001580834,60.720104061067104
0.73142185630824996,37.872542121913284,37.638421854935586,38.014062360394746,38.06266951141879,38.437056402210146,38.596544955391437,39.199171984568238,39.676919038407505,39.766651673708111,40.526268158107996,40.928252562414855,41.960127545520663,42.530970922671258,43.631324911024421,44.506539701949805,45.826879242435098,46.868967618327588,48.351245935074985,49.958182142116129,51.512369799427688,53.745332515798509,55.498869874514639,58.570016980171204,60.743948000483215
0.73143647567725134,37.887529398314655,37.653270587790757,38.028882250189781,38.077188010327518,38.451430656015873,38.610949873458594,39.213226420339197,39.69035005941987,39.780662132892758,40.540378782898188,40.942403789144009,41.974580332171172,42.545467316638678,43.646192695945501,44.52157895360142,45.785640795249492,46.884833302814513,48.367810680530965,49.975470621138811,51.530523912981153,53.764461975544691,55.519162110053003,58.591827047988772,60.767186407931149
0.73145075523303749,37.902131752111018,37.667750808410347,38.043316235300153,38.091340703889728,38.465437177568674,38.624984240625054,39.226916627958417,39.703436935786158,39.794315840117633,40.554133461322635,40.956197096500546,41.988668357487768,42.559598241467029,43.660672403872013,44.529920837376267,45.800796325784177,46.900281775277108,48.38394439779222,49.992308815009892,51.54820747859776,53.783098279498518,55.538930275477469,58.613075697794557,60.789818724617362
0.73146470287424104,37.916366666089743,37.681858867406845,38.057394796516746,38.105136452242732,38.479090739972889,38.638667228166014,39.240258939098567,39.716189759783447,39.807621498126537,40.567537616938353,40.969636123161763,42.002394666429609,42.573369601741433,43.674783064983785,44.544176791794598,45.815562720410526,46.915341684129089,48.399668875150383,50.008724192157388,51.5654372330755,53.80125436000526,55.558192200958729,58.633773243054748,60.811874745413661
0.73147832631589815,37.930245320312679,37.695613419171423,38.071115099359304,38.118577642831951,38.492395498324186,38.65200781263411,39.253261149395257,39.72860998660326,39.820590706076473,40.580598373897374,40.982730955351144,42.015773382969201,42.586777234915644,43.688538298942149,44.558068971149623,45.829948926344514,46.930007800459862,48.414985734969378,50.024710344150662,51.561502726748586,53.818943333812058,55.576958407647908,58.653945851139724,60.833358265459538
0.73149163309371634,37.943776312749833,37.709026172757149,38.084492282476276,38.131685039494187,38.505366574972868,38.665006301365793,39.265933104325086,39.740716755390167,39.833230676595122,40.593329830560833,40.995496781542897,42.028811345808208,42.599853643681854,43.701939292252064,44.571609975304455,45.843965680804104,46.944304402917624,48.4299071803689,50.040287989191711,51.577854461967945,53.836190636269748,55.576196918264031,58.67358895111829,60.854298985563219
0.731504630568243,37.956964531447738,37.722098521422595,38.097529780585319,38.144463331438601,38.518010396510363,38.677682011388242,39.278285725042224,39.75251489225775,39.845551126636565,40.605735156685114,41.007944263983518,42.041514811571687,42.612594874110073,43.714997441973537,44.584796153474599,45.857622765470296,46.958231243304908,48.444450743496418,50.055462873540819,51.59378041792661,53.852976506575942,55.594006415456533,58.692741506733,60.874694909900427
0.73151732592893648,37.969828063622117,37.734845698811114,38.110240959562361,38.156912432052195,38.530339061282575,38.690036244224757,39.290314155630767,39.764013715088367,39.857563188765198,40.617830528412014,41.020066895522177,42.053900581318885,42.625007212162018,43.727724581956863,44.597653342410922,45.870934223290533,46.971800193190575,48.458613705821335,50.070251347497106,51.60930376406759,53.869348743930459,55.611362474039197,58.711400974541903,60.894579498097301
0.73152972619814327,37.982369366101921,37.747277112212032,38.122636383399367,38.169055842794478,38.542356561869383,38.702078902162611,39.302051078528166,39.775216134730726,39.869272256735712,40.629620112478733,41.04163600737229,42.065973092336208,42.637109745759517,43.740127585362643,44.610175589565188,45.883904099930078,46.985022368375212,48.472423508763313,50.08466400206089,51.624430751428008,53.885292566381395,55.628278334625065,58.729587847366929,60.913952632807195
0.73154183823498198,37.99458624003455,37.759392062667757,38.134721705224365,38.180893760640174,38.554077994544059,38.713822902180254,39.313489412423223,39.786139112897217,39.88068566378206,40.641110192984343,41.053147118538618,42.077741154935211,42.648905870039016,43.752218462526798,44.622387521900237,45.896547354292125,46.997909057419747,48.485879777930677,50.098707547411323,51.639172318391502,53.900838728994131,55.644758014939725,58.747308081947267,60.932836338877678
0.73155366873913763,38.006509548053145,37.771204409655184,38.146497505251318,38.192435147240758,38.56549568567425,38.72527215257287,39.324635092634708,39.796783817466348,39.891809160355479,40.652317327912897,41.064371846616268,42.089209156576544,42.660400812514126,43.764001130126417,44.634283411316574,45.908865570090711,47.010471222456545,48.498991008847952,50.112397626042366,51.653538025915623,53.915986240841448,55.660813882015646,58.764583247713745,60.951233996078372
0.73156522425456749,38.018127179704607,37.782720986288041,38.157985454890877,38.203684938140213,38.57663101516664,38.736433530692011,39.335501805413514,39.807156992610544,39.902657312806696,40.663233742117882,41.075306409969926,42.100389378145337,42.671610215678811,43.775474632158875,44.645876713562757,45.92087689274922,47.022714196704328,48.507388660684228,50.125734802335501,51.667537611909211,53.930746119469404,55.676471647806466,58.781411401927471,60.969170525670052
0.73157651117312095,38.029460043180734,37.793955881148577,38.169186307583004,38.214656830299646,38.587489841971546,38.747317621018738,39.346094958949834,39.817271704785526,39.913233187049627,40.673882607370615,41.085975007619709,42.111289094667882,42.682532471138984,43.786665132734925,44.657188415061682,45.932583883404732,47.034641595091671,48.519843974150717,50.138734697364271,51.681183244101703,53.945131556130946,55.691730346530676,58.797823095694184,60.986650760285556
0.73158753573807478,38.040514859836549,37.804913647007197,38.180109437089413,38.225355208385736,38.598076289519668,38.757931906729937,39.356427768711001,39.827133324928582,39.923547056037933,40.68426247080788,41.096367314923555,42.121916704811156,42.693179657682776,43.797577582765371,44.668196192011237,45.943988518789411,47.046272120904177,48.531972377561033,50.151410307735205,51.694485531188548,53.959151698276401,55.706599390134215,58.813809082843363,61.003691973164678
0.73159830404758674,38.051290959585458,37.815592211205512,38.190759461838752,38.235786355100572,38.608398409094661,38.76828110171482,39.366494565270841,39.836740273050964,39.933597774710506,40.694383163005114,41.106503958813846,42.132276066578925,42.703563216608018,43.808210393413901,44.678936201147735,45.955112253781408,47.05760963447392,48.543802394531667,50.163763300515711,51.707451921887696,53.972827149555087,55.721096402965486,58.82940143160522,61.020302529446781
0.7316088220580691,38.061802223324776,37.826007754541934,38.20114354416728,38.245959986932576,38.618469218723476,38.778373268432915,39.376309278886765,39.846107835881412,39.943399756215513,40.704251668881625,41.116381306666881,42.142376671079546,42.713684918358922,43.818578322418034,44.689404393080622,45.965953679289669,47.068656121846288,48.555326194502413,50.17580543179065,51.720092785544693,53.98614617716521,55.735230692662299,58.84459453355521,61.036491606384516
0.73161909558748262,38.07205439498648,37.836164875421673,38.211272935383022,38.255879979580641,38.628285993356258,38.788212398532778,39.385886166244745,39.855242248158902,39.952959569636732,40.713872233405709,41.126016873400658,42.152225281577557,42.72355241002515,43.828687908127904,44.699609281029552,45.976522849872708,47.079429033678025,48.566565302200615,50.187541894614697,51.732410633005202,53.999136505648494,55.749004314653575,58.859408762305975,61.052278841845691
0.73162913031855548,38.082046205177903,37.846073613036424,38.221149022225291,38.265551631804556,38.637857418972999,38.797811971046031,39.395216081757098,39.864146499428898,39.962281437125057,40.72325271461159,41.135413689073175,42.161823277827352,42.733172418083996,43.83854174381122,44.709560772404075,45.986826204229146,47.089930443558842,48.57752061355859,50.198986779898405,51.744421546347439,54.011796169914305,55.762434858828783,58.873851262964308,61.067670777440071
0.73163893180192596,38.091795867308974,37.855736961122602,38.230784184765071,38.274986475240439,38.696558841038495,38.807169381063432,39.404319474473596,39.872829149942845,39.971368624828756,40.732403469271958,41.144572645891458,42.171187890693545,42.742550197057426,43.845434541348368,44.71925644762814,45.996872968506068,47.100164465606213,48.588200743310153,50.210138285532594,51.756126713939011,54.024141611531377,55.775527120567858,58.887931294739246,61.082669128663838
0.73164850545921345,38.101304297801107,37.865158496890217,38.240175935439765,38.28418899839744,38.70570085849613,38.816295162308961,39.413190327584743,39.881296147126704,39.98023003898561,40.741326876915991,41.153505847789347,42.180315437261015,42.751697367988527,43.854809086769819,44.728713777381927,46.00666239624843,47.110146678518504,48.598618208430707,50.221013939008117,51.767552074044943,54.036176078021526,55.788287867791951,58.901647842489183,61.097294356673956
0.73165785658601667,38.110580891370773,37.874350665602833,38.249342810828239,38.293163993395865,38.714621126651764,38.825200853403658,39.421841142233461,39.889546723105013,39.988874066155404,40.794555402360857,41.162217617966235,42.189217349980026,42.760612157173455,43.863951245788485,44.737934645265341,46.016210759989917,47.119873800780624,48.608762172982097,50.231615883298218,51.778675124049187,54.047908157110214,55.800734965130687,58.915028259158134,61.111555384472013
0.73166699035484339,38.119626313913614,37.88331438601017,38.258279732428491,38.301914137322456,38.723317194730043,38.833880848716944,39.430280786473304,39.897594662383199,39.997304557822645,40.80303655192256,41.170716254040599,42.197896210942417,42.769309573341161,43.872865330427885,44.74692427366972,46.025524733122438,47.12936219247058,48.618657613173127,50.241953246295452,51.78953027818352,54.059347613714635,55.812863851897418,58.92808145377785,61.125453311018646
0.73167591181797142,38.128450158983469,37.892061488237232,38.266999159473926,38.310450780205429,38.731799287255853,38.842354825232178,39.438509437721223,39.905439297668636,40.005532598122954,40.811304070521146,41.178993644192815,42.206364378798753,42.777790616732091,43.88155572116375,44.755688666366041,46.034599111881107,47.138615684118122,48.628312814049423,50.252035325393081,51.800107322633266,54.06315827742219,55.824697446078062,58.940801691263914,61.139010823331773
0.73168462591024319,38.137059129308909,37.90058978786692,38.27549904352054,38.31877579446882,38.740068539045751,38.850612496957183,39.446536613628268,39.913095372263342,40.013546500820667,40.819368570111692,41.187071880325675,42.214621253311634,42.786059795878828,43.890031211078167,44.764238093979657,46.043450572062284,47.147635493893176,48.637715120799839,50.261859533376992,51.810426168143749,54.074028400704265,55.836234731599689,58.953204410150647,61.152234816923738
0.73169313745179532,38.145454832818359,37.908909671008587,38.283796616829932,38.326897323597223,38.74814016930759,38.858672576956451,39.454361359123141,39.920557480305433,40.021367117296904,40.82723475759849,41.194954057224095,42.222669325303286,42.794122301973403,43.898298650048673,44.772569588385522,46.052084072958678,47.156430275179446,48.646894822828472,50.271449414081872,51.82048144005239,54.084637530148029,55.847483886405826,58.96530700288713,61.165127697400749
0.73170145115072505,38.15364433825016,37.917027917224914,38.291885945480317,38.334819311276078,38.756008536089212,38.866526590660214,39.461992914322764,39.927834208589047,40.028995214961469,40.834912561811507,41.202637523412704,42.230524098966271,42.801988824736327,43.906356956809759,44.780700635630637,46.060502756386995,47.165005454793572,48.655838095583022,50.280792356468737,51.830293929204345,54.094974289648235,55.858455217443407,58.977103467099369,61.177692985162139
0.73170957160569461,38.16163566429168,37.924947809893638,38.299775637686253,38.342545709572732,38.76368823973462,38.874192356597632,39.469439075794071,39.93493162188679,40.036433897912502,40.842394782230258,41.210132255218923,42.238183612469584,42.809656397439539,43.914219757076353,44.788622764404863,46.068712383043021,47.173369153868407,48.664564647711813,50.289899817667902,51.839859576895833,54.105059224180877,55.869146593846381,58.98861725628376,61.189956885762513
0.7317175033084744,38.169430421665311,37.93267082516104,38.307474608067423,38.35008371854201,38.771176575683057,38.881674331147224,39.476702034473419,39.941851927433163,40.043693700339645,40.851474536117166,41.217443461064249,42.245653098914772,42.817135487217456,43.921887983568013,44.796359070576727,46.076717170421034,47.181524923071265,48.673071274533868,50.298786086961627,51.849191594868898,54.114889204502106,55.879577681422234,58.999831265769899,61.201905974186957
0.73172525064642824,38.177035755012184,37.940208595246077,38.314984328579158,38.357440215069801,38.778483232483268,38.88896618783474,39.483781850896776,39.948603502474725,40.050769266206771,40.858615731820464,41.224573682062328,42.252939279191196,42.824431712273508,43.92936516366899,44.803895849734545,46.084528400097042,47.189479912631214,48.681368080899119,50.307457195594907,51.858286755159497,54.124478093348444,55.889756415039301,59.010775877162814,61.213563048280776
0.7317328179049396,38.184450501576066,37.947557039093226,38.322313160635531,38.364606959279627,38.785608030389994,38.896088040433824,39.490690804086626,39.955187502782792,40.05767917400226,40.865572308655828,41.231528783682734,42.260049058124423,42.831546181347221,43.936658055055887,44.811247788835317,46.092141991946846,47.197238323278725,48.689458166249096,50.315907971002162,51.867162700742483,54.13383677508682,55.899672341533005,59.021447558887303,61.224938505329192
0.73174020926978245,38.191688481718302,37.954730287659913,38.3294642213732,38.371613909490407,38.792560675181448,38.903027036227286,39.497430495452136,39.961610563099384,40.064412248786539,40.872360143344849,41.238315833266824,42.266980004962534,42.838493964634836,43.943773442413658,44.818416711874306,46.099571207538247,47.204804206266999,48.69734994135797,50.324155816808343,51.875816826708615,54.142956431023777,55.909348948858678,59.031859944574535,61.236034801229835
0.73174742882943666,38.198756420519203,37.961728876456618,38.336433853488415,38.378436661325395,38.799341603182256,38.909799088723958,39.504002451896667,39.967876165173948,40.070986959151924,40.878984276205301,41.244933110661805,42.24219186604023,42.845262544229627,43.950711456593126,44.825412379577756,46.106813071295619,47.212183700874448,48.705045886337757,50.332189785316586,51.884258386678994,54.151850054971874,55.918789961375296,59.04201291128993,61.246846437454224
0.73175448057734882,38.205639442894608,37.968559233471751,38.343239050824195,38.385095770470798,38.8059579632245,38.916409201920033,39.510414917487651,39.973984565585852,40.07739604730159,40.88544442737475,41.251387730706483,42.248743692878634,42.851867321878672,43.95748053630814,44.83223371906206,46.113878653850406,47.223662752658129,48.712556103244424,50.340037547983229,51.892487917095423,54.160528923384845,55.928001596592367,59.051906549371779,61.257399771362543
0.7317613684141423,38.212361057754606,37.975216086488217,38.349878701381385,38.391596046742052,38.812414792366326,38.922854689415544,39.516670305747539,39.979945671278983,40.08365541184321,40.891749769914895,41.257684812415391,42.255136982537806,42.858307395130396,43.964081516489387,44.83888797974214,46.120774663053453,47.230683573521674,48.719877795316279,50.347682047635317,51.900519906543195,54.168992181308568,55.936970373615623,59.061571776866913,61.267691407352686
0.73176809614977356,38.218923985958099,37.981717438902706,38.3563561164774,38.397936852183193,38.818713788408786,38.929146551527083,39.522774097509682,39.985758865717798,40.089751876424998,40.89789999043569,41.263829737436026,42.261364490259439,42.864592729602009,43.970522980205715,44.845382248517126,46.127495187800378,47.237526182085276,48.727021410129964,50.355142566375434,51.908350794576108,54.177247975952923,55.945736387744546,59.070985943078995,61.27773449011147
0.73177466750564091,38.22532675229013,37.988060247153044,38.362675044685602,38.404122314881533,38.824856697581708,38.935285276267678,39.528723974246532,39.991431111004204,40.095706645864993,40.903897516895086,41.269822485279292,42.267444595228881,42.870720196980983,43.976810168940574,44.851714670658112,46.13405498676002,47.244203483685851,48.733985813334584,50.362417643889785,51.915995324961841,54.185298441909254,55.954277907498181,59.080179614946246,61.287523524835706
0.73178108611664183,38.231564175803214,37.994248089380562,38.36884103063494,38.410159925930202,38.83084905706346,38.941273858305067,39.534534079954028,39.996964837424457,40.101513794157654,40.909749006386846,41.275670463219285,42.273376935627311,42.876703043468297,43.98293697508052,44.857890024315566,46.140454198233783,47.250717677175999,48.740780239924788,50.369519856758416,51.923449696972966,54.193151712417603,55.962612615898252,59.089148750528693,61.297073234803975
0.7317873555331843,38.237658416386694,38.00028322590515,38.374859896488488,38.416047305334359,38.836701032705605,38.947117532137781,39.5402015526779,40.002366372849792,40.107183115091175,40.915459934622049,41.281377725303173,42.279161820188165,42.882539183832705,43.98891791747883,44.863918667659163,46.146694394759834,47.257075177505612,48.747412021271884,50.376444990746677,51.930719901807606,54.200817310251296,55.970744285732508,59.097890430130064,61.306399551220238
0.73179347922315052,38.243602283298969,38.006175967399031,38.380731385201216,38.42179519450292,38.842405749019235,38.952819659840316,39.545730577781796,40.007630404550582,40.1127117741853,40.921033806167543,41.286943074315786,42.28480836795643,42.888230321463197,43.994752234779298,44.869790510740131,46.152782472781837,47.263274967670441,48.753875608555973,50.38320414815098,51.937807411886752,54.208290972746909,55.978668466210365,59.106422127224505,61.300998670049012
0.73179946057381495,38.249406828079373,38.011924447026104,38.386457392014563,38.427407576702535,38.847976419143379,38.95838168868795,39.551120306365192,40.012763913720846,40.118107002228498,40.926469875499606,41.292371651623398,42.290319927968085,42.893784918356687,44.0004434552975,44.875525615178049,46.158723535947502,47.269318935461342,48.760186286643147,50.389793353155255,51.944736098870635,54.215585625730455,55.986407186836004,59.114746687933803,61.309882995672524
0.73180530289371837,38.255069315899163,38.017535302788019,38.392049046233296,38.432875611353666,38.853412589989603,38.963814563117921,39.556385783944279,40.017777932807803,40.12336872657761,40.931772656738758,41.29767135437578,42.295692648272961,42.899201462045312,44.005997861735523,44.881118714809418,46.164519608486444,47.275222423486412,48.766341134905815,50.396216800436378,51.951477415859699,54.222699228674173,55.993956469930708,59.122870261780918,61.318539860658348
0.73181100941449728,38.260595940053463,38.023010762408376,38.397503352258354,38.438214626163244,38.858715468551964,38.969108506571501,39.561522540636361,40.022669011261314,40.12850819574669,40.936948444228619,41.302846561186016,42.300937658641487,42.904491792898625,44.01141761848703,44.886579044163227,46.170171393547207,47.280973174609244,48.772344596683979,50.40249302983284,51.95806363876909,54.22964015416801,56.001318535767496,59.130785964429379,61.327006737701595
0.73181658329267218,38.265985371079296,38.028352135792375,38.40282896719873,38.443429060745984,38.863887219224125,38.974279852118343,39.56653178948909,40.027442517224699,40.133523290045559,40.94199775904417,41.307887330651283,42.306055061984807,42.909647766966373,44.01670355303213,44.8919009976089,46.175687560345978,47.286591974087059,48.778202053159475,50.408607727847993,51.964492516592145,54.236413332633674,56.008502330631018,59.138514512218535,61.335254510864615
0.73182202761139326,38.271248722448945,38.033567322418094,38.408024170901626,38.448509634938091,38.868937362451106,38.979323112871498,39.571421347092837,40.032096099574119,40.138410876039416,40.946925796102732,41.312811881303787,42.311049457173795,42.914685667958111,44.021863173227757,44.897099909838289,46.181069452315569,47.292070041410625,48.783917206339538,50.414582119323313,51.970763450488448,54.243020574562252,56.015517143532634,59.146053848788142,61.343303570523858
0.73182734538214589,38.276380703784525,38.038659217767417,38.413092650938779,38.453470687381923,38.873864664230496,38.984245744068176,39.576195884495974,40.036638781893998,40.143183242995292,40.95173504576087,41.317612330894917,42.315918194130063,42.919593658763915,44.026897398289293,44.902172362897545,46.186324589885771,47.297416336834431,48.789494654163718,50.420405467972159,51.976876785978675,54.249465283937752,56.022354755550623,59.153416151180863,61.351153505034745
0.73183253954641614,38.281393466051668,38.043624020647258,38.418041973840445,38.458316571544856,38.878672034945339,38.989050520118326,39.580850768834352,40.04107321286574,40.147842589300126,40.956428621895611,41.322303148917854,42.320672397501767,42.935506361536682,44.031802836805582,44.907115494832397,46.191445545293391,47.302632768638432,48.794937055557966,50.426087458617985,51.982843634672463,54.255750247277319,56.029031050391495,59.160593183711171,61.358817374333739
0.7318376129773182,38.286289653275162,38.048467798624188,38.422867962624878,38.463040122762322,38.883366490714252,38.993740402627736,39.585389659274369,40.045397323556244,40.152388078626245,40.961007194593549,41.326872543431818,42.32531192805618,42.940175926312804,44.036598158068955,44.91194161772728,46.19644320756197,47.307721566408873,48.800243828445673,50.43163385707885,51.988668423146009,54.261890918016434,56.035538148134947,59.167592777870595,61.366297925822437
0.73184256848118345,38.291057745460421,38.053198454901576,38.42758675897494,38.467654243577272,38.887945712078363,38.998315385077149,39.589825029019266,40.042604496702552,40.156826878897846,40.965477072168142,41.331339976750314,42.329837425146252,42.944734868127853,44.0412716595456,44.916652335785329,46.201320569962263,47.31268671900034,48.805423464626074,50.437047387473285,51.994349725544453,54.267875885590911,56.041891364380717,59.174429954960942,61.37359212897718
0.7318474087991127,38.295724878553301,38.057815075386316,38.432181178126484,38.472156735602766,38.892412615939975,39.002780127339065,39.594149347394705,40.046710153110325,40.161155092995614,40.96983681851998,41.335692738648504,42.334259195718914,42.949182518292218,44.045837169978768,44.921247468795627,46.206082502845675,47.317531540058553,48.810477109625936,50.442324954085052,51.999892716296017,54.273715395480394,56.048090884461999,59.181096509099007,61.380705330520868
0.7318521366084928,38.300265973433852,38.062322129029781,38.436671646311879,38.476548525504768,38.896776661742479,39.007139889057726,39.598371369298548,40.050712745636702,40.165378195233643,40.974093595054001,41.339943547733128,42.338565554469824,42.953520055860281,44.050288693979383,44.925730506423861,46.210726239718497,47.322258497588336,48.815411664545536,50.447477905079722,52.005304012447596,54.279415711760521,56.054137207567692,59.187606174498796,61.387655691243708
0.73185675452447696,38.304700021166354,38.066717428155243,38.441055847331882,38.480835462454706,38.901032173074782,39.011398366652429,39.60249133175239,40.054626590106636,40.169507135171443,40.978246179874986,41.344090757891536,42.342776460107416,42.957760082092136,44.054636512883008,44.9301070808433,46.215258293319494,47.326872315257788,48.820222724229097,50.452502941712737,52.010583401657641,54.284983583725989,56.060043374076486,59.193959323689342,61.394431754946709
0.73186126510143179,38.309035902842879,38.071010869927704,38.445328508969396,38.485022024717182,38.90518473694101,39.015545359347016,39.606512624770403,40.058445757720619,40.173524900339544,40.982300799805671,41.348141877911985,42.346880861092359,42.961889138445258,44.058877007104456,44.934379431884736,46.219685989897698,47.331377557478845,48.824916631914675,50.457411030307412,52.015732963569462,54.290414019487798,56.065798658877611,59.200157719664276,61.401050288230181
0.73186567083435017,38.313263593707234,38.075202971231192,38.449501594528556,38.489102116320282,38.909245843067765,39.019598755519837,39.610440760385245,40.06216129893437,40.177450272720307,40.9862568276003,41.352092806249857,42.350893700495362,42.965922642033547,44.063013880047947,44.938543430995196,46.223999249283224,47.335769223049283,48.829498062841594,50.4621975235641,52.020762746222317,54.29571030382067,56.071423932909966,59.206198863685131,61.407505757175386
0.73186997416023125,38.317387293558568,38.079288810957223,38.453577707987279,38.493089376948774,38.913199835922569,39.023552389349788,39.614268875215203,40.065793769899756,40.181283303536475,40.990117835812271,41.355949583463371,42.35479896934703,42.969860950950533,44.067053792998195,44.942611459176987,46.228215329814702,47.34005603659898,48.833972017280757,50.4668721081689,52.033663329668343,54.300878284499049,56.076907246373594,59.212105276063085,61.413804200477898
0.73187417745942829,38.321417974773794,38.083278748672456,38.457553052343428,38.496985614765435,38.917062411084771,39.02741195820272,39.61800731997937,40.069340114016086,40.185029870364815,40.993889694102108,41.359712181147188,42.358612366952002,42.973700500559062,44.071000370662659,44.946577524766326,46.232325037010014,47.344240507110953,48.838339877314866,50.47143080085516,52.038451519794762,54.30593107175082,56.082266133278608,59.217863202095032,61.419952288269997
0.73187828305696567,38.325346244499087,38.087178456131369,38.461436101235449,38.500778738409281,38.92083203420043,39.031179800629616,39.62165196146816,40.072799354791641,40.188676996156573,40.997563703451306,41.363384514581412,42.362340813502669,42.977448808494955,44.074841381516308,44.950456944759935,46.236335037276149,47.348321418277919,48.842595929279923,50.475878043100238,52.043123481795192,54.310845632106066,56.087483679875731,59.2234799079597,61.425949213095009
0.73188229322382481,38.329185091890395,38.090977989602834,38.465220449492335,38.504484290722758,38.924511960241944,39.034858657978475,39.625215867999941,40.076181800104678,40.192245196085423,41.00115543557331,41.36696925573051,42.365973324514925,42.981109858956188,44.078597096260637,44.954232744406909,46.240252954419702,47.352312550880015,48.846756032668054,50.480221163481474,52.047683333978057,54.315655319951475,56.092584751546383,59.228965917602181,61.431805004365742
0.73188621017820044,38.332936029881239,38.094689168501645,38.468917674385011,38.508101338986307,38.928103991784155,39.038446109741926,39.628690747544169,40.079475942533463,40.195723110344261,41.004659748636186,41.370469633489847,42.369522297754884,42.984680596739054,44.082261468283832,44.957924891263247,46.244074295740575,47.356196575798094,48.850812884047627,50.484457508660853,52.052133543416858,54.32033781055361,56.097561223432422,59.234319925308228,61.437522144988179
0.7318900360867272,38.336588577367365,38.09831626759842,38.472529537510127,38.511637743096799,38.931610435247421,39.041954000480473,39.632082564290613,40.082693624310195,40.199116021860391,41.008080140687525,41.373885189183056,42.372985932510346,42.988165542948991,44.085838878527284,44.961520302575082,46.247801264747977,47.359991852194071,48.854766989126801,50.488593500107527,52.056473789736629,54.324914525263011,56.102413222193718,59.239541737362742,61.443100326694548
0.7318937730656786,38.340160884894431,38.101853070314974,38.476053156424314,38.515080850571394,38.935035087633878,39.045372324995697,39.635392182972282,40.08583684079349,40.202428018208593,41.011415297631174,41.377218271140009,42.376370198093355,42.991566406097263,44.089333603158593,44.965036433190107,46.251441515982151,47.363698376342654,48.858633529394865,50.492630016058683,52.060712870210409,54.32938292529434,56.107155158184469,59.244644483551383,61.448535832576454
0.73189742318213735,38.343641173094511,38.105302636977285,38.479489288758487,38.518449137918651,38.938377188052982,39.048714872449636,39.638622604310513,40.088897550012916,40.205665685702115,41.014677596278489,41.380471895448864,42.37966592842713,42.994886974804103,44.092736949212849,44.968465005047619,46.254993946757168,47.36731596197933,48.862409666180611,50.496567534282804,52.064854796975851,54.333742408081889,56.111781761050224,59.249618247151375,61.453852529637516
0.73190098845513896,38.347045061178505,38.108676888048649,38.482852465938777,38.521733625326306,38.941638547927141,39.05197298200801,39.641778125893325,40.091888613533229,40.208823495078832,41.017855943180621,41.383650079835206,42.382889447268099,42.998129657004029,44.096062902826816,44.971817602403462,46.258467396721244,47.370842692442238,48.866084513254464,50.500415439717472,52.068888359703124,54.337996203452349,56.116299572400749,59.25447644572705,61.459038206376135
0.731904470856788,38.350365690421313,38.111965038813651,38.486127980984747,38.524943347554654,38.944822372402996,39.055152474436909,39.64485729066655,40.094807998277247,40.211909733712673,41.020960570778698,41.386750345118344,42.386033954098821,43.00129537563771,44.099309863056988,44.975085304118693,46.261846014298499,47.374287625774741,48.869677375070751,50.504170556552708,52.07282717898488,54.342149684205651,56.120702987536788,59.259220525622368,61.464101569727063
0.73190787231334975,38.353606763295829,38.115177671425045,38.489325104746968,38.528073245659471,38.947925911750644,39.05826271744445,39.647862342186272,40.097658198326826,40.214919268153608,41.023988676723093,41.389773052185774,42.389099260792136,43.004379983060062,44.102476330474019,44.978270759806037,46.265152052976191,47.377648460678756,48.873179526999593,50.507828928530216,52.076675972901285,54.346200994215906,56.125005632638931,59.263847081921995,61.46904079336673
0.73191119470631505,38.356772232800722,38.118315321393311,38.49244720581919,38.531126217450947,38.950957680121064,39.06129103153944,39.650797129608691,40.100442998111248,40.225405889097601,41.026949321385473,41.392727793194354,42.392094569746405,43.007394762244076,44.105575588997453,44.981380338780582,46.268379121553153,47.380930404178798,48.876601583324373,50.511409229598939,52.080431215465069,54.350158142857254,56.12920630723238,59.268359581008554,61.47385844681412
0.73191443987344151,38.359859754797071,38.121373914647847,38.495496709831059,38.534109541215003,38.953921907115728,39.064252624288201,39.653659379575402,40.103157244622707,40.228274847380817,41.029836998321116,41.395609653554857,42.395018856972456,43.010336690116674,44.108589537907392,44.984419409185648,46.271527809090912,47.384134854190052,48.879935387521982,50.514896768145263,52.084098041988909,54.354021388106048,56.133302228525281,59.272769863717258,61.47856711037457
0.73191760960976959,38.362873282749206,38.124359004665166,38.498474151827395,38.537020585499704,38.956809471827,39.067140601575375,39.656453093979508,40.105808098334819,40.231072072871029,41.032653796020895,41.39842639490962,42.397870136424899,43.013208382762969,44.111535395495594,44.987386961001903,46.274594735354185,47.387257542461157,48.883197299204767,50.518304918892682,52.087668997235596,54.357797369360924,56.137300344184041,59.277073786593974,61.483162228018045
0.731920705668616,38.365818412508816,38.127281120978296,38.501379859633744,38.539863626938313,38.959632347337902,39.069962071254849,39.659183832351118,40.108394871000201,40.233803827315569,41.035408277064562,41.401172002777457,42.400657907128334,43.016013551037759,44.114409625530243,44.990286205895245,46.277596929576248,47.390312018804252,48.886378181166947,50.521623649634421,52.091167393140495,54.36147035472095,56.141205424442887,59.281270645558834,61.4876504316926
0.73192372976254316,38.368694550357759,38.13012582436204,38.504214712884277,38.542638261336833,38.962385546881706,39.072713876608759,39.661846414674073,40.110922285821289,40.236472867429256,41.038095570169389,41.403856897726655,42.403380631934851,43.018752080854028,44.117223494686186,44.993109758011997,46.280519358813763,47.393293256871402,48.889479740522802,50.524870757013559,52.094569521956146,54.365058059804142,56.145017462782562,59.285369689576328,61.492020772770047
0.73192668356430646,38.371501423884183,38.132905061822385,38.506984251085669,38.545347720384598,38.96507534198463,39.075405625626445,39.664449041243643,40.113386327866465,40.239080309402198,41.040718698874116,41.406474329996854,42.406032248400152,43.021421683486551,44.119958208873868,44.995865495409817,46.283376715146005,47.396196263842285,48.892510716803372,50.528042750433087,52.097901940345764,54.368566402234137,56.148735206574202,59.289373073726892,61.496295974589884
0.73192956870777992,38.374237854965031,38.135619460605085,38.509688176680356,38.547997462563217,38.967700941953808,39.07802647119388,39.609785262495279,40.115791311953217,40.241617940831929,41.043277219869196,41.409034989308566,42.408624088857323,43.024029285181314,44.122633951250464,44.998559561558068,46.286169084720314,47.399034563452005,48.895469068549573,50.531132385134697,52.101146472617984,54.371984212659299,56.152370003052056,59.293283497914672,61.500464112497866
0.73193238678885963,38.37691290769726,38.138270456809551,38.512327713891864,38.550579614005983,38.970265810843557,39.080588310956955,39.612326683942229,40.118146117776632,40.244104287587106,41.045774943660945,41.411521831527352,42.411152541637421,43.026575380004942,44.125249307602644,45.001186603680253,46.288890569470823,47.401805744506419,48.898359376005828,50.534149318933487,52.104313652031124,54.375329784117639,56.155914664268494,59.297096933238208,61.504539955407381
0.7319351393663468,38.379529886413366,38.140858731232584,38.514905597083271,38.553095277398825,38.972769577987492,39.083088912069798,39.614807262551039,40.120438135694712,40.246523967012763,41.048217067029327,41.413966932334006,42.413624476641417,43.029060108587146,44.127801839262247,45.00375376176089,46.291550390422344,47.404513113200665,48.901173684746027,50.537098868750036,52.107407486066222,54.378591943532228,56.159373918548226,59.300820215605199,61.508512018248439
0.73193782796280948,38.382073873654008,38.143382949288934,38.517423749435693,38.55555754667148,38.975209099240601,39.085531410295516,39.617230258882046,40.122674711514264,40.248891843482852,41.050596973393112,41.416340924333781,42.416034288704395,43.031484583392739,44.130286428146064,45.00626166863367,46.294146754778922,47.407152984291315,48.903925305232406,50.539972708560526,52.110435255803168,54.381770006380975,56.162755320779979,59.304454519413412,61.512395515106618
0.73194045406542529,38.384567736648023,38.145849965512753,38.519877573940903,38.557963050436229,38.97759498283267,39.087918241973966,39.619594264775515,40.124860728625208,40.251197913661599,41.052921688649803,41.41865972103551,42.418385173659772,43.033853707835078,44.13271837728098,45.008703145198524,46.296678770333529,47.409731017425656,48.906610915437341,50.542781993746758,52.113381154835224,54.384877627715468,56.166048556566238,59.308001263998449,61.516179318539798
0.73194301912680371,38.386993588414043,38.148257415741682,38.522279665339738,38.56030971230939,38.979923476930708,39.090245181694627,39.621899051126093,40.126993884798139,40.253455414436758,41.055199001915753,41.420929200947285,42.420684294309467,43.036170661915094,44.135088285896927,45.011091315653175,46.299150831997395,47.412243199534714,48.909236558713019,50.545522731728852,52.116263264790177,54.387911305762827,56.16927207633853,59.31146405171603,61.519874318502843
0.73194552456578976,38.389367260038853,38.150610184296966,38.52461562352255,38.562599499709904,38.982197949197143,39.092516303993762,39.624152304138988,40.129077306482941,40.25565520953387,41.057406910229474,41.423139972612262,42.422931700944901,43.038424927741289,44.137411111500114,45.013419626280665,46.301566455513239,47.414701788686216,48.911796198226511,50.548202675767243,52.119071268476546,54.390877598896623,56.172409541904926,59.314846811816096,61.52348617836833
0.73194797176824899,38.391682596411556,38.152902035042644,38.526907515246421,38.56483562849462,38.984416689258069,39.094735400751233,39.626354668289423,40.131109888199717,40.257804385386407,41.059573510661721,41.425301191862673,42.42512119654566,43.040631488896906,44.139669060707092,45.015696382150054,46.306151874363422,47.417099296115339,48.914293128997087,50.550812058150768,52.121811173856258,54.393762196414173,56.175481359474361,59.318149537779391,61.527013342827559
0.73195036208783337,38.393943989649415,38.1551428232342,38.529133622068912,38.567019273992628,38.986585413105786,39.096907007973641,39.628498413600028,40.133099343627691,40.259902994614094,41.061684622894973,41.427412841934711,42.427260325290263,43.04278000863269,44.141876908950508,45.017917272169143,46.308453943580389,47.419441285543144,48.916732382960618,50.553361546248198,52.124494393356144,54.396586847491562,56.178474196232855,59.321372656151652,61.530450564809144
0.73195269684673103,38.396149564068764,38.157331057824194,38.531311949715018,38.569152299314737,38.988698728848249,39.099018959328532,39.630597224924713,40.135038089938462,40.261949388775975,41.063748907763511,41.429468266665936,42.429345712065697,43.044881680980325,44.144031020347029,45.020086824893951,46.310699749737978,47.421729031950235,48.91911674849689,50.555854122154415,52.127110254950821,54.399341158568859,56.181398757733405,59.32451309915632,61.533808726817369
0.73195497733639658,38.398309437558055,38.159469241276383,38.533440478146076,38.571234037168324,38.99076707335189,39.101083151064813,39.6326411687769,40.136932406574488,40.263949961401522,41.065762158483267,41.431479557417333,42.431383394170552,43.046932332217693,44.146132831461728,45.022202690131962,46.312887800857425,47.423956722952425,48.921439561061561,50.558287097141147,52.129658568650484,54.402033894322813,56.184252331033349,59.327587906271219,61.537092331796885
0.73195720481826654,38.40041210828349,38.161551925819367,38.535520028788596,38.573261538054794,38.992781655862927,39.1031000954099,39.634643230121583,40.13877723319456,40.265904024243355,41.067727892659605,41.433444077614695,42.43337455810979,43.048936023842543,44.148190240841359,45.024271230213344,46.315030260942876,47.426136502064764,48.923711442388594,50.560655251145363,52.132158389315009,54.404657463543117,56.187039071694016,59.330587063916028,61.54028576426208
0.73195938052445619,38.402473930735141,38.163592715281993,38.537546470295638,38.575248752254993,38.994751188904047,39.105070210061967,39.636594280134887,40.140578885097057,40.267813405953348,41.069646844640374,41.4353595986031,42.435319022741169,43.050890213344246,44.150192423723638,45.026282202452421,46.31712447758764,47.428261904977262,48.925924950279295,50.562975445762277,52.134585598483682,54.407223484478891,56.189762987196445,59.333512167446315,61.543414475396276
0.73196150565844154,38.404474265407771,38.165577367413789,38.539529083296657,38.577186299022287,38.996673200745136,39.106987467035651,39.638496325816959,40.142341325990856,40.269672898110002,41.071524585131556,41.437230183277279,42.437213642522693,43.052795616909862,44.152153700124472,45.028257336467505,46.319163258187473,47.43033661134541,48.928088857792318,50.565236996859312,52.136957312934101,54.409724729135633,56.192417054437101,59.336370325647295,61.546471452340484
0.73196358139572504,38.40643681678921,38.167520686518401,38.541464123409241,38.579080803785473,38.998550926800817,39.108870178926736,39.640359776094556,40.144061209633946,40.271492883563042,41.073353157378733,41.439055264927447,42.439066160935909,43.054661488626152,44.154063724912703,45.030181715730578,46.321154048666358,47.432367671281099,48.9302046187222,50.567442868836224,52.139277137815952,54.412170560099185,56.195007294416428,59.339162838645279,61.54944627918303
0.73196560888448559,38.408350646495819,38.169415996875614,38.543348394334316,38.580922442022711,39.000381745398045,39.110700133256614,39.642174563836306,40.14573877537623,40.273262582719326,41.075140066910535,41.440843794029206,42.440874342340976,43.05648139026016,44.155933351255953,45.032060680445284,46.323092834092677,47.434344254434109,48.93226602114737,50.569603058509529,52.141542876139283,54.414552753791213,56.197543635033071,59.341887384653091,61.552353362552822
0.73196758924621397,38.410219138022512,38.171269181184471,38.545194656588137,38.582727013155818,39.002176132984459,39.112490969244391,39.643950653728098,40.147380505688488,40.274995514657348,41.07688463665545,41.442585219629109,42.442638529930264,43.058260716497898,44.157753468025476,45.033889204729348,46.324994374997914,47.436273220926523,48.934277667663991,50.571708489209414,52.143754134885967,54.416886274702847,56.200014560483396,59.344545374624431,61.55519775301218
0.73196952357633271,38.412040844094008,38.17307628877461,38.546993892174214,38.584491380024701,39.003922461066395,39.114238258916885,39.645681222435087,40.148979831021279,40.276689637918025,41.07858808292076,41.444281910546124,42.444367660675198,43.059991951100528,44.159533902071416,45.035680348519236,46.326849557459354,47.438164483755827,48.936247116886079,50.573761083185673,52.145915666595101,54.419156700372696,56.202426224946976,59.347142060287297,61.557972240261734
0.73197141294480261,38.413827991113067,38.174844203982502,38.548749821260571,38.586211476475,39.005626883357763,39.115943125914782,39.647371965926141,40.150544019881636,40.278341501019895,41.080250370316207,41.44594225846231,42.446047101635486,43.061687143519521,44.161267392337322,45.037427472416312,46.328656494617462,47.440007288008928,48.938163298182189,50.575767104513943,52.148024975322187,54.421379609033465,56.204790323972702,59.349679474718869,61.560679623857141
0.7319732583967139,38.415562769863755,38.176565089263022,38.550466460175812,38.587884848937392,39.007292177528143,39.117605873849243,39.649023454636335,40.152065835893154,40.279953493271023,41.081872286275029,41.44756765384227,42.447691976558417,43.063340940512717,44.162966430187225,45.039133938029408,46.330424676649272,47.441804501228034,48.940040058456361,50.577727407217026,52.150079008191824,54.423548729158938,56.20708633121103,59.352155733853579,61.563320181332529
0.73197506095286502,38.417261223308742,38.178248230367899,38.552143890876323,38.589525596704334,39.008922399021685,39.119238194078207,39.65063195116818,40.153558850288391,40.281528558116406,41.083459241781384,41.449147222097963,42.44929558923468,43.064951417967677,44.164623061195016,45.040799165610224,46.332153810188174,47.443565825931728,48.94186816830188,50.579641310498118,52.152084352448583,54.425660540349782,56.209332355298102,59.354569341056049,61.565898053348064
0.73197682161032684,38.418922737240791,38.179890205152333,38.553781649563462,38.591130607295781,39.010508903767914,39.120823280885816,39.652205876540393,40.155014768242836,40.283069270662963,41.085011271759868,41.450693775899708,42.450862635858357,43.066527275368571,44.166238709352911,45.042426620610058,46.333833328448236,47.445275192148983,48.943654073402286,50.581509714946151,52.154048669151962,54.427734654396772,56.211527368985116,59.356934207491577,61.568419025279582
0.731978541342994,38.42054086830467,38.181497144978493,38.555376015137881,38.592691084370017,39.012058937456459,39.122373454272747,39.653747047763318,40.156430183909833,40.284568211529404,41.086522485595196,41.452202068176121,42.452394240070134,43.068068518768996,44.167818883899599,45.044015222229064,46.335479906760156,47.446944307535887,48.945401814766228,50.583330228924751,52.155964360572398,54.429745858535171,56.213665829971433,59.359238603152335,61.570884628221393
0.73198022110212424,38.422120678704232,38.183061012532562,38.556939773261547,38.594215578399599,39.013574135024101,39.123888292815536,39.655249372124672,40.157820503227413,40.286035241093487,41.087996243499219,41.453678333666176,42.453885588329285,43.069568790029734,44.169359287247062,45.045566311571747,46.337084584869444,47.448581529781222,48.947106073610485,50.585113629698753,52.15783173404634,54.431720500811934,56.215756983496249,59.361484547145665,61.573285169899464
0.73198186181686409,38.423666443675756,38.184591682627797,38.558459687046707,38.595708588603884,39.015053072944283,39.125369058921933,39.656712391413748,40.159173004329205,40.28746747598052,41.089441005606204,41.455117956269532,42.45534551795572,43.071040688082576,44.170865716412663,45.047079930081964,46.338651389814913,47.450178175233305,48.948767202906311,50.586850761435926,52.159661324694753,54.433641915209591,56.217797835357487,59.363680290989578,61.575632833875716
0.73198346439476292,38.425174816977233,38.18608348723501,38.559949490241706,38.597160434816033,39.016498546581715,39.126815676689148,39.658140044659376,40.160494333133101,40.288866051007062,41.09084677696228,41.456522488966584,42.45676913484931,43.072468183003366,44.172338478732854,45.048557886853814,46.340180755592883,47.451738918200135,48.950392639264464,50.588550349697471,52.161440758965909,54.435517348349094,56.219797221943736,59.371024766005576,61.577915977686644
0.73198502972227519,38.426646582782269,38.187547126784921,38.56140168895945,38.598582787439227,39.017907777335495,39.128219613339752,39.659539097454399,40.161786273587495,40.290231093298644,41.092220478225499,41.457892398349941,42.45816383138299,43.073872562032193,44.173775313887745,45.050004304386675,46.341681524179876,47.453260330483317,48.951972735114396,50.590211341157556,52.163182927295566,54.43735736515373,56.221743929199874,59.373117682524025,61.580153899267316
0.7319865586652502,38.428092958405614,38.188967119902372,38.562821588478982,38.59997188905254,39.019283993169665,39.129596067592502,39.660901717375964,40.16304646525532,40.291564534418285,41.093562641181052,41.459233486559242,42.459518863353878,43.075233798474073,44.175173636991531,45.051413506735116,46.343136122450233,47.454742690548301,48.95352269988507,50.591822952963412,52.164882959797978,54.439144611358643,56.22364405170083,59.375163183547556,61.582338824868202
0.73198805206941175,38.429489394184202,38.190358435735106,38.564207016024739,38.601323793642223,39.020633791573346,39.130944301839918,39.662234171759337,40.164276534225792,40.292863877024502,41.094871406909078,41.460540740285069,42.460842397529632,43.076566446106881,44.176539592910558,45.052788557484746,46.344565729610622,47.456195180304348,48.955036073923111,50.59340534824878,52.166548081673682,54.440896545536816,56.225498970597982,59.37716216687113,61.584467820823193
0.73198951076082552,38.430859527084976,38.191724522039294,38.565559786744416,38.60265428898856,39.021942160557956,39.132255573291332,39.663536452222615,40.165479824878275,40.294136294629425,41.096154758241028,41.461816221941262,42.462142661213875,43.077871976420283,44.17788347741589,45.054135030135512,46.345956244505942,47.457614534534514,48.956511151976883,50.594950949773192,52.168160609900951,54.442599987611175,56.227311462163925,59.37910592649132,61.586552041582763
0.73199093554635597,38.43219836242497,38.193045360036194,38.56688085431233,38.603941684123129,39.023224412463605,39.133540153969079,39.664807527326047,40.166654740925878,40.295382294803858,41.097404784988612,41.463066359516233,42.463402992114425,43.079147751908749,44.179181651212275,45.055446035694331,46.347311872057617,47.4589919205755,48.957949004136026,50.596459026448429,52.169745515100658,54.444268636405468,56.229078724049032,59.381008027121425,61.58858544845134
0.73199232721411289,38.433504611253738,38.194339036475867,38.568169938400388,38.605204410851002,39.024479272775352,39.134787988848984,39.666044779121876,40.167801070958376,40.296591448131949,41.098621644079685,41.464280433021486,42.464636512100697,43.080387792084366,44.180461270269006,45.056727981660515,46.348646787926555,47.460342446342111,48.959359537810087,50.597925047390163,52.171294216066599,54.445896809920669,56.230807491578162,59.382873577065766,61.590573240071535
0.73199368653388719,38.434782921802253,38.195603476371616,38.569430791307241,38.60643687332049,39.025696176569909,39.136011031456292,39.667257252149284,40.168915405869484,40.297773416619748,41.099812557455152,41.465470270719379,42.465846694540232,43.081601270940155,44.181700042448938,45.057980506215245,46.349935276433825,47.461663420312107,48.960735167376697,50.599362189881504,52.172797176986933,54.447483803145587,56.232498902827501,59.384685398079455,61.592507491819561
0.73199501425757663,38.436032896395773,38.196839358191937,38.570662429090589,38.60763918608427,39.02689354121685,39.13720743637532,39.668439866043627,40.170008786488324,40.298928383272141,41.100976186804473,41.466635416727513,42.467021993827075,43.082782846409827,44.18291671294719,45.059203755576164,46.351205006241798,47.4629499129951,48.962073648348451,50.600764201022685,52.174276307225227,54.449041834101081,56.234145755879581,59.386456822045147,61.594400487840176
0.73199631111960206,38.437248818576336,38.198043920099735,38.571860324591398,38.60881671635434,39.02806058106944,39.138371069449931,39.669596377294511,40.17107826191932,40.300056455191225,41.10211442457512,41.46776600042358,42.468168670777231,43.083941201679409,44.184101115912199,45.060398947447538,46.352439285255969,47.464207202196121,48.963385212235153,50.602137248031795,52.175711031071842,54.450551829300821,56.235749090090394,59.388191297650337,61.59624947141856
0.73199757783731312,38.43843434844166,38.199224337935448,38.573035371024162,38.609960766509175,39.029197864700109,39.139512314461172,39.670724396593869,40.172119143884629,40.301161216571927,41.103224656078964,41.468874116893858,42.469293468166143,43.085065696388483,44.185263879597187,45.061558118555695,46.353646634146571,47.465436606667936,48.964668712578714,50.603474310599267,52.177117396146059,54.452032055705786,56.237330072559416,59.389879615977407,61.598049694672227
0.73199881511138543,38.439597792457789,38.200373575091362,38.574182423297316,38.611082497984171,39.030310171190649,39.140622405335307,39.671823740936816,40.173134385142475,40.302237059455365,41.10430916165933,41.469959399662912,42.47039069281891,43.08616857836023,44.186391487717628,45.062696658540517,46.354824570007622,47.466635945253074,48.96591329574585,50.604780278168619,52.178490511141717,54.453482439741492,56.238856791518629,59.391526957973838,61.599816988222301
0.73200002362620842,38.440729681402445,38.201500998344272,38.575301166623831,38.612175100017339,39.03139370540157,39.141709377523512,39.672902263235301,40.174127978272736,40.303287351503968,41.105364001356065,41.47101093409583,42.471460396889597,43.087250631302595,44.187496359925717,45.063806926365942,46.355974653735757,47.467806432396173,48.967130976729095,50.606058670207858,52.179827462881804,54.454894843511283,56.240354280918837,59.393138764426112,61.60153522901237
0.73200120405026303,38.441836856305599,38.20259613217786,38.576394991949201,38.613244213629514,39.032454252243042,39.142772901337594,39.673950507305562,40.175099166575819,40.304312251973897,41.106399351265281,41.472043192479759,42.472502790391445,43.08829935407266,44.188579479698092,45.064892611000687,46.357101550325751,47.468946262262762,48.968326007947326,50.607300641015172,52.181135439313948,54.456270524300635,56.241816005669534,59.394709382206202,61.60321778152138
0.7320023570364923,38.442920178640634,38.203668284229934,38.577459113672376,38.614287686999887,39.033489858265966,39.143803245853633,39.674976602196693,40.176045504864305,40.305315352510661,41.107406972907484,41.47305007930845,42.473523759283125,43.089326998218894,44.189631433226168,45.065955142490566,46.358193452470005,47.470066100358963,48.969487123191357,50.608519070781767,52.182413599453866,54.457614799961448,56.243248007260263,59.396249046549201,61.604859881103039
0.73200348322266218,38.443976837210357,38.204715090338141,38.578498691320419,38.615307274274528,39.034501891117543,39.144812916405499,39.675978838466108,40.176971015986055,40.306297286879271,41.108393944334239,41.47403548611328,42.474521795287728,43.090327916201204,44.19066042965278,45.066986884456128,46.359265993349254,47.471155175939202,48.970624200999737,50.609705643728375,52.183661760762334,54.458928659558296,56.244638505391777,59.397749851457775,61.606463991105556
0.73200458323171436,38.445007041096687,38.20573166757822,38.579517932143062,38.616302691400051,39.035489920526743,39.145802329294384,39.67695486266166,40.177875090856105,40.307251036632806,41.109355289489031,41.474998290184885,42.47549487138167,43.09130576485768,44.191664075944573,45.067995468620211,46.360310739837587,47.472219308838248,48.971736335195601,50.610867594368756,52.184882052242756,54.460211888886988,56.246003500185907,59.399213491007686,61.608021026477218
0.73200565767211079,38.446016313508153,38.206733848899603,38.580514438450336,38.617274592630565,39.036451486404985,39.14676569821313,39.677914884407073,40.178756579291075,40.308186972979456,41.110293958336115,41.475933535490185,42.476451326627284,43.092263471800834,44.192642823792994,45.068984614685178,46.361335813999176,47.473258933052421,48.972818979993463,50.61199585814029,52.186069314368069,54.461467196233571,56.24733177293092,59.400641302578151,61.609553045593202
0.7320067071381704,38.446998196654022,38.207705773878843,38.58148045418784,38.618228089530021,39.037393771111965,39.147709085606039,39.678843260742724,40.179617770016193,40.309094319120049,41.111212094314396,41.476848159451038,42.477374265436083,43.093200319446623,44.19360159849748,45.069950689561665,46.362330872565508,47.474276101216674,48.973875118419528,50.613106247968972,52.187230794690549,54.462690415792167,56.248635509982705,59.402041302062571,61.611047171987593
0.73200773221039772,38.447965423110873,38.208658170886338,38.582428891677409,38.619149355217814,39.038311432581395,39.148625086527318,39.679758179932833,40.180460431613028,40.309987433254719,41.11210672557354,41.477745050098747,42.47828107746318,43.094112038146704,44.194536806084216,45.07088439585641,46.363306229934096,47.475267778150737,48.974907190538943,50.614185027778149,52.188366980291903,54.463886182755232,56.249899165704846,59.403402318246663,61.612506908364594
0.73200873345580408,38.448893243912607,38.20958654070273,38.58335300674662,38.620054454542696,39.039211540017277,39.149526473600417,39.680646832566708,40.181283014826477,40.31085512926802,41.112984227482229,41.478616563137621,42.479167480953038,43.095000916160643,44.195454132277519,45.071806838270277,46.364257691428065,47.476232620887458,48.97591804433614,50.615237269550562,52.189471120014787,54.465052885003388,56.251136592589319,59.404739561490715,61.613926083780825
0.7320097114282208,38.449811490718275,38.210495553910732,38.584259456489235,38.620939707383513,39.040089009795338,39.150401073507965,39.681516572833061,40.182086836080998,40.311702419538051,41.113834217656404,41.479471547994763,42.480033975094557,43.09587092930451,44.196348256897181,45.072703033220023,46.365185430273414,47.477181232534349,48.976902818307281,50.616269933059812,52.19055456854403,54.466194595210254,56.252350213006139,59.406034855172038,61.61531774699688
0.73201066666860659,38.45070496480912,38.21138162445277,38.58514202805236,38.621799475047737,39.04094872623682,39.151260339189321,39.682365783024579,40.182869565673172,40.31253310944885,41.114671462215483,41.480300713330507,42.480876171961427,43.096717436332256,44.19721420481801,45.073576110880822,46.366092657670379,47.478106546215713,48.977866566739976,50.617273812182248,52.191610424779356,54.467307521961629,56.253531468100846,59.407312826253474,61.616674487479031
0.73201159970534535,38.451578891836107,38.212246741633862,38.586006950587034,38.622646593954414,39.041780194733292,39.15209565218538,39.683192385360599,40.183633298613131,40.313344513066113,41.115493284538388,41.481115853879601,42.481702916324139,43.097549868747592,44.198067326564342,45.074433606583625,46.366975613869727,47.479004210792482,48.978803120553493,50.618258213624358,52.192640526220202,54.468396875075996,56.254681685939431,59.408548839390278,61.617996744811535
0.73201251105453979,38.452432099264115,38.213092824909836,38.586845329031348,38.623470557387918,39.042600398883224,39.152911541517824,39.684003917966038,40.184381204657257,40.314134998247027,41.116287543438375,41.481910047587007,42.48250836180523,43.09835968632251,44.198896445799619,45.075271614827216,46.367842551320791,47.479885935783386,48.979718527756631,50.619217029772699,52.193648455664515,54.469452527351677,56.25580882653594,59.409759593196213,61.619295003823936
0.73201340122029612,38.453272701706737,38.21391848102212,38.587663056794554,38.624273377005011,39.043397384230047,39.153710305225104,39.684791635256261,40.185110013466328,40.314905040431768,41.117066516540945,41.482684717513621,42.483290054369718,43.099154887255281,44.199710068758577,45.076084734871984,46.368692165240645,47.480744381435215,48.980614099651575,50.620157147757709,52.194635816849768,54.470489968545735,56.256909133866429,59.41094658523798,61.62055254355073
0.7320142706950028,38.454078769311309,38.214725105557591,38.588469967246056,38.625056271441281,39.044178528245538,39.154491189867258,39.685561600141227,40.185821775346994,40.315661128144711,41.117821557447314,41.483442163560539,42.484058425761759,43.099922403693199,44.200501706451178,45.076882521156222,46.369513782672584,47.481584304012358,48.981490471400321,50.62106900382787,52.195592691190541,54.471503242850304,56.257981065660715,59.412100611254573,61.621788358315825
0.73201511995960367,38.454875137656927,38.21550907753408,38.589254018384963,38.625825505238026,39.044934975914657,39.155249886680394,39.686316251289099,40.186521501746029,40.316397295333445,41.118559350725263,41.484185618814081,42.484810230322182,43.100677422713488,44.20127320010215,45.077660817652941,46.370322028174996,47.482403332367539,48.982347814366221,50.621960556134582,52.196533526293933,54.472487074322999,56.259036815725267,59.413233275525272,61.622993185184896
0.73201594948386328,38.455649930518121,38.216278682928532,38.590018479619175,38.6265724520199,39.045681652147323,39.155994563829154,39.687052136287093,40.187198536936194,40.317118152510375,41.119284075219184,41.484905736520886,42.485541397240013,43.101412458345294,44.202029484324157,45.078421495389193,46.371105943806469,47.483207943849266,48.983181259594858,50.622837142087519,52.197448935359716,54.473455487750471,56.260059010237455,59.41433322429657,61.624171222560108
0.73201675972662672,38.45640948228538,38.217031402513385,38.590769355650991,38.627309808507562,39.046406202018261,39.156719050835818,39.687771550379694,40.187862522434443,40.317815523128957,41.119994916487485,41.485613233875483,42.486256198957562,43.102134122513235,44.20276974607259,45.079165571834892,46.371876008808613,47.483987999148667,48.983995042741299,50.623685084283352,52.198342422954738,54.474398022517562,56.261064469814301,59.415404235944152,61.62532315403223
0.73201755113607403,38.457146506290883,38.217764443252236,38.591498854570091,38.628019320778549,39.047113960143179,39.157427405007184,39.688476969487965,40.188511220738292,40.31850628554821,41.120680963620543,41.486299783457071,42.48695481242612,43.102838195394725,44.203492060769349,45.079891250003129,46.372628544457257,47.484750340692699,48.984788737259805,50.624520468525589,52.199216153472662,54.475318185985088,56.26203893776983,59.416458312422037,61.626444703899324
0.73201832414996759,38.45786942820996,38.218482975848019,38.592212543357164,38.628717459738255,39.047809147275984,39.158119882456958,39.689158997964114,40.189142340328544,40.319172516930848,41.121360242832452,41.486971399281174,42.487641108687967,43.103523667436093,44.204193315468729,45.080600315704942,46.373362814076245,47.485496113076806,48.985570755787194,50.625332209281623,52.200070642866194,54.476219954900444,56.262991922907531,59.417486271820962,61.627539317123592
0.73201907919589426,38.458578140009195,38.219179429579526,38.592907147947699,38.629397884942591,39.048482141457498,39.158799243625253,39.689828452188522,40.189761369489133,40.319833213929087,41.122018087189645,41.487632723990828,42.488305623177439,43.104192107450217,44.204882374033332,45.081285603810102,46.374076567590237,47.486226520501077,48.98633034620434,50.626123885624111,52.2009072965011,54.477098229341209,56.263925141654909,59.418484164401889,61.628611947409809
0.7320198166915024,38.459278010297567,38.290037415456027,38.593590017408133,38.630062046460807,39.049142034724355,39.159454484470189,39.690481537953019,40.190364773385227,40.320471270475537,41.122662008274347,41.488271350041032,42.488954775966704,43.104846676345915,44.205557099543512,45.081963365431875,46.374774626456201,47.486941227689385,48.98706962633878,50.626900541596115,52.201717355288565,54.477953154593706,56.264832687564194,59.41946421097964,61.629662869498134
0.73202053704473224,38.459939921740443,38.29069917043671,38.59425204526633,38.630714929662645,39.049785212613642,39.160104406997561,39.691123344469815,40.190957311540842,40.321091556921601,41.123291361611336,41.488898295443505,42.489592043217272,43.105490302667022,44.206211047712713,45.082622814457864,46.375455355271697,47.487629589624703,48.987792535685003,50.62765840254724,52.202514385804534,54.478793101385236,56.265720871277153,59.420425653457642,61.630678545683622
0.73202124065404206,38.460596387274563,38.291349152103066,38.594903424847871,38.631346724927425,39.050417762715369,39.16073230560869,39.691740978043526,40.191531681455672,40.32170187542215,41.123901451937854,41.48951500095427,42.490213365294039,43.106106752064079,44.206849622540176,45.083267330192029,46.376122346147895,47.488310496322811,48.988497737795115,50.628392581827939,52.203288244083524,54.479609697125852,56.266588806174695,59.421355969272554,61.631675696931779
0.73202192790862797,38.461242888122797,38.291978744324297,38.595532597508281,38.631970896851271,39.05103410128504,39.16134678479284,39.69235397875309,40.192091823555529,40.322295700199902,41.124500520061702,41.490112161729485,42.490816767793149,43.106717908289284,44.207477587275207,45.083897520322353,46.376777357421815,47.488972540013492,48.98918488342315,50.629117733798921,52.204044074751437,54.480412295088172,56.267435086891055,59.422268423251808,61.632647240534425
0.73202259918863999,38.461870764382184,38.292599114589393,38.596152060199529,38.632572578266263,39.051632438320667,39.16194811090827,39.69294784637168,40.192643992137164,40.322875655256212,41.125084639526904,41.490697250235826,42.491412109695375,43.107315394096076,44.20808577677235,45.084507502149791,46.377410450018942,47.489617933519185,48.989862207323313,50.629822051152587,52.204786021262407,54.48118597920984,56.268263704143465,59.423161306418478,61.633601751178503
0.73202325486539188,38.462487584911287,38.293201913591474,38.596757395658642,38.633163269143552,39.05221798364073,39.162533396389335,39.693533114623278,40.193179520312697,40.323447033297271,41.125656463671476,41.491263400297612,42.491985268890858,43.107897063717246,44.208679765928537,45.085109526757151,46.378030134364963,47.490251353010535,48.990522844716907,50.630510241724551,52.205512488260865,54.481949720531702,56.269076540134847,59.424030190333724,61.634528103284538
0.7320238953015662,38.46308358060196,38.293790986295789,38.597349730785936,38.633742643985897,39.052795814815909,39.163105383515358,39.694094979669899,40.193701304495335,40.323998904787004,41.126215888652951,41.491824932396412,42.49255045549944,43.10846208781004,44.20926403068006,45.085693473462015,46.378638219088316,47.490866457112134,48.991165718063712,50.631185819394886,52.206214476376772,54.482697437517345,56.269870025105774,59.424875562079251,61.635434785857797
0.73202452085141578,38.46366513799876,38.294365071691573,38.59792631585151,38.634304606355727,39.053354607895017,39.163665398024023,39.694650513585657,40.194213523995131,40.324540166649967,41.126761618535966,41.49236779846251,42.476403701584786,43.109020642004907,44.209832803811878,45.086264508310705,46.379230317659676,47.491472579538822,48.991792669519782,50.631840260699391,52.2069111187011,54.483425277285278,56.270634992979467,59.425710725598037,61.636324102059007
0.73202513186095897,38.46423560148105,38.294929336290807,38.598490987438709,38.634858392644674,39.05389611935243,39.16421259753406,39.695193821098655,40.194712601136416,40.325070546008646,41.127292388584465,41.492896450217813,42.476942289154977,43.109557419549674,44.210388238076121,45.086823236662894,46.379809241741896,47.492061072029173,48.992406671866775,50.632480158470571,52.207579818554223,54.48412936553359,56.271390636451542,59.426520536653697,61.637189520522952
0.73202572866817106,38.464799073990434,38.295476489700377,38.599040592554957,38.635394259355962,39.054429757874459,39.164744388777763,39.695721309166402,40.195199868176132,40.32558567635715,41.127812045626342,41.493417087011039,42.477464906405658,43.110092680901289,44.210930330678821,45.087367047555745,46.380375653505325,47.492635210044682,48.993005570955575,50.633110985159874,52.208239705301821,54.484821586869657,56.272124532610178,59.427311100065708,61.63803435023874
0.73202631160317178,38.465335729066283,38.296016708016396,38.599573868326843,38.635918847750872,39.054950459860265,39.16526543861255,39.69623825000599,40.195679297670722,40.32609058264643,41.128318075556308,41.493921328801662,42.477978559210896,43.110605127178133,44.211461059283465,45.087903119158,46.380928874015808,47.493196095339954,48.993587945587933,50.633723000064492,52.208879792131484,54.485498763620853,56.272844291292131,59.428084002807736,61.638860494829714
0.7320268809884074,38.465871217194945,38.29653698252514,38.600099129602313,38.636433934327215,39.055459809489548,39.165773367043585,39.696742731612176,40.19614425022155,40.326584213878959,41.128814395982772,41.494417959358543,42.478480816818774,43.111109762452543,44.21197746694088,45.088421390391886,46.381467641331255,47.49374267924577,48.994163272902369,50.63431597687304,52.20950776617974,54.486159875057638,56.273541390895844,59.42883925139904,61.639668895862997
0.73202743713882912,38.466388248838484,38.297048066277057,38.600611531641334,38.636933156754822,39.055958424229175,39.166272642556578,39.697231512516737,40.196599336806685,40.327065346296877,41.129300756845623,41.49489983683452,42.478971888311207,43.111600396689028,44.212487133685499,45.088934289291501,46.381993202492595,47.49427885748446,48.994719895534217,50.634897948242724,52.210121640004218,54.486806770786643,56.274229393340647,59.42957949731499,61.640450245700777
0.73202798036206751,38.466892916709185,38.297548787668347,38.601110913790762,38.63742316281423,39.056442548520863,39.16675930749625,39.697715125512332,40.197043177206069,40.327538599725813,41.129774211905897,41.495372746605426,42.479448345024139,43.112086252775043,44.212978838477284,45.089427072554827,46.382506422698498,47.494802554138005,48.995265286415815,50.635467659682035,52.210717047564685,54.487437905743718,56.274898559786379,59.430295115336776,61.641221592202783
0.73202851095860255,38.467394236009568,38.298037053551525,38.601599940564483,38.637900087051094,39.056916444562376,39.167232800275087,39.698185215704143,40.197477661073208,40.32799313403666,41.130233787000179,41.495835651177913,42.479916377924383,43.112552776932716,44.213459441438317,45.089914015494287,46.383009867742658,47.495314701460302,48.99579799361527,50.636028201319277,52.211304731667042,54.488051567226648,56.275549815967679,59.430997983552516,61.641973476856947
0.73202902922192992,38.467876818496734,38.298513425979763,38.60207805223763,38.638366517145187,39.057382490951568,39.167698823846877,39.698641343507916,40.197899410966784,40.328442924655974,41.130685521755368,41.496288786176592,42.480372662190348,43.113009994849563,44.213930600788444,45.090384800452739,46.383496211841702,47.495812775567174,48.996318926103413,50.636568892747164,52.211871081031859,54.488650168292224,56.276190958917141,59.431685375981033,61.642707264050841
0.73202953543872318,38.468350386247039,38.298978778999299,38.602543151937425,38.638822211418301,39.057831889018416,39.168148739729077,39.699089607223868,40.198313584551215,40.328878406900913,41.131127991713583,41.496722879353911,42.480816745664924,43.11345883179456,44.214389614295214,45.090847336687148,46.383976107463241,47.496301075443625,48.996826028451324,50.637098877690732,52.212435325607657,54.489242765121162,56.276815108954906,59.432354336604476,61.64341898355633
0.73203002988899246,38.468813554383814,38.299437582492828,38.603000896051526,38.639268449973315,39.058277779258788,39.168588197790086,39.699526409618556,40.198716085869819,40.329309498425573,41.131561149843037,41.497152276802808,42.481247900985181,43.113899005576968,44.214843149762601,45.091302833519876,46.384445432573557,47.496781038120389,48.997321424074471,50.637615772895515,52.212976615875959,54.489819788374007,56.277420347556472,59.433007910847664,61.644124375656247
0.73203051284623921,38.469257447868586,38.299878942780197,38.603444551117718,38.639702048618346,39.058706673327833,39.169019305612892,39.69995579123497,40.19911029888317,40.329723699018359,41.131979239638895,41.497572019230574,42.481676007155329,43.114325270056725,44.215278670657426,45.091740628238767,46.384898732416332,47.4972406886518,48.997802042402327,50.638125973753631,52.213505420833826,54.49037436209619,56.278015785850585,59.433648874983191,61.644807192496955
0.73203098457760796,38.469700608868152,38.300312029663473,38.603881136514246,38.64013018226251,39.059130175504833,39.169443866703659,39.700371977407485,40.199500648770481,40.330133871175349,41.132388578727841,41.497983985580504,42.482091737911105,43.11474368115887,44.215706093702465,45.092172292526811,46.385349637828767,47.497694298624992,48.998275650665164,50.638621218502522,52.214027394540608,54.490922132506967,56.278594928793609,59.43427893333137,61.64547301735729
0.7320314453440333,38.470133320428431,38.300736073870212,38.604302178602666,38.64054180495441,39.059537443332374,39.169855955056846,39.700781870167702,40.199873320758343,40.330532881896943,41.132792865391821,41.498382308520377,42.482494101859629,43.115149401128292,44.216125880368054,45.092591863591224,46.385785114951432,47.498135801404715,48.998742601834238,50.639100873842835,52.214531119912863,54.491455652751029,56.279166354797781,59.434884103015065,61.646118734963238
0.73203189540038482,38.470552428159863,38.301149726379663,38.604716562200338,38.640948589425534,39.059944349341094,39.170254395809025,39.701180249452591,40.200241029728204,40.330923883710057,41.133179892785847,41.498774069361389,42.482892063912004,43.115548406727612,44.216533678583801,45.093000857159495,46.386207890696824,47.498570305295289,48.999191767536104,50.639576090499759,52.215027994476259,54.491985004395247,56.279722754843533,59.435477525927126,61.64675943274051
0.73203233499560805,38.470961696933955,38.301552061457187,38.60512213408947,38.64134651562199,39.060333831701428,39.170648884493858,39.701568922959268,40.200598676688969,40.331300741061568,41.133565314579755,41.499152743723243,42.483275820501149,43.115937808994204,44.216932693962008,45.093401771504432,46.386623362079263,47.498991200700402,48.99962889123708,50.64003418572247,52.215512675233185,54.492488856427372,56.280259891413152,59.436071020551026,61.647385355085135
0.7320327643728618,38.471368439961225,38.301948055159301,38.605517209507525,38.641736641991884,39.060719187837094,39.171035753097385,39.701945327688009,40.200952899642289,40.331671397201717,41.133938250131905,41.499530193861574,42.483653252478689,43.116319308057427,44.217322159558535,45.093797728419304,46.387030215933919,47.49940637499094,49.000061202794313,50.640485526062548,52.215987243689597,54.492984183132648,56.28079217299819,59.436629296280444,61.647993597202003
0.73203318376965298,38.471755569335073,38.302334654144943,38.605903413146734,38.642110400833189,39.061094140633941,39.171407086774707,39.702319020405412,40.201292320620269,40.33203440066427,41.134308330714703,41.499892152380198,42.484022551681846,43.116690283175558,44.217703274916857,45.094178495462984,46.387424751184881,47.499812425114214,49.000481818802655,50.640923160128295,52.216447054408491,54.493470950983465,56.281306946650147,59.437180574983358,61.648578314110637
0.73203359341796792,38.47213535476476,38.302707935217768,38.606280840933323,38.642476584762335,39.061458543408662,39.171772670466453,39.702683074399829,40.201627341564745,40.332393304910511,41.134659560397267,41.500247020274401,42.484380680136383,43.117048547137529,44.218078149948269,45.094554216135293,46.387813051231205,47.500204177573323,49.000889797694981,50.641356491483748,52.21690041385591,54.493948721326888,56.281805767677724,59.437726418487728,61.64915925450623
0.73203399354440046,38.47250716201961,38.303077788557857,38.60665134107694,38.642840677406639,39.061814657878131,39.172131584957242,39.703033660072833,40.201953980606049,40.332735335454345,41.135006920434535,41.500593504868448,42.484733481425792,43.117401444353163,44.218441145960242,45.094917644746602,46.388191922567785,47.500590372830629,49.001291560009122,50.64177561365068,52.217341127805412,54.494415906257927,56.282299343496561,59.438260067254305,61.649727217853069
0.73203438437027779,38.472875963896513,38.303435509558767,38.607005613390356,38.643189536873251,39.062163576949388,39.172477704007179,39.703382347244769,40.202274414710701,40.333075315225869,41.135344367008656,41.500936910975724,42.485076069366187,43.117747587151825,44.218793769367039,45.095278689172119,46.388564656488597,47.500965717248619,49.001683404669166,50.642182685434818,52.217764702625573,54.494864317588508,56.282781043089926,59.438775569200516,61.650277045555413
0.73203476611178231,38.473226024303585,38.303787359036505,38.607357040513307,38.643532144837081,39.062505456153303,39.172820449341089,39.703718352131546,40.20258873840794,40.333399184048176,41.135678355582058,41.501266332343221,42.485414231661707,43.118087478913367,44.219140209723264,45.095623895991594,46.388921237550676,47.501328646205366,49.002068015746772,50.6425796514377,52.218188515864313,54.495308179408312,56.283252148889005,59.439283680170774,61.650820143520832
0.73203513898007155,38.473577520344406,38.304129876662046,38.607701066881418,38.643868774175644,39.062838406302035,39.173153101932257,39.704046153463423,40.202889654319733,40.333721292205155,41.136000962462276,41.501588278915733,42.485743330791593,43.118419475853443,44.219482569489628,45.095966652967036,46.389273823238909,47.501690183766186,49.002447022125125,50.642971957102418,52.21859669033438,54.495738284662366,56.28370616864413,59.439778126776218,61.651343659497797
0.73203550318139499,38.473914299160242,38.304467205889523,38.608036072924733,38.644195747561753,39.063166765961796,39.173476680181921,39.704369678162038,40.203185902908444,40.334037144202739,41.136318176519126,41.501908269245178,42.486061236355454,43.118737189099193,44.21980958385393,45.096296272240579,46.389616839587688,47.50203753542155,49.002804630436003,50.643352509476244,52.218996690586209,54.49615859799087,56.284156991168857,59.440257556736469,61.651857418939471
0.7320358589172079,38.474245266057551,38.304792428389192,38.608364196959883,38.644515956752002,39.06347770197317,39.173792838584632,39.704685772769153,40.203476134687662,40.334347018972039,41.13663154700771,41.502217798493803,42.486372315790504,43.119054523762316,44.220131515990943,45.096623112913221,46.389954098500311,47.502382032573223,49.00315878354013,50.643727525137365,52.219393246807158,54.496568745002151,56.284596649929881,59.440724860876799,61.652369018644094
0.73203620638428279,38.474570042919368,38.305107577238232,38.608682953752577,38.644825976807624,39.063790109939873,39.174110021442175,39.704988781362772,40.203759325202554,40.334648139309138,41.136932996101677,41.502518611494452,42.486675946041942,43.119357456918806,44.2204474597238,45.09693551948294,46.39028194732964,47.502718732692301,49.003509392030537,50.644089180976152,52.219772497192025,54.496973367407918,56.2850202312693,59.441184622235596,61.652853474952281
0.7320365457748188,38.474890836980194,38.30542090209201,38.608998352196068,38.645133197773248,39.064095287583768,39.174406185746193,39.705291719641536,40.204038784373552,40.334937673527747,41.137227752245963,41.50281165773049,42.486975375562906,43.119658099953085,44.220759175252169,45.097247507423162,46.390603582374752,47.503037894144654,49.003847586922348,50.644443082623184,52.220143609680235,54.497369378805161,56.285439936444163,59.441634737886488,61.653331646695733
0.7320368772765472,38.475197187624872,38.30572896450758,38.609302689787,38.645430563017726,39.064388871658593,39.174701852258295,39.70558312907815,40.2043072800152,40.335224064998329,41.137516704387963,41.503098458983004,42.487265665549785,43.119953799527138,44.221055376343429,45.097550120204687,46.390920436941087,47.503359745256603,49.004184966906905,50.644793747924268,52.220510588958859,54.497752373106778,56.285847135819495,59.442077060230076,61.653803373686969
0.73203720107283565,38.475499055813998,38.306023188401014,38.609599014278501,38.645722095388919,39.064676636829972,39.174993662163615,39.705869504250586,40.204568001907319,40.335502726025879,41.137796791736037,41.503382353112102,42.487551078666002,43.120240594260395,44.221351855900139,45.09784701699391,46.391221882775426,47.503672406077385,49.004504283890128,50.645129938609898,52.220868007279932,54.498127602040768,56.286241329275072,59.442499512806535,61.654258714988828
0.73203751734278999,38.475792812649161,38.306314956396818,38.609887908212841,38.646007620729506,39.064957238268107,39.175276474095881,39.706150834448636,40.2048300486058,40.335774717386812,41.138069020584226,41.503650113008916,42.487829255871475,43.120517899747938,44.221638441085815,45.09813588578254,46.391522658988833,47.503973034210503,49.004822150804102,50.645464368164539,52.221213679760695,54.498493584804237,56.28663647454232,59.442922883667052,61.654704380780458
0.73203782626135239,38.476084656082094,38.306596023961902,38.610173109918833,38.646284761838615,39.065233482513577,39.175548707600683,39.706424553412944,40.205079501960427,40.336047731805593,41.138337708543986,41.50391948223114,42.488101362250745,43.120791053865105,44.221917713060975,45.09841415612027,46.391811722889543,47.504276106134057,49.005131970159709,50.645781526342034,52.221550445072353,54.498852744698524,56.287014691159129,59.443331469781697,61.65514474734664
0.73203812799939905,38.476361815817654,38.306876947171986,38.61044960282743,38.646559785120189,39.065503928344697,39.175821962300688,39.706688061822206,40.205327011179179,40.336309171281755,41.138603924307972,41.504184891004115,42.488364396151155,43.121058623772115,44.222191265784204,45.098688457161188,46.392103206366301,47.504560817964375,49.005434180609882,50.646101703867316,52.221882671117783,54.499200738966465,56.287388420663774,59.443726700730622,61.655564638786018
0.73203842272383413,38.476634773891419,38.307144082617015,38.610722772311419,38.646826448384672,39.065767886582762,39.17608306882903,39.706948406528682,40.205565196927637,40.33655723137781,41.138857705052942,41.50443871691823,42.488624351099133,43.121316333767027,44.222461445257068,45.098959153518081,46.392373542301357,47.50484655611217,49.005731202661991,50.64641388412565,52.222208731807768,54.499540342949331,56.287750855088234,59.444116744212806,61.655983814969659
0.73203871059768233,38.476905656978488,38.307408877648413,38.610986947547644,38.6470777685754,39.066025196108967,39.176337643992156,39.707201944198459,40.205801301170141,40.336807843763381,41.139111103024334,41.50468834862113,42.488873359747231,43.121569684240967,44.222719775512815,45.099224663339555,46.392645314335823,47.505121511407197,49.006017057225108,50.646710234694183,52.222524216398597,54.499874252825975,56.288099009543657,59.444495983421803,61.656390110962093
0.73203899178017895,38.47716706013307,38.307670304551721,38.61124431528151,38.64733195444569,39.066273713018745,39.17658896651119,39.707452154718339,40.206032051704824,40.337049338966608,41.139351084362715,41.504932353273034,42.489119194913656,43.121817463543266,44.222971931565553,45.099476566538215,46.392913060262799,47.505397703498602,49.006302418187261,50.647005246020854,52.22283698245883,54.500202031806111,56.288444641046226,59.44487043749541,61.656784128397703
0.73203926642685802,38.477421825286001,38.30792076094076,38.61149806343019,38.647578882984817,39.066519234795123,39.176839214749634,39.707693195901811,40.206253502517939,40.33728738874197,41.139590985607356,41.505172408185899,42.489364368841052,43.122063489630818,44.223223198670894,45.099728911183774,46.393171647563577,47.505655227228999,49.006575169973075,50.647293297573924,52.223134825006127,54.500516527332366,56.288783044554293,59.44523489009589,61.657170022837818
0.73203953468963834,38.477673556655645,38.308164365123957,38.611743990797549,38.647819449659437,39.066756850574166,39.177074592094868,39.707930956501514,40.206472534686327,40.337520035449415,41.139825933612883,41.505400350317359,42.489600948058069,43.12229841761291,44.223466282710433,45.0999746597372,46.393425762653351,47.505917772650719,49.006842303089797,50.647572737187147,52.223431975580752,54.500829293392599,56.289112195372581,59.445587291382253,61.657555180601776
0.73203979671690755,38.477918192278594,38.308404410723597,38.611985806841403,38.648058470338583,39.066994118504226,39.177309920080006,39.708163973409683,40.206686688121408,40.337744668591768,41.140050222165883,41.50562881398946,42.489829971455038,43.122530094813555,44.22370217833668,45.100208274554461,46.393671358004212,47.506164437159896,49.007103312760592,50.64784780330956,52.223715862259269,54.501132304780185,56.289437778294086,59.445935256779194,61.657921651378274
0.73204005265360417,38.478157648351043,38.308639731723815,38.612218279857188,38.648286886047572,39.067218945361674,39.177535681053996,39.708391331601888,40.206898246426135,40.337965747341514,41.140277050435543,41.505849566776305,42.490050639025867,43.12275582132861,44.223935519345105,45.100446529686451,46.393919319845736,47.506410852074623,49.007361423224211,50.648114626295865,52.22399739548564,54.501435996033251,56.289749796502292,59.446271251887083,61.658288223668933
0.7320403026412976,38.478388577234,38.308868996333331,38.612448755186051,38.648509469814599,39.067444833926857,39.177757419180125,39.708609175868332,40.207103690132499,40.338183848187327,41.140492316801101,41.506067329086363,42.49027164420113,43.122979398351163,44.224164676386863,45.100674190558493,46.394147986546159,47.50664930883795,49.007609182037413,50.648375284858048,52.224275371059775,54.501718933694065,56.290053511969745,59.446607158519328,61.658635781146586
0.73204054681826691,38.478615063242614,38.309093429241329,38.61267251893878,38.648731688503176,39.067666174843907,39.177978480700403,39.708826033398509,40.207299972418696,40.338392549194396,41.140703658107668,41.506280275527388,42.490488887298852,43.123195955064148,44.224383157212287,45.100896390620619,46.394376378506422,47.506884313188493,49.007854949682951,50.648630825802684,52.224541881121695,54.502003240399063,56.290355280041695,59.446924689225852,61.658985665999353
0.73204078531957661,38.478841423988342,38.309312758035958,38.612894017249346,38.648944666143507,39.06787436036393,39.178190229460597,39.709035805892199,40.207494008820504,40.338599575683475,41.140910707879812,41.506491254083812,42.490697460714728,43.123404210433364,44.224601360969245,45.101109855808318,46.394608124159276,47.507118666544557,49.008091991767287,50.648880247026682,52.224802706390619,54.502276919782162,56.290648031979799,59.447249872609973,61.659320468083024
0.73204101827715207,38.479058627504855,38.309527027886361,38.613108870573342,38.649153847247362,39.068081324454397,39.178399573080242,39.709239543415606,40.207683369982988,40.338801634032279,41.141113919671625,41.506687998771667,42.490903082769364,43.123610028065741,44.224810930434614,45.101324361283332,46.394825914874673,47.507338700816035,49.008324704132974,50.649126844480634,52.225058385170996,54.502546081319451,56.290933530777693,59.447550106793642,61.659645825624466
0.73204124581985197,38.479266063310206,38.30973800830543,38.61331680836156,38.649359666742384,39.06828581308946,39.178600994870067,39.709443131927401,40.207868556957692,40.338995363563299,41.141312517691404,41.506885689683259,42.491103975567967,43.123810583725572,44.225020446814597,45.10153071815148,46.395040822215378,47.507556888274848,49.008553880266845,50.649363456293941,52.225309557281435,54.5028071468696,56.291213355027139,59.447844609618187,61.6599674616009
0.73204146807354009,38.479473617393523,38.309939709957689,38.613521163817495,38.6495574968867,39.068488690070808,39.178797837812454,39.709639591164887,40.208053099457175,40.339188890065998,41.14150356920436,41.507079444359988,42.491297286469489,43.124005422461778,44.225217072758824,45.101734878029674,46.39525068551302,47.507772122509778,49.008775379508734,50.649597661569715,52.225552811287344,54.503066317178309,56.29148805886507,59.448143655434251,61.660278499126434
0.73204168516115431,38.479675268288702,38.310138737317175,38.613719328306615,38.649751759134233,39.068676983937621,39.178990098182112,39.709828414488584,40.208228079602122,40.339373664464802,41.141692062374204,41.50726552028209,42.491482793819159,43.124199508223683,44.225415784399956,45.101935759186745,46.395457547158003,47.507977746427059,49.008995865471661,50.649822885170579,52.225790306925774,54.503317241556942,56.291751968674362,59.44843215867877,61.66058586165309
0.73204189720277502,38.47987512126565,38.310334705282003,38.613913297187537,38.649944780394435,39.068864420987666,39.179182397667319,39.71001766063273,40.20840126555413,40.339557583909482,41.141876651905477,41.507449509575963,42.491674017626792,43.124383132904768,44.225610035471618,45.102122157346457,46.395653633400798,47.50818283483386,49.009204690344632,50.65004641097039,52.226027319207788,54.503560456447303,56.292010244913399,59.448708537966013,61.660889469087124
0.73204210431569161,38.480065727606416,38.310525705106556,38.61410372890532,38.650131919886917,39.069051804952323,39.179369964636862,39.710201473440975,40.208570100367069,40.339733793400228,41.142056609038264,41.507633317261934,42.491855702362955,43.124569113831967,44.225794948171824,45.102314572781324,46.395850237458944,47.508378701284528,49.009409637190402,50.650266079232097,52.226252789609134,54.503801857121289,56.292265609838068,59.448982756584883,61.661179562099278
0.73204230661446701,38.480256548151374,38.310713980812579,38.614292521029711,38.650311712641269,39.069231506902725,39.179550509899855,39.710379511583596,40.20873167226091,40.339915555901825,41.142230770550668,41.507803691551089,42.492027716711164,43.124746144283563,44.225978515576571,45.102501833345741,46.396045279689133,47.508573826402426,49.009610928595066,50.650470040738583,52.226472746580839,54.504036978818476,56.292519267648458,59.449252678081393,61.661463091149926
0.73204250421100148,38.480442529544234,38.310889492277056,38.614472204819322,38.650493248831481,39.069407591596246,39.17972202366218,39.71055372338742,40.208893931470811,40.34007999394089,41.142409587744623,41.507976275868714,42.492201440967619,43.12492474867031,44.226157673634589,45.102679040748626,46.396226984448731,47.508766851387918,49.009810568764806,50.650681454688311,52.226691703312099,54.504262761212885,56.292760682292283,59.449512954801321,61.661747220903635
0.73204269721459381,38.480624633375555,38.311066306661814,38.614651617128402,38.650666249450296,39.069577848538756,39.179898631293327,39.710723174735904,40.209051129408181,40.340245735365897,41.142571376636624,41.508142059668899,42.492378007620573,43.125092266593128,44.226333249360323,45.102856517769396,46.396412191912532,47.508945186622441,49.010005377233028,50.650877581909299,52.226902102120221,54.504487225785851,56.29299493227154,59.449768369086087,61.66201841738075
0.73204288573200271,38.480797701049596,38.311240587383509,38.61482204683125,38.650831901933998,39.069747281260788,39.180064358748496,39.710890473797917,40.209203164558858,40.340411413926631,41.142735552974045,41.508304194081575,42.492540854029357,43.125257483217865,44.226502617355436,45.103026132564992,46.396586579270661,47.509132066741586,49.010193800553679,50.651077364571393,52.227108468301594,54.504706836305559,56.293224497698247,59.450017341412604,61.66228380613029
0.73204306986750523,38.480967571027577,38.311410021036863,38.614992083515972,38.650996898300946,39.06991088623181,39.180227750446647,39.711055050138384,40.209357747808099,40.340572534129024,41.142894282471389,41.508465652354062,42.49269918911159,43.125423104502261,44.226673598401248,45.103194382973015,46.396760291419923,47.509307355619967,49.01037631649524,50.651272193528712,52.227314868941903,54.50492000579834,56.293455382809043,59.450257700867951,61.66254629008472
0.73204324972295454,38.481136311311275,38.311572261154652,38.615159525070339,38.651157564483583,39.07007206697017,39.180386445950717,39.711211864836514,40.209500385913998,40.340728263836354,41.143050391227007,41.50862485403195,42.492857596371323,43.125577230937779,44.226837196853012,45.103356085252017,46.396928043104708,47.509477063082159,49.01055951975286,50.651459866203368,52.22751384973526,54.505126032046974,56.293671198189259,59.45049958769232,61.662791986018419
0.7320434253978364,38.481297452468425,38.311733829323202,38.61532029369846,38.65131802437827,39.070226000621915,39.18054553354159,39.711367728188634,40.209647998213768,40.340875148307532,41.143204969353974,41.508773683104664,42.493016376160085,43.125737806316465,44.226995513774455,45.10351779172197,46.397094760090113,47.509648867882788,49.010728730820119,50.651642453856766,52.227704398334026,54.505331302061677,56.293891311623156,59.450731526128948,61.663041432388127
0.73204359698932409,38.481456433422863,38.311889786738902,38.615473892074078,38.651469858828932,39.070379237644374,39.180696771945804,39.711519990116358,40.209783251862973,40.341024456080049,41.14335256209597,41.508924209047109,42.493166542146355,43.125885476358235,44.227149143815041,45.103671563789248,46.397260722704232,47.50981268286705,49.01090326346457,50.651824856176972,52.227891310118139,54.505526790395379,56.294098453596234,59.450955929234624,61.663287504576147
0.73204376459233211,38.481619990896434,38.312047042883933,38.615629414562136,38.651620252523571,39.070527875330299,39.180849427357316,39.711667027790099,40.209920598659664,40.341169922612607,41.143502013757825,41.50907074008137,42.493307194206864,43.126035272143781,44.227300961967558,45.103828416205943,46.397413621656597,47.509972563013434,49.011068652383983,50.651996080763638,52.228074542246759,54.505725347436965,56.294309263117611,59.451176708564162,61.663520198315382
0.73204392829956899,38.481765531934798,38.312197336461395,38.615781544242054,38.651767886709422,39.070676977280527,39.180994416121393,39.71180883096531,40.210053413640708,40.34130935696885,41.143639831803739,41.509211163036525,42.49345356086269,43.126177880447358,44.227452252060175,45.103975950740278,46.397568661719561,47.510130661539733,49.01123284548521,50.652165532112122,52.228252057917416,54.505913746543229,56.294510168023407,59.451390656642616,61.663751543499529
0.73204408820158806,38.48191671166569,38.312341350596398,38.61592729203403,38.651916575618088,39.070818953681737,39.181132577825338,39.711950958706439,40.210184427909553,40.341447545215487,41.143781720660627,41.509350426960737,42.493592296727002,43.126321457792073,44.227592086885124,45.104121854063123,46.397722429595888,47.510283570736647,49.011396793648601,50.652334849350154,52.228433227166533,54.506096104159951,56.29470279533416,59.451604778878391,61.663978439755738
0.73204424438683802,38.482061524409801,38.312485310714692,38.616069884970784,38.652054153382778,39.070956533774734,39.181274963542819,39.712088334839791,40.210311956238002,40.341582688502967,41.143914106301963,41.509482709690928,42.493729471694678,43.126456803176552,44.227735037449747,45.10426334803924,46.397869669832289,47.510433914139867,49.011551017872989,50.652496414259076,52.228602001443505,54.506276559084654,56.294898117892444,59.451811330392957,61.664201249368489
0.73204439694171164,38.482202276587486,38.312625827267766,38.616210702806711,38.65218766219914,39.071090984623879,39.181407544761896,39.712225186638534,40.210435586981475,40.341711939312518,41.144050596747547,41.509617528878152,42.493863441050053,43.126588941551745,44.22787880897522,45.104402403812855,46.398010703735054,47.510579252615571,49.011705924756825,50.652656742371619,52.228772450238466,54.506453624926507,56.295083241537213,59.452014677226543,61.664413450285792
0.73204454595059343,38.482343329582363,38.312765122856945,38.616348202340305,38.652322851587087,39.071225997060537,39.181542192120105,39.712357590440661,40.210557430516928,40.341842336580157,41.144178743008524,41.509745510760695,42.493996423203498,43.126722921617329,44.228009725920856,45.104534164536744,46.398152941837907,47.510723519138992,49.011848768219352,50.652812720276415,52.228935339488089,54.506625906564295,56.295271817594767,59.452208869159222,61.664624102413654
0.73204469149590667,38.482477561570704,38.312896101269871,38.616482951212674,38.652453518006951,39.071355764288455,39.181679486297071,39.71248441375792,40.210674477275461,40.341968285851181,41.144304627086967,41.509870217647403,42.494123557582498,43.126853824127465,44.228139116894454,45.104666524101049,46.398286899551749,47.51086138933897,49.011998081579804,50.652966802939773,52.229091579094529,54.506793114356697,56.295442262664437,59.452401352114975,61.66482400149107
0.73204483365815864,38.482608446385711,38.313028364442289,38.616612234618515,38.652581332717091,39.071481833700091,39.181803556159139,39.712608530651778,40.21079159155488,40.34208969771862,41.144429459702224,41.509995821397752,42.494245569687337,43.126976612489671,44.228267264552414,45.10480112908408,46.398423910140991,47.510998444631696,49.01214037835598,50.653111644089222,52.229249482043087,54.50696377735585,56.295618048869073,59.452589772641659,61.665031228214502
0.73204497251598533,38.482736617326736,38.313154988922179,38.616741074249148,38.652707086876035,39.071605839766562,39.181924139615148,39.71273277932778,40.210903644561768,40.342210515402257,41.144550228025764,41.510116601362824,42.494368962943554,43.127097791992128,44.228393386583775,45.104923140723258,46.398554486222565,47.511131663806736,49.012276428751647,50.653256704099476,52.229400247335434,54.507119537331164,56.295789362862706,59.452770418487489,61.665224207565188
0.73204510814619506,38.482863359618932,38.313276560045779,38.616864159703255,38.65282883355394,39.071725483518094,39.182041582185775,39.71285085612908,40.211013441439718,40.3423289260827,41.144664893392473,41.51023427490145,42.494487166870385,43.127221339847893,44.22852088836953,45.105048684868962,46.398685808293521,47.511262806132436,49.012413720600307,50.65340181440115,52.229548995383084,54.50727956648916,56.295961454510689,59.452947095036507,61.665416195988655
0.7320452406238106,38.482988310046494,38.313398179132491,38.616987043060362,38.652945424895734,39.071843558456749,39.182164163328707,39.712968207430094,40.211121621076018,40.342439785599709,41.14477863162756,41.510343827772886,42.494602864608169,43.127334398217499,44.228638156317174,45.105172326788306,46.398804067634046,47.51138792000711,49.01254544313997,50.653538018465042,52.229694563895464,54.507435197010636,56.296118170954287,59.45312893204391,61.665604976937175
0.7320453700221109,38.483111263252795,38.313517506234348,38.617104238364846,38.653063040226698,39.071962296497077,39.182279422879219,39.713082659523934,40.211229684762657,40.342552332673222,41.144892670214176,41.510461478028446,42.494718502741307,43.12744922330603,44.228753922041506,45.10528692882508,46.398928876966238,47.511513574980199,49.012673636898398,50.653674321249127,52.22983792796731,54.507580036297441,56.296277176588774,59.453298854641616,61.665787562727928
0.73204549641267191,38.483224295079708,38.313635262195021,38.617220437154174,38.653178629931062,39.072073046583682,39.182390903122723,39.713195423595607,40.211332101374865,40.342662770301104,41.14500281913206,41.510567335877568,42.49482982698828,43.127561204135418,44.228870187420398,45.105403743684292,46.399047967046499,47.511635638773441,49.012802184559405,50.653807534836233,52.229975205846131,54.507726971060038,56.296435656026006,59.453465350903571,61.665962271392345
0.73204561986540539,38.483337359502912,38.313749506603926,38.61733438167721,38.653291055001318,39.072180401533842,39.182498304639012,39.713305565528572,40.211431609466672,40.342768005095422,41.145107885356992,41.510675178840756,42.49493776448071,43.127670547924936,44.228979622479528,45.105514576192945,46.399164672009647,47.51175544783473,49.012923470698297,50.653935823589563,52.230112831108272,54.507867560721934,56.296583766117692,59.453628744930029,61.666141727007926
0.7320457404485986,38.483451146166772,38.313857703935355,38.617442094255239,38.653395724948496,39.072290033102036,39.182605476118624,39.713409428484738,40.211530948523432,40.342873432207853,41.145211946684867,41.510782606434077,42.495043255388737,43.127778983209282,44.229087135288864,45.105627106968313,46.399277733638883,47.511870823800564,49.013046506792307,50.654059967026114,52.230249047279358,54.508012101985514,56.296731940470636,59.453785124234855,61.666310884989798
0.73204585822895096,38.483563580550253,38.31396458344534,38.617554950527847,38.653501759283245,39.07239374704659,39.182710888329893,39.71351249422878,40.211624864954501,40.342973954975605,41.145315096713603,41.510884233750403,42.495147544890642,43.127881026361138,44.229197978507727,45.10572995711118,46.399386201053858,47.511981366202235,49.013162856921554,50.654186786152422,52.230379929766059,54.508147996850312,56.296879363246262,59.453941537998617,61.66647532209754
0.73204597327161203,38.483670326415449,38.314070887397975,38.617660467047244,38.65360940201208,39.072496834211051,39.18281488539651,39.713612803258002,40.211721125524491,40.343075902666897,41.145415845327079,41.510982227977365,42.495246914215386,43.127988086547703,44.22930041141808,45.105834289453924,46.399496519006789,47.512089093215764,49.013278197497129,50.654302899725735,52.230500736273825,54.508276043459773,56.297018292360008,59.454092923551798,61.66663552634418
0.73204608564021667,38.483777009882033,38.314175142440945,38.617765065282583,38.653704046271741,39.072599135804921,39.182913802564144,39.71371536096558,40.211811771150678,40.343170492444187,41.145514354575425,41.511077755130827,42.495342441368848,43.128079982008785,44.229399308096617,45.105940173845738,46.399600520730019,47.512196815572679,49.013394832611084,50.654421526007354,52.230625621043146,54.50840638205409,56.297151358798146,59.454243512824178,61.666793362237513
0.73204619539692095,38.483875392004848,38.314276305958629,38.617865539621562,38.65380495460704,39.072698127944022,39.183012184221298,39.71381252259016,40.211901819333434,40.343267393764108,41.145608701743186,41.511176238767803,42.495439250953496,43.128177179954946,44.229500622488558,45.106040998362005,46.399704984389246,47.512303696013987,49.013501684181392,50.65453721024096,52.230742630548775,54.508532615378499,56.297291388735175,59.454388027079403,61.666950222104788
0.73204630260243586,38.483977839816362,38.314373756293207,38.617960861884058,38.653902214020491,39.072790338192135,39.183107661549002,39.713906239252537,40.211985683534294,40.343358471989632,41.14570046029985,41.511265414766967,42.495536411181092,43.128273339010775,44.229602096602321,45.106136241462082,46.399806647561491,47.512407954782248,49.013610989786685,50.654650462791324,52.230862091295421,54.508657268248498,56.29741972591728,59.454525928944349,61.667097795754671
0.7320464073160613,38.484086773823947,38.314469213597476,38.618058608379215,38.653997702524066,39.072887593414634,39.18320299545303,39.714000541716814,40.212071864400059,40.343446936924011,41.145791975781322,41.511357181705534,42.495628329459578,43.128363811410964,44.229696652851999,45.106235613115132,46.3999078925699,47.512506584636867,49.013713645748794,50.654759312979877,52.23097531683743,54.508780938573182,56.297551148571074,59.454668586142361,61.66725086607039
0.73204650959571893,38.484168984461576,38.314563801046461,38.618152929935604,38.654087976552546,39.072973686270416,39.183292553760111,39.714087436906993,40.21215246245265,40.3435352249071,41.145882708020508,41.511446879245341,42.495717579964548,43.128456758335233,44.229785767383873,45.106321798637509,46.400000804103911,47.51260581612587,49.013816242106259,50.654864774085581,52.231087291613221,54.50889472104609,56.29767504055053,59.454799427650869,61.667393715120852
0.73204660949798406,38.484263367950916,38.314656121190637,38.618245089892298,38.654175200033933,39.073068793397397,39.183379902970046,39.71417517773807,40.212237142957747,40.343622358050197,41.145968449302018,41.511530996765941,42.495805906131864,43.12854469101876,44.229876831639558,45.106413608882576,46.400098309852183,47.512701947242022,49.013914705254138,50.654966778121889,52.231200872920454,54.50901058036834,56.297797871753573,59.454931643791497,61.667534243315458
0.7320467070781167,38.484352223109454,38.314742499031126,38.618335086386651,38.654266493394971,39.073148800060153,39.183467430062592,39.714262386783957,40.212315106764436,40.343707285821438,41.146055308636278,41.511615453287959,42.495886772405356,43.128632643260062,44.229965108912438,45.106509011704475,46.400187284685671,47.512796874158084,49.014009496197104,50.655068935826421,52.231300479732454,54.509129944257438,56.297924623824656,59.455061787739396,61.667668260633945
0.73204680239009279,38.484441428910941,38.314832589123398,38.61841877643019,38.654349494725466,39.07323460187763,39.183554960414767,39.714347934816033,40.212395298760384,40.343788978643715,41.146133508067578,41.511704612057656,42.495972769334912,43.128715484868735,44.230053382925689,45.106590147595853,46.400279901921749,47.512884171679616,49.01410402264446,50.655168583616614,52.231408451683819,54.509234518744051,56.298032744787633,59.45518528111279,61.667804634198546
0.73204689548663338,38.484525957610458,38.314922684337944,38.618505054153502,38.654433530755341,39.073316484224051,39.18363386252895,39.71443002531305,40.212469612713903,40.343870057724416,41.146213832776994,41.511780701577663,42.496058149263263,43.12879643868655,44.230134437326342,45.106676673516631,46.40036831703037,47.512976290658116,49.014200715348125,50.65526613034308,52.231509516015649,54.509346679784358,56.298148235306144,59.455313604325056,61.667941035702825
0.73204698641923416,38.484615594614297,38.314998793415725,38.618588799610734,38.654513066168875,39.073397433850914,39.18371564662084,39.714509829413146,40.212549075018615,40.34394821152091,41.146294843871146,41.5118612004444,42.496136003639549,43.128874628338963,44.230219907127321,45.106757768429816,46.4004529658705,47.513062720187008,49.014288784004748,50.655366857536137,52.231611528433859,54.509447272866964,56.298256268724799,59.455433946102858,61.668060198426247
0.73204707523819379,38.484696305822581,38.31508404482156,38.618673006538302,38.654594272840768,39.073482943698764,39.183800021186471,39.714587792288512,40.21262136194855,40.344023703131825,41.146373570431024,41.511934935115278,42.496214161626995,43.128952652681619,44.230298791080713,45.106839964166284,46.400534963235259,47.513149715960026,49.01437799166888,50.655456467531621,52.231710635125637,54.50955025665462,56.298371548764408,59.455552595667541,61.668188588693738
0.73204716199264197,38.484779088757932,38.315162804443389,38.61875071702525,38.654671134892851,39.073555518407375,39.183870708569884,39.7146649020724,40.21268515707925,40.344099522102624,41.14644527528435,41.512012463063002,42.496287926565856,43.129031967371702,44.230375560000539,45.106919072102755,46.400615489110351,47.513235261663795,49.014463987201452,50.655545928515494,52.231804667972028,54.509650282561779,56.298478201963007,59.455661134794354,61.668312608264387
0.73204724673056609,38.484855832066387,38.315243676770478,38.618825311772525,38.654750793706626,39.073631310835481,39.183952888473868,39.714737179689109,40.212757632136345,40.344172514043748,41.146524419076741,41.512080241460353,42.496361301746219,43.129104716703296,44.230453827884048,45.106994996778667,46.400696089491248,47.513314832933247,49.0145503571257,50.655633710324764,52.231899324804544,54.50975323561579,56.29858189355582,59.455777566879988,61.668430066667497
0.73204732949883844,38.484932924155146,38.315316661726683,38.61890321969986,38.654823819175363,39.073708187323064,39.1840206887573,39.7148098484613,40.212823286652565,40.344239990692586,41.146590741351247,41.512154440861195,42.49643276957795,43.129178394563496,44.230530300643295,45.107070085126907,46.400774838402867,47.513393469154835,49.014633978717029,50.655721146613359,52.231986596249044,54.509841961786151,56.298681741580367,59.455883983522654,61.668549784459174
0.73204741034324161,38.485012392513454,38.315391405951232,38.618978957645595,38.65489462018013,39.07378041325137,39.184097233228385,39.714883694425225,40.212894897442311,40.344312677159905,41.146664209198207,41.512226277962327,42.496504409238696,43.129252132494003,44.230599730275571,45.107141248881817,46.400854770094156,47.513470268808305,49.014711384661496,50.655803522095084,52.232075487263501,54.509940162301064,56.298778717406094,59.455989531241357,61.668663890101016
0.73204748930849417,38.48507918510586,38.315461468417197,38.619049141649157,38.654965721070766,39.073849593754858,39.184162814635783,39.714951621368527,40.212951935362071,40.344383054878563,41.146731347311288,41.512295677792281,42.496574277058244,43.129318685270846,44.230672312434763,45.107213483657688,46.400926919654012,47.513547605834901,49.01479375641793,50.655887310393155,52.232162818312645,54.510029507800937,56.298878704197705,59.456096282228827,61.668771436437964
0.73204756643827518,38.485152233857661,38.315532765816897,38.61912106256932,38.655036466661841,39.07391481148079,39.184235641732812,39.715019371826202,40.213016581255943,40.344447545707226,41.146797992754728,41.512359890155494,42.496640066150576,43.129387161694467,44.230743875261396,45.107286860700697,46.401000002399087,47.513617965392768,49.014869295991957,50.655967263504863,52.232252377085388,54.510121351107955,56.298970625735819,59.45619610697031,61.668879986740649
0.73204764177524828,38.485226690769196,38.315598969813436,38.619192138314247,38.655102173797786,39.073981990106404,39.184300165157765,39.715085330419242,40.213077194057405,40.344510843511671,41.146865816321224,41.512424082029611,42.496710205916315,43.129453431814909,44.23081210674718,45.107352227903903,46.40107081644237,47.513692704960704,49.014944024384022,50.656048046424985,52.232333711348474,54.510202907957137,56.299070879817009,59.456291970796883,61.668988185934722
0.73204771536108582,38.485290206503123,38.315670011565089,38.619259487371892,38.655172946862876,39.074048466980457,39.18436684878543,39.715150711592287,40.213140956591815,40.344574508722872,41.146927044261247,41.512487928383052,42.496775446459651,43.129519199486822,44.230877275113016,45.107420378364623,46.401141406036913,47.513761619105935,49.015017316676676,50.656123808585107,52.232414753176272,54.510287568904459,56.299154189415276,59.456395202316344,61.669092315249145
0.732047787236491,38.485355779062957,38.315732875838876,38.619322468526661,38.655233266763389,39.074111010413617,39.184431318193674,39.715214353054762,40.213194223120809,40.344637766014785,41.146987637970597,41.512554711662233,42.496835517697036,43.129581516142935,44.230942153837532,45.107486066408455,46.401206818409264,47.513832074590027,49.015090612694621,50.656196378171444,52.23248628154397,54.510371793061495,56.299241609871387,59.456487355753779,61.66919267270714
0.73204785744122136,38.485421721357852,38.315801387187093,38.61938518891111,38.655300344806165,39.074173503089696,39.184493592008948,39.715277472976595,40.2132548824884,40.344697069842368,41.147050875704736,41.512610889039934,42.496898133307695,43.129642119631171,44.231006050482392,45.107553427107632,46.401270732283592,47.513898746110499,49.0151596525684,50.656272039748728,52.23256952688098,54.510452121496201,56.299327950924635,59.456578636541963,61.669295346364379
0.73204792601411006,38.485484500881284,38.315861989744008,38.619452727027237,38.655357306357473,39.074234196450561,39.184552498627454,39.715337322559208,40.21331003960222,40.344758409075439,41.147110308986157,41.512669658754021,42.49696047231555,43.129704087041318,44.231066549662501,45.107612811494619,46.40133719984442,47.513963639736176,49.015229473821819,50.656344304792583,52.23263984080404,54.51053211838007,56.299415611661971,59.456673583947122,61.66938445251435
0.73204799299308776,38.485549791716039,38.315926343202591,38.619515015278012,38.655418642330915,39.074298894032836,39.184616673737764,39.715395102277398,40.213364800903946,40.344815196935087,41.14716857066378,41.512731217313558,42.497018206864595,43.129764949437231,44.231128266081214,45.107677155174315,46.401401072740555,47.514028360135853,49.015298185870051,50.656410617753863,52.232718134298921,54.510613502003253,56.299494817852974,59.456758610904217,61.669477882795036
0.73204805841520326,38.48561522597447,38.315983223728836,38.619574553333223,38.655478698201478,39.074356357101351,39.184674717020243,39.715454478748143,40.213415284175426,40.344872086774558,41.147225803229958,41.512785444967449,42.497070818673819,43.129819861147553,44.231188165023923,45.107731870841235,46.401463109068573,47.514090166427195,49.015358233824372,50.656486933119595,52.232784506864846,54.510683634318411,56.299575783312321,59.456842930987477,61.669572806917131
0.73204812231664451,38.485668385401368,38.31604556646198,38.619632200803608,38.655532843433321,39.074410082306713,39.184727339539677,39.715509616304189,40.213471442461014,40.344923817086965,41.147279741242528,41.512843817472458,42.497128548100591,43.129876260180026,44.231242580339313,45.107790376525372,46.401523882523179,47.51415226701647,49.015424775891006,50.656551987864077,52.232856271788478,54.510761466808617,56.299653983674943,59.456928526982665,61.669663701206446
0.73204818473275801,38.48573128413409,38.316103243734688,38.619691848754883,38.655591521412134,39.074467488564551,39.184785108081996,39.715562830679119,40.213519141543657,40.344981462229043,41.147331512533128,41.512892637401819,42.49718470685184,43.129935777746141,44.231305154971778,45.107848364859819,46.401580953970551,47.514214121736586,49.015485174953938,50.656615854240954,52.232926856726408,54.510830941610038,56.299731248058379,59.457010664045811,61.669752491638064
0.7320482456980687,38.485785610973835,38.316155520733446,38.619745064526796,38.65564517583698,39.074521347880363,39.184842119459063,39.715621336828917,40.213571559637785,40.345031837467104,41.147386870812625,41.512948558200151,42.497239479795098,43.129987448919564,44.231356569565833,45.107907420955598,46.40164028480649,47.514269227162004,49.015546421520412,50.656678176485002,52.232992466539145,54.510899428278208,56.299805742688477,59.457088872790337,61.669843574985862
0.73204830524629927,38.485838253051043,38.316210171207786,38.619801199994981,38.655701932031661,39.074575384147465,39.184890926349908,39.715670905541629,40.213615810032934,40.345082299783826,41.147438355255872,41.513001010287553,42.497291729785502,43.130036428105086,44.231413458008319,45.107959138695151,46.401698014698923,47.514329696074128,49.015607861801982,50.656736448407173,52.23305768892169,54.510970642790198,56.299879320897162,59.45716995280236,61.669919584877789
0.73204836341038837,38.485892736818641,38.316264095716178,38.619852156378329,38.655756036750972,39.074624189641327,39.184941565617919,39.715724113862962,40.21366532240063,40.345135694835335,41.147487807553262,41.513052082620561,42.497338988352567,43.13008854072541,44.231464193668216,45.108015093952417,46.401749986223876,47.514384255744517,49.015664243139327,50.656800094991922,52.233121326193213,54.511042992584407,56.299952154047787,59.457245673984289,61.670011814683676
0.73204842022250893,38.485950261820108,38.31631523091346,38.619906254578382,38.65580396912992,39.074675623793155,39.184992217924446,39.715775420423597,40.213710494805127,40.3451814414002,41.14753980608657,41.513100422918797,42.497390036936849,43.13014207361266,44.231512191239744,45.108064817264676,46.401803742162883,47.514435752294958,49.015723064541817,50.656860070303082,52.233179545029998,54.511102422140539,56.300023367628455,59.457325820811093,61.67008582688868
0.73204847571408616,38.485996345989406,38.316368283238262,38.619959450792521,38.655852589290589,39.074725292157382,39.185042514000088,39.715818962547928,40.213756509125233,40.345231669954956,41.147585658822209,41.51314462069422,42.497436679434031,43.130188637413085,44.231563996523619,45.108114501461387,46.401854929514229,47.51449238974601,49.015782535076141,50.656916410662234,52.233243571594357,54.511170116253197,56.300086041912436,59.457397873513401,61.670163722708821
0.73204852991581504,38.48605068679899,38.31641379930079,38.620006257668138,38.655897913966328,39.074775043874979,39.185092452447861,39.715869561303407,40.213799104094505,40.345277294516563,41.147633421700448,41.513193826656789,42.497485848143697,43.130240672267973,44.231618533842266,45.108163543976843,46.401905188336968,47.514544291421771,49.015833407640457,50.656974262557924,52.233302711509168,54.511230687610805,56.30015336535871,59.457472373731434,61.670241768471897
0.7320485828576766,38.486097563523799,38.316461151465774,38.620053182821721,38.655948183964938,39.074820270761847,39.185138805769384,39.715917735360563,40.213841309770942,40.345321943983436,41.147679896093905,41.51324244774878,42.497534970752895,43.130284919869155,44.231662875507027,45.108215038664639,46.401954638771713,47.514596175402403,49.015881980769336,50.657030214555562,52.23336167819798,54.511297129094601,56.300221440382302,59.457540954463184,61.670310433954
0.7320486345689553,38.486146330833435,38.316512343008071,38.620104574132711,38.655994109809399,39.074868024326861,39.18518611881882,39.715962950605899,40.213886148296297,40.34536950616166,41.147725013550371,41.513284401968122,42.497578899841756,43.130328758154064,44.231710188556463,45.108261730521917,46.402004062198102,47.514644571579993,49.015938687138259,50.657088787294924,52.233417340554297,54.511354139074683,56.300282971002162,59.457607778720558,61.670389090664685
0.73204868507825493,38.486191316042095,38.316556783393025,38.620147160254419,38.656036498956382,39.074911664240062,39.185228851623833,39.716008137911558,40.213925610296428,40.345410014968365,41.147768306080252,41.513326564338058,42.49762498633936,43.130374315194786,44.23175623966381,45.108303811401129,46.402055033482611,47.514692646451294,49.015985309146345,50.65713907033205,52.233470194041729,54.511410477571189,56.300341201946139,59.457670724019408,61.670457182452083
0.73204873441351437,38.486242467071861,38.316605813801289,38.620193744078279,38.656085942406207,39.074957430828363,39.185272788628936,39.716049578040838,40.213965540286154,40.345454496331513,41.147807241417468,41.513370464090258,42.497667194809765,43.130418005865067,44.231798544991761,45.108348638284951,46.402099036611617,47.514738589525223,49.016037710942328,50.65719299018383,52.23352656327188,54.511463679373264,56.300407813861966,59.457738593220711,61.670526503585279
0.732048782602023,38.486286982893944,38.31664479477331,38.620239495299757,38.65612994832918,39.075002042576671,39.185317548923194,39.716089888941497,40.214006549213082,40.345497262198478,41.147854233626276,41.51341426698491,42.497707603499293,43.130460707936436,44.231846801936626,45.108389375731349,46.402142584323883,47.514786943793297,49.016082162037492,50.657240372151136,52.233578414656222,54.511522266082466,56.300464039668441,59.457801096141338,61.670599793083966
0.73204882967043594,38.486328224185854,38.316689321305603,38.620280940551311,38.656170832458884,39.07504024496302,39.185356777627021,39.716132823843509,40.214045341126621,40.345534863416106,41.147892623674124,41.51345377182588,42.497748719528317,43.130501895211637,44.231884970795363,45.108435709029436,46.402187489904463,47.514832789078355,49.016132077202201,50.657290305010974,52.233629185706377,54.511578218080103,56.300524700433016,59.457866171374917,61.670661818236113
0.73204887564478882,38.486369344871491,38.316735211294144,38.620323444250971,38.656210969667882,39.075079823844135,39.185398633126169,39.716173141729087,40.214083087164909,40.345577213447541,41.147936969995499,41.513495525345206,42.497790188062936,43.130542802624404,44.23192777717486,45.108476208988577,46.402234118431807,47.514873122796416,49.016176641918719,50.657332486473024,52.23368379753083,54.511635286733508,56.300577577203512,59.457923248410225,61.670728887431324
0.73204892055051185,38.486416387371719,38.316775647457689,38.620363073423505,38.656254207715392,39.075124032329768,39.1854377835989,39.716213823761791,40.214118504431099,40.34561371197924,41.147973648272455,41.513534734025598,42.497827058658004,43.130584311205894,44.231968524400145,45.108518068213016,46.402278432622552,47.514917292632163,49.016219945624471,50.657385483384132,52.233729197643697,54.511685920879245,56.300630281679332,59.45798415876925,61.670794344507158
0.73204896441244449,38.486453181598336,38.316816594917327,38.620407828595489,38.656292445957661,39.075162362772971,39.185479481238872,39.716256334446371,40.214154900051653,40.345650707837194,41.148009958211333,41.5135732954368,42.497872661333531,43.130620898213238,44.232006247155368,45.108556520659477,46.402322069741786,47.514957063831389,49.016270400956273,50.657425318844616,52.233782744966447,54.511734095402062,56.300689408555627,59.458039816468954,61.670859422534704
0.73204900725484845,38.486500210128725,38.316851183772087,38.620443749241531,38.65632923040539,39.075200407300144,39.185515935532749,39.716290462762117,40.214189355727285,40.345690316986293,41.148048240225762,41.513606431894004,42.497904118616134,43.130655827000737,44.232048512902111,45.108596594072878,46.40235694590956,47.515000455081463,49.01630771998316,50.657472681254148,52.233822735957801,54.511782012879848,56.300743005238473,59.458099361509085,61.670912641100585
0.73204904910142188,38.486532115843147,38.316892334725708,38.62048909207806,38.656365293078125,39.07523485366255,39.185553367249668,39.716326912399381,40.214223721064627,40.345724324695766,41.148085245862603,41.513643175829202,42.497940419241786,43.130693516228348,44.232084977440536,45.108634978532791,46.402393721044064,47.515039341524243,49.01634777430445,50.657517578452826,52.233873715624213,54.511830056086183,56.300788352265954,59.458154865540564,61.670967075973749
0.73204908997531182,38.486568410880864,38.31692761881277,38.620520523749292,38.656403953675181,39.075271505862474,39.185590364038944,39.716365576721728,40.214255641680211,40.345757978502661,41.148119032848626,41.513679716736078,42.497976270504296,43.130730915348977,44.232118715066463,45.108671663329005,46.402431809343398,47.515078618191183,49.016387646086514,50.657556869089603,52.233917009085417,54.511879194527864,56.300842695869505,59.458205498754978,61.671031801961362
0.7320491298991274,38.486608018632978,38.316964201163501,38.620556366164237,38.656439079903066,39.075307995546609,39.185627474449575,39.7163987737149,40.214290927164257,40.345794782508165,41.148153465706855,41.513714703265578,42.498009226284921,43.130765620619059,44.232156176120043,45.108712315559387,46.402474197559059,47.515115955844522,49.016431281343102,50.657600059174001,52.233962506987154,54.511922587640584,56.300887529738247,59.458259604871273,61.671083799563348
0.73204916889495208,38.486645980738103,38.317002927418798,38.620591146871448,38.656474556773901,39.075342277530581,39.185659022070467,39.716435079462826,40.214318821206689,40.34583103004843,41.148188959341496,41.513750976882875,42.49804811226204,43.130799761041999,44.232190190814435,45.108740832190961,46.402507038787007,47.515157108195126,49.016467763110995,50.657637903466821,52.234003539197147,54.511966984719038,56.300937875173986,59.45831021014601,61.67113840021193
0.73204920698435627,38.48667551483959,38.317037416156381,38.62062567146495,38.656511076260358,39.075381541159004,39.185695538762957,39.71646712673828,40.214353581424803,40.345859309658408,41.148219699040055,41.513783466536552,42.498081255238503,43.130831592716277,44.232225283514708,45.108778152614832,46.402544501237571,47.515193160623312,49.016505714505911,50.657680198550224,52.234046287834644,54.512017054483294,56.300985086709261,59.458361183293164,61.671193938702345
0.73204924418840889,38.486712276004255,38.317072475329041,38.620662119239569,38.656538125127554,39.075408900622278,39.185729054734111,39.71650106459856,40.214380672667176,40.345892063807696,41.148255520965904,41.513812919612974,42.498111798427999,43.130868144799024,44.232258982490748,45.108810007572174,46.402577871456742,47.515229878015816,49.016544121317565,50.657723234035075,52.234083876945078,54.512058488093317,56.301028918474913,59.45841086935252,61.671245097182691
0.73204928052768881,38.486747735179961,38.317101101391017,38.620693793985993,38.656573507934809,39.075445228721946,39.185761783272028,39.716530459932983,40.214412141125649,40.345926322042942,41.148288963828236,41.513844276312739,42.498144561890513,43.130900846794248,44.232294743414968,45.108846326358616,46.402613184414804,47.515263367444277,49.016582011245191,50.657760146073997,52.234127813018858,54.512097025290132,56.30107487924397,59.458456209860742,61.671294057741761
0.73204931602229706,38.486780901905149,38.317135128192604,38.620726353954524,38.656607736367732,39.075472496449947,39.18579442659393,39.716567363590002,40.214438338298351,40.345953007228673,41.148317204322666,41.513876202981919,42.498175697401166,43.130931474734098,44.232325043994933,45.108880964573473,46.402645613066852,47.515295369550586,49.016617154702544,50.657794264145195,52.234165284782648,54.512144051492214,56.301116453483701,59.458504438400269,61.67134615033865
0.73204935069186716,38.486811389215291,38.317168132402003,38.620761875528842,38.656637658830732,39.075505735818297,39.185820211656392,39.716592909302562,40.214469202794135,40.345984363928437,41.148343778215349,41.513905421365052,42.498204685747623,43.130960670299828,44.232356011867523,45.108907455112785,46.40267965849489,47.515330526977777,49.016652415506542,50.657831962220371,52.234203024767339,54.51217629481107,56.301161285489798,59.458555058576167,61.671396026387811
0.73204938455557644,38.486843411345035,38.317200757563114,38.62079232186079,38.656668713781983,39.075533270835876,39.185853736940771,39.716626861598343,40.214497786480933,40.346015126910061,41.148375657852739,41.513932378496975,42.49823521124199,43.130991014186293,44.232387297321111,45.108938473742455,46.402713378891349,47.515360183082521,49.016686937771738,50.657868717797101,52.234239304438233,54.512220974080265,56.301206277683377,59.458593741990626,61.671445510350168
0.73204941763215614,38.486876762006432,38.317227377556264,38.620820062700659,38.656694162171334,39.075565178412944,39.185882580000907,39.71665130276233,40.214526292867959,40.346041854005307,41.148407598957419,41.513962730765343,42.498262964654714,43.13101780321449,44.232416266109794,45.108970466069877,46.402743267826736,47.515394043177366,49.016715478152037,50.657899468205869,52.234280271455646,54.512258687056601,56.301243092864752,59.458640264347196,61.671488302759826
0.73204944993990251,38.486910617910326,38.317260619718581,38.620853793341666,38.656724340748042,39.075595784466714,39.18591038370505,39.716684490907937,40.214552323333919,40.346070277970284,41.14843535143882,41.513990484643728,42.498291799332947,43.131047383416444,44.232447711750865,45.109002126846462,46.402773641981184,47.515420855954289,49.016752464696765,50.657933793962002,52.234310428611934,54.512293562293053,56.301282136701047,59.458679431118071,61.671540703624487
0.73204948149668636,38.486937056295574,38.317286823876202,38.62087880494073,38.656754721421748,39.07562177721411,39.185938338749111,39.716712350491434,40.214574553072453,40.346098084002733,41.148458478040993,41.514016799628735,42.498320072423667,43.131077950820327,44.232474968768656,45.109029926825315,46.402802241966128,47.515450983308256,49.016780026257038,50.657966771163046,52.234350484795868,54.512330699712038,56.301318546757102,59.458720290102065,61.67158152256161
0.73204951231996296,38.486961675807834,38.317322387360036,38.620906206779182,38.656783039215952,39.075646175071597,39.185967434197664,39.716734367888421,40.21459881355986,40.346122745424509,41.148485149256885,41.514044404495507,42.498349900823087,43.131103975698352,44.232506253756583,45.109053544234484,46.402834782376885,47.515486798249185,49.016809376887977,50.657997341826558,52.234384353272617,54.512369464151561,56.301356672309339,59.458763032220304,61.67162695620209
0.73204954242678211,38.486989011988044,38.317344162147492,38.62093510478735,38.656806621700525,39.075677554123104,39.185997891705483,39.716760410461575,40.214621336665004,40.346148140728474,41.148513593710959,41.514070310164243,42.498374594375491,43.131128280423582,44.232532365247607,45.109083106741309,46.402864835225046,47.515511760488153,49.016840894706547,50.658031467348337,52.234417978674173,54.512399535626173,56.301393031142652,59.458802618086338,61.67166499607265
0.73204957183379704,38.487018446903676,38.317369686905295,38.62096498766914,38.656835886184126,39.075702397152781,39.186018642038107,39.7167883454822,40.214649889152497,40.346176652703434,41.148541466798633,41.514098680578172,42.498397110030055,43.131158252712339,44.232559307012707,45.109112185891718,46.402888464741409,47.515543151646852,49.016870074905455,50.65806045383215,52.234446828253567,54.512435365468264,56.301432508043945,59.458842883817852,61.671704958193004
0.73204960055727408,38.487043612636626,38.317398033570498,38.620988938957453,38.656861006747931,39.075728797353804,39.186044634319842,39.71681357268244,40.214670228306204,40.346199528314173,41.148564194329083,41.514118942897767,42.498424732126296,43.131181305740029,44.23258199589327,45.109137764200568,46.402915630489588,47.515567840076983,49.016899835318327,50.658094043843448,52.234479248523712,54.51247117575258,56.301463487558067,59.458884536288679,61.671747726388276
0.73204962861310152,38.487070477101952,38.317421824671328,38.621013174299151,38.656886106356978,39.075751713011414,39.186072182375938,39.716841532848775,40.21469397097826,40.346226511988789,41.148585293907672,41.514147339388728,42.498446466866881,43.131208272185177,44.23260855814442,45.109164082910866,46.40294211730361,47.515595116652548,49.016932177357376,50.658122083172202,52.234508590772748,54.512501086108387,56.301502952352166,59.458915329538286,61.671790494583547
0.73204965601679806,38.487097160890698,38.317444483749568,38.621039007324725,38.656911570578814,39.075776860583574,39.186094851233065,39.716862370725721,40.214715726207942,40.346249750349671,41.148610548581928,41.514169164467603,42.498476594686508,43.131229930091649,44.23263148823753,45.10918796621263,46.402966771274805,47.515623955987394,49.016955817118287,50.658152765594423,52.234541111625731,54.512530990876257,56.301534672267735,59.458954229950905,61.671825181692839
0.732049682783522,38.487122551072389,38.317475725896657,38.621065091807395,38.656934855040163,39.075797940138727,39.186116368044168,39.716887564398348,40.214742477051914,40.346268877387047,41.148635454010218,41.514193381648511,42.498495412990451,43.131254769396037,44.232657973188907,45.109214303549379,46.402992243878543,47.515647697262466,49.01698206923902,50.658179097808897,52.23456796631217,54.512558552436531,56.301564452238381,59.458988476544619,61.67186174262315
0.73204970892807919,38.487146890722215,38.317494294140488,38.621087027247995,38.656956633087248,39.07582400040701,39.186140188481659,39.716908629052341,40.214759778697044,40.346293096896261,41.148656588047743,41.514213554561138,42.49852063274011,43.131275255698711,44.232679458335042,45.109237421303988,46.403018155135214,47.515672081150115,49.017010260373354,50.65820634458214,52.234598319046199,54.512591529637575,56.301602704450488,59.459020674228668,61.671897310763597
0.73204973446493116,38.487172028981149,38.317517906427383,38.621111674234271,38.656980863306671,39.075847255066037,39.18616467481479,39.716933263000101,40.214780977927148,40.346312888432294,41.148677879944444,41.514236267656088,42.498542397283018,43.131299461238086,44.232705695554614,45.10925540048629,46.403040289878845,47.515699749812484,49.017037735320628,50.658230913802981,52.234624305739999,54.51262207981199,56.301629479974508,59.459053738042712,61.671942153945565
0.73204975940820338,38.487191210500896,38.317544286604971,38.621136382222176,38.657002899795771,39.075868121348321,39.186184489168227,39.716953592374921,40.214802644215524,40.346334722824395,41.148701092228293,41.514263437595218,42.498564460780472,43.131321898661554,44.232726394198835,45.109278355259448,46.403065566904843,47.515722183510661,49.017056562006474,50.658256714232266,52.234648734331131,54.51265417970717,56.301659740507603,59.459090986289084,61.67197151761502
0.73204978377169327,38.487215168774128,38.317559660878032,38.62115659750998,38.657026187516749,39.07588977413252,39.186210476327688,39.716973459813744,40.214820805005729,40.346360878553241,41.148722484242171,41.514279002789408,42.498584862332791,43.131342418957502,44.232749992981553,45.109308124054223,46.403088243678212,47.515744842588902,49.017085426487029,50.658281335607171,52.234679862856865,54.512684188783169,56.301692666485906,59.459123399108648,61.672002419829369
0.73204980756887716,38.487236252985895,38.317586364690214,38.62117986055091,38.657044064253569,39.075913559645414,39.186230036895722,39.716995510738343,40.21483891364187,40.346379402559251,41.148741972167045,41.514304936397821,42.498607440851629,43.131361113395542,44.232770792208612,45.109324393328279,46.403108128346503,47.515769371762872,49.017105496488512,50.658307557925582,52.234703478403389,54.512705432251096,56.301719820126891,59.459151768125594,61.672038547694683
0.73205180756887722,38.489102328196168,38.319418941624463,38.623014942742884,38.658844536636025,39.077691224869341,39.188011992257088,39.718758814968169,40.216465862002224,40.348101326264441,41.150474931113422,41.516029733698815,42.500355946831405,43.133125245571136,44.234580639749765,45.111146896611899,46.404995870776474,47.517684930935502,49.019105612300336,50.660391796380281,52.236897573806345,54.515017619356513,56.304172837175429,59.461792348884046,61.674857671372592
0.73205183136606111,38.489119707606733,38.319441033527255,38.623033975251019,38.65886317146942,39.077710214536637,39.188028877601027,39.718780661933124,40.216485926415771,40.348122715950012,41.150498205795884,41.516050661914051,42.500376387964934,43.133148370776325,44.234601748175919,45.111163776833564,46.405013725161552,47.517708637751639,49.019126944243908,50.66042139288038,52.236923943273723,54.515046628192067,56.304199453443289,59.461820673197508,61.674887910485268
0.732051855729551,38.489141489379108,38.319463763851672,38.623056039679796,38.658884281758219,39.077733532059938,39.188051939476281,39.718802087940276,40.216507570352405,40.348140999674797,41.150517735164613,41.516071204096079,42.500400591176003,43.13316844496876,44.234623722266406,45.11118802940473,46.405039030127227,47.517732284963131,49.019153460860252,50.660443040542305,52.236948734149337,54.515075216069818,56.304232686758041,59.46185715124011,61.674922976642847
0.73205188067282323,38.489168165251613,38.319484364707023,38.623085847590119,38.658907241653651,39.077757270075381,39.188075349666178,39.718824720475823,40.216529878787696,40.348163444083184,41.150540210772306,41.516095519065857,42.500419963151217,43.133188422303647,44.23464467888698,45.111207992769778,46.405061629600823,47.51775364857167,49.019175576046109,50.660472800955176,52.236974848434329,54.515102403238416,56.304265895858407,59.461894935928285,61.674956533126533
0.7320519062096752,38.489190706051886,38.319507712498307,38.623102392535657,38.65892947698012,39.07777949841693,39.188097557518631,39.718845301307738,40.216548031195998,40.34818847803399,41.150565689895302,41.51611640676856,42.500443655997515,43.133214545901865,44.234670393634588,45.111230992246419,46.405085305683315,47.517780864611268,49.019202956929803,50.660500469617546,52.237006179057062,54.515131773427129,56.304295700974762,59.461922880262136,61.674991678446531
0.73205193235423238,38.489213765598834,38.319529700092971,38.623131053522229,38.658954784274101,39.077799947932363,39.188121498096734,39.718867975287139,40.216567112598568,40.348210298456252,41.150584511458874,41.516135053709149,42.500464289449155,43.133240069262683,44.234690193086863,45.111255967058241,46.405108127743006,47.517801296897233,49.0192258246243,50.660527086816728,52.237034448422492,54.515161340124905,56.304321544244885,59.461954058147967,61.67503047734499
0.73205195912095633,38.489237015601248,38.319556170143187,38.623150686733425,38.658975999802351,39.077825807500631,39.188144993036985,39.718892292585224,40.216589302290231,40.34823047881946,41.150608186144382,41.516163746826351,42.500491907354444,43.133258967660367,44.234716552775353,45.111281041055918,46.40513464063406,47.517827963456511,49.019254272803664,50.660554280504584,52.237063675187528,54.515189061872661,56.304356466047466,59.461992824450135,61.675068892538548
0.73205198652465286,38.48926515923813,38.319582604803145,38.623176231514663,38.659001004882157,39.077852248679847,39.188169777859002,39.718915653415024,40.21661058999598,40.348254341632128,41.150632864329964,41.516185076441616,42.500514249317348,43.133284867741168,44.234740910120308,45.111306795384735,46.40516109764576,47.517855631187558,49.019279669038951,50.660582044161856,52.237090068869293,54.515223017893732,56.304396525025368,59.462028820998967,61.675108507275581
0.7320520145804803,38.489289967808872,38.319609145633876,38.623205334879458,38.659026549663395,39.077876699157059,39.188195817638189,39.718940685503185,40.216635588556528,40.348276454955339,41.150655712466687,41.516210763249546,42.50053574051708,43.133309415075928,44.234770053531975,45.111333062406629,46.405185410752892,47.517882193438709,49.019315905869007,50.660613003186882,52.237126515246928,54.515251851640642,56.304422213695943,59.462067738175392,61.675147053785622
0.73205204330395734,38.489319352898747,38.319636262953281,38.623230643104762,38.659050094429404,39.077898900955915,39.1882214974612,39.718967250082642,40.216658695600927,40.348305248189718,41.150680358987302,41.516235711518675,42.500564008485526,43.133335650432855,44.234794181771576,45.111356408335268,46.405215813778341,47.517908815294504,49.019337376579642,50.660645805299282,52.237154101021588,54.515288937836885,56.304456249810755,59.46209960244596,61.675182453356683
0.73205207271097228,38.489343389403075,38.319663694594055,38.62325506657362,38.659077339340001,39.077928475104272,39.188246155623347,39.71900104964152,40.216683238744736,40.348327409010381,41.150706930551678,41.516258013900369,42.500587682239711,43.133357612881809,44.234821917954832,45.111381585709751,46.405241926200688,47.5179388159886,49.019365889020264,50.660673286765814,52.237183139659464,54.515320414677262,56.304495114833117,59.462141723372042,61.675228498876095
0.73205210281779143,38.489372439216822,38.319689100142568,38.623282983433455,38.659107962623239,39.077958148438483,39.188272753264755,39.719018674455583,40.216710686217993,40.348356424830854,41.150732699315995,41.516283395700157,42.500614614691585,43.133382075466216,44.234847399406135,45.111412509344518,46.405271414667368,47.517968369647861,49.01939956843853,50.660706026479602,52.237220466136932,54.515356311574578,56.304532388225198,59.462184466421604,61.675271118059754
0.73205213364106803,38.489399084821343,38.319718367420137,38.623311384581029,38.659132112748921,39.077980963978916,39.188299883157015,39.719045903533697,40.216728333383799,40.348378934431821,41.150761441793293,41.516311653889716,42.500641570426524,43.133411793969572,44.234876082744449,45.111439098604023,46.40529749635607,47.517994629219174,49.019428973086178,50.660738761536777,52.237251862883568,54.515392732806504,56.304572778753936,59.462222659960389,61.675316614098847
0.73205216519785188,38.48943188181147,38.319745012093335,38.623339249752462,38.659161375835538,39.078011565841734,39.188326191157103,39.719074373133481,40.21675616549328,40.348407872952521,41.150784000754356,41.516337133944035,42.500668319407851,43.133440960664302,44.234902235213667,45.111467554233968,46.405326328240335,47.518027586862445,49.019461517222226,50.660767843015492,52.237284140661359,54.515432479791343,56.304608963429928,59.462263057939708,61.675360498018563
0.73205219750559825,38.489458790514618,38.319777102209628,38.623374215792865,38.659191474318504,39.078039911575615,39.188358638901263,39.719103949144483,40.216785200871527,40.348436858970672,41.150813875719905,41.516364595387131,42.500695440452546,43.133470477536321,44.234931734390557,45.111498585436493,46.405359740369022,47.518057418987155,49.019494869746268,50.660800170153379,52.237322175875306,54.515467522665858,56.304654935374856,59.462306519970298,61.675402035005391
0.73205223058217794,38.489491796586663,38.319805333390832,38.62340522184968,38.659219782333821,39.078066619578749,39.188387993723154,39.71913236239925,40.216810788493603,40.348465638235211,41.150847907178104,41.5163953169249,42.500730854459107,43.133501753211021,44.234964247792959,45.111527908127755,46.40539200976491,47.518086108379066,49.019526267424226,50.660835112445056,52.237359112128615,54.515501406975091,56.304690844379365,59.462343703955412,61.675452795810997
0.73205226444588722,38.489522308111191,38.319837231189013,38.623432947788388,38.659250448457897,39.07809959538281,39.188415474258363,39.719162042718381,40.216835785657167,40.348495732992887,41.150871644262224,41.516426563262939,42.500757006462663,43.133526583667845,44.234992111567408,45.111559077631682,46.405422750860453,47.518118247389793,49.019560518674552,50.66086807101965,52.237400017678738,54.515547866001725,56.304736743681133,59.462392313405871,61.675499976612628
0.73205229911545733,38.489554221741855,38.319869237486273,38.623463599942625,38.659285177476704,39.078131274320185,39.188445299398154,39.719188399147242,40.216867765877396,40.348523156251758,41.15090164123103,41.516454954631627,42.500785042066127,43.133559752255678,44.235022258013487,45.111586683429778,46.405454085208476,47.518152301199734,49.0195965860039,50.660907007753849,52.237434837967157,54.515581621788442,56.304773890413344,59.462443266063929,61.675551759079099
0.73205233461006558,38.489592461846769,38.319898228626698,38.623496606945992,38.659313034266233,39.078162183053792,39.188480956945568,39.719222638290375,40.216892953030765,40.348552594892681,41.150932804681361,41.516484231688082,42.500819554086775,43.133588342461735,44.235052974894643,45.11162006482482,46.405490355566144,47.518187282606959,49.019632005132735,50.660943768918514,52.237474883906543,54.515624098479748,56.304820405319333,59.462485582567751,61.675595743581653
0.7320523709493455,38.489621585700661,38.319936209358275,38.623528931289911,38.659351768903434,39.078191543929279,39.188511339016259,39.71925811516121,40.216926877386868,40.348587712738663,41.150965619832277,41.516519462224096,42.500848625320941,43.133624506182969,44.23508974770084,45.11165686044842,46.405521489679813,47.518224256113172,49.019665591418743,50.660982915200293,52.237514033913612,54.515666265971959,56.304866290651262,59.462533261626959,61.675643783994019
0.73205240815339812,38.489660298451781,38.319970577489585,38.623562896158546,38.659379911608994,39.078224722761661,39.188545728102326,39.719291943125427,40.216953772585839,40.348616959061474,41.150996994692832,41.516551576554775,42.500881270971149,43.133657790720463,44.23512420989573,45.111687363591045,46.405557384714484,47.518257862888277,49.0197031525895,50.661024544388056,52.237554784864187,54.515711734071374,56.304911020211875,59.462578985840082,61.67570012062788
0.7320524462428023,38.489692419301718,38.320001405198127,38.623599210754037,38.659418554976583,39.07826283806935,39.188580044079572,39.719323616474867,40.216985290404409,40.348652090877295,41.151033649686724,41.51658280659467,42.50091562513262,43.133692278526723,44.235155675094575,45.111723436973989,46.405593297444284,47.518291862681508,49.019741654396057,50.661061458289623,52.237595576792955,54.515752796083689,56.304948748089373,59.462628387846053,61.675756439566612
0.73205248523862698,38.489725578576326,38.32003759779036,38.623634754214436,38.659453718923032,39.07829525321722,39.188613537233323,39.719355138484389,40.217015842441469,40.348683946300298,41.151061138138175,41.516619158908725,42.500950435642153,43.133723206352443,44.23519463185221,45.11175920534879,46.405629550106823,47.518338204361498,49.019779780879617,50.661103533580899,52.237638222053647,54.515801832079887,56.30500288400799,59.462682622484863,61.675811036489904
0.73205252516244257,38.489761325065047,38.320075475610793,38.623673140536994,38.659486180637032,39.078331318683922,39.188649384304881,39.719393124338239,40.217048527207226,40.348721808288246,41.151098173577338,41.516651381272823,42.500983817502856,43.133757370524108,44.235229187645018,45.111795529257506,46.405671932734549,47.518371728248894,49.019817753694952,50.661140651442111,52.237684596329927,54.515842908062041,56.305053661577404,59.462738561443985,61.675867755897343
0.73205256603633251,38.489801527000964,38.320111075416207,38.623707621823996,38.659522427711636,39.078365480527282,39.188685584813356,39.719430030323565,40.217085537500679,40.348753019701689,41.151132902130485,41.516686791088432,42.501021570991725,43.133791012689471,44.235264647752047,45.111832891590893,46.405705812387168,47.51840643491596,49.019858675077558,50.66118897497654,52.237726002931595,54.515895183198154,56.305101608857512,59.462791968137026,61.67592016607523
0.73205260788290594,38.489845585543662,38.320150697603822,38.623749347869307,38.659561595413834,39.078404312953353,39.188719875644892,39.71946363709867,40.217118222732097,40.34879604075104,41.151169600430876,41.516719928011298,42.50106029259041,43.133828640915453,44.235303237568587,45.111866905819625,46.405747603625059,47.518450004979968,49.019898221828043,50.661228361539543,52.237774382345378,54.515941298566759,56.305151242762804,59.462842481210828,61.675986343063414
0.73205265072530989,38.489885501563549,38.320193733088672,38.623786633368582,38.659598202910274,39.078441618941724,39.188756711781025,39.719501299783587,40.217153682373464,40.348828902002424,41.151209462899715,41.516760272439569,42.501093813683838,43.133866338059306,44.235338429454714,45.111907640472054,46.405785501003265,47.518493547104299,49.019945438019931,50.661274344660342,52.237817860208452,54.515987572260201,56.305206600576639,59.462902836501598,61.676039698533714
0.73205269458724254,38.489922038745135,38.320232993923128,38.623823476955295,38.659636388067156,39.078483893536031,39.188797605223954,39.719538601115346,40.217188248876482,40.348864431492984,41.151244245935231,41.516799288801849,42.501134605612606,43.133905079215765,44.235380564816296,45.111948770005256,46.405828543007374,47.518531518056989,49.019991232082248,50.661321642808616,52.237870668061078,54.516042221337557,56.305254883132875,59.462956823408604,61.676101341843605
0.73205273949296557,38.489964445121586,38.320271091070026,38.623868997674435,38.659677468705922,39.078519026283175,39.188838026951998,39.719581403303891,40.217226441018283,40.3489057761617,41.151283062528819,41.516835896763951,42.501170406583697,43.133949822280556,44.235420241486281,45.111991479061544,46.405871285125613,47.518574923276901,49.020030327141285,50.661368587054312,52.237918826751411,54.516090054996312,56.305312317796052,59.463023382239044,61.676164638251066
0.73205278546731845,38.490006678272039,38.320315047632903,38.623909732792526,38.65971731254831,39.078560727182776,39.188883342780173,39.719619356095791,40.217258972115815,40.348943895660341,41.15132213383913,41.516875833272934,42.501213390845805,43.13398901745677,44.235466906800866,45.112031530123204,46.405914848670363,47.518618946895003,49.020078212022781,50.661413019523025,52.237969855777919,54.516147497110069,56.305368941277266,59.463078531436622,61.676233188249171
0.73205283253573139,38.490049698855728,38.320356846321374,38.623956757597625,38.659762644208968,39.078601729590446,39.188920327462256,39.719664731994271,40.21730179945007,40.348981550894678,41.151364440564066,41.516914553940296,42.501253705471754,43.134029569104314,44.235506793484092,45.112075567245483,46.405956981703639,47.518664205446839,49.02012293599546,50.661463947035372,52.23801938816905,54.516203939914703,56.305424874648452,59.463141643442214,61.676294096745551
0.73205288072424002,38.490097269881517,38.320399813819677,38.623997418675572,38.659806016366929,39.078645825851709,39.188966216985136,39.719703225418925,40.21734546078369,40.349024259950966,41.151408818550408,41.516957284417003,42.501296519767493,43.134072850458324,44.235549944452941,45.112117102835327,46.406004237942398,47.518711449578404,49.020171345211565,50.661513679660857,52.238074933178723,54.516254249960184,56.30548642296344,59.463212551549077,61.676363481208682
0.73205293005949945,38.490147243719548,38.320448610931635,38.624039537273347,38.659848051145673,39.078689705580473,39.189009926281869,39.719746255781502,40.217380337417126,40.349069769028574,41.151453126687557,41.516999812796712,42.501336802262813,43.134114468470216,44.235595380887389,45.112163217738271,46.406049280427396,47.518759644590318,49.020226987078786,50.661569311283529,52.238129652105272,54.516310543753207,56.305549419485033,59.463268715888262,61.676438181661069
0.73205298056879908,38.490189246833324,38.320494885090739,38.624088036362082,38.659893076866865,39.078735164832324,39.189055842347443,39.7197928535752,40.217420672997832,40.349111753515899,41.151492160279304,41.517045178450644,42.501382464542985,43.134160615503788,44.235639105550945,45.112207297701389,46.406102256849408,47.51880781725049,49.020272391848266,50.661619197577238,52.238183547742665,54.516372309997678,56.305610521696508,59.463334918022156,61.676508098840714
0.73205303228007779,38.490235157776624,38.320538516156375,38.624136234633625,38.659940452314913,39.07878635590896,39.189098316710442,39.719837055075914,40.217460551764816,40.349155830685049,41.151540782302618,41.517088398337364,42.501431724987924,43.134205016307533,44.23568787612021,45.112255502492189,46.406147341243923,47.518854382447898,49.020325248129666,50.661673167720437,52.238239908590913,54.516427353955805,56.305672938935459,59.463402001187205,61.676584720611572
0.73205308522193935,38.49028956471011,38.320589764975011,38.624183547217399,38.659990595653653,39.078826361335814,39.189146675635129,39.719882688019425,40.217505762819201,40.349199865013361,41.151587065774947,41.517136474139988,42.501474753487855,43.134250998031348,44.235734038986266,45.112306432332844,46.406196839176118,47.518909053876996,49.020375638268888,50.66172606125474,52.238299245946109,54.516494213603437,56.305739648640156,59.463469378650188,61.676652854308486
0.73205313942366823,38.490336855873466,38.32064026221633,38.624233985785395,38.660036746412516,39.078874793369323,39.189198390115052,39.719931569881737,40.217552585527301,40.349248084705323,41.151630564127117,41.517181610222906,42.501523117069155,43.134300824720412,44.235784369055182,45.112354167737067,46.406243734061718,47.518960632383823,49.020434540696442,50.661784457042813,52.238357704132795,54.516551706939936,56.305805386975408,59.463542745448649,61.676731091924012
0.73205319491524545,38.490389151498675,38.320688210893422,38.624284773133695,38.660084280651063,39.078926314599812,39.189243720844388,39.719982011709362,40.217594093643129,40.349294918123633,41.151679365430027,41.517229173332453,42.501572844572365,43.134351609274745,44.23583338689059,45.11240203352645,46.406297639012337,47.519012692384422,49.020488317124546,50.661844229325652,52.238416079431772,54.516617112793028,56.305870117619634,59.463626162149012,61.676809775643051
0.73205325172736602,38.490436646156013,38.320740999188274,38.624337658286095,38.660140797030181,39.078978783916682,39.189295568969101,39.720032561104745,40.21764174150303,40.349342261441052,41.1517294482328,41.51727773854509,42.501619012560695,43.134400992654264,44.23588404385373,45.112454600166529,46.406351109966636,47.519066923297942,49.020543095655739,50.661905953660607,52.238479857333004,54.516681749373674,56.305941977538168,59.463687220588326,61.676888326182961
0.73205330989145512,38.490499888081104,38.320795569103211,38.624389073811471,38.660187721718103,39.079031314700842,39.189344901591539,39.720083013176918,40.21768645895645,40.349394448567182,41.151780509855598,41.51732762157917,42.501672598067671,43.134446872863919,44.235934637021273,45.112509072292596,46.406405392102897,47.519122844561934,49.020602793432772,50.661962687969208,52.238542916253209,54.516747887246311,56.306013722904027,59.463770104572177,61.676969797350466
0.73205336943968569,38.490550849121064,38.320849485695362,38.624446612317115,38.660244670230895,39.079080883879215,39.18940157443285,39.720135711599141,40.217739990912378,40.349446416366845,41.151833178475499,41.51737865852192,42.501723860856146,43.13450060877949,44.235993895679712,45.112562240101397,46.406467310152948,47.519175925292075,49.020662267692387,50.662025670520961,52.238609818741679,54.516820359043777,56.306085700169206,59.463848073035479,61.677057618275285
0.73205343040499637,38.490610404405743,38.320907023735344,38.624501734972,38.660296293441206,39.079136183019727,39.189454755745828,39.720186335965991,40.217787991277874,40.349496962036937,41.151883858721703,41.517434281762689,42.5017771711573,43.134553791489452,44.236047768499702,45.112616085913032,46.406519893556833,47.519238517619669,49.020721268840134,50.662086138501763,52.238676001317799,54.516889960505068,56.306155969388783,59.463931452482939,61.677139603532851
0.73205349282110987,38.490665077231824,38.320962146390229,38.6245575286448,38.660356972832233,39.079193240497261,39.189514413941652,39.720242619514465,40.217835911083966,40.349551301449537,41.151938936207443,41.517485091462731,42.501835548784584,43.134610209148377,44.23610532283783,45.112672100774944,46.406576716341078,47.519295598380268,49.020780685357749,50.662154457531869,52.23874073382467,54.516961886547506,56.306238106451929,59.464009603485465,61.677229442633688
0.73205355672255112,38.490721270442009,38.321020653471351,38.62461676215753,38.660411233548075,39.079247415065765,39.189569118898362,39.720300902146846,40.217889858875424,40.349608791992068,41.151992472354323,41.517542566172779,42.501887559890747,43.134664200711995,44.236159826628864,45.112730685155839,46.406639209017158,47.519359616562724,49.020850066095591,50.662221063859761,52.238810981623828,54.517036994919181,56.306313731707633,59.46409699972719,61.677320087328553
0.73205362214466663,38.490783173125237,38.321077146567404,38.624680552165955,38.660467138979584,39.07930794917047,39.189622714649886,39.720356540754437,40.21794065926224,40.349660597741604,41.152047846466303,41.517599237617105,42.501947405748069,43.134722158778459,44.236218735575676,45.112792877480388,46.406701041385531,47.519423068501055,49.02091318834573,50.662287351675332,52.2388831442222,54.517113125883043,56.306395722553134,59.464180079288781,61.677408034913242
0.73205368912364432,38.490846742875874,38.321144064422697,38.62473882175982,38.660526462364942,39.079364523291588,39.189683883450925,39.720416394993663,40.217994535341859,40.349724160972983,41.152104408014566,41.517659707926214,42.502001969143748,43.13478175830096,44.236280474811792,45.112854277249426,46.40676587074995,47.519482353702188,49.020981316454709,50.662357865832746,52.238955888897181,54.517188679426908,56.306473480537534,59.464271882548928,61.677502162754536
0.73205375769653303,38.490910813678056,38.321206062566489,38.624802470672876,38.660588472615927,39.079425188712776,39.189744825474918,39.720479211304337,40.218055855482817,40.349780041724443,41.152169611304998,41.517720332369208,42.50206170976162,43.134845031891018,44.236342083662748,45.112917178776115,46.4068290181458,47.51954950299114,49.021048297174275,50.662430169992149,52.239034284837544,54.517267104238272,56.306561110541224,59.464360146783292,61.677602808922529
0.73205382790126339,38.490973175503314,38.321266569197178,38.624867666978389,38.660652908030897,39.079489161726087,39.18980969954282,39.720540042966604,40.218110211659223,40.349842928349972,41.152225410565734,41.517776772379875,42.502126167993993,43.13490648381412,44.236405867151916,45.112976681441069,46.406895884312689,47.51961609814316,49.021115069277585,50.662504135631025,52.23911127820611,54.517348046414554,56.306643729098141,59.464451636187732,61.677701720967889
0.73205389977666857,38.491041076369584,38.321334248408675,38.624930938705802,38.660717366728932,39.079550001304597,39.189869759138674,39.720601824577898,40.218171777203679,40.349900207016617,41.152293444145471,41.517839413136244,42.502187673002481,43.134967018384486,44.236471013631672,45.113046837039292,46.406965505331755,47.519685155712068,49.021191406063735,50.66257388330996,52.239190907217562,54.517431347630918,56.306741094216704,59.464548932388425,61.677802249789238
0.73205397336250611,38.491110616363585,38.321405159775168,38.624999093357474,38.66078442055732,39.079617070965469,39.189941059332341,39.720672096125782,40.218228904996067,40.349965485278517,41.15235188184306,41.517901690211147,42.50225432170555,43.135033024009317,44.236537115648389,45.113111817743629,46.407033197581768,47.51975785382092,49.021262135356665,50.662653301842511,52.239266649819911,54.517520598135889,56.306825861334801,59.464644292369485,61.677905350923538
0.73205404869947921,38.491187476553023,38.321470820810646,38.625066876411438,38.660851640626788,39.079685771837831,39.190001633018255,39.720730646979064,40.218291726429015,40.350032178685069,41.152417643927038,41.517970066517591,42.502318933606148,43.135099617298692,44.236607776023448,45.113177551422268,46.407098995521665,47.519829741679132,49.0213384302333,50.662731487303972,52.239350656978786,54.517610928975046,56.306915082968771,59.46474440023303,61.67801467794925
0.73205412582926022,38.491255704779178,38.321540772449225,38.625139189884067,38.660921320784837,39.079754137899727,39.190073249861598,39.720802991650999,40.218353016767651,40.350095206405967,41.152487445157021,41.518036470282823,42.502390021923929,43.135169335175306,44.236676855012774,45.113249487709254,46.407176678068936,47.519902620464563,49.02141572907567,50.662811460904777,52.239433849230409,54.517690818756819,56.307009232230484,59.464845086447895,61.678118467330933
0.73205420479451278,38.491327445488423,38.321611707564443,38.625212210696191,38.660988568328321,39.079824046231806,39.190144894178957,39.720873625017703,40.218415345065296,40.350162382237613,41.152554566971958,41.518101945519447,42.502452873624861,43.135236343834549,44.236746977083385,45.113320299424231,46.407249540090561,47.519978842698038,49.021496600471437,50.662896410562098,52.239521932788193,54.517781360074878,56.307109926827252,59.464956015348434,61.678232536651194
0.73205428563891595,38.491400115191936,38.321685446891934,38.625283641275018,38.661064036656171,39.079898029565811,39.190215468406677,39.720940025988966,40.218482092022896,40.35023189894855,41.152622629888356,41.518172727897763,42.50252527045086,43.135309629142284,44.236822955776006,45.113394650630653,46.407325066626072,47.52005765773356,49.021574949845672,50.662983305752277,52.239608871750534,54.517873550765216,56.307211078703403,59.465058832429349,61.67834366671741
0.73205436840718829,38.491479703690857,38.321761508006603,38.625359906814992,38.661136907525361,39.079971777740866,39.19028803659603,39.721016310621053,40.218547175172716,40.350303679704666,41.152697664685547,41.51824550377205,42.502599852625281,43.135381063912064,44.236895948182791,45.113472598604858,46.40740224532783,47.520136571489275,49.021659611724317,50.663065327331424,52.239701051265001,54.517970843240619,56.307306418195367,59.465175441466272,61.678460756316781
0.73205445314511242,38.49155760416761,38.321843112818897,38.625436062458903,38.661215582396835,39.080047474708408,39.190365329850465,39.721087988000363,40.218617329839617,40.350376979447901,41.15277199447155,41.518321219831705,42.502673479262739,43.135455297771841,44.236972040496767,45.11354524968192,46.407480474561453,47.520221689715981,49.021741234697402,50.663158511742949,52.239795506000519,54.518069736659527,56.307414011098444,59.465280926786363,61.678579682484269
0.7320545398995606,38.491639280691743,38.321917633526027,38.625516362022609,38.661291864234954,39.08012180775404,39.190440859645605,39.721164109650999,40.218685540836304,40.350451888516545,41.152845851611346,41.518393616192043,42.502749572973698,43.135534916538745,44.237047691829503,45.113627540878952,46.407565161585808,47.52029939647764,49.021833897568285,50.663243610411882,52.239892633631825,54.518168797716498,56.307518523186445,59.465400003828108,61.678700631484389
0.73205462871852023,38.491718248929828,38.322000612970442,38.62559956451878,38.661369964946061,39.080201561562717,39.190520483534783,39.721247982699424,40.218759339302778,40.350533745717257,41.15292235603556,41.518474899698049,42.502823317423463,43.135609086602926,44.237129897810519,45.113706889562309,46.407647665590048,47.520382921211421,49.021920582279563,50.663336941041052,52.239984109066427,54.518276511691511,56.307627696543932,59.46550807915628,61.678825281560421
0.73205471965112101,38.491807809565216,38.322082522790879,38.62568366387859,38.661449460778385,39.080279727466404,39.190600737929344,39.721325430553406,40.218832244165242,40.350611011032015,41.153000049758703,41.518548761494458,42.502904714550823,43.135690663009882,44.237212194595486,45.113788112532347,46.407737757079303,47.520472466945648,49.022004660218954,50.663434006273746,52.240083660930395,54.518373742699623,56.30773938447237,59.46562759578228,61.678952058777213
0.7320548127476616,38.491892219055444,38.322169461753219,38.625767959747463,38.66153863305226,39.080366201233119,39.190687144175172,39.721404458861798,40.218908315058798,40.350687683094293,41.153080948628485,41.518629188649356,42.502984422724694,43.13577131042257,44.237296629697084,45.113873913884163,46.407821174710989,47.520559447817504,49.022097330540419,50.663529363460839,52.240186374634504,54.518484785221517,56.307852860540152,59.465748194605112,61.679087147116661
0.73205490805963769,38.491980026941746,38.322259086184204,38.62585834460333,38.661620913539082,39.080449323169887,39.190769022796303,39.721489681396633,40.218986919149756,40.350769366137683,41.15316704288125,41.518711151089519,42.503070564009249,43.135856555309147,44.237380742561072,45.113961060997099,46.407912155613303,47.520649504847825,49.022192048840225,50.66362919844687,52.240292735397816,54.518592993728817,56.307968868874013,59.465873951092362,61.679215399548411
0.73205500563977033,38.492073322180659,38.322345098014921,38.625945101492107,38.661709884181619,39.080535590648651,39.190853994805366,39.721574016381055,40.219067396596074,40.350855334661901,41.15324764046818,41.518797534517944,42.503155914135277,43.135940726380795,44.237469230778515,45.114046599250287,46.408001606352627,47.520742575637996,49.022293717600405,50.663731410168111,52.240401222370565,54.518708577379584,56.308091066777706,59.466006051748991,61.679360652342439
0.73205510554203546,38.492172847967595,38.322435598820448,38.626035963185132,38.661799143534154,39.080623269081116,39.190944234840572,39.721664614509791,40.21914388332516,40.350937350187451,41.1533348322846,41.518883600831032,42.503244964871556,43.13602928398177,44.23755865264684,45.114140374585986,46.408095424994826,47.520842030644417,49.022389767691493,50.663834095932543,52.240509913302958,54.518823782913387,56.308215716853738,59.466136406175792,61.679498235695064
0.73205520782169309,38.492257273755968,38.322530943900347,38.626129884738475,38.661891212221235,39.08071818202734,39.191034839022905,39.721753754653037,40.219232123810798,40.351030573248863,41.153428636025637,41.518970893230289,42.503340845461935,43.136122122872621,44.237654524855316,45.114231590181589,46.408191157504916,47.520941566675901,49.022499406710267,50.663938185200095,52.240623967722058,54.518942341208458,56.308335688896477,59.466270609758794,61.679641549475491
0.73205531253531853,38.492357398383319,38.322626771871001,38.626229268498719,38.661985408514738,39.080808359663934,39.191127249971032,39.721846718806773,40.219313251320273,40.35111939907074,41.153513948898762,41.519062453415245,42.503419751301408,43.136211734265089,44.237745403312147,45.114329425618052,46.408288536593318,47.521035741083324,49.022600541822612,50.664051920175552,52.240734584629536,54.519059139303863,56.30846388451755,59.466406889259815,61.679790333844721
0.73205541974083344,38.492457379121333,38.322723307646811,38.626324263866991,38.662079705391079,39.080904242116958,39.19122340483591,39.721943455282599,40.219403649680316,40.351212355308235,41.153605442494154,41.519154450390488,42.503520249389112,43.136306155472994,44.23784488113597,45.114422033540905,46.408395453356206,47.521140727214515,49.022705708630383,50.664161122404039,52.240849308669567,54.519183772616088,56.308597178198397,59.466549578122795,61.679937888868153
0.73205552949753772,38.492558162193745,38.322826199699193,38.626425055786967,38.662179321981966,39.081000443082303,39.191321067512035,39.722036772407591,40.219491750001907,40.351307156961411,41.153701368719339,41.519248203840107,42.503617058042437,43.136403089389205,44.237943731248379,45.114523645024747,46.408491471782327,47.521247416734695,49.022815191186965,50.664276286959648,52.240971053950489,54.519314622506499,56.308728773146868,59.466698526404798,61.680094031617045
0.73205564186614236,38.492660552728921,38.32293037744239,38.626531540416181,38.662278162781149,39.081101762596518,39.191421299707144,39.72213746374473,40.219581292942166,40.35140246571973,41.153799362014979,41.519344903994352,42.503713247831911,43.136499792337418,44.238043782766908,45.114624978974462,46.408598671667278,47.521356072276831,49.0229268129915,50.66439351066947,52.241097846999764,54.519443238154054,56.308866678737104,59.466846411116421,61.680253116413951
0.73205575690880342,38.492768570315093,38.323032477404922,38.626636800356209,38.662384387105703,39.081204818096012,39.191523106768727,39.72223597811535,40.219676228240132,40.351497369352728,41.15390209062025,41.519444084726274,42.503813047427684,43.136605318170041,44.238150157034397,45.114734043367207,46.408708466216922,47.521462393924594,49.023041813634336,50.664513301104307,52.241220180876553,54.519570996984839,56.309008452109993,59.466993412002921,61.680414129979908
0.73205587468915578,38.492874923627824,38.323142751585692,38.626741304993629,38.662486274261028,39.081310604698956,39.19162743864581,39.722341042477638,40.21977483201772,40.351599795743823,41.154001186601818,41.519550312776119,42.503914790693671,43.136706392746419,44.238253757823259,45.114840720780194,46.40881953574717,47.521581486798823,49.023160031065345,50.664633873850107,52.241350877098739,54.519711628556252,56.309153757989407,59.467147207818925,61.680576198734343
0.73205599527234899,38.492988700047135,38.323253249749541,38.626850954256952,38.662595308385789,39.081420148257166,39.191734560299665,39.722446623258293,40.21987068047747,40.351702093146741,41.1541080866009,41.519650884903967,42.504021332599223,43.136811355594546,44.238361506722867,45.114947950001806,46.408932304941118,47.521694422699511,49.023276717402041,50.66476431209594,52.24148509092629,54.519847524352372,56.309301941655576,59.467307385988533,61.680749069899321
0.73205611872508247,38.493104378227144,38.323368640616536,38.626965547911823,38.662705232389271,39.081526903435588,39.19184788223356,39.722557575907558,40.219974346924573,40.351810779422522,41.154211301822215,41.519757079426199,42.504126991610974,43.136920308694243,44.23847627826035,45.115060700103641,46.409051331691444,47.521810049191117,49.023399403318763,50.664890232495964,52.241618676111102,54.519992079585791,56.30945460870862,59.467470702715218,61.680924408137798
0.73205624511564349,38.49322162149474,38.32348275417462,38.62708499096334,38.662820301018655,39.08163803583011,39.191961071453989,39.722665724810213,40.220072663854808,40.35192247107625,41.154322539456189,41.519866891205311,42.50423956150189,43.137030844110996,44.238591711502522,45.11517476150766,46.409165127202868,47.521933131851256,49.023530875332654,50.665020105428994,52.241754490882158,54.520138164050877,56.309606627561152,59.467637706547976,61.681104199960828
0.73205637451394379,38.493339978624135,38.323600097093731,38.627199641428888,38.662934065330774,39.081758649554104,39.1920728655532,39.722782117314637,40.220176438335329,40.352029934059829,41.154432557523251,41.519976111128926,42.504356185439974,43.137149203568697,44.238713960163295,45.115291781257838,46.409289140254259,47.522055210545659,49.023655034601688,50.665155163034797,52.241899017244577,54.520283529534936,56.309764344245195,59.467808898538351,61.68127778172493
0.73205650699155933,38.493463082704693,38.323717831168324,38.627321131527424,38.663054523523897,39.081874419935048,39.19219184294343,39.722896770574152,40.220288948621601,40.352145137265325,41.15454876748845,41.520093227736652,42.50446876976639,43.137262740638107,44.238826662767678,45.115410200785846,46.409413100220263,47.522182045504451,49.023788519203663,50.665295269340277,52.242042112164199,54.52043692022562,56.309927904978395,59.467985003255308,61.681469242088497
0.73205664262176906,38.493593841791153,38.323843657039106,38.627446081023663,38.663174483459443,39.081990159116685,39.192308422643691,39.723016103729606,40.220398474950343,40.352266104426235,41.154666933231056,41.520207980647683,42.504591250326484,43.137382342945784,44.238951902836561,45.115535518620163,46.409541704691947,47.522311937063932,49.023922849446535,50.66543806809932,52.24218921829015,54.520592609420419,56.310091591440141,59.468158520758152,61.681659742258489
0.73205678147959574,38.493719577789307,38.323970003519207,38.627574605401605,38.663301105611026,39.082116508856416,39.192437174730003,39.723137214779854,40.220507816877216,40.352381533943117,41.154787519481033,41.520330247934908,42.504708984401077,43.13750766357407,44.239076459780335,45.115661283023655,46.409672328270972,47.522444165311754,49.02406241837889,50.665581247769296,52.24234445951879,54.520755947567523,56.310262550599873,59.468344315886497,61.681854807771742
0.73205692364184771,38.493853613268584,38.324100771453232,38.6277039446868,38.663430111482739,39.082242111675441,39.192562902346253,39.723265249282122,40.220623632427305,40.352504657581449,41.154910980258137,41.520452649798244,42.504832889419049,43.13762878999114,44.239207151345909,45.115789521019906,46.409809408709407,47.522578348405659,49.024204806424677,50.665729780681431,52.24250072799623,54.520919889211655,56.310436093248427,59.468533284030855,61.682056090794504
0.73205706918716096,38.493985576555133,38.324233177118003,38.627840668428689,38.663557590451092,39.082375184632838,39.192690900526941,39.723395687062293,40.220742734149098,40.352629126049578,41.155035972129554,41.520578905008733,42.504962794948369,43.137758901808411,44.239332559052855,45.115923816338181,46.409941650927067,47.52272479981184,49.024347023107111,50.665881428867579,52.242660984396935,54.521093138493598,56.310615320689976,59.46872279420495,61.682254627346992
0.73205721819604275,38.49412814900279,38.3243702580221,38.627971337642521,38.663689821027219,39.082500545307994,39.19282426731661,39.723522905260324,40.220862079877406,40.352756328415126,41.155169528443366,41.52070917841047,42.505090572405607,43.137890501879156,44.239467306993902,45.116059960331768,46.410085658542812,47.522862789221108,49.024497753940523,50.666036725975573,52.24282287992537,54.521259446628392,56.310797100886703,59.468918360769749,61.682468662969768
0.73205737075091637,38.494268224574625,38.324511753860861,38.628114715218544,38.663827660493553,39.082637327257544,39.192959130275995,39.723660678602755,40.220988587941974,40.352891352493316,41.155297276098281,41.520838527940214,42.505227202549577,43.138024318497628,44.239609238225967,45.116195736452937,46.410228377208114,47.523007305338979,49.024654497392476,50.666195564903319,52.242988971062005,54.521432091481984,56.310987406410277,59.469126683659852,61.682684623636305
0.73205752693616633,38.494410323444754,38.324654798489064,38.628257656469941,38.663968044798821,39.082775607705116,39.193097749259323,39.723795207217336,40.221114142332226,40.353023402392864,41.155432927887887,41.520976716652513,42.50536246644333,43.138162883464247,44.239749379921705,45.116339297965169,46.410370060242712,47.5231544226408,49.02480830065906,50.666359496302903,52.243157390505075,54.521615701727569,56.311174064874649,59.469325035810471,61.682905850932002
0.7320576868381854,38.49456156976521,38.324802741408348,38.628402159549296,38.664110615849495,39.082918172236532,39.193239429965615,39.72393717803061,40.221243430860341,40.353166435845196,41.155575361102819,41.521113473922014,42.505500685889274,43.138299436774105,44.239892442710698,45.116484591271728,46.410524723120034,47.52331034373492,49.024966122582555,50.666526961140335,52.243338449858129,54.521801657043397,56.311378604732454,59.469537202268839,61.683129049837589
0.73205785054542227,38.494713187683374,38.324949528556317,38.628555508330464,38.664260869845748,39.083063715603203,39.193384377751499,39.72407763870433,40.221375743392855,40.35330251371488,41.155711506959051,41.521252634935081,42.505642719101161,43.138443898875266,44.240040907170624,45.116630687378347,46.410680658183992,47.523469192907214,49.025128422304988,50.6666956897825,52.243513638153672,54.521986975334585,56.311573241837323,59.469750464893878,61.683359290473163
0.7320580181484303,38.494871946983039,38.325106745585799,38.628704895731062,38.664411752484739,39.083215398248285,39.193535447120667,39.724228873848915,40.221514052245766,40.353444265201688,41.1558568906039,41.521397386211902,42.505792738869786,43.138592729344964,44.240191625896841,45.116785980761051,46.410836510360241,47.523624162189662,49.025292431004345,50.666867442429066,52.243697263300419,54.52218559384346,56.311778149567544,59.469969317317009,61.683591993525624
0.73205818973991799,38.4950315291062,38.325261292047799,38.628862181678414,38.664564052596688,39.083368154708296,39.193687494378537,39.724378642626107,40.221655955072492,40.353595312219113,41.156007110606879,41.52155060460791,42.50594091322273,43.138743815012276,44.24034727551043,45.116942619439214,46.410997964441776,47.523789330385625,49.025467528030276,50.667050355114043,52.243883240036666,54.522375048138201,56.311984526924789,59.470196993090212,61.683837088756263
0.73205836541479985,38.495193586219102,38.325423448812217,38.629027745686471,38.664724764414132,39.083523854613304,39.193840810563415,39.724532044027001,40.221795965917408,40.353745197411627,41.156156393233687,41.52169563062489,42.506094558164477,43.138896873220801,44.240504640154541,45.117100683040917,46.41115846298635,47.523960770107806,49.025643519125879,50.667234068736434,52.244076848961413,54.522579762153327,56.312204889953136,59.470427363179624,61.684081406332552
0.73205854527024916,38.49535920098424,38.325585190206766,38.629193475469947,38.66488326061517,39.083687784150243,39.194004658143967,39.724691234529018,40.221939853858203,40.353897145017982,41.156314584892243,41.521851825993508,42.50625131605193,43.139058667700738,44.240670673549175,45.117264784406871,46.411331878043711,47.524134469218552,49.025818234309554,50.667421078309417,52.244272083044052,54.522785174660385,56.312417894601822,59.470670041628182,61.68433471955359
0.73205872940575167,38.495530773419887,38.325751625467092,38.629359609913081,38.66504545416683,39.083845485933125,39.194168396294117,39.724852928426117,40.222089840099216,40.354057707358152,41.15647419122979,41.52200925257057,42.506408882793039,43.139221487101167,44.240835968405008,45.11743294633925,46.411507168784738,47.524303445592523,49.026001423597336,50.667610523290932,52.244476989842951,54.523001977242529,56.312648159451783,59.470911575481296,61.684594565071166
0.73205891792316058,38.495711259078234,38.325925417244434,38.62953188130632,38.665214741136879,39.084014001302421,39.194335655774921,39.725019013974816,40.222240865696222,40.354218799620867,41.156637371983379,41.522178802173585,42.506579880602658,43.139384960755706,44.241004798095673,45.117601390462369,46.411678506992757,47.524489725008607,49.026194126345217,50.667809450998902,52.244678402319551,54.523219720460474,56.312881191261113,59.471155255101621,61.684858467429876
0.73205911092675291,38.495886494871229,38.326102561783046,38.629707260988653,38.665388835594058,39.084186043590307,39.194506227038801,39.725189655087888,40.222403186839074,40.354387103114277,41.156803359277546,41.52234273031354,42.506746640894562,43.139554375316948,44.241182439494878,45.117775621358305,46.411862568929791,47.524672459810972,49.026386361569166,50.66800829116255,52.244893700815737,54.523441940546036,56.313112809322774,59.471407658420503,61.685128911398351
0.73205930852328738,38.496066126041114,38.326283629983664,38.629887427669019,38.665563897229731,39.084360589273274,39.194679791573435,39.725363716948777,40.222559565212578,40.354559142142534,41.156973377801478,41.522510930430144,42.506918661296368,43.139729808084667,44.241356750484556,45.11795512214303,46.412051251158118,47.524865190498531,49.026582551188767,50.668214676901698,52.245109806768596,54.523670172318816,56.313350045122206,59.471670040860772,61.685409528203309
0.73205951082206278,38.49625826254487,38.326466152444482,38.63007259182632,38.665749426931143,39.084542895667255,39.194859992247075,39.72554137930274,40.222725425846875,40.354731840081513,41.157149908132851,41.522686069365591,42.507097583729774,43.139906347263604,44.241542088333517,45.118139255326241,46.412234970368445,47.525053257122636,49.026781546883285,50.668427219614387,52.245330240577459,54.523900919593871,56.313603113405406,59.47193553391844,61.685690185986459
0.73205971793497937,38.496447643265128,38.326660491526127,38.630262230988592,38.66593329468742,39.084726699627936,39.195042523555458,39.725727731361985,40.222895777784288,40.354908250737935,41.1573287518695,41.522865235805511,42.507277219090611,43.140087295789272,44.241729612927884,45.118324503302574,46.412429712712765,47.525252944789827,49.026987831108272,50.6686394168064,52.245555335655808,54.524137604050338,56.313857330940664,59.472210817970335,61.685980208218098
0.73205992997660008,38.496646541636437,38.326852479949594,38.630459205713123,38.666121084243059,39.084910267032683,39.195234569255263,39.725911941379309,40.223069094121456,40.355089961085469,41.157511580735445,41.523050448857248,42.507463095709682,43.140278401318938,44.241915354970843,45.118518475443125,46.412633800879121,47.525453359819949,49.027204504236579,50.668862062506378,52.245788075961173,54.524387787096202,56.3141137836501,59.47248974815011,61.686278522014618
0.73206014706421429,38.496844034641981,38.32705013314262,38.630658458452672,38.666315582115203,39.085107071325183,39.195425542071462,39.726100531872362,40.223241630010307,40.355275908485055,41.157699673436582,41.523236282169819,42.507652561645955,43.140464168973267,44.242114105727524,45.118718226440251,46.412838663905859,47.525662531144917,49.027419975027442,50.669087293557823,52.246024753898382,54.524635144509375,56.314384432509542,59.472779491916299,61.686588197946548
0.73206036931790242,38.497051286976784,38.327252994291484,38.630860473029315,38.666514357551932,39.085306122899055,39.195622560102493,39.726297746412456,40.223421084228903,40.35546766128391,41.157891493290663,41.523428508546203,42.507845225743949,43.140662779100239,44.242315798532218,45.118915847036988,46.413042922504246,47.525874946266413,49.027637710794806,50.669318054802716,52.246269563212991,54.524887107312679,56.314651019871235,59.47306505870074,61.686901896260679
0.73206059686060232,38.497262625489384,38.327460163738579,38.631068578921258,38.666719902306795,39.085510327946395,39.195827230811119,39.726497463416308,40.223607055377215,40.355662473477423,41.158089037518948,41.52362575661391,42.508045922964811,43.140860265586525,44.242523085791618,45.119124743156135,46.413256441242993,47.526090697385371,49.027866076678038,50.669557776302099,52.24651781655848,54.525155659765005,56.314933867193758,59.473365351557732,61.687217877246439
0.73206082981817777,38.49748754221946,38.327675886452198,38.631284439004958,38.666928079910576,39.085711813531816,39.196034076623619,39.726700445637107,40.223794633988291,40.35586256487295,41.158292706124485,41.523829555138946,42.50824793195352,43.14106607530266,44.242731051985174,45.119335036259145,46.413477908819914,47.526313303038478,49.028098059818149,50.669803777709603,52.246773871593177,54.525417979806662,56.315213016234338,59.47367115970701,61.687546297907829
0.73206106831948747,38.497705728281289,38.327896676491946,38.631501003168523,38.667143739294261,39.085922674741596,39.196243660524487,39.72691296832636,40.22398906480521,40.356066996697336,41.158501210622489,41.524031866341829,42.508454286959022,43.141275432426482,44.242946874350309,45.11954844603315,46.413698280230165,47.526540884748101,49.028332000598311,50.670049584470689,52.247036775574088,54.525697158649564,56.315507242456079,59.47399294283241,61.687883080914617
0.73206131249645678,38.497927221935242,38.328117644414306,38.631724616512656,38.667361148167402,39.086140881758183,39.196462013758719,39.727125536650419,40.224190053064376,40.356277989689261,41.158708587754518,41.524244587402791,42.508667431771755,43.14148955931887,44.243164178449661,45.119774482212961,46.413932819850743,47.526778769679368,49.02857762016356,50.67030521761626,52.247300561517477,54.525974866002798,56.315810480155051,59.474305807612836,61.688221346586943
0.73206156248415022,38.498163403943181,38.328343392815441,38.63195114582777,38.667582291644067,39.08636540081352,39.196682603098452,39.727344272192568,40.22439215099439,40.356491648126394,41.15892361337319,41.524461291264743,42.508890596218407,43.14171214401722,44.243390122428536,45.120000186376274,46.414163070730865,47.527011626400054,49.028823877684772,50.670559164136648,52.247573318891227,54.526263128966093,56.316116150468588,59.474634760990739,61.688579125329852
0.73206181842084683,38.498402369208634,38.328579106368124,38.632190730422735,38.667810459621251,39.086591893807054,39.19690998736769,39.72757217194885,40.224597579333931,40.356712275184691,41.159149076323956,41.524677871726453,42.509111478924751,43.141939830966294,44.243622995913029,45.120234946720302,46.414405048824847,47.52726140525192,49.029083417728543,50.651285471394658,52.24785621277988,54.526558392681181,56.31642456073314,59.474974289536476,61.688936287537217
0.73206208044811605,38.498640932142735,38.328817097935826,38.632426544558257,38.668045539874583,39.086825355421752,39.197143609169871,39.727802673820406,40.224816489033401,40.356938135810196,41.159374018199742,41.524905739817768,42.509341285564005,43.142164753749967,44.243857628665864,45.120470130816102,46.414651533588767,47.527509952895343,49.029340529814363,50.65156012494117,52.248137843795121,54.526858486235142,56.316743209958076,59.475319201126695,61.689302830956876
0.73206234871089637,38.4988923817873,38.329062013421208,38.632675245869905,38.668285821098834,39.087059396319091,39.197380971163511,39.728036473039538,40.225030454341322,40.357169378548861,41.159605911001563,41.525139801669866,42.509576152544469,43.142402132041752,44.244101535528898,45.120716530829668,46.414905466139317,47.527771131135523,49.029607062228024,50.65183728095144,52.248433307744563,54.527169588953257,56.317073336802423,59.475672744214535,61.689682384952903
0.73206262335757544,38.499149371404201,38.329319265671074,38.632922529708594,38.668532271869481,39.087306630332023,39.197628777939826,39.728280794341117,40.225248651579022,40.357406119816005,41.159845528192818,41.525372225325555,42.509815145749599,43.142642002087086,44.244350472465158,45.120963660534471,46.415162733756006,47.528027560561895,49.029882863163948,50.65212189219892,52.248730894178152,54.527483594603837,56.317406800575554,59.476036666892469,61.690064781345427
0.73206290454007206,38.499404858797789,38.329571273643523,38.63318456383422,38.668787423055619,39.087554448284209,39.19787584990263,39.728525745216757,40.225480557885021,40.357648249715567,41.160085427109152,41.525618626736104,42.510058573912829,43.142890694085509,44.244604656472802,45.121216660831124,46.41542461514473,47.528299693018198,49.030165376141667,50.652415102347732,52.249039244838059,54.527809988707304,56.317756086587906,59.476401786319911,61.690461810678244
0.73206319241392026,38.499678485561162,38.32983561232686,38.633445864077657,38.669044756796211,39.087815174367279,39.198133613914251,39.728782075922936,40.225713799707592,40.357897259294987,41.16033453354612,41.525864492636174,42.51031030761078,43.143145420588553,44.244864170905203,45.121478806249797,46.41569621860981,47.528573546558619,49.030445838347077,50.652712948620319,52.249358825385571,54.528142148628831,56.318105400539935,59.476779095828533,61.690864188596606
0.73206348713835534,38.499950499273837,38.330102916806936,38.633714450057596,38.669304620474577,39.088069985620677,39.198393390513957,39.72903963830322,40.225956132169813,40.358145700767636,41.160594153217971,41.526120085269213,42.51057067187503,43.143403455615044,44.245132585987449,45.121743049006909,46.415977356955409,47.528851739130914,49.030743156559765,50.653021341189742,52.249679564498365,54.528483364731073,56.318467306904495,59.477166752330959,61.691282652318478
0.732063788876402,38.500227779150009,38.330382946878672,38.633991086855531,38.669578416738659,39.088342841248959,39.198662972543389,39.729305557906628,40.226196335162967,40.35840663453564,41.160850428510457,41.526379450690001,42.510833857581019,43.143667869269848,44.245404921937734,45.122018142137676,46.416253658942878,47.529141834005713,49.031042798422277,50.653334907256067,52.250007551163435,54.528830382041633,56.318833890371025,59.477566498331726,61.691702429205179
0.7320640977949644,38.500512825790793,38.33066079299897,38.634274940006435,38.669850879348814,39.088616890832782,39.198935706168413,39.729581577237695,40.226448405534029,40.358675328083336,41.161122005432844,41.526644895784557,42.511103737633675,43.143939840607345,44.245681413449347,45.122299743816257,46.416545744054019,47.529440590180457,49.031351270154119,50.653659951873124,52.250342024490237,54.529182621277869,56.319207016378641,59.477970417588949,61.692139671184123
0.73206441406491873,38.500808767043054,38.33095251955092,38.634563909377903,38.670137834269553,39.088895806111395,39.199222407769412,39.729854669421911,40.226703233551234,40.358944155275822,41.161391992121935,41.526920292992145,42.511380136478692,43.144214701838791,44.245964570902288,45.122586785815656,46.416842030361295,47.529745556414127,49.031664284877479,50.653981931507587,52.250695210881531,54.529548267833889,56.319596411660314,59.478385610505939,61.692579364404082
0.73206473786120718,38.501108034979552,38.331246573943645,38.634861698839813,38.6704265573062,39.089182535652071,39.199503262061626,39.730138566810638,40.226966153364629,40.359223575796932,41.16167201846838,41.527202419470996,42.511660333257169,43.144503988325596,44.246257413178682,45.122878652531654,46.41714708134532,47.530049695633352,49.031986967660487,50.654318807646632,52.251044515520334,54.529918544925749,56.319991060532629,59.478811611421406,61.693038658238947
0.73206506936293558,38.501417716965079,38.331553298514336,38.635162686463445,38.670724133960903,39.089477092493325,39.199799487367272,39.730430975090712,40.22723455959931,40.359506025444716,41.161962647922337,41.527483547572047,42.511952523142099,43.144792924169451,44.246555220801383,45.123181097675115,46.417457720264792,47.53036405518651,49.032319541089237,50.654663665220141,52.251406920142472,54.53030274156481,56.320399885997176,59.479252065531909,61.693500056862831
0.73206540875347159,38.501733635552227,38.331863425206393,38.635477246716619,38.671023563947529,39.089779636822641,39.200099945068359,39.730730439536273,40.227508183568716,40.359801141545177,41.162250776775181,41.527778178919107,42.512247552163899,43.145091010723263,44.246862349100411,45.123488160315901,46.417776682414114,47.53069138713181,49.032654491253197,50.655018855817616,52.251777600497007,54.53068861272186,56.320813593454659,59.479696175083518,61.693974516354501
0.73206575622054648,38.502054303884506,38.332177946344018,38.635791224427521,38.671337247360498,39.090086091775447,39.20040728058666,39.731033199001104,40.227794256992638,40.360095521435142,41.162550382781774,41.528077442664653,42.512550530489534,43.145394811406732,44.247175931464881,45.123804073315114,46.418102063238621,47.531022732146084,49.03300170879811,50.655378795228899,52.252158872783184,54.531095134094357,56.321236360818148,59.480153182521462,61.69446106441319
0.7320661119563594,38.502381897065789,38.332502476405352,38.636117924470454,38.671657245606184,39.090402706060559,39.200726528186351,39.731346138752997,40.228083265479654,40.36040151398629,41.162858530413359,41.528384552337229,42.512862704694271,43.145707713440061,44.247498503420502,45.124126669019461,46.418434391729534,47.531360613182187,49.033353469334543,50.655748394317925,52.252546179108322,54.53150090854615,56.321674632839859,59.480616411194205,61.69496645219624
0.73206647615768283,38.502720366697758,38.332834654487669,38.636450554709882,38.671980399172753,39.090727149043232,39.201046390924603,39.731665440369397,40.22837466141209,40.360721857752651,41.16317344782874,41.528700681868941,42.513177753891796,43.146031465847045,44.247823477257043,45.124454399105161,46.418777454644442,47.531711155548692,49.033715943805873,50.656129341572523,52.25294160284102,54.53191954921931,56.322111765854061,59.48109667096287,61.695474571548402
0.73206684902597208,38.503062864299864,38.33317726990208,38.636791402474046,38.672314379364252,39.091057142242789,39.201377150602639,39.731994023080915,40.228678362444043,40.361032728571445,41.163496621884406,41.529022315051407,42.513504642061889,43.146357249002904,44.248161319177598,45.124791908543557,46.419129658490419,47.532060353085399,49.034086579456925,50.656511900946498,52.2533522201702,54.532351421192288,56.32257080078125,59.481586732901633,61.696000659838319
0.7320672307674766,38.503421742934734,38.333524252288043,38.637144190724939,38.672652947716415,39.091395141091198,39.201717488467693,39.732331740669906,40.228987819049507,40.361363577656448,41.163828736636788,41.529348749667406,42.513837745878845,43.146691848523915,44.24850111734122,45.125143847893924,46.41948863491416,47.532431705854833,49.034466026350856,50.656911398284137,52.253767305053771,54.532789866439998,56.323035982437432,59.482085195370018,61.69653523247689
0.73206762159335392,38.503783180378377,38.333879044745117,38.637498321942985,38.673003999982029,39.091742086689919,39.20206512697041,39.732676005922258,40.229304434265941,40.361697818152606,41.164165705442429,41.529690475668758,42.514182902872562,43.147031963802874,44.248857159167528,45.125497962348163,46.419850979931653,47.532799583859742,49.034854856319726,50.657316611148417,52.254195365123451,54.533237368799746,56.323515368625522,59.482599118724465,61.697083368897438
0.73206802171978647,38.50415874319151,38.334244874306023,38.637867583427578,38.673364884220064,39.092096983455122,39.2024194765836,39.733025804162025,40.229627033695579,40.362043794710189,41.164510651957244,41.530031888280064,42.514526188839227,43.147387114353478,44.249217727221549,45.125855631195009,46.420228790491819,47.5331836855039,49.035251825116575,50.657729107886553,52.254631834104657,54.533698630519211,56.324003434740007,59.483125609345734,61.697640551254153
0.7320684313681014,38.504533975850791,38.334621373098344,38.638238785788417,38.673730394337326,39.092458316590637,39.202780949883163,39.733381745871156,40.229960438795388,40.362392443232238,41.164864843245596,41.53038435196504,42.51488493476063,43.147745243739337,44.249586804304272,45.126226274296641,46.420614138245583,47.533571193926036,49.035659410990775,50.658157845027745,52.255077011883259,54.534170323051512,56.324502688832581,59.483665945008397,61.698220860213041
0.73206885076489259,38.504923114553094,38.335007596760988,38.638621842954308,38.674104951322079,39.092832778114825,39.203157216310501,39.733752475585788,40.230299951508641,40.362755100242794,41.165226632729173,41.530745567753911,42.515250238124281,43.1481156158261,44.249965746421367,45.126604382414371,46.421009198762476,47.53397655300796,49.036076621152461,50.658592301420867,52.255537018179893,54.534653123468161,56.32501333579421,59.484219070523977,61.698804731480777
0.73206928014214634,38.505320862401277,38.335398314986378,38.639014662243426,38.674488706514239,39.09321420872584,39.203539713751525,39.734131259378046,40.230650024022907,40.363126699347049,41.1655951468274,41.531117874663323,42.515624416060746,43.14849354326725,44.250349900219589,45.126997703220695,46.421406370587647,47.534384435042739,49.036504374817014,50.659037969075143,52.256007141433656,54.535143248736858,56.325543269515038,59.484780530445278,61.699406244792044
0.73206971973736956,38.5057283192873,38.335795659106225,38.639416408725083,38.674882594961673,39.093603349290788,39.203925599809736,39.734513699542731,40.231009917799383,40.36349939275533,41.165980763733387,41.531496460083872,42.516011016909033,43.148875694721937,44.250750573817641,45.127393416129053,46.42182242218405,47.534801827743649,49.036938851699233,50.659495762549341,52.256489403545856,54.535649348981678,56.326075945980847,59.485355603508651,61.700024886988103
0.73207016979372108,38.5061454041861,38.336208511609584,38.639827209990472,38.675288485363126,39.09400655888021,39.204325675033033,39.734909077640623,40.231372471433133,40.363884650170803,41.166368445847183,41.531883640214801,42.516401644330472,43.149267975706607,44.251153532415628,45.127799340058118,46.422245332039893,47.535235268995166,49.037382992915809,50.659959165379405,52.25697725918144,54.536168032325804,56.326626917347312,59.485946075059474,61.700657234527171
0.73207063056014643,38.506572491489351,38.336629291065037,38.640248204115778,38.675697362050414,39.094412090722471,39.20473544485867,39.735313818324357,40.231741451658309,40.364281877875328,41.166766523849219,41.532278640661389,42.516804748214781,43.149676862638444,44.251566914375871,45.128215635195374,46.422672866843641,47.535670824348927,49.037844179198146,50.660438197664917,52.257480324245989,54.536698806099594,56.327189865522087,59.486552991904318,61.701301055029035
0.73207110229151517,38.507012932561338,38.33706107083708,38.640679713338614,38.67611682228744,39.094829374924302,39.205155099276453,39.735732743050903,40.232123039662838,40.364683264866471,41.167171823326498,41.532688435632735,42.517215338069946,43.150087167043239,44.251993379555643,45.128644617740065,46.423118337057531,47.536120077595115,49.038316454738379,50.660930483601987,52.257991389371455,54.53723983746022,56.327760330401361,59.487168239429593,61.701966984197497
0.73207158524876192,38.507457380648702,38.337502382230014,38.641122562345117,38.676551314536482,39.095256104599684,39.205579746048898,39.736152477096766,40.232514156028628,40.365100518800318,41.167591641191393,41.533101222943515,42.517635321710259,43.150514296256006,44.252427218016237,45.129079352132976,46.423570534214377,47.536581915803254,49.038795173168182,50.661430986598134,52.258517782203853,54.537791821174324,56.328353776596487,59.487807407975197,61.702642507851124
0.73207207969903121,38.507916793227196,38.337952794507146,38.64157700445503,38.676992153283209,39.095695772208273,39.206016610376537,39.736586508806795,40.232917483896017,40.365524752065539,41.168015458155423,41.533529692795128,42.518071863334626,43.150947623420507,44.252874688245356,45.129529017489403,46.424032855778933,47.537057543173432,49.039285422302783,50.661942577920854,52.259058121591806,54.538363449275494,56.32895770855248,59.488455568440259,61.703333522193134
0.73207258591582447,38.50838403403759,38.338416020851582,38.642036338802427,38.677444222848862,39.096143084578216,39.206468568183482,39.737035171594471,40.233328760135919,40.365961310919374,41.168454322963953,41.533963600639254,42.518506201915443,43.151390141341835,44.253329908940941,45.129987664055079,46.424509425647557,47.537533129565418,49.039789124391973,50.662469264119864,52.25961372256279,54.53894622810185,56.32957253139466,59.489120326936245,61.704041942022741
0.73207310417915183,38.508864619769156,38.338886212557554,38.6425108499825,38.677908322308213,39.096603039186448,39.206928488332778,39.737488334998488,40.233745488338172,40.366401858627796,41.168899264652282,41.534409151412547,42.51895940490067,43.151847173925489,44.253795930650085,45.130457940511405,46.424992186017334,47.538031365722418,49.040310806594789,50.663006928749382,52.260176214389503,54.539541554637253,56.330209361389279,59.489797280170023,61.704770166426897
0.73207363477568688,38.509355818852782,38.339368418324739,38.642992945387959,38.678380430676043,39.097076942678541,39.207400885876268,39.737950066570193,40.234174993354827,40.366858425084502,41.169359250925481,41.534867282025516,42.51942302333191,43.152311148121953,44.254270443227142,45.130936035420746,46.425490870140493,47.538537723943591,49.040829049423337,50.663557747378945,52.260754862800241,54.540153434500098,56.330856473185122,59.490498867817223,61.705512020736933
0.73207417799892527,38.509859474375844,38.339867504779249,38.64349171333015,38.678865818306804,39.097555311396718,39.20788048626855,39.738428663928062,40.234614035580307,40.367323874961585,41.169829600956291,41.535333041567355,42.519894952420145,43.152788624167442,44.254761596675962,45.131426097359508,46.426001972518861,47.539052816107869,49.041366673074663,50.664119702763855,52.261347368359566,54.540781926363707,56.331513854674995,59.491208077408373,61.70627327170223
0.73207473414934698,38.510374260134995,38.340373223647475,38.6439995681867,38.679367184638977,39.098049734253436,39.208370426204056,39.738914816174656,40.235064463689923,40.367803520988673,41.170305070932955,41.535812293644994,42.520382707007229,43.153275684919208,44.255266381893307,45.131931704934686,46.426517727784812,47.539583969861269,49.041919812560081,50.664697122760117,52.261953853070736,54.541412068530917,56.332191410474479,59.491940137930214,61.707052358426154
0.73207530353458261,38.510901012923568,38.340893370565027,38.644520407542586,38.679873401299119,39.098556735552847,39.208875353913754,39.739418183919042,40.235522935166955,40.368289066012949,41.170797969680279,41.536306505091488,42.520876225549728,43.153778715059161,44.255774695891887,45.132444868795574,46.427050731144845,47.540127051994205,49.042484888806939,50.665289123542607,52.262574629858136,54.542069600895047,56.332888419739902,59.492684446275234,61.70784976426512
0.73207588646958333,38.511446554213762,38.341421314515173,38.645052208565176,38.680392703041434,39.099070885684341,39.209393322467804,39.739926632493734,40.235995688475668,40.368790565989912,41.171303436160088,41.536808913573623,42.521387008018792,43.154284647200257,44.256298748776317,45.132972416933626,46.427598487585783,47.540680093690753,49.043064841069281,50.665889873169363,52.263211593031883,54.542738019488752,56.333595816046,59.49344758503139,61.708668703213334
0.73207648327679542,38.511994778644294,38.341969382483512,38.645596295595169,38.680926325265318,39.0995963672176,39.209925205912441,39.740449972916394,40.236479349900037,40.369302877224982,41.171819331590086,41.537322738673538,42.521905922796577,43.154806590173393,44.256838220637292,45.13351286156103,46.428156884387136,47.54125155787915,49.043656348250806,50.666511003859341,52.263860084116459,54.543425372801721,56.334325871430337,59.49423336610198,61.709501651115716
0.7320770942863386,38.51255800249055,38.342525980900973,38.646154980640858,38.681475710123777,39.100143454968929,39.210466280579567,39.740986226126552,40.236975025851279,40.369825030211359,41.172343106009066,41.537845673505217,42.522436575498432,43.155346623621881,44.257386551704258,45.134066966362298,46.428727711550891,47.541832105256617,49.044262843206525,50.667140211910009,52.264527330175042,54.5441251154989,56.335072291083634,59.495033179409802,61.710358643904328
0.73207771983618819,38.51314256247133,38.343097476288676,38.646729154046625,38.682030508760363,39.10069266660139,39.211019990034401,39.74153584940359,40.237480825744569,40.370362100191414,41.172883312217891,41.538385421968997,42.522979883942753,43.155891554895788,44.257948481012136,45.134627762716264,46.429314182139933,47.542427155189216,49.044885606504977,50.667790432460606,52.265206895768642,54.544844594784081,56.33583412040025,59.495851930230856,61.711231934837997
0.7320783602723625,38.51373030571267,38.343681965023279,38.647310873027891,38.682600351981819,39.101260237861425,39.211584742181003,39.742096243891865,40.237997884396464,40.370907148811966,41.173437444027513,41.538935485295951,42.523540944326669,43.156454233452678,44.258525813464075,45.135210273321718,46.429912657476962,47.543037326075137,49.045519842766225,50.668453047983348,52.265904505737126,54.545580903999507,56.336612813174725,59.496695341542363,61.712127936072648
0.7320790159491144,38.514339911285788,38.344280188903213,38.647910654079169,38.683187081478536,39.101841754745692,39.212165875826031,39.742670715786517,40.23852587165311,40.37147091049701,41.17400134447962,41.539496314246207,42.524107121862471,43.157029725145549,44.25911486055702,45.135803668294102,46.430532388389111,47.543663336895406,49.046170475892723,50.66913577914238,52.266615486703813,54.546329178847373,56.33741023298353,59.497552970424294,61.713051213882864
0.73207968722912642,38.514959138352424,38.344889062922448,38.648524779360741,38.683784938883036,39.102435052860528,39.212764836847782,39.743261118419468,40.239072829019278,40.372047560755163,41.174578234553337,41.540075900498778,42.524695293512195,43.157612704671919,44.259717629756778,45.136406977660954,46.4311592457816,47.544302706606686,49.046833353117108,50.66982789337635,52.267351556569338,54.547097763046622,56.338229742832482,59.498433669097722,61.713987230323255
0.73208037448371233,38.515598303638399,38.345516274683177,38.649150548968464,38.684397520963103,39.103045932017267,39.213368211407214,39.743860540911555,40.239628068171442,40.372633503284305,41.175173731520772,41.540670596063137,42.525291219353676,43.158216369803995,44.260340130422264,45.137033932376653,46.431802293285728,47.544953592121601,49.047513406723738,50.670538891106844,52.268096572719514,54.547886089421809,56.339063303545117,59.49933700915426,61.714953092858195
0.73208107809302214,38.516246747691184,38.346157866064459,38.649792035110295,38.685027230065316,39.10366452857852,39.213990575633943,39.744478880427778,40.240194787271321,40.373239206615835,41.17577883740887,41.541273172479123,42.525904595386237,43.15883455472067,44.260969646740705,45.13766320515424,46.432457627728581,47.545624373480678,49.048216005787253,50.671267926692963,52.268865838646889,54.548692579381168,56.33992076665163,59.500252596102655,61.715933289378881
0.73208179844625199,38.516913749743253,38.346813854761422,38.650451276451349,38.685669391416013,39.104301143437624,39.214626958593726,39.745110135525465,40.240775402635336,40.373852876015007,41.176399895455688,41.541891980916262,42.526531778741628,43.159466382581741,44.261614595539868,45.138314693700522,46.433133942075074,47.546308370307088,49.048929424956441,50.672014264389873,52.269651239737868,54.549519535154104,56.340806135907769,59.501196761615574,61.71694000903517
0.73208253594186012,38.517599101178348,38.347487856633961,38.651122312992811,38.686330811586231,39.104956390336156,39.215281212236732,39.745755207724869,40.24137202790007,40.374489431735128,41.177038123365492,41.542528253048658,42.527173846494406,43.160109616350383,44.262282554525882,45.138981732539833,46.433819953352213,47.547009973786771,49.049663368612528,50.672777170315385,52.270453657023609,54.550366870127618,56.341699131764472,59.502163099125028,61.717974761500955
0.73208329098778679,38.518294891342521,38.348175691906363,38.65180882345885,38.687004319857806,39.105622585397214,39.215949093922973,39.746418873779476,40.241980189923197,40.375133669935167,41.17768443422392,41.543174569960684,42.527829747181386,43.160769813228399,44.262958575040102,45.139662153087556,46.434527695178986,47.547728172503412,49.050406840629876,50.673556190915406,52.271273970603943,54.551233833655715,56.342615304514766,59.503156188875437,61.719025638885796
0.73208406400168036,38.519008142407984,38.348878447897732,38.652515771333128,38.687691717874259,39.10630772029981,39.216633764095604,39.747096195816994,40.242605064529926,40.375794010702521,41.178351920563728,41.543840329628438,42.528502573259175,43.161446826998144,44.263652317225933,45.140361272729933,46.435250689275563,47.54846846498549,49.051170542836189,50.674359354190528,52.272114931605756,54.552118387073278,56.343552581965923,59.504163227044046,61.720110096037388
0.73208485541112767,38.519742095842957,38.349598062224686,38.653238402679563,38.688399295788258,39.10700766928494,39.217331276275218,39.747786069754511,40.243247529491782,40.376472527626902,41.179034115746617,41.544520777184516,42.529190786648542,43.16213815100491,44.264361355919391,45.141073168255389,46.435988856479526,47.549216168932617,49.051960472017527,50.675174987874925,52.272976092994213,54.553023473359644,56.344512949697673,59.505199633538723,61.721217191778123
0.7320856656538911,38.520488021895289,38.350335814058781,38.653975029475987,38.689118043519557,39.107723124325275,39.2180539178662,39.748497013468295,40.243897793348879,40.377165379934013,41.179732154123485,41.545214036945254,42.529893080238253,43.162853533402085,44.265089198481292,45.141807914245874,46.43674579821527,47.549988948740065,49.052758858539164,50.676012431271374,52.273854992352426,54.55395124014467,56.345503550954163,59.506262655369937,61.722353134304285
0.73208649517815072,38.521257706917822,38.351090454496443,38.654730100184679,38.689856562297791,39.108457177411765,39.218785055913031,39.749222386162728,40.244570627808571,40.377873342484236,41.180444006808102,41.5459288735874,42.53061888134107,43.163572865072638,44.265835637692362,45.142556902486831,46.437520196661353,47.55077934358269,49.053581380285323,50.676872451789677,52.274763979017735,54.554907114244998,56.346511232666671,59.50734505802393,61.723506651818752
0.73208734444275159,38.52204036898911,38.35186561010778,38.655507371295244,38.690614665392786,39.10920816520229,39.219537892378867,39.749965181108564,40.245258233044297,40.378603061661124,41.18117667734623,41.546657069586217,42.531357386615127,43.164319535717368,44.2665980970487,45.143319606781006,46.438317858614028,47.551581804640591,49.0544190146029,50.677751488983631,52.275680596940219,54.555875669233501,56.347547096200287,59.508456068113446,61.72469344176352
0.73208821391745826,38.522846874315292,38.352654879912734,38.656300644390285,38.691386551596224,39.109975005034357,39.22030460042879,39.750727137550712,40.245956984348595,40.37934139650315,41.181927005760372,41.547402893658727,42.532111061736941,43.165077733807266,44.267375883180648,45.144100879784673,46.439128946512938,47.55241072550416,49.055278843268752,50.678647379390895,52.276625815778971,54.556876750662923,56.348605391569436,59.509590875357389,61.725908435881138
0.73208910408321459,38.523668056353927,38.353465354070067,38.657108839601278,38.692181860096753,39.110762134194374,39.221093002241105,39.751508290879428,40.246677759103477,40.380108512938023,41.182692575268447,41.548166321124882,42.532883856911212,43.165855964645743,44.26817449554801,45.144910209812224,46.439957435242832,47.553253222256899,49.056166428141296,50.679573407396674,52.277593737468123,54.557894391939044,56.349684646353126,59.510759502649307,61.727149344980717
0.73209001543240904,38.524514274206012,38.354295434895903,38.657938992604613,38.692994498182088,39.111570198088884,39.221895464230329,39.752304232679307,40.247408493887633,40.380888120736927,41.18347493512556,41.548952999524772,42.533675145823509,43.166650799568743,44.268993405159563,45.145728023257107,46.440809550695121,47.554122498258948,49.057065390981734,50.680507970973849,52.278579549863935,54.558933393098414,56.350793169811368,59.511945830658078,61.728428536094725
0.7320909484691478,38.525370199233294,38.355143177323043,38.658788811415434,38.69382761977613,39.112390920519829,39.222724078688771,39.753120227251202,40.248162026517093,40.381681215949357,41.184280639514327,41.549754675012082,42.534484093077481,43.167465786449611,44.269833785947412,45.146567193325609,46.441678547300398,47.555005962029099,49.057988443411887,50.681475579738617,52.279602339491248,54.560004445724189,56.351924682036042,59.513170239515603,61.729731377214193
0.73209190370953359,38.526257058605552,38.356011640746146,38.659661971498281,38.694675715174526,39.113240668550134,39.223567091859877,39.753952142782509,40.248930872883648,40.382499198429286,41.185104479081929,41.550569046288729,42.535314531531185,43.168302366510034,44.270687110722065,45.147433856036514,46.44257125724107,47.555915046483278,49.058929052203894,50.682459161616862,52.280638796277344,54.561095882207155,56.353087019175291,59.514418449252844,61.731066371314228
0.7320928816819503,38.527161821722984,38.356901546474546,38.660550154279917,38.695545197930187,39.114100159611553,39.224430159665644,39.75481030670926,40.249720179010183,40.383336396887898,41.185942408628762,41.551409278064966,42.536163752898574,43.16915725544095,44.271564087830484,45.148314172402024,46.443483989685774,47.556839734315872,49.059897618368268,50.683473545126617,52.28169662039727,54.562217042781413,56.354272388853133,59.515692563727498,61.732425326481462
0.73209388292735667,38.528084031771868,38.35781226772815,38.66146100545302,38.696437209844589,39.114982524421066,39.225313845090568,39.755685803014785,40.25052900519222,40.384190912824124,41.1868034042418,41.552270079962909,42.537038605194539,43.170029246713966,44.272470575757325,45.149214262608439,46.444417777471244,47.557792199775577,49.060890626162291,50.684503140859306,52.282784048467875,54.563359073363245,56.355490356683731,59.516999774612486,61.733825803734362
0.73209490799958399,38.529026865493506,38.358740944880992,38.662396138999611,38.697350019123405,39.115886979270726,39.226220772601664,39.756579531356692,40.251358202658594,40.385066397022456,41.187684115953743,41.553147731814533,42.537922909017652,43.170926049817353,44.273381951265037,45.150134424678981,46.445372810587287,47.558765442110598,49.061898794025183,50.685558816418052,52.283899284899235,54.564530652016401,56.356729500927031,59.518338032998145,61.735252985730767
0.7320959574656436,38.529993921518326,38.359699750319123,38.663349813316017,38.698282301425934,39.116816746536642,39.227147268597037,39.757498629856855,40.252200831659138,40.385961816180497,41.188586456701159,41.554047364741564,42.538831868674606,43.171846184879541,44.274321686010808,45.15108427265659,46.446350361220539,47.559760211035609,49.062940930016339,50.686644428409636,52.28503607865423,54.565730160102248,56.358006593771279,59.519710415974259,61.736711182631552
0.73209703190604003,38.530988184269518,38.360672566108406,38.664328785147518,38.699240656103939,39.117763185407966,39.228096261620522,39.758439934812486,40.253063822630793,40.386881407815963,41.189511405304074,41.554966841358691,42.539765221532434,43.172779232263565,44.275286010932177,45.152046920731664,46.447356346063316,47.560781209729612,49.063997244462371,50.687752840109169,52.28620464168489,54.56696555390954,56.359308233484626,59.52111213747412,61.738213407807052
0.73209813191509221,38.532002812251449,38.36167812300846,38.66532815201208,38.700217955745757,39.118732665665448,39.229069832246751,39.759400327689946,40.253949544858187,40.387825252022594,41.190455296542495,41.555912108160555,42.540722905192524,43.173737808130682,44.276269418653101,45.153037132695317,46.448376926593482,47.561819733120501,49.065088810399175,50.688889976590872,52.287394779734313,54.568218293599784,56.360641548410058,59.522552035748959,61.739745658822358
0.73209925810126208,38.533038523979485,38.362695314455777,38.666351346764714,38.701223791111261,39.11973028909415,39.230063708499074,39.760382866021246,40.254858915694058,40.388779974076897,41.191422908101231,41.556874580215663,42.541696983855218,43.174722563009709,44.277279862668365,45.154052838217467,46.449431636370718,47.562888576649129,49.066197640262544,50.690050759352744,52.28861412871629,54.56950362212956,56.36200724542141,59.524021593853831,61.741314913146198
0.73210041108749135,38.534104999620467,38.363743863068521,38.667402687482536,38.702244331128895,39.120744206011295,39.231077088043094,39.76138776447624,40.25578765803948,40.389763983432204,41.192412228323519,41.557866125833243,42.542696047574282,43.17572868289426,44.278308054897934,45.155088951345533,46.450501025654376,47.563980458304286,49.067337178625166,50.691235583275557,52.289864495396614,54.570816625840962,56.363405999727547,59.525528191588819,61.742922361008823
0.73210159151154597,38.535191015806049,38.364813580177724,38.668478660285473,38.703295086510479,39.121784586459398,39.232120524626225,39.762417003512383,40.256737106014043,40.390770035795867,41.193428874481469,41.558874689042568,42.543718438129872,43.17675721924752,44.27936704736203,45.156151021830738,46.451599776744843,47.565100433304906,49.068502311594784,50.69245421141386,52.291145203635097,54.572172203101218,56.364832199178636,59.52706100512296,61.744569456204772
0.73210280002636896,38.536303782835603,38.365911378525198,38.669572713319212,38.70437010936439,39.122848948463798,39.253275677096099,39.76347259292379,40.24560746178031,40.391800715588033,41.194467275869101,41.559909074101597,42.544765582773834,43.177809013053775,44.280448684468865,45.157237495761365,46.452723783440888,47.566242832690477,49.069696380756795,50.693699070252478,52.29245228599757,54.573547635227442,56.366306041367352,59.528638574294746,61.746245814487338
0.73210403730044127,38.537448512855917,38.367035956121981,38.67069966159761,38.70547161437571,39.123938110657036,39.254349543247372,39.76455347891897,40.246602755971253,40.39285927452147,41.195527020376176,41.560969251208007,42.545839227270335,43.178888903465122,44.281554777640849,45.158352294005454,46.453875999897718,47.567411942407489,49.070913481526077,50.694975432939827,52.293793122284114,54.574957055039704,56.36779648065567,59.530249667353928,61.747970287688076
0.73210530401815233,38.53861837182194,38.368186029139906,38.671850396320224,38.70659577101469,39.125056027900428,39.255448068026453,39.765653424430639,40.247616273816675,40.393934635445476,41.196613041684031,41.562053604982793,42.546935326885432,43.179992561228573,44.282686939928681,45.159485817886889,46.455060145817697,47.568609609268606,49.072165253572166,50.696276052854955,52.295169276185334,54.576400831341743,56.369332659989595,59.531906262040138,61.749728062190115
0.73210660088017776,38.539810364600271,38.369360988028347,38.673026074189693,38.707747355569154,39.126200826372951,39.256574695464224,39.766785792075098,40.248661653604358,40.395040199160576,41.197727124672383,41.563165543600917,42.548055939842016,43.181122646667063,44.283849202562124,45.160651780664921,46.456262434832752,47.569840848445892,49.073436903767288,50.697613273747265,52.296570790931582,54.577882553450763,56.370904074981809,59.53358996566385,61.751540365628898
0.7321079286038672,38.541031674481928,38.370563581585884,38.674234752543271,38.708922828547657,39.127371194306761,39.257732673082501,39.767945769708604,40.249727149028331,40.396173286251724,41.198865090496838,41.564296284690499,42.549209737684578,43.182280768640339,44.285032408311963,45.161845871713012,46.457495173439384,47.571096738800406,49.074749517254531,50.698980606161058,52.298006747849286,54.579396943561733,56.372516132891178,59.535317674279213,61.753383521921933
0.73210928792364149,38.542282712180167,38.371794753242284,38.675464807078242,38.710132869426161,39.128564750310034,39.258909968659282,39.769127848092467,40.2508181091398,40.397331760264933,41.200029978528619,41.565460192970932,42.550385139416903,43.183462225832045,44.286251155193895,45.163062375970185,46.45876194909215,47.572383229620755,49.076088974252343,50.700378349050879,52.299478662200272,54.580946558155119,56.37415406294167,59.537095377221704,61.755274137482047
0.73211067959139842,38.5435695592314,38.37305849371478,38.676729701459408,38.711367062292993,39.129792429041117,39.260116918478161,39.77034312998876,40.251933548599482,40.398517881054431,41.201221101917326,41.566653916146606,42.551585635636002,43.184673718176782,44.287493337411433,45.164312387350947,46.460052910260856,47.573698890395463,49.077456646598876,50.701811552979052,52.300985204055905,54.582527306862175,56.375836660154164,59.538898591883481,61.757208385504782
0.73211210437692886,38.544873858336359,38.374349711462855,38.678023201879114,38.712633702903986,39.131044459994882,39.261351837776601,39.771582716144621,40.253078301437199,40.399732375051826,41.202441684436053,41.567869089543819,42.552817892283201,43.185910791624337,44.288764221593738,45.165590325370431,46.461376756429672,47.575044017285109,49.078861515969038,50.703273446299136,52.302523842081428,54.584154992364347,56.377565953880548,59.540750386193395,61.759187336079776
0.73211356306834263,38.546220290940255,38.375669887755066,38.679347556084394,38.713924292940646,39.132326816674322,39.262616589199752,39.772851522546262,40.254248065408319,40.400972857605666,41.203691853675991,41.569117238745093,42.554080788046122,43.187181259971112,44.290068704634905,45.166900306940079,46.462735685519874,47.576425950974226,49.08029580488801,50.704780786298215,52.304098272696137,54.585816671140492,56.379321624524891,59.542653600685298,61.761212645098567
0.73211505647250419,38.547590683214366,38.37702177092433,38.680700699798763,38.715248280670494,39.133642433676869,39.263910269830376,39.774153284262866,40.255445788148791,40.402241509407759,41.204972947947681,41.570392906200141,42.55537552991882,43.188481212593615,44.291400275193155,45.168240875471383,46.46412299387157,47.577829021029174,49.081766561605036,50.706310098990798,52.305713770911098,54.587515871971846,56.38113384321332,59.544596108607948,61.763292955234647
0.73211658541547919,38.548993600066751,38.378408845048398,38.682089271955192,38.71660623094067,39.134983247611672,39.265236740466207,39.775485602673143,40.256671795621514,40.403545971494168,41.206279693637043,41.571695021819323,42.556692224461585,43.189811818767339,44.292769634630531,45.169609218370169,46.465540496632457,47.579278131946921,49.083268971182406,50.707876437343657,52.307361146435142,54.589254372753203,56.38297940697521,59.546581317670643,61.765411212109029
0.73211815074299147,38.550436743535101,38.379828103352338,38.683507537003607,38.717992082238197,39.136365971993655,39.266591191291809,39.776847171131521,40.257925738114864,40.404870625119656,41.207619749475271,41.573032862506807,42.558042081538588,43.191171571612358,44.294159863609821,45.171010677237064,46.466992907226086,47.580756513401866,49.084807448089123,50.70948429685086,52.309055020101368,54.591033375822008,56.38487311732024,59.548613683320582,61.767581810243428
0.7321197533208903,38.551908077672124,38.381273809820414,38.684958918951452,38.719413009937853,39.137770154513419,39.267979096621275,39.778241905383766,40.259208674542606,40.406234150286764,41.208991055842489,41.574399451725185,42.559430367778987,43.192560950294137,44.295593198854476,45.17244640737772,46.468478018417954,47.58226802945137,49.086381171829998,50.711131728254259,52.310783490538597,54.592855121009052,56.386803007684648,59.550694577395916,61.76980375032872
0.73212139403563015,38.553416350390762,38.382760248146951,38.68644839245826,38.720866254996508,39.139208726584911,39.269396253395826,39.77966808155179,40.260524191893637,40.407630158122629,41.210392775479704,41.575800457503647,42.560844650492072,43.193985184654593,44.297054362017661,45.173914986196905,46.469999554567039,47.583815885707736,49.087995151989162,50.712815150618553,52.312557138502598,54.594720615074039,56.38878021016717,59.552821059711277,61.772079228423536
0.73212307379476038,38.554958357010037,38.384279761463404,38.687967215199023,38.722356276586652,39.140685750171542,39.270856029354036,39.781126664020121,40.261873671319336,40.409060285426676,41.211831333115697,41.577238414436579,42.562297280877829,43.195445956662297,44.298549695406109,45.175424403976649,46.471558160148561,47.585393543355167,49.089648539200425,50.714538686908782,52.314366502687335,54.596632039174438,56.390808379277587,59.566236742772162,61.774411546066403
0.73212479352742754,38.556537667755038,38.3858373449184,38.689526819624007,38.723875844385475,39.142193063627928,39.272338557057083,39.78262241370976,40.263243535067886,40.410521323792636,41.213302402757108,41.578698333818465,42.563778613228351,43.196937418077141,44.30007903277874,45.176955955568701,46.473147726617754,47.587017128244042,49.091332454234362,50.716299073770642,52.316222704946995,54.598583845421672,56.392879207618535,59.568470694124699,61.776790853589773
0.73212655418488937,38.558155721519142,38.387427541427314,38.691119899041951,38.725435380358249,39.143738312181085,39.273864483460784,39.78414971055463,40.26465083565563,40.412015405017883,41.214803629089147,41.580199600663036,42.565296556800604,43.198460510000587,44.301649647764862,45.178537323139608,46.474779638461769,47.588677160441875,49.093058471567929,50.718103013001382,52.318122218362987,54.600581161677837,56.395001593977213,59.570758292451501,61.779229673556983
0.73212835674104049,38.559809706173837,38.389055564533919,38.692749763838947,38.727029277011752,39.14532019244507,39.275419367477298,39.785716844256967,40.266094136983156,40.413544267416,41.216345227323472,41.581737275235355,42.566849034279585,43.200025841128081,44.303250832017511,45.180142136290669,46.476451237685978,47.59037216193974,49.09482398442924,50.719947718083858,52.320058147422969,54.602626137435436,56.397175787016749,59.573100701905787,61.781725287437439
0.73213020219295177,38.561502628959715,38.390725148841739,38.694420047104359,38.728661820758134,39.146939169149846,39.277016810141504,39.787319150287658,40.267570912372321,40.41510955337435,41.217921078205109,41.583305521402508,42.568439607974142,43.201626725494862,44.304897444322705,45.181796139106154,46.478158315643668,47.592108326032758,49.096638964489102,50.721838775090873,52.32205490861088,54.604719939641654,56.399401447735727,59.575490526854992,61.784277965314686
0.73213209156142167,38.5632319226861,38.392433681059629,38.696127310395241,38.73032947210595,39.148596046026796,39.278647328261286,39.788961499929428,40.269078922457993,40.416714570019394,41.219535112846643,41.584917407017201,42.570067121647298,43.203264192678034,44.306574100628495,45.183480421081185,46.479903968051076,47.59389110840857,49.09848658554256,50.723773032426834,52.324083605781198,54.606864335015416,56.401668316684663,59.577945453114808,61.786894241347909
0.73213402589154042,38.565010991413146,38.394174567889422,38.697875369340181,38.732038564514369,39.150287995114923,39.28031754354015,39.790634207427502,40.270628958009183,40.418350720312446,41.221184303052723,41.586562519427389,42.571733199525625,43.204936299007386,44.308294483460486,45.185206721071154,46.481694460846484,47.595706201158464,49.100381600670516,50.725754217244685,52.326166194863617,54.609056564979255,56.403996794484556,59.580446308478713,61.789569467306137
0.7321360062532688,38.566821435466409,38.395961550064385,38.69966922653839,38.712600259110332,39.152024392504245,39.282028443180025,39.792349945288152,40.272208509035408,40.420029910746962,41.222870474215597,41.588250514119864,42.573441170156002,43.206649551168084,44.310052363667637,45.186978754587471,46.483523601666093,47.597569139674306,49.102320545352995,50.727778078988194,52.328295569866896,54.611297219991684,56.406385071575642,59.583015327341855,61.79231087025255
0.73213803374202935,38.568684710655361,38.397788352798671,38.701496100984514,38.714394605252892,39.147158549632877,39.283781536854804,39.794109452515841,40.273824070114642,40.421751764137298,41.224603538401425,41.589970521163195,42.575185899157077,43.20840605115518,44.311854172032326,45.188783365767449,46.485402225516737,47.599473620764911,49.104304629378021,50.729852922260761,52.330473512411118,54.613596989773214,56.408814982511103,59.585644241422415,61.7951037613675
0.73214010947931285,38.570580982137471,38.399660940282047,38.703373969998211,38.716225440613925,39.148980751633644,39.285571712534875,39.795907282736152,40.275478882249445,40.423507582396269,41.226372784469277,41.591736983507872,42.576965879648924,43.210205149836838,44.313696787226945,45.179180683102459,46.487315331585705,47.60142176784575,49.106333021074533,50.731972470879555,52.332700398750603,54.615942513570189,56.41131154820323,59.58832785114646,61.797983022406697
0.73214223461329819,38.572535016573966,38.40157835604623,38.705289143603295,38.718097126111388,39.150843522977084,39.287401259876788,39.79774997709319,40.277173718437552,40.425307897850871,41.228183546569198,41.593544096685946,42.578794336877763,43.212039090692997,44.315583556424826,45.181071171537042,46.489275774918497,47.603417220525444,49.108413400128484,50.734140665270388,52.334985525347292,54.618344640359282,56.413865353912115,59.591080255806446,61.800909597426653
0.73214441031948785,38.57451670570299,38.403538670390844,38.707256245892495,38.720017328858376,39.152751327026635,39.289277574978769,39.799631150439382,40.278908938635141,40.427147453650832,41.230035136453807,41.595389732625335,42.580662456806749,43.213919215835631,44.31751467473805,45.183004218153656,46.49128227494657,47.605458750389516,49.110540820285678,50.736360198818147,52.337318089790642,54.620809962972999,56.416478180326521,59.593896569684148,61.803910152986646
0.7321466378013578,38.576554580591619,38.405544949229807,38.709260849747807,38.721977283246815,39.154701755382121,39.291201827581972,39.801563047803938,40.280685788486153,40.429033448919654,41.23192845704034,41.597281086724252,42.58257521269843,43.215841205790639,44.319491444621235,45.184986839070916,46.493341894820333,47.607548905536532,49.112714958377182,50.738633815199137,52.339707021601498,54.623322868719697,56.419145440682769,59.596771602518857,61.806980643421412
0.73214891829102335,38.578643557615578,38.407598715275526,38.711317248642445,38.723989125806838,39.156701740343124,39.293162340763956,39.803530221339315,40.282497654668987,40.430956781841815,41.233871194999665,41.599217565264553,42.584532828535885,43.217812326271087,44.32150950236246,45.187009977642447,46.495440471917391,47.609682508744299,49.114946336485445,50.740961600095034,52.342153576202691,54.625903169624507,56.42188027407974,59.599714610725641,61.810126554220915
0.73215125304992101,38.580776755698025,38.40969866188243,38.713420007843524,38.72603974910453,39.15874702995643,39.295175023376942,39.805548657197505,40.28435768885538,40.432934716809541,41.235859914217144,41.601199727039784,42.586532957851887,43.219826069660485,44.323577965609729,45.189086571801454,46.497587731108069,47.611871643923223,49.117218483239412,50.74333715531975,52.34465809725225,54.628537577576935,56.424679087474942,59.602736480534077,61.813342816196382
0.73215364336950539,38.582958221435547,38.411849454045296,38.715578059665859,38.728145794011652,39.160838362295181,39.297229751013219,39.807614878285676,40.286259431857616,40.434950203169137,41.237884573638439,41.603222482837737,42.588586898054928,43.221886001992971,44.325694062747061,45.191210302524269,46.499789052642882,47.614109942689538,49.11955380346626,50.745778381824493,52.347216938622296,54.631236679852009,56.427542077377439,59.60582170356065,61.816628755070269
0.73215609057196462,38.585193235892802,38.414048602804542,38.717779290862381,38.730295601300895,39.162975336425006,39.299332578200847,39.80972753232345,40.288203637581319,40.437018304597586,41.239971166010946,41.605295328889042,42.590687063056976,43.2240010923706,44.32786117400974,45.193385703954846,46.502040126360953,47.616398627869785,49.121936448849738,50.748265198431909,52.349839748814702,54.633995463140309,56.430473489686847,59.608976688235998,61.819997518323362
0.73215859601095068,38.587478551547974,38.416301297955215,38.720034641213715,38.732498494908214,39.165165541693568,39.301488217897713,39.811888080555946,40.290193556342274,40.439130913466215,41.242096586152911,41.607416750863194,42.59282956039533,43.226159579586238,44.330077273771167,45.195600773673505,46.504344373941422,47.61874549370259,49.124379701912403,50.750812652520835,52.352517369203269,54.636815537698567,56.433469826355577,59.612209589220583,61.823443742468953
0.73216116107232909,38.589819505345076,38.418605461716652,38.722340465057641,38.734753556549549,39.167408732697368,39.303691380657256,39.81409871391952,40.292229142040014,40.441294281743467,41.244269114453346,41.609587343875319,42.595027039758861,43.228365143761039,44.33234333852306,45.197874983772635,46.506701626814902,47.621142157353461,49.126873818226159,50.753422498703003,52.355264997109771,54.639705594629049,56.436536718159914,59.615509433671832,61.826976276934147
0.7321637871749449,38.592214545700699,38.420964997727424,38.724699295591563,38.737058839295059,39.16970204655081,39.305948977358639,39.816367337480187,40.294312517624348,40.443507806863636,41.246500037610531,41.611808199901134,42.597271244041622,43.230623512063175,44.334663821849972,45.200201103463769,46.50911499466747,47.623593209311366,49.129429682157934,50.756092117168009,52.358069752342999,54.642664921469986,56.439675081521273,59.618896220810711,61.830577909015119
0.73216647577140759,38.594665564596653,38.423374806530774,38.727118581999093,38.739419081248343,39.172047825530171,39.308258611243218,39.818685377016664,40.296446658670902,40.4457748234272,41.248776599299163,41.614082719665021,42.599573442246765,43.232935166917741,44.337033395189792,45.202579628210515,46.511582502163947,47.626103213056922,49.132042457349598,50.758819416165352,52.36093954090029,54.645685200579464,56.442884052172303,59.622357961721718,61.834271067753434
0.73216922834889475,38.597173766233027,38.425847095903009,38.729592105839401,38.741835292894393,39.174451493658125,39.310617175884545,39.821054878644645,40.298627430573106,40.448093342594802,41.251107612624764,41.616405754350126,42.601925998926163,43.235303293447942,44.339463535230607,45.205014208331704,46.514106065966189,47.628670593723655,49.134720631875098,50.761611466296017,52.363876248709857,54.648782536387444,56.494368670508265,59.625900381244719,61.838048466481268
0.73217204642997447,38.599741927348077,38.428372287657112,38.732124182861298,38.74430722836405,39.176908378489316,39.313036696985364,39.823484674096107,40.300860828720033,40.450462757609785,41.253492931369692,41.618789551779628,42.604334571398795,43.237723822705448,44.341948644258082,45.207506725098938,46.516690545715392,47.631297486834228,49.137454496696591,50.764469490386546,52.366885761730373,54.651949549093843,56.497749168425798,59.629520576447248,61.841905612498522
0.73217493157344793,38.602368238847703,38.430957066360861,38.734716026112437,38.746835365891457,39.179421418346465,39.315508024767041,39.825964288786054,40.303146170452237,40.452891042921692,41.255937119480222,41.621226251590997,42.606793573591858,43.24020375777036,44.344492214731872,45.210055679548532,46.51933416351676,47.633986653760076,49.14025232475251,50.767397484742105,52.369956870563328,54.655186327174306,56.501207414083183,59.633227241225541,61.845862679183483
0.73217788537521122,38.605059758760035,38.433604725170881,38.746584482025355,38.749424776528031,39.181996205355972,39.318038672208786,39.828505103942007,40.305480555165559,40.455377118662,41.258435708004981,41.623713676817715,42.6093172528781,43.242738016881049,44.347094238270074,45.212664720136672,46.522038080729544,47.636736051179469,49.14311558753252,50.770387577824295,52.373103406280279,54.658501611091197,56.509249875321984,59.637021545320749,61.849908112548292
0.73218090946913839,38.607802021317184,38.436315741855651,38.749285083729774,38.752068897243589,39.184628009330481,39.320627679117024,39.831103632692248,40.307876156177372,40.45791580202058,41.26098865782842,41.62626349600032,42.611896357964724,43.245327205397189,44.349755555391312,45.215334889944643,46.524806476198137,47.639551796019077,49.146051303483546,50.77344973012805,52.376322534866631,54.661895081400871,56.512859964743257,59.640897643752396,61.854042285121977
0.73218400552798479,38.610620626714081,38.43908179551363,38.752049223519862,38.754780376330018,39.187319266144186,39.32327578868717,39.833763489034027,40.310317595023662,40.460514994803816,41.263610831927508,41.628871318884194,42.614534102845937,43.247982571832836,44.352477995678782,45.218064763117582,46.527636171318591,47.642431122250855,49.14904729090631,50.776580662466586,52.379618004895747,54.665361455641687,56.516548639163375,59.644863126799464,61.858273528516293
0.73218717526431287,38.613496054429561,38.441914490889758,38.754877807106823,38.75754991453141,39.190077357925475,39.325987807940692,39.83648453373462,40.312820366118103,40.463175976183265,41.266284781508148,41.631540940143168,42.617231071926653,43.250697501935065,44.355263812467456,45.220855565275997,46.530533381737769,47.645374876447022,49.152113690972328,50.779783280566335,52.38298804871738,54.668910123407841,56.520333088934422,59.648925312794745,61.862609380856156
0.73219042043143934,38.616445209365338,38.44481412647292,38.757770724128932,38.760384912602603,39.192897420842201,39.328763126395643,39.839266940020025,40.315384505782276,40.465896876528859,41.269021129701287,41.634276185650378,42.61999508459121,43.253473437856883,44.358118264470249,45.223711508791894,46.533496373333037,47.648385103791952,49.155253251083195,50.783060709945858,52.386437084525824,54.672545463778079,56.524195631965995,59.653081675991416,61.867034618742764
0.73219374282440464,38.61945677921176,38.447784554213285,38.760732607450336,38.767852021381259,39.195783811621368,39.331599222030491,39.84211644763127,40.318002863321453,40.468681870494038,41.271823264658451,41.637066089082509,42.622818785253912,43.256315601989627,44.361034648958594,45.226637569721788,46.536528526805341,47.651471421122551,49.158459406346083,50.786414226517081,52.389962250366807,54.676255355589092,56.52815224416554,59.657330649904907,61.871576393954456
0.73219714428096638,38.622543896082789,38.450818661600351,38.763763297349215,38.770854549482465,39.198734714649618,39.334504027850926,39.845029701944441,40.320684568956494,40.47153150383383,41.274688522797078,41.639924994204193,42.625707786530256,43.259223954752088,44.364013820886612,45.229626357555389,46.53962735645473,47.654622959904373,49.161746920086443,50.789845019578934,52.393567878752947,54.680053943768144,56.532193101011217,59.661676447838545,61.876208980567753
0.73220062668261543,38.625693236943334,38.453922753687948,38.766862884163857,38.773930886294693,39.201751565095037,39.337469305377454,39.84801257494837,40.323425832204521,40.474445518106222,41.27761927107349,41.642846999224275,42.628666367847472,43.262194998562336,44.367065782193094,45.232687402516603,46.542799605056643,47.657849171198905,49.165107673965394,50.793355479836464,52.397260999307036,54.683939567767084,56.536333292722702,59.666123672388494,61.88095317967236
0.73220419195561703,38.628925352822989,38.457103874534369,38.770036926493049,38.777065992355347,39.204841771628708,39.340509160421789,39.851062824483961,40.326232964172959,40.477430145721883,41.280622431077063,41.645839573349804,42.631691468413919,43.265237322077155,44.370190456043929,45.235823510680348,46.546047596260905,47.661152250133455,49.16854289919138,50.796942457556725,52.401033638976514,54.687918680720031,56.540568167343736,59.670676473528147,61.885810389183462
0.73220784207207579,38.632230025716126,38.460355156566948,38.773275962565094,38.78028412675485,39.208003283943981,39.343618207611144,39.854185597971082,40.329098862595856,40.480479035992175,41.283689091447741,41.648896661587059,42.634788349270821,43.268344745971262,44.373380256351084,45.239019888453186,46.549366182647645,47.664527878165245,49.172055143862963,50.800616951659322,52.404897652566433,54.691986887715757,56.544898117892444,59.675328345037997,61.890771736390889
0.73221157905102718,38.635605044197291,38.463680553715676,38.7765953396447,38.783570603933185,39.211236943025142,39.346801307983696,39.857373732607812,40.332037009764463,40.483598587568849,41.286828723270446,41.652032126206905,42.637954263947904,43.271533252671361,44.37664816249162,45.242291795555502,46.55276190303266,47.667980687692761,49.175651147961617,50.804369200021029,52.408845077268779,54.696146031841636,56.549327262677252,59.680093511939049,61.89585105329752
0.73221540495955395,38.639060244895518,38.467082254122943,38.779993072617799,38.786933846771717,39.214547674637288,39.350051512010396,39.86064035166055,40.335037060081959,40.48679644567892,41.290039472281933,41.655233700759709,42.641191906761378,43.274786879774183,44.379992486443371,45.245641417335719,46.556242859922349,47.671511954627931,49.179331979714334,50.808210421353579,52.412886484526098,54.700401457026601,56.553861519321799,59.684963129460812,61.901045685634017
0.73221932191392958,38.642599981278181,38.47056631045416,38.783467512112111,38.790379220619798,39.217933033127338,39.353381808847189,39.863980420865119,40.33810951653868,40.490062231197953,41.293328322470188,41.661910413298756,42.644510617479682,43.27811968466267,44.38341338513419,45.249071875121444,46.559789140708745,47.675123072229326,49.183091079816222,50.812142098322511,52.417016346007586,54.704755382612348,56.558495996519923,59.689935916103423,61.906357511878014
0.73222333208078871,38.646220583468676,38.47413044096902,38.787020890973508,38.793901269324124,39.221396249718964,39.35679035121575,39.867397808004171,40.341245564632118,40.493402543012053,41.296691734343767,41.665254090446979,42.647893706802279,43.281530706211925,44.386908335611224,45.252572500612587,46.563429280184209,47.678817179054022,49.186935878358781,50.816163185052574,52.421246140263975,54.709207905456424,56.563236761838198,59.69503229111433,61.91179175209254
0.7322274376783261,38.649918588344008,38.47777145775035,38.790656753350049,38.797500467393547,39.22493871441111,39.360275711398572,39.870891875121742,40.344463865272701,40.496823539026082,41.300129214767367,41.668680600356311,42.651365182828158,43.285015704575926,44.39048489741981,45.256158064585179,46.567144280299544,47.682595659978688,49.190875477157533,50.820273011922836,52.425572566688061,54.713763112202287,56.568083823658526,59.700244506821036,61.917347754351795
0.73223164097752313,38.653706360142678,38.481499270070344,38.794375783298165,38.801186821423471,39.228561386931688,39.363841436803341,39.874469866510481,40.347748528234661,40.50031581427902,41.303643409628421,41.672181388363242,42.654908291064203,43.288576091639698,44.394146093633026,45.25982329947874,46.57094878796488,47.68646212760359,49.19489957857877,50.824471751227975,52.429998657666147,54.718418870121241,56.573046883568168,59.705569789744914,61.923030712641776
0.73223594430340422,38.65757989231497,38.485311639495194,38.798180620651692,38.804957010317594,39.23226897791028,39.367486007045954,39.878128544893116,40.351112473290414,40.503892758861184,41.307242636103183,41.675764070823789,42.65853420458734,43.29222297668457,44.39788927603513,45.263575115706772,46.574834136292338,47.690414112061262,49.19901541993022,50.828777251765132,52.43451492767781,54.723182394169271,56.578117555938661,59.711024861782789,61.928848198615015
0.7322403500363226,38.661545839626342,38.489213658962399,38.802079733461142,38.808815869968385,39.236061067320406,39.371211725752801,39.881868284661323,40.354551988653839,40.50755213946104,41.310923475306481,41.679428602103144,42.662246132735163,43.295953347347677,44.40171663230285,45.267406277358532,46.57881167344749,47.694459742866457,49.203228678554296,50.833177619613707,52.439140737056732,54.728050487115979,56.583307935856283,59.716601894237101,61.93480175640434
0.73224486061327743,38.665597243700176,38.493203898891807,38.806055626831949,38.812764244619757,39.239937772043049,39.375026366207749,39.885692742653191,40.358068104833364,40.511296866461635,41.314687213394791,41.683177338447422,42.666041447781026,43.299767817836255,44.405632249079645,45.271332890726626,46.582879420369864,47.698595495894551,49.207536304369569,50.837672091089189,52.443873555399477,54.733039283193648,56.588612559251487,59.722304335795343,61.940880028530955
0.73224947852926159,38.669751205481589,38.497288094833493,38.810130720026791,38.81679571326822,39.243907811120152,39.378929735627025,39.889608143363148,40.361661796458066,40.515124348457903,41.318540791515261,41.687009412795305,42.669923457782716,43.303671452216804,44.409641084261239,45.275345020461828,46.58704106323421,47.702824714593589,49.211938509717584,50.842276154085994,52.448705422692001,54.7381332507357,56.594041801989079,59.728138885460794,61.947108595632017
0.73225420633864169,38.673986287321895,38.50146440602839,38.814297782722861,38.820921932347119,39.247964403126389,39.382920103613287,39.893612128682435,40.365338461473584,40.519037052057683,41.322475872468203,41.690926025155932,42.673895074054599,43.307659291196615,44.413732497952878,45.279446027707309,46.591297213919461,47.70715044811368,49.216442146338522,50.846976013854146,52.453656650148332,54.743344914168119,56.599591152742505,59.734098355285823,61.953466224484146
0.73225904665657093,38.678335022181273,38.505737358704209,38.818557660095394,38.825146049726754,39.252114272676408,39.387003106065094,39.897708310279995,40.369103093631566,40.523045107722282,41.326502880547196,41.69493538280949,42.677954433951527,43.311740742065012,44.417919268365949,45.283639598172158,46.59564552269876,47.711570311337709,49.210410223342478,50.851787675172091,52.458720699883997,54.748670728877187,56.605265723541379,59.74019776750356,61.959968940354884
0.73226400216043619,38.682766583282501,38.510103813372552,38.822919030208141,38.829463505186141,39.256360867992043,39.391178666613996,39.901898111216724,40.372949889861047,40.527138053439558,41.330624371767044,41.699039508588612,42.682101754937321,43.315914372913539,44.422202680259943,45.287933641113341,46.600095801055431,47.716098778881133,49.215119901113212,50.856708259321749,52.46389152109623,54.754125810228288,56.611073932610452,59.746427672915161,61.966629697941244
0.73226907559133825,38.687307475600392,38.51457275589928,38.827375445049256,38.83388251485303,39.260701169259846,39.395451442338526,39.906179784797132,40.376883670222014,40.531330447643995,41.334835546091199,41.703230705112219,42.686350427567959,43.320183842908591,44.42658420605585,45.292320346925408,46.604652841575444,47.720725418999791,49.219931197352707,50.861740059219301,52.469184294342995,54.759695766493678,56.617006372660398,59.752808491699398,61.973427187651396
0.7322742697556085,38.691953262779862,38.519143828190863,38.831938920076936,38.838400424458086,39.265143740922213,39.399818060453981,39.910565242636949,40.380907855927944,40.535611774772406,41.339147444348782,41.707521671894938,42.690698058810085,43.324546385090798,44.431063727475703,45.296807075385004,46.60930225905031,47.725454282015562,49.224854639731348,50.86688201315701,52.47459383122623,54.765389567241073,56.623072990216315,59.75933126360178,61.980383238755167
0.73227958752636113,38.696704880334437,38.523818832356483,38.836602211929858,38.84302179608494,39.26968833617866,39.404285903088748,39.915044479537755,40.385019949171692,40.539994216989726,41.34354772977531,41.711909185163677,42.695134452078491,43.329007124062628,44.435647434554994,45.301395107991993,46.614057471975684,47.730287170037627,49.229893584735692,50.872137744911015,52.480127214454114,54.771218711510301,56.62927520647645,59.765995911322534,61.987500784918666
0.7322850318450822,38.701559307985008,38.528599060606211,38.841372636146843,38.84774586930871,39.274333294015378,39.408853614702821,39.91962875565514,40.389227837789804,40.544476679991931,41.348054285161197,41.716390476096421,42.699672046583146,43.333571948576719,44.440331788733602,45.306085130665451,46.618923315778375,47.735233882442117,49.235032171010971,50.877518972381949,52.485780982300639,54.777178477495909,56.63562073558569,59.772812028415501,61.994770206511021
0.7322906057232571,38.706532192416489,38.533489591442049,38.846248829737306,38.852580176200718,39.279088614974171,39.413526069838554,39.924309622030705,40.393531056120992,40.549059174023569,41.352665989194065,41.720978800207376,42.704319253563881,43.338239119853824,44.445120795629919,45.310884482227266,46.623898782767355,47.740287650376558,49.240290194749832,50.883017630316317,52.491564244031906,54.783266870304942,56.642110519111156,59.77978449780494,62.002210626378655
0.73229631224403602,38.711610473226756,38.538490555714816,38.851239614654332,38.857522492762655,39.283942109905183,39.418306115083396,39.929102597292513,40.397929153870791,40.553747595753521,41.357375423423946,41.725669690407813,42.709064370486885,43.343013579025865,44.450014638248831,45.31578720593825,46.628984681330621,47.7454564422369,49.245671793818474,50.888641804456711,52.49748179782182,54.789493304677308,56.648742666468024,59.786911931820214,62.00981065351516
0.73230215456393943,38.716812129598111,38.543604194652289,38.856342232786119,38.862573963124305,39.288907783571631,39.423193032853305,39.933998338878155,40.402424212545156,40.55853714235127,41.36219540797174,41.730464954394847,42.713925688993186,43.347887604497373,44.455023045185953,45.320804647170007,46.634181255474687,47.750741353258491,49.251168875023723,50.894386186264455,52.503524177707732,54.795863373205066,56.655524290166795,59.794200330972672,62.017582243308425
0.73230813591460386,38.722120736259967,38.548834271728992,38.861562785226852,38.867742285598069,39.29398698406294,39.42819189466536,39.939011752605438,40.407025224063545,40.563439555931836,41.36712455842644,41.735367422923446,42.718885900918394,43.352881703991443,44.460141834802926,45.325926479417831,46.639498853124678,47.756145252846181,49.25679131411016,50.900264298543334,52.509710253216326,54.802369508892298,56.662459240294993,59.801653817296028,62.025530417449772
0.73231425960457008,38.727556549012661,38.554182076826692,38.866897816769779,38.873026875313371,39.299187460914254,39.433297493029386,39.944133172277361,40.411724539939314,40.568448412697762,41.37216346245259,41.740380257368088,42.723960268311203,43.357980094384402,44.465380587615073,45.33117035869509,46.644933632574975,47.761665700934827,49.262535194866359,50.906268149614334,52.516021797433496,54.809026409871876,56.669547703117132,59.80926379840821,62.033656099811196
0.73232052902111255,38.733117212541401,38.559652347117662,38.872352166566998,38.878436202183366,39.304493231233209,39.438523709308356,39.949370491784066,40.416532824281603,40.573569825384766,41.377313354518265,41.745507203508168,42.729152020532638,43.363193371333182,44.470729075372219,45.336525291204453,46.650488449260592,47.767314147204161,49.268412094563246,50.912411407567561,52.522485347464681,54.815824309363961,56.676786991767585,59.817051503807306,62.04196751024574
0.73232694763211348,38.738798981532454,38.565242317505181,38.877932001370937,38.883962162770331,39.309928842820227,39.443864891305566,39.954728534910828,40.421446179971099,40.578809722792357,41.382582196034491,41.750752370804548,42.734455254394561,43.368524683173746,44.476200469769537,45.342002314049751,46.656169776804745,47.773083508014679,49.274417265318334,50.918689732439816,52.529090109281242,54.822778538800776,56.684191402047873,59.825009676627815,62.050456463359296
0.73233351898798082,38.744612473994493,38.570967299863696,38.883635689038783,38.88961041951552,39.315478595905006,39.449327584821731,39.960204328875989,40.42646870855242,40.584165912121534,41.387967536225915,41.756106392946094,42.73987829964608,43.373971036169678,44.481793306302279,45.347599235363305,46.661978006362915,47.77898630592972,49.28055430110544,50.925101804547012,52.535832401365042,54.829884833656251,56.691761807538569,59.833135834895074,62.059133783914149
0.73234024672361209,38.75055193156004,38.576806886121631,38.889469891786575,38.895390344783664,39.321155433077365,39.454911061562598,39.96580035565421,40.431600394658744,40.589644939173013,41.393473452888429,41.76158508239314,42.745426785666496,43.379545966163278,44.498487585689873,45.353319953661412,46.667913720011711,47.78501143772155,49.286827363073826,50.931660118512809,52.542730016633868,54.837148059159517,56.699499201960862,59.841455009765923,62.068004849366844
0.73234713456040557,38.756630341988057,38.582786652259529,38.895433954428881,38.901292829308659,39.326961965765804,39.460620639845729,39.971521667670459,40.436849057674408,40.59524102602154,41.399100010283291,41.767187629826367,42.751096493098885,43.385235698428005,44.5043382672593,45.359169538132846,46.673977195285261,47.791179505176842,49.293236240744591,50.938362210988998,52.54978390596807,54.844570607878268,56.707409681752324,59.849952759221196,62.077077805995941
0.73235418630831772,38.762841715011746,38.588899759575725,38.901535543147475,38.907333099748939,39.332893604878336,39.466457686387002,39.977374511770904,40.442213220987469,40.600962665397674,41.404856649693102,41.77291013346985,42.756890666205436,43.391056693159044,44.510318895336241,45.365150980651379,46.680174376815557,47.797478332184255,49.299788883887231,50.945212777704,52.556984907947481,54.852160228416324,56.715488073416054,59.858641129918396,62.086341369897127
0.73236140586797194,38.769191097468138,38.595146785024554,38.907769446261227,38.913509145379066,39.338961544912308,39.472426089923829,39.983353176154196,40.447698436211795,40.606813003774732,41.410742005798966,41.778759283013642,42.762810558546335,43.397011130582541,44.516432137228549,45.3712587216869,46.686514915898442,47.803920854814351,49.306485491804779,50.952214523218572,52.56435083784163,54.859913148917258,56.723750931210816,59.867513723671436,62.095817769877613
0.73236879723281478,38.775682274717838,38.601537105161697,38.914138339925557,38.919818117748946,39.345165732316673,39.478526354767382,39.98947182064876,40.453306027688086,40.612796438857913,41.416753679979593,41.784741514828056,42.768864730838686,43.40308765694499,44.522676202934235,45.377500329166651,46.692987080663443,47.810495327226818,49.313322968780994,50.959370398893952,52.571875868365169,54.86783941835165,56.732193295843899,59.876584102399647,62.105496551841497
0.73237636449132615,38.782325349282473,38.608070177026093,38.920653769280761,38.926270793192089,39.351503564976156,39.484762535430491,39.995715929660946,40.459031959995627,40.61890982510522,41.422899976372719,41.790853128302842,42.775055386591703,43.409302896354347,44.529063638299704,45.383883280679584,46.699606255628169,47.817221422679722,49.320314005017281,50.96667758654803,52.579569187946618,54.8745969645679,56.740817466750741,59.885853860527277,62.115392840467393
0.73238411182927998,38.789110130630434,38.614746642764658,38.927316972985864,38.932867109309882,39.357985856477171,39.49113663751632,40.002108382061124,40.464885034132749,40.625156698282808,41.429181562270969,41.797106057871133,42.781372840516269,43.415654968004674,44.535585725679994,45.390401612967253,46.706370551139116,47.824088454246521,49.327458725310862,50.97415160946548,52.587427413091063,54.882886290550232,56.749631881713867,59.895326538942754,62.125502130016685
0.73239204353205978,38.796050678472966,38.621571011375636,38.934126968029886,38.939614701084793,39.364609238691628,39.497654587030411,40.008633547928184,40.47086438909173,40.631546716205776,41.435604022815824,41.803487359080464,42.787840884178877,43.42214686376974,44.588919303845614,45.397063910961151,46.713282348588109,47.831110929138958,49.334757784381509,50.981784117408097,52.595458207651973,54.891356769949198,56.758649562485516,59.905006173066795,62.135827745310962
0.73240016398702934,38.803138082846999,38.628547188825905,38.94108712952584,38.94650407275185,39.37138039059937,39.504314229823649,40.015304394997656,40.476974241435528,40.638073616661131,41.442166548222303,41.810013548471034,42.794444593600929,43.42877731891349,44.595661622472107,45.403872631490231,46.720339711755514,47.838284063152969,49.342218238860369,50.989588534459472,52.603667950257659,54.900007134303451,56.767847296781838,59.91489496268332,62.146386770531535
0.73240847768595907,38.810394573025405,38.635678250342607,38.948199631180614,38.953547880984843,39.3783024023287,39.511126243043691,40.02212563669309,40.483222589362413,40.644744625780731,41.448876176960766,41.816686171572655,42.801194237079471,43.435556819662452,44.602548859082162,45.410830122418702,46.727558087557554,47.845614000223577,49.349837698973715,50.997551184147596,52.612047905102372,54.90885501075536,56.777248016558588,59.92499977722764,62.157162522897124
0.73241698922751119,38.817796340677887,38.642967259511352,38.955471765249968,38.960752390790731,39.385374307166785,39.518079189583659,40.029091932810843,40.489602421876043,40.651561455801129,41.472243526950479,41.823498465586454,42.808092349674553,43.44247828470543,44.609591099899262,45.417937111109495,46.734926493838429,47.853105037473142,49.357621953822672,51.005696041509509,52.620613729581237,54.917887082323432,56.786853200756013,59.923553600907326,62.168186231516302
0.73242570331978296,38.825373072642833,38.650418488774449,38.962896959856153,38.96810474479571,39.3926015291363,39.525190700311214,40.036212116479874,40.496122737415135,40.65852869162336,41.479247740469873,41.830461562145501,42.815136040560901,43.449557049199939,44.616777454037219,45.425196157768369,46.742458797991276,47.860748572275043,49.365574759431183,51.014015465043485,52.62936133146286,54.927113357000053,56.796672604046762,59.93408552184701,62.179440640844405
0.73243462478291099,38.833111766725779,38.658032009843737,38.970491056796163,38.975622842088342,39.399987685959786,39.532458095811307,40.043489987030625,40.502784786745906,40.66564833978191,41.486409151460975,41.837577132042497,42.822337185032666,43.456787452101707,44.624126566573977,45.432613584212959,46.750151872634888,47.868562344461679,49.373701959848404,51.022508601658046,52.63829945679754,54.936538084410131,56.806697721593082,59.944843791425228,62.190938560292125
0.73244375855173771,38.841026463080198,38.665812851395458,38.978251857217401,38.983309358358383,39.407535513862967,39.539884567260742,40.050931320991367,40.509592176880687,40.672925553284585,41.493723488412797,41.844847411382943,42.82969279633835,43.464173372834921,44.631630845367908,45.440192555077374,46.758012719452381,47.87654594052583,49.381994164548814,51.031183208338916,52.647429198026657,54.946164449676871,56.816934689879417,59.955833384767175,62.202686944045126
0.73245310967854094,38.849106713198125,38.673761505633593,38.986184777226299,38.99116171663627,39.415248834062368,39.547469084151089,40.058521001599729,40.516540532000363,40.680359331425279,41.501196132041514,41.852276586927474,42.837209140881896,43.471713546197861,44.639298606663942,45.447930345311761,46.766041855327785,47.888483786955476,49.390469277277589,51.040046157315373,52.656751957722008,54.956002372317016,56.827392718754709,59.967061680741608,62.214681047014892
0.73246268333582842,38.857371449936181,38.681890921667218,38.994289657566696,38.999186935834587,39.423129283823073,39.555219712667167,40.066281853243709,40.523642288986593,40.687954571563751,41.508829651400447,41.859864661004394,42.84488438302651,43.479421155992895,44.647126089315861,45.455837910994887,46.774246543645859,47.89682683441788,49.399125386960804,51.049100745469332,52.666277660988271,54.966048419475555,56.838079696521163,59.978525219485164,62.226933970116079
0.73247248481919891,38.865814856719226,38.690191842615604,39.00256978161633,39.007386970333755,39.431180650833994,39.563142166472971,40.074209139682353,40.5308947279118,40.69571773102507,41.516628874000162,41.86761676101014,42.852725813630968,43.487293960526586,44.655118277762085,45.463906419463456,46.782626730389893,47.905348016880453,49.407971551641822,51.058344817720354,52.676006984896958,54.976305861026049,56.84899272210896,59.990225435234606,62.239448166452348
0.73248251955027177,38.874434953555465,38.698672314174473,39.011032809503376,39.015760923270136,39.43940611789003,39.571234947070479,40.082313647959381,40.538304890971631,40.749268542509526,41.524597019888461,41.87553640268743,42.8607396944426,43.495335435494781,44.663287311326712,45.472156725823879,46.791181243024766,47.914053180254996,49.416992234066129,51.067789433524013,52.685934653505683,54.986779876984656,56.860133110545576,60.002180309966207,62.252227930352092
0.73249279307968529,38.883250647224486,38.70734283560887,39.019673721399158,39.024316146038473,39.447809159755707,39.579503599088639,40.09058644156903,40.54586826544255,40.757362327538431,41.532737657427788,41.883623626548797,42.868919754866511,43.503546764142811,44.671624773647636,45.480578767135739,46.799913271330297,47.922940695658326,49.426205758005381,51.077428319491446,52.69607653375715,54.997475512325764,56.871509389951825,60.014392845332623,62.263122440315783
0.73250331109016764,38.892254629172385,38.716191996820271,39.028505195863545,39.033060662448406,39.45639352267608,39.587945574428886,40.09903605747968,40.553600387647748,40.765621291939169,41.541047187056392,41.891889297869056,42.877279327716678,43.511933849193156,44.680144734680653,45.489171653054655,46.808836183510721,47.932013038545847,49.435618032701313,51.087269919924438,52.706431736238301,55.008395510725677,56.883125118911266,60.026857369579375,62.276464959606528
0.73251407939967961,38.901458712760359,38.725239496678114,39.037529726978391,39.041990626137704,39.465160904452205,39.596572414971888,40.107669621706009,40.561487176921219,40.774062055163085,41.549538248684257,41.900320380926132,42.885811383835971,43.520495847333223,44.688842955045402,45.497954561375082,46.817947113886476,47.941273314878345,49.44522454123944,51.097321542911232,52.717009206302464,55.019545204937458,56.894985000602901,60.039582750760019,62.290088924579322
0.73252510396463344,38.910855367779732,38.734478099737316,39.046743116341531,39.05111697409302,39.474123887717724,39.605386695358902,40.116487070452422,40.569542590994388,40.782682572491467,41.558210699353367,41.908939895685762,42.894526068121195,43.529240471776575,44.69772107899189,45.506910379044712,46.827248291112483,47.950733137317002,49.455034228973091,51.107579166069627,52.727795203216374,55.030935153365135,56.907093388028443,60.052577177993953,62.303994698449969
0.73253639088318689,38.920451015699655,38.743916763924062,39.056157091166824,39.06043360196054,39.483265217393637,39.614383904263377,40.125490047968924,40.577764832414687,40.791484152432531,41.567059699911624,41.917737561278045,42.903425191529095,43.531588808167726,44.706792442128062,45.516059901565313,46.836740548722446,47.960384863428771,49.465045242570341,51.118048368021846,52.738815325312316,55.042553559876978,56.919457948766649,60.065838633105159,62.318194369785488
0.73254794639861676,38.930260944180191,38.753559815231711,39.065773131791502,39.069951224140823,39.492610482033342,39.62357602128759,40.134684843476862,40.586163212079555,40.800474852323532,41.576090039219707,41.926718392875046,42.912512140348554,43.540691473055631,44.716044790111482,45.525400215759873,46.846433604136109,47.970240557566285,49.475267051719129,51.128741823136806,52.750064549967647,55.054408885538578,56.932072333991528,60.079375620000064,62.332683925516903
0.73255977690277241,38.940268534235656,38.763408120255917,39.075591642875224,39.079668482299894,39.502147069200873,39.632962038740516,40.144075308926404,40.594739116728306,40.809655251447111,41.585312510840595,41.935894997790456,42.921787773724645,43.549981257412583,44.725495340302587,45.53493373375386,46.856330252252519,47.980302105657756,49.485695985145867,51.139650928787887,52.761548958718777,55.066519755870104,56.944951598532498,60.093196402303874,62.347480338066816
0.73257188893961112,38.950498178601265,38.773463946767151,39.085620049852878,39.089593337383121,39.511889790650457,39.642547434195876,40.153655505739152,40.603484586812556,40.819031631108373,41.594730958808213,41.945258865132928,42.931258207187057,43.559463550336659,44.735142855904996,45.54466147813946,46.866424751468003,47.990571103990078,49.496337368153036,51.150782918557525,52.770498591475189,55.078873606398702,56.958088388666511,60.107303934171796,62.362577245570719
0.73258428920881791,38.960947921033949,38.783729736227542,39.095862980466336,39.09973050840199,39.521838175598532,39.652333123609424,40.163440776057541,40.612415703013539,40.828598936088383,41.604342521168292,41.954817422665656,42.940922313835472,43.569144079927355,44.744984370656312,45.554590480402112,46.876728603616357,48.001041575334966,49.507200442254543,51.16214479599148,52.782434703782201,55.091482133604586,56.971499405801296,60.121693837456405,62.377985649742186
0.73259698456951139,38.971609461586922,38.794216003268957,39.106319836806506,39.110072195529938,39.531997545156628,39.662325119134039,40.173434015363455,40.621531297452748,40.838372238446027,41.614157816860825,41.96457383967936,42.950789378490299,43.579026092309505,44.755028328858316,45.564726096577942,46.887239717878401,48.011732403188944,49.518279007636011,51.173739979043603,52.794622789137065,55.104339861311018,56.985184300690889,60.136375625617802,62.393708522431552
0.73260998204403804,38.98250444419682,38.804921644274145,39.116991004440933,39.120637855958194,39.54236291302368,39.672529682982713,40.183634901419282,40.630836103111506,40.847195233218372,41.624174021184444,41.97453798353672,42.960861868225038,43.589110977947712,44.765278324484825,45.575063968077302,46.897968798875809,48.022637333720922,49.529587430879474,51.185567745007575,52.807049881666899,55.117464911192656,56.999145247973502,60.151357393711805,62.409746843390167
0.73262328882185623,38.993623489979655,38.815854526124895,39.127893371041864,39.131428618915379,39.552950315177441,39.682941951323301,40.194039672613144,40.640325447078794,40.8573675788939,41.63439990952611,41.984702326823026,42.971139694564044,43.599398479331285,44.775736511684954,45.585610488429666,46.908914864994586,48.033766977488995,49.54111847281456,51.197634571231902,52.819738297723234,55.130853368900716,57.013390653766692,60.166640400886536,62.426114968955517
0.73263691226351335,39.004978756885976,38.827012283261865,39.139023151714355,39.142437032889575,39.563751055393368,39.693576106801629,40.204664300195873,40.650010102428496,40.867750662378967,41.64483779668808,41.995074348989874,42.981627014931291,43.609896153211594,44.786411725915968,45.596371089108288,46.920082942582667,48.045113353058696,49.552888524718583,51.209939632564783,52.832668061368167,55.144510228186846,57.027923845686018,60.182236261665821,62.442808125168085
0.7326508599047169,39.016570184845477,38.838407194241881,39.15037864819169,39.153675183653831,39.574777345173061,39.704422055277973,40.215505532454699,40.659889412112534,40.878355297259986,41.655481432564557,42.005657645408064,42.992331895045936,43.620609981939197,44.797297650948167,45.607346387580037,46.938896427862346,48.056691995821893,49.56488346401602,51.222494358196855,52.845869000069797,55.158446064218879,57.042738625779748,60.198141604661942,62.459841268137097
0.73266513946050305,39.028402170166373,38.850032174959779,39.16196990897879,39.165145300794393,39.586032288148999,39.715497027151287,40.226567517500371,40.669971020426601,40.889162334613502,41.666349311824888,42.016459850594401,43.003246789332479,43.631532927043736,44.808407917618752,45.618543705902994,46.95051620900631,48.068505184724927,49.57711932901293,51.235297570005059,52.859332317486405,55.172655260190368,57.057856114581227,60.214363204315305,62.477200571447611
0.73267975882950442,39.040482939220965,38.861899225972593,39.173805083613843,39.176853955257684,39.59751611482352,39.726799921132624,40.237859614193439,40.680249250959605,40.900199455674738,41.677435443736613,42.027479232754558,43.014385746791959,43.642676835414022,44.819732232019305,45.629955681972206,46.962367161177099,48.080540534108877,49.589598869904876,51.248348090797663,52.873051642440259,55.187151746824384,57.073266916908324,60.230898364447057,62.49491451214999
0.73269472609831832,39.052804436534643,38.87401067558676,39.185881292447448,39.188800110947341,39.60923169972375,39.738328870851547,40.249374094884843,40.690734783187509,40.911458839662373,41.688744970597327,42.038723974954337,43.025746878702193,43.654042582493275,44.831286947242916,45.641598924063146,46.974453649483621,48.092816916294396,49.602322828024626,51.261662256903946,52.887041377834976,55.20193144865334,57.088976060040295,60.256526548415422,62.512978225015104
0.73271004954598073,39.06538019888103,38.88637032546103,39.198203291743994,39.200991300866008,39.621193340979517,39.75009393459186,40.261122318916023,40.701426559127867,40.922945548780262,41.700287917163223,42.050185352098197,43.037329514045268,43.665633198805153,44.843065269291401,45.653468224219978,46.986775976605713,48.105333338491619,49.615289115346968,51.275233122520149,52.901308422908187,55.216991943307221,57.105003122240305,60.273697072640061,62.531390083022416
0.73272573764854521,39.078216503374279,38.898979542311281,39.210778045002371,39.213425402529538,39.633393440395594,39.762095530051738,40.273107073269784,40.71233012760058,40.934663474094123,41.712053511291742,42.061878845561296,43.035640856251121,43.677455639466643,44.855077827349305,45.665570976212621,46.999340021982789,48.118095420300961,49.628511453978717,51.289061167277396,52.915850547142327,55.232352074235678,57.121332281269133,60.291192521341145,62.550162934698164
0.73274179908377146,39.091319255065173,38.911847522482276,39.22360047372058,39.226112490985543,39.645828950684518,39.774342482443899,40.285326729062945,40.723446812480688,40.94661003863439,41.724057408981025,42.073812030255795,43.047707043588161,43.689507293049246,44.867324886843562,45.67790737003088,47.012148386798799,48.131103839725256,49.64198337122798,51.303160914219916,52.93067511357367,55.248002120293677,57.137980414554477,60.309031490236521,62.569293604232371
0.73275824273592549,39.104675127658993,38.924971428699791,39.236686791758984,39.239055926445872,39.658522727433592,39.786832144949585,40.297789505682886,40.734775329008698,40.958797673229128,41.736297416035086,42.085980768315494,43.060009497217834,43.70179515471682,44.879810736514628,45.690478115342557,47.025198377668858,48.1443579075858,49.606266659684479,51.317527865059674,52.945775513537228,55.263958157971501,57.154948381707072,60.327207982540131,62.588795795105398
0.73277507770069383,39.118308872915804,38.938359202351421,39.25003271875903,39.252256939653307,39.671467313542962,39.799568626563996,40.310498417820781,40.746325899381191,40.971227647271007,41.748776221647859,42.098383760545403,43.072547082789242,43.714321041945368,44.892527694813907,45.703290184028447,47.038499318063259,48.157860389910638,49.620369175449014,51.327848768793046,52.961164261214435,55.280212042853236,57.172227193601429,60.345731111243367,62.608664807863533
0.73279231329021466,39.132207081653178,38.952016809955239,39.263647538609803,39.265720574650913,39.684662306215614,39.812556357588619,40.323454900179058,40.758098123595119,40.983902628999203,41.761497974861413,42.111032934859395,43.085334673989564,43.772542705293745,44.905492187477648,45.716345223598182,47.05205100402236,48.17162896040827,49.634736294858158,51.342779510654509,52.976846151053905,55.296767625026405,57.189838316291571,60.364600969478488,62.628909188322723
0.7328099590382291,39.146385583095253,38.965944376308471,39.27752769459039,39.27944690361619,39.698122065979987,39.825801481492817,40.336668035481125,40.752922234591097,40.99682434508577,41.774470360018313,42.123923326376826,43.098360475152731,43.785557967610657,44.918709484860301,45.729645777493715,47.06585889402777,48.185640608891845,49.649375966750085,51.357978866435587,52.992818634957075,55.313635646365583,57.207780336029828,60.383820416405797,62.649534350261092
0.73282802470535402,39.160845362115651,38.98014358477667,39.291686105076224,39.293445209506899,39.71183965401724,39.839303656946868,40.350131117273122,40.765153852291405,41.009994677267969,41.787695165257901,42.137061928398907,43.111637476366013,43.798820509575307,44.932167786173522,45.743191365152597,47.079923635348678,48.199923073872924,49.664284534752369,51.373465364798903,53.009087034501135,55.330812859348953,57.226049589924514,60.403397624380887,62.670544653199613
0.73284652028448183,39.175587441772223,38.994622457772493,39.306115031708032,39.307711657136679,39.725822580046952,39.853070723824203,40.363852988462895,40.777609037701041,41.023419187404215,41.801168435253203,42.150445517152548,43.12516663223505,43.812324353959411,44.945874463766813,45.752890161238611,47.094249027781188,48.21446131542325,49.679468080401421,51.389236145652831,53.025652043521404,55.348311490379274,57.244659711606801,60.423334481194615,62.691937820054591
0.73286545600630748,39.190623919013888,39.009379788301885,39.320826921612024,39.322257830761373,39.740078618284315,39.867095065303147,40.377834139857441,40.790302213281393,41.037100266199559,41.814895535819232,42.164087579119951,43.138947526458651,43.826084107160568,44.959841205738485,45.766963657923043,47.108837054111063,48.22926864400506,49.69492036383599,51.405290925875306,53.042521436698735,55.366121051833034,57.263605640269816,60.443635668605566,62.713723028078675
0.73288484234498774,39.205944717861712,39.024428444448858,39.335820941720158,39.337084257043898,39.754602490924299,39.881394209805876,40.392079545650631,40.803222912363708,41.05104350624606,41.828884388785809,42.177984305657446,43.152988586574793,43.840094002895057,44.974060405045748,45.819637077860534,47.123690543696284,48.244343241676688,49.710659626871347,51.421632532961667,53.059689429588616,55.384251995943487,57.271916316822171,60.464299710467458,62.735906586050987
0.73290469002393466,39.221562596969306,39.039762772619724,39.351104656234384,39.352192818187177,39.769405975472182,39.895964000374079,40.40659567900002,40.81638368498534,41.065245362464339,41.843137949239463,42.192138729151338,43.167285129893571,43.854362542741001,44.98854413907975,45.834197988733649,47.138807317242026,48.259692506864667,49.726676498539746,51.438266032375395,53.077169240452349,55.402703057974577,57.29155287053436,60.485333347693086,62.758475408889353
0.73292501002174759,39.237487824168056,39.055387091357261,39.366681312676519,39.367581618949771,39.784485501702875,39.910808072891086,40.421381040010601,40.829778173938394,41.07971355272457,41.857649353332818,42.217897096183151,43.181845651939511,43.868887922726572,45.003278455697,45.849020735360682,47.154193833470345,48.275301374495029,49.742977458052337,51.455198252573609,53.094954585656524,55.421482780948281,57.311536327935755,60.506740843877196,62.781455227173865
0.73294581357828537,39.253704310860485,39.071306703146547,39.382543848827481,39.383268218953162,39.799847119953483,39.925927963107824,40.436436627525836,40.843414832372218,41.094444698654115,41.872435584664345,42.232624990865588,43.196667202748358,43.883673354052007,45.018275437876582,45.864104978740215,47.169856306165457,48.291187806986272,49.759557778015733,51.472421826794744,53.113049359060824,55.440587742254138,57.331865362823009,60.528518874198198,62.804838929325342
0.73296711220088373,39.270226615015417,39.087530780117959,39.398707515094429,39.399238320998847,39.815491006243974,39.941325488965958,40.451765351928771,40.85729459580034,41.109455407597125,41.887480377219617,42.247621877118945,43.211756374686956,43.898717979900539,45.033538327552378,45.879452942870557,47.185789944604039,48.307349935173988,49.788028296083212,51.489934769459069,53.131453722715378,55.460022416897118,57.352545305155218,60.550671117380261,62.828612468205392
0.73298891767072105,39.287066840101033,39.104047623462975,39.415172457229346,39.415506303776056,39.831427319906652,39.957011261023581,40.467371948063374,40.871418301481754,41.124735893215984,41.902803192846477,42.262886294163764,43.227115315385163,43.914031990803778,45.049068198539317,45.895057688467205,47.201994801871479,48.323788106441498,49.805165045894682,51.507755083963275,53.15017072390765,55.532834363169968,57.373582804575562,60.573195508681238,62.852802724577487
0.7330112420493341,39.304209907539189,39.120877001900226,39.431938258465379,39.432076637167484,39.847643121145666,39.972978847101331,40.483257171232253,40.885783958248794,41.140286023728549,41.918398639652878,42.278429036494344,43.24274193868041,43.929606555961072,45.06486454512924,45.910928510129452,47.218471833504736,48.340507685206831,49.822599452920258,51.525869227945805,53.169205533340573,55.552882048301399,57.39497044775635,60.596107759512961,62.87740402109921
0.73303409768529038,39.292668189387769,39.138010452501476,39.449007243383676,39.448941341135651,39.864155784714967,39.989236649125814,40.499423451721668,40.900397473014891,41.156112503260374,41.934272193349898,42.294234048109502,43.258642070461065,43.945453508757055,45.071251716464758,45.927074794657528,47.235229620710015,48.357505330815911,49.840311533771455,51.544286193326116,53.188554576598108,55.573261597193778,57.416715978644788,60.619401111267507,62.902413227595389
0.73305749722101876,39.310270059388131,39.155454314313829,39.466384471394122,39.466113233938813,39.880961832590401,40.005782974418253,40.515873871743679,40.915258096065372,41.17222155816853,41.950419137720019,42.310316697694361,43.274815602228045,43.961563599295914,45.087567162699997,45.943479324690998,47.252262742258608,48.374770757742226,49.858323621563613,51.56300042476505,53.208219385705888,55.593969604000449,57.43880857154727,60.643062697723508,62.927830203436315
0.73308145359980215,39.328195828013122,39.17320806439966,39.484077038243413,39.483588237781078,39.898061565123498,40.022623393218964,40.532609295099974,40.93036552099511,41.188611708581448,41.966846441850066,42.326673862058669,43.291262586601079,43.977943934500217,45.104151523672044,45.960149487480521,47.269577158614993,48.392325094901025,49.876619070768356,51.582016662694514,53.228202137164772,55.620621595531702,57.461263283155859,60.667116366326809,62.953659396618605
0.73310598007293692,39.34643996367231,39.191279419697821,39.50208000279963,39.501366215758026,39.915461975615472,40.039752359502017,40.549635833129287,40.945730358362198,41.205285126809031,41.983556287828833,42.343306820839643,43.307984422426671,43.994588010013103,45.121010387316346,45.977088827639818,47.287161465734243,48.410153855569661,49.895205717533827,51.601336850784719,53.248499013483524,55.642001802101731,57.48407500050962,60.691547963768244,62.979901315644383
0.73313109020706346,39.365002715494484,39.221385487820953,39.520399324130267,39.519458428956568,39.933164250105619,40.057179307565093,40.566941311117262,40.96133009204641,41.222243370488286,42.009950472041965,42.360221168026328,43.324980240315199,44.011510331183672,45.138138900510967,45.994302991777658,47.30501339584589,48.42826184630394,49.914082223549485,51.620952144265175,53.269108602777123,55.6637111781165,57.507241434417665,60.716359181329608,63.006553066894412
0.73315679789166943,39.383892727084458,39.240136408247054,39.53903009975329,39.537857966031879,39.951157782226801,40.074901720043272,40.584538651630282,40.977186332456768,41.239482258446515,42.027213479857892,42.377410891000181,43.342249342240393,44.028692616149783,45.155539540573955,46.011772027239203,47.323151768185198,48.446446199901402,49.933246897533536,51.640871911309659,53.290040317922831,55.685752442106605,57.530761200003326,60.74154772143811,63.033617494627833
0.73318311734677377,39.403103150893003,39.259213021956384,39.557980038225651,39.556570886168629,39.969463111367077,40.092922381125391,40.602426344528794,40.993290262296796,41.257008919492364,42.044759317766875,42.394883567932993,43.359800756908953,44.04614485707134,45.173215264454484,46.029517081566155,47.341557757928967,48.465098580345511,49.952699367888272,51.661081292666495,53.311279953457415,55.708126972429454,57.554636576212943,60.767118035815656,63.06109016854316
0.7332100631307914,39.422641184646636,39.27861138805747,39.577252297196537,39.575595219153911,39.988061488140374,40.111244910862297,40.62059248611331,41.009647995233536,41.274822662118822,42.062588828150183,42.412632220890373,43.377627141773701,44.063870866782963,45.191150916740298,46.047522382810712,47.360240688547492,48.484022268094122,49.972434460185468,51.681598424911499,53.332829126156867,55.730814925394952,57.578858753666282,60.793054432608187,63.104731198400259
0.73323765014858655,39.442510404624045,39.298331262543797,39.596839508041739,39.594932627398521,40.00696705467999,40.129863927140832,40.639057958498597,41.026249630376697,41.292921375948936,42.080700496677309,42.430657726712525,43.395727396011353,44.088313184678555,45.209361417219043,46.065787917934358,47.379206219688058,48.503224566578865,49.992455026134849,51.702400526031852,53.3546973913908,55.753837469033897,57.603434395976365,60.819373436272144,63.133032624609768
0.7332658936597175,39.462703872937709,39.318375681526959,39.6167529579252,39.614585257135332,40.02617981703952,40.148780455347151,40.657811811659485,41.0430978378281,41.311306652612984,42.09909698413685,42.44896672014147,43.414102829061449,44.106502361595631,45.227834328077734,46.084322871640325,47.398432156071067,48.52269687410444,50.012757126241922,51.723497815430164,53.365491655655205,55.777173805050552,57.628353443928063,60.84606387745589,63.161725951358676
0.73329480928687685,39.483229920268059,39.338744906708598,39.636975542642176,39.634547770023346,40.04568795626983,40.167998524848372,40.676850503310561,41.060194834601134,41.329975127242506,42.117771681863815,42.467550552915782,43.432755040004849,44.124954182654619,45.246578285470605,46.103109926916659,47.417929823510349,48.542436249554157,50.033342360518873,51.744883461855352,53.387939042411745,55.800830993801355,57.653603011742234,60.873111753724515,63.190818157047033
0.73332441302453333,39.504081870894879,39.359442031476647,39.657526643481106,39.654826439917088,40.065505468752235,40.18751462129876,40.696177861653268,41.0775276273489,41.342131284531206,42.136735440697521,42.486409105360508,43.451678948476911,44.143661465495825,45.26557653862983,46.122156115248799,47.437697993591428,48.562443357892334,50.054195038042963,51.766554649919271,53.410686767660081,55.824800584465265,57.679202157072723,60.900519862771034,63.220306337811053
0.73335472124777901,39.525263072922826,39.380453262478113,39.678399259224534,39.675416512880474,40.085615925490856,40.207329096738249,40.715791720896959,41.095107103232294,41.361356646288186,42.15596069348976,42.505545688793063,43.470866415649652,44.162631835788488,45.284838838502765,46.141451270319521,47.473236275836825,48.5827109022066,50.075316808186471,51.788503174670041,53.43372559081763,55.849080856889486,57.705130020156503,60.928286906331778,63.250174105167389
0.73338575072138701,39.546772783622146,39.401798999868333,39.699588454328477,39.696319769602269,40.088832709472626,40.227435818407685,40.735686906147748,41.112928002607077,41.380865833722055,42.175473944749683,42.524946775753051,43.490326996892691,44.181848681531847,45.304358876310289,46.160995493642986,47.493545815348625,48.603237133473158,50.096715648658574,51.810725992545485,53.457057705149055,55.873664883896708,57.731384485028684,60.959910048171878,63.280419118702412
0.73341751860908477,39.568612538743764,39.423459163401276,39.72109337290749,39.717532442416996,40.109727674629539,40.247840557713062,40.755862388759851,41.130975500680506,41.40064879367128,42.195261452812701,42.544622633606195,43.510049059055746,44.201326452195644,45.324126346968114,46.180782341398299,47.514108977280557,48.624010284431279,50.118358990177512,51.833220052532852,53.480674140155315,55.898538240231574,57.757957537658513,60.988389383070171,63.311041787266731
0.73345004248304813,39.590769391972572,39.445438981056213,39.742917703930289,39.739051204174757,40.13092389376834,40.268542169127613,40.776321871206164,41.149261298589408,41.420710904058069,42.215322181582451,42.564568618312478,43.529219737276435,44.221041004173458,45.344148874282837,46.200803985819221,47.534923171624541,48.645028615370393,50.140260561369359,51.855979774147272,53.504554502665997,55.923703294247389,57.784839904867113,61.017193565145135,63.342016355134547
0.7334833403336215,39.613260583486408,39.467742882668972,39.765053329523653,39.760881603695452,40.152409225702286,40.28953030705452,40.797046041116118,41.167771934065968,41.441047213505954,42.235647377092391,42.584767472930253,43.549486835487187,44.240997969172895,45.36440712492913,46.221063275821507,47.555969335138798,48.666293678805232,50.162414924241602,51.876644711010158,53.528711247257888,55.949139001779258,57.812036806717515,61.027114213444293,63.373352574184537
0.73351743057926844,39.636063332203776,39.490354178473353,39.787498026154935,39.783006854820997,40.174191545229405,40.310800827573985,40.818043641746044,41.170760191511363,41.461651411373168,42.256240389775485,42.605223703198135,43.570009361952543,44.261192829348147,45.384906609542668,46.241543729789555,47.577258981764317,48.687782480381429,50.184801834635437,51.899820195510983,53.553124707192183,55.974853164516389,57.839513870887458,61.056596029549837,63.405026261694729
0.73355233207676029,39.65919138584286,39.513280555605888,39.810248929541558,39.805429908912629,40.196259470656514,40.332356409169734,40.839309129398316,41.189772667363286,41.482525200583041,42.277086752001196,42.625938677228987,43.590775554999709,44.281613961793482,45.405629591085017,46.253991439938545,47.598776824772358,48.709502678364515,50.207419874146581,51.923232458531857,53.577786084264517,56.000826315954328,57.867286637425423,61.086385951377451,63.437032977119088
0.73358806413160627,39.682622786611319,39.536514882463962,39.833309110719711,39.828151630237699,40.218615408521146,40.354194739367813,40.832594186998904,41.209006685297936,41.503651007078588,42.298191737383604,42.646898384205997,43.611787928268313,44.30225695297122,45.426578348502517,46.27488256432116,47.620511698536575,48.731430195271969,50.230257699266076,51.94686621055007,53.602690589614213,56.027063872665167,57.888394822366536,61.116463482379913,63.469352376647294
0.73362464650873271,39.706368641462177,39.560050447937101,39.856657534837723,39.851155681535602,40.241245132870972,40.376296319067478,40.854962226934731,41.228478031232953,41.525035286787897,42.319543391466141,42.67945462372154,43.633027616888285,44.223758499138057,45.447740259580314,46.295974831096828,47.642455764114857,48.753563664853573,50.253307526931167,51.970717966556549,53.627823974005878,56.053526256233454,57.916698524728417,61.146816978231072,63.501968516968191
0.73366209944341509,39.730418143328279,39.583884084131569,39.880300761666149,39.874447486829013,40.264154862612486,40.398672791197896,40.885116287972778,41.248152564745396,41.546655860729516,42.341134820133448,42.700891365297139,43.654489696957171,44.245151059702039,45.469105385243893,46.31725193746388,47.664601584896445,48.775892238132656,50.278956082649529,51.99476895481348,53.653163874521852,56.080217567272484,57.945243818685412,61.177433875389397,63.534877611324191
0.73370044365247178,39.754764052573591,39.608010959811509,39.904232271481305,39.898013524245471,40.28732129978016,40.421298824716359,40.907956981565803,41.268020052928478,41.568513934500515,42.362956948578358,42.722547603771091,43.676171688362956,44.266748533584177,45.490664284676313,46.338720669038594,47.686935883946717,48.798398275859654,50.302365644834936,52.019013381563127,53.678708585910499,56.107114498503506,57.974016242660582,61.208287844434381,63.568045011721551
0.73373970034572289,39.779397465288639,39.632415674626827,39.928439379669726,39.921848360914737,40.310750392731279,40.444184748455882,40.931049788370728,41.28806390799582,41.590604977216572,42.385002369061112,42.744423915632069,43.698060979135334,44.288535853847861,45.506451023742557,46.360349715687335,47.709442677907646,48.800081210210919,50.325940252281725,52.043427104130387,53.704439890570939,56.134198847226799,58.002999343909323,61.239370360970497,63.601460204459727
0.73377989123772269,39.804316685535014,39.65709813637659,39.95291789714247,39.94594540912658,40.334426895249635,40.467310918495059,40.954374243505299,41.308274331502616,41.612915457691997,42.407265738584101,42.766503144055605,43.720141001045704,44.310508599504828,45.528347979299724,46.38213081471622,47.732111628167331,48.82285762950778,50.34967272169888,52.067995883524418,53.73033326305449,56.152743633836508,58.032185219228268,61.270651301369071,63.635111313313246
0.73382103855977054,39.829509185161442,39.682049305178225,39.961926402058452,39.970286090858281,40.358341568615288,40.526844825595617,40.977930638939142,41.328651647549123,41.635437003802508,42.435306730680168,42.788781217299402,43.742399777285755,44.332653217948973,45.550401377491653,46.40405720192939,47.754928342066705,48.845770454034209,50.373542134650052,52.092701656743884,53.756378971040249,56.180049828253686,58.061543407849967,61.302124312147498,63.668950295075774
0.73386316507220828,39.854967686347663,39.707250320818275,39.987305493094027,39.994872733484954,40.382489262614399,40.550104818306863,41.00170380435884,41.349171594250947,41.658170370385051,42.45796899870038,42.81123916991055,43.764829028397799,44.354956414550543,45.57259576395154,46.426101884804666,47.777875313535333,48.884160770103335,50.397533121518791,52.180508632212877,53.782561241649091,56.207488102838397,58.091046283952892,61.333754025399685,63.702975788153708
0.73390629407700947,39.880674654617906,39.754722236189991,40.012932830024511,40.019684432074428,40.406848087906837,40.573559397831559,41.025691522751004,41.36982352938503,41.681082136929035,42.480812686495483,42.833870585076511,43.787415392696857,44.377404427155852,45.594920258037746,46.448263872414827,47.80093089863658,48.907291426323354,50.421622363850474,52.205324174836278,53.808839515782893,56.23503028973937,58.120673100464046,61.365515509620309,63.754857393912971
0.73395044943066945,39.906628084834665,39.780583881307393,40.038799119181931,40.044712076894939,40.431413722224534,40.59545627143234,41.049864386208355,41.3905980582349,41.704175677150488,42.503816049546003,42.856655783951283,43.810146915726364,44.401637265458703,45.617352820932865,46.470505606383085,47.824079344980419,48.93050922639668,50.445789660327137,52.230220692232251,53.835208811797202,56.262657077983022,58.150396489538252,61.39737484883517,63.789105791598558
0.73399565555740076,39.932807534467429,39.806666367221624,40.064888407476246,40.044635797385126,40.4561702250503,40.619236361701041,41.074214589316398,41.411476869136095,41.727434850297868,42.526975560002029,42.879583865404129,43.833002729341388,44.424292622134089,45.639880596660078,46.492822153493762,47.847307635471225,48.953780435957015,50.470018495805562,52.255168770439923,53.86044489685446,56.290334726683795,58.180197387002409,61.429318878799677,63.823453440330923
0.73404193746264323,39.959202855359763,39.832961291540414,40.091187990736216,40.070211440790445,40.48109715199098,40.643175052013248,41.098726750351489,41.43244411284104,41.730056869797409,42.550269783474505,42.902636088430882,43.855967956595123,44.447039807215333,45.662477810867131,46.515188938006759,47.879589620046318,48.977084557525814,50.49427829682827,52.280144659802318,53.88698239531368,56.318039054982364,58.210030094720423,61.46129644382745,63.8578444365412
0.73408932074689615,39.985803461633623,39.859441711101681,40.117676727473736,40.095956959761679,40.506179799325764,40.667259941808879,41.123388257343322,41.453480203635991,41.753611236810684,42.573681666515768,42.92579497769475,43.879018904641271,44.469863979145885,45.685127614066005,46.537572809495032,47.902809146791697,49.00040368642658,50.518540107645094,52.305123447440565,53.913526349700987,56.345733941532671,58.239874540828168,61.482436884194613,63.892254336737096
0.73413783161987822,40.012572126928717,39.886094525456429,40.144349234178662,40.12186637846753,40.531405962537974,40.691470105666667,41.148175426293164,41.474560072645545,41.777273496612906,42.550408759154379,42.949033001437783,43.906548084691167,44.49273579288274,45.707802551798522,46.559965870343149,47.926033581607044,49.023709753528237,50.542782263830304,52.330065345391631,53.94004825130105,56.373400461860001,58.269693268463016,61.514427784830332,63.926637805998325
0.73418749691502583,40.039509566500783,39.912903620861471,40.191391522996128,40.216773498803377,40.556750053074211,40.715783595573157,41.173067189753056,41.495675940997899,41.801030157133937,42.573992807418108,42.972342197783291,43.929810934700072,44.515625768341124,45.730483991093934,46.582331736572087,47.949242894537747,49.046970751136541,50.566973284818232,52.349428209476173,53.966496209613979,56.400985694490373,58.2994435261935,61.546338874846697,63.960955101065338
0.73423834410433553,40.066588001325727,39.939846239518374,40.218285319861025,40.243038227781653,40.582192749716341,40.740181917790323,41.198046361096203,41.515149367973208,41.824857061728835,42.597636151127517,42.995689964853227,43.953096498735249,44.538519119843841,45.753136716783047,46.59149188362062,47.972396842204034,49.070157616399229,50.591081868857145,52.374263446778059,53.992844456806779,56.428460379131138,58.329087141901255,61.578144649975002,63.963086218573153
0.73429040131356016,40.093788887839764,39.966902626678348,40.245296219363809,40.269401076249778,40.607713095378131,40.764637642074376,41.223082051612437,41.536260220222175,41.848734061233699,42.621305421926081,43.019056517630816,43.976378777995706,44.561381255276501,45.775741402059793,46.613724252209067,47.942385200411081,49.093238981440663,50.615065729245543,52.398971673101187,54.019063726998866,56.455774913541973,58.355989366769791,61.609799562953413,63.997297964058816
0.73434369733776605,40.121088539715856,39.994041812140495,40.272391336970031,40.295836132951081,40.633280156645924,40.789134082850069,41.248158512637019,41.557325672358274,41.872636004351079,42.644981745630503,43.024840161204338,44.02615284267813,44.584187122993171,45.798258136026561,46.635837141424417,47.965110362507403,49.116178528405726,50.638897779397666,52.423511186614633,54.045110503211617,56.482899229042232,58.38527458999306,61.641234129667282,64.031301074661314
0.73439826165726119,40.148461241740733,40.021243119612336,40.299550300464034,40.322307790163904,40.6588707244955,40.813640205655247,41.273240691050887,41.578315947204828,41.896528406068683,42.66863421164453,43.048062562011182,44.049303675070405,44.606907782144845,45.820662661455572,46.657805326394737,47.987685221247375,49.138936419039965,50.670021299272776,52.447840274311602,54.070941307581961,56.509777907282114,58.414307981729507,61.67241330165416,64.065035915002227
0.73445412445390179,40.175876710563898,40.048481409903616,40.326743677724153,40.348801933694631,40.684457597322762,40.838129756040871,41.298296506516635,41.599206679500639,41.920398353599012,42.692234962247312,43.071215635165572,44.07236201222986,44.629506681114435,45.837683053687215,46.679583813995123,48.010061731562018,49.161476070061326,50.693399491719902,52.471905967220664,54.096509583294392,56.536364113911986,58.443050792440772,61.703279425390065,64.098448464646935
0.73451131662778735,40.203304019290954,40.075720477849245,40.353940966073424,40.375279132276773,40.710007783956826,40.862574176862836,41.323311108164489,41.619961707852781,41.94419883005321,42.714730886742473,43.094269337132573,44.095292895101011,44.651947189122438,45.859692393802106,46.701132411137223,48.032196347601712,49.183748701587319,50.716511271893978,52.495667791925371,54.121766933239996,56.5395053839311,58.471444308757782,61.733774330466986,64.131479302421212
0.73456986981435246,40.230723559856415,40.102929825428873,40.381113009061664,40.401709047146142,40.735490998718888,40.886934756301343,41.348232513293624,41.640549005940557,41.967905788682401,42.738012098707259,43.117180152796209,44.118062186054885,44.674190325662494,45.881473093293607,46.722418154589832,48.05405262671411,49.210840964689851,50.739280720241368,52.519086598418653,54.138429486192763,56.56527132820338,58.499425773508847,61.763828638009727,64.164047298952937
0.7346298164018662,40.258085958659649,40.13007776113227,40.408223272301257,40.428055125754327,40.760867917910218,40.911179731599987,41.373035317286849,41.660929250530899,41.991484742611647,42.761135262437165,43.139914087019861,44.140633598901331,44.698857491835952,45.902983945794404,46.743382544256747,48.075574062764645,49.232403602451086,50.761668480932713,52.542101993225515,54.162955402396619,56.590574191883206,58.526937794871628,61.793368931859732,64.197304234839976
0.73469118954934742,40.285363914445043,40.157122516538948,40.435236020945013,40.454283815808594,40.786105658859015,40.935272263363004,41.397672203369439,41.681068371981382,42.014895162545145,42.784064676612616,43.162432035431266,44.162965523079038,44.72047222033143,45.854425544850528,46.763991235755384,48.096718405373394,49.253549642860889,50.783619245514274,52.56465177051723,54.20851426012814,56.615346957929432,58.553917285986245,61.822343334555626,64.228756777010858
0.73475402320490568,40.31251132953912,40.184029741678387,40.462110748980194,40.480350511614233,40.811159616336226,40.959174820221961,41.422108820639551,41.700926063582301,42.015856513753533,42.806754466146231,43.184691599570215,44.18500595446676,44.741759795695543,45.875930558890104,46.784185633994639,48.098174610175192,49.274230823852122,50.805078600533307,52.586674460209906,54.232024795375764,56.639526847749949,58.580287860706449,61.850649020634592,64.259530441835523
0.73481835212452051,40.339494266547263,40.210756469052285,40.488797998055816,40.506213311105967,40.835987380705774,40.982849650084972,41.446304912678897,41.720455497503281,42.038844224065542,42.829164072871208,43.20664010476321,44.216903250664473,44.762676269747317,45.897040526382625,46.803911847062409,48.118429645895958,49.294393355958164,50.825983375310898,52.608112224377692,54.254920437932014,56.663042554631829,58.605969376862049,61.877007982693613,64.289529069326818
0.73488421189126552,40.366275138221681,40.23725139349699,40.515262829139829,40.531837251968682,40.860546510666609,41.006238292902708,41.470207870937884,41.739612252451479,42.061539944261312,42.85124103538692,43.228245628066361,44.238191180862486,44.783273222856224,45.91770678665489,46.823119072243571,48.138135718181729,49.313975159078836,50.846260658465326,52.626119757071137,54.277136131189764,56.685821139253676,58.630900501273572,61.903799238614738,64.318662941455841
0.73495163893499149,40.392785146832466,40.263474978506565,40.541456213220954,40.55715589877218,40.884788266383111,41.029301298782229,41.493769031018019,41.758797902613878,42.083893614821136,42.872941332869232,43.249441809952259,44.259033660404384,44.803402130492032,45.937866977415979,46.831352055072784,48.157229972071946,49.332900713197887,50.865853207185864,52.646187127567828,54.298600471578538,56.707767120562494,58.654992260038853,61.929671978577971,64.346842074766755
0.735020670552477,40.418984924443066,40.289362834766507,40.567327142693102,40.58212960138917,40.908653473481536,41.051989407278597,41.516935431398451,41.777076805941761,42.105855748057365,42.894210788421333,43.264419022016227,44.27938483376056,44.822987572290003,45.957471898756921,46.849333406426013,48.175654652528465,49.351108363829553,50.884685507975519,52.665457255207002,54.319226182997227,56.728816024027765,58.67979434132576,61.954536602832377,64.373957306146622
0.73509134492805861,40.44482664950192,40.314875403419137,40.592812233604491,40.606697046197951,40.950532388873398,41.074240525253117,41.539654236286879,41.794831743463874,42.127371498383582,42.914988822303712,43.284569467417896,44.299185827374458,44.841975967399776,45.976441841572523,46.86660535633564,48.193334635347128,49.368533125147223,50.915810826234519,52.683842460624874,54.338932885788381,56.748856658115983,58.701899980194867,61.978281361050904,64.399902123957872
0.73516370115475316,40.470247827470303,40.3399508735165,40.617869531735778,40.630807226523757,40.973691976629198,41.096016068942845,41.56186483707279,41.812000072561204,42.148383093066514,42.935223237611353,43.304144822061062,44.318371790461242,44.860295780003071,45.998759344220161,46.883087709546089,48.210201354697347,49.385079386644065,50.932860841043293,52.701265598647296,54.357637972570956,56.767828824929893,58.722848203033209,62.000816320069134,64.424552641808987
0.73523777925588074,40.495192622765899,40.36451958026737,40.642426190897822,40.65439785271883,40.996310389600694,41.117233673110604,41.456041151657701,41.865376987494528,42.168832596391439,42.947091296315193,43.323075599968433,44.336869081482291,44.87786066532135,46.016389627940953,46.898710031062365,48.226193545386195,49.400682367384434,50.948908591642976,52.717622306197882,54.375232593156397,56.77014347538352,58.742550523020327,62.022010968998075,64.447800951078534
0.73531362020720381,40.519583960063756,40.388524646870792,40.666419534943998,40.67739627417177,41.018324789591134,41.137843462638557,41.477563299238682,41.881025242619216,42.188651798292994,42.966082093305886,43.341299248859286,44.354587299749255,44.894603677093983,46.033187665045261,46.913393535651267,48.241211038082838,49.405220614746213,50.963855310343206,52.732835886999965,54.391635100357234,56.786826646886766,58.760902392677963,62.041755106300116,64.475170221179724
0.73539126595959281,40.543366627767682,40.411896588280797,40.689782202243805,40.699734675697982,41.039662458002567,41.157772365957499,41.498422601260245,41.89589449390769,42.207774643786252,42.984330453909934,43.358743597753346,44.371479667723179,44.900659521110356,46.049071354791522,46.927059282548726,48.255158674903214,49.418636144138873,50.977610087953508,52.74679699447006,54.420727567747235,56.802109981887043,58.777772916480899,62.059913377277553,64.495149336755276
0.73547075946223062,40.566471420228481,40.434555823914707,40.712445529177785,40.721346903592348,41.060252986848354,41.17695077881217,41.518538069911301,41.909911408089101,42.208448461256921,43.001754691824317,43.375333646312356,44.387466647662222,44.915469518862665,46.063957062549889,46.93962827604264,48.267140302807093,49.430831775069237,50.990077310241759,52.759410703554749,54.434420047327876,56.815868646837771,58.793045428581536,62.076360134407878,64.513321975246072
0.73555214468636954,40.588806956075132,40.456433403305709,40.734320913441479,40.742150202393532,41.080021325498819,41.195298573002219,41.537849226035178,41.92299616150558,42.226011873222888,43.018285555765033,43.390985567122698,44.409015696495771,44.929228326305747,46.07775245886296,46.950991249643266,48.278792428784072,49.441700478084385,51.001141205430031,52.770550593733788,54.446575995534658,56.827980749309063,58.806590274907649,62.089875459671021,64.529514290392399
0.73563546664965418,40.610305001027882,40.477442555129528,40.768103431910276,40.762061607092619,41.098878394812346,41.212744082324207,41.556264778599143,41.932901710271835,42.24265066627413,43.033844273537397,43.405619443394244,44.422783683985472,44.941842155531049,46.090375063940883,46.944992340169847,48.289103345014155,49.45114369224757,51.010696048848331,52.765779370442033,54.457025431096554,56.838320025242865,58.818265452980995,62.102538544684649,64.5436000097543
0.73572077144102199,40.662364388816059,40.497499820776284,40.788023585453629,40.780999030917883,41.116745329461992,41.229195706546307,41.573705897666514,41.943661018274724,42.258412449620664,43.048330075107515,43.414736583828926,44.435393025167286,44.953223146498203,46.101718825288117,46.953609311021864,48.297951481305063,49.459043422713876,51.018633721396327,52.773725466802716,54.46569412574172,56.846737012267113,58.808998025022447,62.113016583025455,64.555375784635544
0.73580810624619775,40.681154140271246,40.516512116417289,40.806902647949755,40.798867787234485,41.133527934551239,41.244569214060903,41.593151385895908,41.953235475346446,42.2730871764943,43.061665154062212,43.427042638882995,44.446737146936357,44.963261941447854,46.11168460547924,46.960735774599016,48.305231329984963,49.465286592021585,51.032807010225952,52.779844548553228,54.472442146390676,56.853105434216559,58.81632062420249,62.121169503778219,64.564694056287408
0.73589751937379322,40.698811899870634,40.598400107584894,40.824638741090894,40.815574436448514,41.192833740264177,41.258769459091127,41.608256358653307,41.961526805534959,42.286576710641384,43.073742281645536,43.438054310157895,44.456720960326493,44.971859633922577,46.130062687210739,46.966340322978795,48.310824981890619,49.469755443744361,51.036961590871215,52.784006197936833,54.477131343446672,56.854432611726224,58.821308869868517,62.12683349289,64.571360424160957
0.73598906028202926,40.715230537578464,40.615454155020416,40.841141283512115,40.831016942858696,41.207573316991329,41.271702121943235,41.622106366790831,41.968440328724682,42.33496378082782,43.079305808059871,43.447664736770093,44.465240109711885,44.97890785895288,46.137008853256702,46.97020048648119,48.31460322253406,49.473170217126608,51.039099517278373,52.786067803390324,54.479618584737182,56.85632295627147,58.823808214627206,62.129824193194509,64.581231186166406
0.73608277960609303,40.730312929488719,40.631173547357321,40.856298943050206,40.84509377554059,41.220922940410674,41.314424770884216,41.634592887945473,42.088041605427861,42.346039400435984,43.088687404990196,43.455782860517502,44.472166453488171,44.976762305945158,46.142239951528609,46.97219964582473,48.316447814926505,49.473704893141985,51.039091448299587,52.785883883945644,54.472995267249644,56.855684522539377,58.823616576381028,62.129946598783135,64.581971684470773
0.73617872918614657,40.743944610469043,40.645444864407182,40.870003240182996,40.93045954592526,41.23276596236974,41.324478182941675,41.645600372925401,42.091416073963046,42.378543055616319,43.096498039551079,43.462263251654804,44.477398905903101,44.980197347700596,46.145635268650949,46.972199778072536,48.325562570244074,49.472055404447019,51.036776836961508,52.783297128975391,54.470341737382114,56.852349573746324,58.820577138103545,62.134427856653929,64.579423675313592
0.73627696209600191,40.756016254425049,40.658155005425215,40.882142845541239,40.941632626578212,41.242991145700216,41.379209971986711,41.655026660300791,42.093025428242981,42.386666735634208,43.102630080655217,43.467009474523365,44.478160568512976,44.981721945106983,46.131408212706447,46.970065892674029,48.323104795068502,49.468077638186514,51.032010872848332,52.769520169124007,54.464997304603457,56.846140979789197,58.81449690181762,62.128230871632695,64.573393719270825
0.7363775326724783,40.766390367411077,40.669176502153277,40.892584155313671,40.951096170581877,41.251477103680372,41.384628252126276,41.662749267183244,42.089573540724814,42.393073960207403,43.106958797201514,43.469904732890427,44.479409107938409,44.981203478761017,46.129071705974638,46.962201210670173,48.318279279395938,49.461621696129441,51.024637839756906,52.761668650433421,54.456768064759672,56.836862348020077,58.789706468582153,62.118566082790494,64.563656928017735
0.736480496545458,40.774959628470242,40.678386376239359,40.901216426864266,40.982805507257581,41.258088574744761,41.388156996108592,41.668636381626129,42.087168275378644,42.397642252035439,43.10935671068728,43.452393717132509,44.47857076395303,44.978501482866704,46.124448208138347,46.955345761962235,48.310949107632041,49.452521841973066,51.009693645872176,52.750908993184566,54.445477115921676,56.824324807152152,58.776965163648129,62.105196995660663,64.549983436241746
0.73658591066865831,40.781575070694089,40.653182365000248,40.907892811112106,40.989168513566256,41.262696364894509,41.389658497646451,41.672571363858879,42.082622966729105,42.400250085629523,43.109693319536746,43.451246364973485,44.475514351390302,44.991806615144014,46.116765698418021,46.945911517366767,48.300937130115926,49.44062701612711,50.996401362121105,52.737078744918108,54.430937173776329,56.812315600924194,58.76056757569313,62.087898069992661,64.532125007361174
0.73669383335113414,40.786119702272117,40.658174887299538,40.912480273284018,40.99341749586165,41.265156589448452,41.389001711271703,41.674400526098907,42.07581671141088,42.400751968845725,43.114117790013552,43.447849739342928,44.470089100301266,44.983452839776874,46.107174105010927,46.93374960962683,48.288089271634817,49.401623108424246,50.979973647743464,52.719971303828061,54.412958974018693,56.792776992544532,58.760758833959699,62.066428609192371,64.506184065714478
0.73680432428953191,40.788435191847384,40.660936264321208,40.914844910614192,40.995418784208596,41.265337374992669,41.386046670377254,41.674002074636519,42.066603924147785,42.417244832962751,43.11008750833571,43.442045256495476,44.462150227278471,44.984083579853177,46.094830213114619,46.960694530047476,48.272247158922255,49.38372877240181,50.960226663388312,52.699405907653272,54.370669001713395,56.769347901456058,58.73712276853621,62.050410002470016,64.479277882725
0.73691744460111008,40.788379456847906,40.661319028586149,40.914820583537221,40.995022831484675,41.263076949864626,41.380650503560901,41.671219509094954,42.054843039251864,42.413005517795682,43.103575575165451,43.45576536282897,44.433933850377798,44.970222727395594,46.079585196450353,46.922912371344864,48.260573767125607,49.362508051097393,50.936973524279892,52.628224562853575,54.345147255808115,56.74181058164686,58.709141941741109,62.018622824922204,64.447399945929646
0.73703325685754595,40.78579293191433,40.65916820988059,40.977706051431596,40.99206436611712,41.258226985111833,41.372655185870826,41.665896802209318,42.023965273983777,42.406235718168318,43.094419241882861,43.444757400080562,44.420226285234094,44.938487750478089,46.061257222667336,46.909353092312813,48.237989252433181,49.337770982645452,50.834891222417355,52.615481149405241,54.315556316636503,56.709925070405006,58.676576862111688,61.983438985422254,64.410235099494457
0.73715182511954613,40.78052114136517,40.654316241852939,40.972171963192523,40.986394062638283,41.295866512693465,41.361914644017816,41.657889479771256,42.00667573697865,42.39677800424397,43.082470970228314,43.43344578333199,44.40351939201355,44.919662189669907,46.039693769067526,46.88482725713402,48.211850016377866,49.309315024875104,50.808510065078735,52.583183047361672,54.281654542312026,56.67345486395061,58.644559137523174,61.943039888516068,64.367497412487864
0.73727321497228193,40.772398395463824,40.646603380329907,40.963762003928423,40.977837676182389,41.28508782479912,41.348261311650276,41.647028503008187,41.986388916149735,42.384469498880208,43.067570054903626,43.416548135690391,44.3836479941383,44.897561800666153,46.027278920635581,46.856701053678989,48.181957212276757,49.276948974467814,50.774620876647532,52.546590719372034,54.243213075213134,56.646107764914632,58.601883022114635,61.89714196883142,64.318881925195456
0.73739749356166717,40.761245298199356,40.635858825407922,40.952310999855399,40.966221019625664,41.271212819032371,41.331539278849959,41.63314509857446,41.962942821905017,42.369152527302504,43.057775657624006,43.396450161002576,44.360443065874279,44.872006977908313,45.99904612544924,46.824786347337067,48.148113694041967,49.249306745827198,50.736434925347567,52.505466958507895,54.20000019017607,56.599825467914343,58.553832342848182,61.845443274825811,64.267509188503027
0.73752472963149884,40.746905329637229,40.62189029250294,40.937633055262268,40.951374523341656,41.254070878960192,41.311562272720039,41.616075153462589,41.936174892820418,42.353705358691514,43.036423345096409,43.372979053296149,44.333719427697361,44.850661369040608,45.967016151174903,46.78888248372823,48.110115980729461,49.208480169996619,50.69373813457787,52.459596138447523,54.135082063265145,56.58123648352921,58.500111408531666,61.787623602896929,64.206112220883369
0.73765499356148312,40.834230615757406,40.604538374580443,40.919557609595358,40.933117367327213,41.238456370308995,41.288175606168807,41.490708354860544,41.872493651695549,42.331765209324658,43.011601296253502,43.345955238677561,44.283358559012413,44.817705481313169,45.930988620966673,46.748786178417504,48.074883731082082,49.163105789572001,50.646309014409781,52.420254246331751,54.081593260169029,56.523428197950125,58.440441818907857,61.714858725667,64.105438796803355
0.737788357406165,40.812526154331863,40.583608000539243,40.897898693569005,40.911252872087061,41.21597991604358,41.261194773949683,41.465406835079193,41.854600474238396,42.306302656419575,43.032066585496068,43.315138831734657,44.24896574113518,44.780742784030735,45.89077817555517,46.700343175791204,48.028048655949533,49.113040748052299,50.593921042978764,52.364010080695152,54.022579679265618,56.459719862788916,58.371795315295458,61.644031200557947,64.030620470643044
0.73792489493478453,40.787051759660244,40.526725702919066,40.872460658662021,40.88560235593468,41.189722698181868,41.291095507331192,41.436436362564564,41.816869647242129,42.277006859891117,42.999145301990211,43.280985172837973,44.210503708571196,44.739571928046644,45.873712470754981,46.650955232791603,47.976436876691878,49.058019735850394,50.535669944249094,52.302291586063802,53.957788111642003,56.389827044680715,58.299314485862851,61.566186789423227,63.948325661942363
0.73806468167208195,40.757629849016666,40.498197990469635,40.843058731406927,40.855967096053064,41.159488593228161,41.25664020050317,41.403621695935726,41.775159735232592,42.243826569058001,42.940657202154398,43.241890768520534,44.096979331225157,44.693997138179839,45.824477655813098,46.596750050783157,47.919840101152658,49.010508235543966,50.472787256352603,52.234852222725749,53.88694854080677,56.297405954450369,58.220012022182345,61.480998739600182,63.858173839747906
0.73820779494007382,40.72403921186924,40.465533420443535,40.805277484469116,40.822154737077653,41.125075772404671,41.217984387651086,41.366776096634567,41.7292624656111,42.194071747362614,42.899373463355005,43.198502419516444,44.050481045618653,44.648491944186389,45.754886342212558,46.537371194921434,47.858033693395555,48.944695400074124,50.404247872531414,52.16143530793488,53.808148596435785,56.214600056409836,58.133596371859312,61.388144666329026,63.760177984833717
0.73835431390082273,40.686107447370887,40.516051742248237,40.768566443584859,40.73226264026016,41.086297567002475,41.174932021647692,41.32571389246732,41.679020768031478,42.152230954729021,42.853701762855053,43.150628428906202,43.994088946841657,44.5933992639184,45.697151744738221,46.472720974124968,47.74579968303442,48.873220273293555,50.329810494557023,52.08648231998086,53.72486911714077,56.124803544953465,58.039754880592227,61.285028837621212,63.653673069551587
0.73850431960022556,40.643630807287991,40.474809248000383,40.727330832742155,40.690669420175254,41.042954783886671,41.127301012165844,41.280263680964708,41.781090789474547,41.993614901788533,42.803451229818165,43.096833584830165,43.938270645216107,44.533323680981994,45.634251890704036,46.389087997376919,47.672575611621141,48.795857597142458,50.249254323542118,52.000363455154002,53.634702855721116,56.027721645310521,57.942938892170787,61.175984205678105,63.538307372480631
0.7386578950128434,40.596416813321412,40.428810574114323,40.681365694850683,40.644368966110051,40.994856871664524,41.074906215071678,41.230238208547235,41.721474746242166,41.942718732170761,42.748436605557799,43.039704036898911,43.877451866865158,44.468063967302442,45.561993979848921,46.313411199487746,47.593475597910583,48.712385524995625,50.164043856784701,51.9075508704409,53.537464572116733,55.913666961714625,57.833499677479267,61.058325659483671,63.413720486685634
0.7388151250877979,40.544269579462707,40.377852070145309,40.63047958444804,40.593167152255774,40.941802131943405,41.017551811411977,41.175457527860999,41.656801372766495,41.887043938040733,42.660135442391038,42.977537755854428,43.811446762643754,44.398158767260611,45.488083310425282,46.231897037476301,47.508307366631925,48.626820513978601,50.070544674061239,51.807807742618024,53.432900976389647,55.801235580816865,57.71578136831522,60.931730724871159,63.291811812669039
0.73897609679576093,40.487001931294799,40.321748713962734,40.60740520618856,40.53687203861773,40.883604773320258,40.955067726783454,41.106418161652982,41.586913336999714,41.816312137059867,42.595025687478483,42.910164256580174,43.740071424283087,44.322073784656823,45.408427569083869,46.144336337223649,47.416152905672789,48.53023571614176,49.97024383302778,51.700904665514827,53.341009052470326,55.680726289749146,57.58949882350862,60.799459338188171,63.14761720225215
0.73914089917706116,40.424419784918427,40.260298160836101,40.545747192576528,40.448737506754696,40.820082429796457,40.860845605842769,41.041573490947485,41.523062037304044,41.750388671644032,42.524633373133838,42.83741238899529,43.665335076861084,44.240269147790968,45.245882312767208,46.044208730570972,47.318214594386518,48.426914880052209,49.862936142832041,51.602028569206595,53.220871014520526,55.551885914057493,57.454366268590093,60.654169470071793,62.993229459971189
0.73930962339093653,40.356348212808371,40.193327415734529,40.478567083366215,40.381525682285428,40.708719004876912,40.787267434410751,40.953335384838283,41.442311721853912,41.679171941243112,42.448801776394248,42.752296240068972,43.582765373401344,44.124705603346229,45.151742544025183,45.944299392402172,47.213723911903799,48.316667925566435,49.765106877312064,51.480263017117977,53.092705542221665,55.414479231461883,57.318996569141746,60.498929515480995,62.828339656814933
0.73948236276595813,40.282620860263705,40.120659966953099,40.405704854987562,40.308690662495792,40.633870302699506,40.70807115919888,40.875827304087579,41.355917807668447,41.602558425627649,42.342186468653381,42.667728432454169,43.494339996017516,44.028488703072071,45.046075598336756,45.837822227738798,47.102422810159624,48.186060091480613,49.643033998087049,51.350733559578657,52.956314517185092,55.252244681119919,57.165510583668947,60.333622083067894,62.654083887115121
0.73965921285165392,40.203076704405248,40.042132659815252,40.326999189332128,40.230056894011796,40.55320636369288,40.623106498271227,40.792749976739287,41.263737144879997,41.517755116336048,42.255310623906553,42.577314863912761,43.399926031939685,43.912553738802671,44.939249151386321,45.688112329691648,46.99373313691467,48.061322255991399,49.513399893417954,51.21326251886785,52.795249866321683,55.096963055431843,57.002476818859577,60.15800985135138,62.467057872563601
0.73984027147136211,40.117562255822122,39.957590294070542,40.24229511898011,40.145487629808486,40.466588220559061,40.532253426499665,40.704005384817719,41.161982226185501,41.430147096514702,42.162606172263622,42.480976083315909,43.304947808384895,43.803614716976881,44.825822664424777,45.566614005714655,46.868536927737296,47.929176092147827,49.376056339591742,51.077778210863471,52.6422373149544,54.932568481191993,56.829708602279425,59.966711152344942,62.26873666793108
0.74002563877634031,40.025963392108679,39.866902576759458,40.110855730250478,40.05485634598881,40.342396419495344,40.435392200946808,40.608740398660302,41.057729490101337,41.336769384332001,42.063962719403207,42.369143724441528,43.197971181944013,43.68818989302963,44.713273701258004,45.440556762740016,46.736143014393747,47.789519693702459,49.198324734345078,50.92378862015903,52.48053440451622,54.758883245289326,56.655564131215215,59.76958192139864,62.058928288519382
0.74021541730116425,39.928164175711572,39.769958248361945,40.01353619620204,39.958048923872411,40.24406928755343,40.332449588924646,40.50793457403779,41.077393651939929,41.237532113678753,41.892985893413424,42.260438712313771,43.08469945192337,43.549780324101448,44.586567705497146,45.307498473674059,46.596472874283791,47.63375146780163,49.044220333918929,50.761462226510048,52.310042316094041,54.565454088151455,56.462611857801676,59.561621436849236,61.841789793223143
0.74040971202044403,39.900787441059947,39.666660551913083,39.909936163574457,39.854985102079809,40.139508906751871,40.277383686043322,40.401246343739331,40.963372078724205,41.128489012829959,41.782834071666002,42.145474524237216,42.974865169264376,43.41956833191216,44.453061702661216,45.167388939298689,46.454779490828514,47.478696765378118,48.882167853415012,50.590770345181227,52.131873091682792,54.373392671346664,56.259539971128106,59.334348026663065,61.608686320483685
0.7406086304068894,39.788070669397712,39.56734771002084,39.799994881264865,39.745605311356485,40.028663974255323,40.162456295453012,40.288771567866206,40.83708362467587,41.017166886478662,41.666532136499882,41.964224915020168,42.848964524455369,43.287496212869883,44.312713778577745,45.031900811940432,46.30013176612556,47.315992381423712,48.712102936580777,50.40546603128314,51.943884931504726,54.24777752161026,56.037860667333007,59.104825999587774,61.363783672451973
0.74081228249075837,39.668885609135032,39.451359493657947,39.683697721920907,39.629711305722594,39.911520350724459,40.041249177418649,40.16559250280261,40.71072076074779,40.899920266121626,41.555788948200643,41.836937056854367,42.692327826283872,43.148941351100802,44.190236819908023,44.877613369375467,46.138189712539315,47.163304902613163,48.52281429246068,50.21812223829329,51.747071942314506,54.05423192307353,55.814279237762094,58.864378675818443,61.107102995738387
0.74102078092071899,39.543252443894744,39.316895951516926,39.561049303971231,39.50709396135062,39.788096989504993,39.913795416243374,40.041428820230067,40.495295261032879,40.776372177526355,41.427467132918537,41.703526299446821,42.553039684891701,43.008911177515984,44.036020792089403,44.716382383368909,45.969060525298119,46.988387730903924,48.337587762624025,50.022542899474502,51.544862510636449,53.834081901237369,55.580674171447754,58.613086188212037,60.827943548560143
0.74123424102616042,39.41123113874346,39.188893016427755,39.432111461646855,39.389719910919666,39.658460036851466,39.758469080552459,39.863837202079594,40.361191113479435,40.647592939436436,41.293238533660769,41.564106618054211,42.411930162459612,42.857882840558887,43.875165696255863,44.559614250436425,45.76869248598814,46.803465787321329,48.144741822034121,49.784743778407574,51.330763708800077,53.604731583967805,55.317638471722603,58.358120312914252,60.547908026725054
0.74145278088098665,39.272927054204047,39.0546581344679,39.296987467445433,39.254912178963423,39.522716869600117,39.618340559303761,39.735580132342875,40.216740388423204,40.513190986588597,41.153273100033402,41.434284619987011,42.260712153278291,42.700736422091722,43.725459954701364,44.384840582497418,45.586148630827665,46.61137693375349,47.942561207339168,49.574151691049337,51.108345525339246,53.3612150978297,55.076661709696054,58.091189498081803,60.256621224805713
0.74167652136892792,39.128492528572679,38.914346760138869,39.155836292542517,39.114121354185045,39.381036319769919,39.472374369390309,39.578256463631988,40.066576024517417,40.373378868214786,41.025512058287859,41.283908088691533,42.103763316757977,42.544121073558927,43.623811006546021,44.203722502104938,45.397047759965062,46.40630701277405,47.735719693824649,49.356064444407821,50.888506295159459,53.114365914836526,54.815967617556453,57.809747217223048,59.958128593862057
0.74190558625040681,38.978168311528862,38.768168210983276,39.029040545225143,38.967577788047493,39.241763576865196,39.320813059806824,39.428088039159775,39.925261473283172,40.248249681666493,40.875170811079443,41.128182317130268,41.950449677184224,42.37546394765377,43.447171461768448,44.01660352293402,45.195372942835093,46.201214859262109,47.522205555811524,49.126455947756767,50.650536518543959,52.859357180073857,54.546506062150002,57.515555456280708,59.645960509777069
0.74214010223099547,38.822247636504471,38.616412601433694,38.876250679604709,38.815569114871323,39.063451405614614,39.231075195595622,39.291900304146111,39.764638017863035,40.098325090482831,40.719915156252682,40.988608667626977,41.783350829966366,42.201614012010396,43.261731372214854,43.832262057811022,44.994203929789364,45.990117170847952,47.299349645152688,48.894922463223338,50.42876579798758,52.596767788752913,54.278757372871041,57.215948294848204,59.32404544390738
0.74238019903150199,38.689466560259461,38.459438213147223,38.718298640102148,38.658469254150987,38.907522089779377,39.071695753373206,39.132089568302035,39.599439413286746,39.944064105860889,40.573064088821411,40.823449273593724,41.611661813221872,42.029269933700562,43.074575847014785,43.634501391090453,44.787824310362339,45.770284937694669,47.074896868318319,48.657420458272099,50.16396994329989,52.317785317078233,53.99348983541131,56.908147079870105,58.99076066352427
0.74262600945972423,38.52414455357939,38.335735036991537,38.59054390899837,38.497060257941484,38.747131433337927,38.907859154045582,38.968321046791971,39.497375938110054,39.778768251650035,40.409269358962774,40.654190889559686,41.430187650956213,41.847091927193105,42.883110427297652,43.433195360936224,44.577779684215784,45.54865565430373,46.845596347004175,48.420624312013388,49.906193813309073,52.042013188824058,53.701566083356738,56.601796936243773,58.653031099587679
0.74287766948391165,38.354544789530337,38.156830125488341,38.424034104682505,38.33218395896256,38.582845151424408,38.740137466229498,38.812774895690382,39.329637918621302,39.617408183403313,40.242067885585129,40.495190931484103,41.250990532338619,41.661472845822573,42.68280307482928,43.227231948636472,44.363268356770277,45.323072240687907,46.633106622844934,48.173114158213139,49.643687326461077,51.746221728622913,53.410499764606357,56.280648173764348,58.308407336473465
0.7431353183079753,38.181315077468753,37.98690929915756,38.254027510993183,38.16397989820689,38.415328969247639,38.569222676567733,38.642650470137596,39.159007266163826,39.456142083741724,40.069299126975238,40.280041285790503,41.069197349250317,41.425420819781721,42.363562625832856,43.018457957543433,44.142248666845262,45.088008868508041,46.397595884278417,47.922290429472923,49.35990970954299,51.461221661418676,53.108634330332279,55.954523438587785,57.957539090886712
0.74339909844848695,38.005237789824605,37.814196901395917,38.081297401338816,37.993228270672262,38.245370166376233,38.377493378706276,38.4707394503057,38.982648896053433,39.290638129226863,39.897398922592402,40.083123847842216,40.873997357673943,41.232625653035939,42.160354677587748,42.808321856893599,43.92309233546257,44.857435444369912,46.160221809521317,47.659055035561323,49.091617917641997,51.173547815531492,52.811191627755761,55.642995553091168,57.603467972949147
0.7436691558135119,37.827209053561091,37.639585552737117,37.906745561398566,37.82082530297339,38.073867047205567,38.202225304208696,38.32176695484668,38.809235035441816,39.124312808737159,39.720758114010096,39.904797649011016,40.689750028774142,41.039179826155305,41.950272026471794,42.570628937333822,43.703363911248744,44.66424092464149,45.948044558987021,47.405239447951317,48.822374792769551,50.858945118263364,52.504714827984571,55.31150465272367,57.261499682441354
0.74394563978331618,37.648276674561203,37.464109272696078,37.782312889583409,37.669758694246411,37.901881658472121,38.02655440568924,38.144878517836332,38.635791935026646,38.956043906509876,39.494865969754755,39.727255946025252,40.495099363848567,40.872592054307461,41.747157451696694,42.361343335360289,43.476665164344013,44.434114712290466,45.711361641064286,47.159658858552575,48.552061092108488,50.570920558646321,52.198587454855442,54.988109702244401,56.904717372730374
0.74422870329299551,37.469629956409335,37.288947441615164,37.606425053440034,37.497731935232878,37.709951627068222,37.851704829372466,37.961147936992347,38.448148358613253,38.791235459037125,39.325239023193717,39.545023973099887,40.313442061655223,40.684274109080434,41.540875663049519,42.155027955770493,43.26044343970716,44.206427820026875,45.449383134022355,46.946303496137261,48.286355558782816,50.28542447835207,51.891779677942395,54.658673947677016,56.55001874268055
0.74451850291707045,37.292617191560566,37.115435970947146,37.403980801813304,37.327655506320298,37.54012873955071,37.658264288678765,37.759335504844785,38.234533120878041,38.512073999270797,39.15692852716893,39.372807458043098,40.080978500656784,40.483155578374863,41.343240083195269,41.951929361559451,43.059548325836658,43.973514053970575,45.216259507462382,46.701574480161071,48.027788683772087,49.983033664524555,51.591831874102354,54.334060456603765,56.202572826296091
0.74481519895609394,37.118777472525835,36.945087433792651,37.232876661233604,37.161057229153812,37.374062744900584,37.492268182337284,37.590877932496369,38.074020294472575,38.355054581537843,38.99500582087785,39.208190497942269,39.921049806289375,40.303968540392816,41.151188744232059,41.768256154842675,42.854078034870327,43.756564194336534,44.989839643239975,46.458736209198833,47.773959949612617,49.709779094904661,51.303533587604761,54.009842112660408,55.860097846016288
0.74511895552532081,37.038853880017996,36.779607433825731,37.066876374185085,36.962641690857708,37.213473777286708,37.33181329164654,37.42740579508245,37.921454142779112,38.204345318488777,38.841189721599221,39.047485360875726,39.755708013661206,40.121432754211128,41.084057506173849,41.579243637621403,42.657079760916531,43.539353110827506,44.755371648818254,46.230531245470047,47.529795594513416,49.562064200639725,51.022993937134743,53.704362720251083,55.538995238021016
0.74542994064548662,36.874561871401966,36.61582385469228,36.90789482742548,36.806228945963085,37.06028126180172,37.17883259896189,37.273200671188533,37.783914763480425,38.055940200574696,38.69402243476361,38.895438513718545,39.612195217050612,39.959909189492464,40.914521743543446,41.420396267436445,42.46270880382508,43.342570730485022,44.55049510858953,46.005947763100266,47.309698550030589,49.313585871830583,50.755993572995067,53.41480371542275,55.221622781828046
0.74574832633574761,36.719171743839979,36.46796437446028,36.75805533491075,36.659093642607331,36.916612179018557,37.035448859445751,37.128432362340391,37.649497407488525,37.924307436682284,38.554516254924238,38.758320702239871,39.467718838714063,39.81035734154284,40.653750257566571,41.25451083201915,42.290682963095605,43.165101232007146,44.350454729050398,45.805461494252086,47.094401439651847,49.084952095523477,50.505913905799389,53.142171762883663,54.95635030977428
0.74607428870883119,36.57503717392683,36.330142129212618,36.6196846421808,36.473379827104509,36.768705943599343,36.904022224247456,37.086143705062568,37.527875601314008,37.802938428707421,38.431007701903582,38.630873535759747,39.353219067677855,39.634377144277096,40.507548111490905,41.1043556407094,42.129558822140098,42.999727004207671,44.179424551315606,45.62198519334197,46.912352001294494,48.873256975784898,50.277079232037067,52.908214423805475,54.658927293494344
0.74640800806845187,36.4447319842875,36.206130368635058,36.495353769510984,36.351786689832807,36.650367432273924,36.736437131650746,36.966631635092199,37.420918718911707,37.699702827259898,38.323845873586833,38.521373833529651,39.240251863375306,39.513910263776779,40.379435879178345,40.992390643805265,41.993990345858037,42.855032903142273,44.033492904156446,45.462719799950719,46.733912490308285,48.677303984761238,50.070400411263108,52.68485757894814,54.411327065899968
0.74674966900904483,36.331063919700682,36.098716017790139,36.387644603848457,36.247177188284695,36.549329020082951,36.637877653352916,36.864599448628724,37.215059194713831,37.619846653193235,38.236433615908027,38.461573009379208,39.161710597574711,39.412080238573253,40.274017485789955,40.874049905687571,41.891479037702084,42.739637170918286,43.910528983920813,45.334307659417391,46.58302971534431,48.51845794916153,49.897589793428779,52.501611253246665,54.188459359109402
0.74709946051787279,36.300572857260704,36.010914669372141,36.29402538575232,36.20258934982121,36.468631436116993,36.55976602062583,36.772071404382586,37.10522975679487,37.556165914051235,38.183643858879805,38.394090691581368,39.080241833813488,39.336707363836467,40.20248054433614,40.773696962743998,41.806820345111191,42.64741678442806,43.943317930214107,45.232696078717709,46.470227079465985,48.363018656149507,49.760634550824761,52.347146211192012,54.014061687514186
0.74745757607956342,36.230501770973206,35.905451963655651,36.227474516257644,36.139923526905477,36.365908100269735,36.505373143590987,36.714854571968317,37.068043557927012,37.516152529045939,38.142621462233365,38.35111842956394,39.015268813818693,39.437952993437648,40.151496171951294,40.720495291985571,41.764586386270821,42.594519368372858,43.881545429117978,45.161716568283737,46.402003420516849,48.276595180854201,49.663272587582469,52.241465359926224,53.882595352828503
0.74782421378313346,36.186789064668119,35.865203853696585,36.187486348673701,36.104033162817359,36.335044200532138,36.478231077082455,36.75879452843219,37.059404077008367,37.528757308609784,38.127143764868379,38.335760246030986,39.00181663967669,39.426802577450871,40.126280702650547,40.688844222575426,41.747156726196408,42.596045337617397,43.824772496707737,45.135988204739988,46.368553405627608,48.214083112776279,49.615433124825358,52.179489547386765,53.807745434343815
0.74819957643156043,36.173206994310021,35.855189878493547,36.177816365845501,36.09868529625237,36.33511146530509,36.482085612602532,36.762544670142233,37.086811807006598,37.542044566012919,38.146991769783199,38.356206591241062,39.004296061582863,39.444592904299498,40.144648782908916,40.709037958644331,41.781925467774272,42.617019242607057,43.844634177163243,45.136815459467471,46.390796408057213,48.222894689068198,49.617519734427333,52.168764304369688,53.805062472820282
0.74858387165396156,36.193748871795833,35.879389039240777,36.161634489893913,36.127862222492695,36.351545582525432,36.501302683725953,36.803410339169204,37.049278257414699,37.597155799157917,38.19502891972661,38.407756373286247,39.06466316152364,39.508576082997024,40.193045913241804,40.772924234159291,41.849786553531885,42.683987188152969,43.876585116609931,45.257785062305629,46.458757132291794,48.286315605044365,49.691442811861634,52.225484512746334,53.872941521927714
0.7489773120204426,36.252641815692186,35.942002989351749,36.231987530365586,36.138279052451253,36.423667293041945,36.58299674000591,36.881861393339932,37.156100421212614,37.693687904626131,38.292251219041646,38.496885792352259,39.156281845644116,39.607771661132574,40.415222924202681,40.892173547297716,41.958085611462593,42.805240567773581,44.001030076295137,45.387982183136046,46.603708086535335,48.415300671011209,49.863474851474166,52.334455344825983,53.996543755754828
0.74938011515967873,36.354296416044235,36.047418480738997,36.338341255672276,36.248819259926677,36.478772482834756,36.708622924983501,36.999272481538355,37.301454436033964,37.827946074306965,38.425414615310729,38.631786060519516,39.308151529170573,39.760598135180771,40.571284311823547,41.058458329178393,42.132785541936755,43.008065665140748,44.162322988733649,45.58075631223619,46.802074356004596,48.607064377516508,50.065491374582052,52.568898832425475,54.20832322537899
0.7497925038792953,36.389979749917984,36.200194070115685,36.492277158424258,36.421556851826608,36.642273353412747,36.882708906196058,37.154680184088647,37.503659608773887,38.013862730935216,38.590026549994946,38.825669013895094,39.501946266740561,39.858222403563559,40.718972840346396,41.287481974810362,42.376761290244758,43.252263235859573,44.414447940886021,45.853444575332105,47.069849127903581,48.989322409033775,50.325766485184431,52.875176472589374,54.505374541506171
0.75021470628911124,36.592872561886907,36.388542265631258,36.698508246801794,36.630439664237201,36.892060518264771,37.049502070993185,37.439127366058528,37.693977206945419,38.236127014271915,38.831507799215615,39.081036700867116,39.763420362956822,40.12524826079607,40.999371378682554,41.578240158967674,42.68125831708312,43.56077035702765,44.744544596411288,46.194525955244899,47.412594164721668,49.363626467064023,50.698805177584291,53.266941305249929,54.901589563116431
0.75064695592731712,36.852648449130356,36.649080979637802,36.961828186176717,36.896548833698034,37.162413758225739,37.332108592614532,37.719753597863019,37.899665184319019,38.53228416480124,39.136959647759795,39.39148299023509,40.090551978908479,40.591238402761519,41.347276892513037,41.947682488709688,43.059350502677262,43.932387627661228,45.177327175624669,46.618024698458612,47.848844808526337,49.827663209289312,51.15665590763092,53.758452471345663,55.407169669866562
0.75108949188965446,37.174138395115733,36.971301796846092,37.287051659077406,37.200939414091408,37.495256030932069,37.677647740580142,38.066873711533844,38.268028036691248,38.868189156986773,39.509299671277404,39.770320044830441,40.588842657394707,41.008468617685139,41.769231580197811,42.396127112209797,43.522159629501402,44.470701141282916,45.675185891799629,47.126193747855723,48.40049019921571,50.382780838757753,51.739806389436126,54.353925138711929,56.031506886705756
0.75154255896167044,37.628945520147681,37.359991920180619,37.720348197035491,37.605464271269739,37.895371614955366,38.059818793088198,38.481853478588164,38.704949852079153,39.219938032329082,39.965978913009167,40.222879193723202,41.057573683559895,41.492267629131675,42.268827680498362,42.916546351276338,44.082370983436704,45.037907692603767,46.414413372054696,47.757312510162592,49.044284615665674,51.039806604385376,52.428672598674893,55.061335915699601,56.786094229668379
0.75200640775411864,38.088160907849669,37.741934731602669,38.179924259893596,38.069032907485962,38.367423960007727,38.544970707036555,39.002362674102187,39.213476419448853,39.718469765968621,40.485241300426424,40.759150525555015,41.608953006565571,42.058071569539607,42.858027188107371,43.524504943750799,44.716357406228781,45.697943212464452,47.056023560464382,48.466418458148837,49.785998712293804,51.796323243528605,53.253030385822058,55.912908349186182,57.674288589507341
0.7524812948415831,38.62300272192806,38.275237349793315,38.715266531333327,38.608335722237825,38.897697638720274,39.106797145679593,39.52867784909904,39.765897395089269,40.30840183980763,41.053471586667001,41.381243701092899,42.234030114486814,42.612361580133438,43.544673958793283,44.223430702462792,45.469559641554952,46.45619151275605,47.841414907947183,49.279678737744689,50.651806555688381,52.693523177877069,54.208534670993686,56.892702637240291,58.717854417860508
0.75296748290440019,39.237585293129086,38.888407365418971,39.330508694984019,39.227493138983846,39.512673067860305,39.685475043021142,40.175078244879842,40.431660712696612,40.994424542412162,41.716245006769896,42.129488257691264,42.949610664509237,43.348483712412417,44.311852982267737,45.021328789182007,46.296423099935055,47.31328405905515,48.687182245776057,50.217961935326457,51.639240531250834,53.702681325376034,55.279849091544747,58.06460327655077,59.909871583804488
0.75346524087395861,39.9355673706159,39.58516204264015,39.953647094778717,39.930159552022815,40.223850139416754,40.389244830235839,40.909999219700694,41.19067536201328,41.733455908484757,42.470956751145422,42.918756509199739,43.605292270891368,44.181650958955288,45.185776141472161,45.973831372335553,47.231767632998526,48.283657108433545,49.696176147088408,51.287020454183221,52.742897167801857,54.903362680226564,56.497748952358961,59.345769230276346,61.243054691702127
0.75397484408145687,40.720006153918803,40.368613009341061,40.740517796948552,40.688264186494052,41.022218762896955,41.201639571227133,41.729560559615493,42.040231140330434,42.581750025972724,43.320741931907833,43.788268475793302,44.602122093550861,45.099414262920618,46.152736332267523,46.970698293298483,48.281751859933138,49.369093550369143,50.878774561919272,52.484389455989003,53.969858372583985,56.202221006155014,57.874271022155881,60.777742994949222,62.709262419492006
0.75449657441020046,41.511508013121784,41.241146608255804,41.616299662739038,41.567072128877044,41.940237048082054,42.119253708049655,42.61385533772409,42.973514717072248,43.464557140134275,44.265275136567652,44.752021328546107,45.600961674004793,46.257236961275339,47.242797708138824,48.077334331348538,49.451077024452388,50.568404661491513,52.169966644607484,53.798197835683823,55.359113840386271,57.660284884274006,59.382274445146322,62.363905055448413,64.40620406344533
0.75503072045152397,42.479119066148996,42.196500121615827,42.582417440600693,42.536292953416705,42.914338307455182,43.107762257568538,43.624534263275564,44.011337348259985,44.442336210981011,45.293540216982365,45.789422609843314,46.69433006644249,47.400637418963015,48.433664252981544,49.299633943475783,50.717491187155247,51.92765090148896,53.530484871938825,55.236915614455938,56.878942621871829,59.237830767408013,61.045795632526278,64.110141042619944,66.291021514683962
0.75557757766442291,43.537711079232395,43.247679706662893,43.6391676440835,43.621978485956788,43.979133365675807,44.187909788452089,44.740687198936939,45.078362641856074,45.533283969387412,46.427229655906558,46.984104745090008,47.887296493165195,48.637332736514509,49.723075708374381,50.619071746245027,52.137231482192874,53.371484000235796,55.024910047650337,56.80787562392652,58.516709664836526,60.961737455800176,62.836483055725694,66.031382840126753,68.322434861212969
0.7561374485389849,44.496570444665849,44.388584685511887,44.76931413821876,44.725750813260674,45.133644437417388,45.358719430863857,45.840760532766581,46.250815341249108,46.706308092921972,47.670830165967345,48.239233758300543,49.174424202181399,49.850438738241792,51.255213980562985,52.0477553922683,53.60891368240118,54.925327172502875,56.661131244152784,58.511238567531109,60.288517933338881,62.836199413985014,64.780488213524222,68.126815659925342,70.517078425735235
0.75671064276370958,45.731075862422585,45.569286809302866,45.929274971596897,45.959436552599072,46.375394135713577,46.654190381988883,47.122492727823555,47.680336648598313,47.969766707159579,48.962060165591538,49.589714415371418,50.560090473853052,51.277013084851205,52.603428844362497,53.600818410515785,55.202264495193958,56.606313770636916,58.43613326177001,60.328546484932303,62.199355263262987,64.841641893610358,66.891060529276729,70.359145700931549,72.871882081031799
0.75729747739681108,47.048969418741763,46.879133918322623,47.244511640630662,47.275735188275576,47.728496195748448,47.997281722724438,48.476374834775925,49.049652942456305,49.404235964640975,50.338348566554487,51.012452712282538,52.128145202994347,52.78776029124856,54.17419303022325,55.277047919109464,56.911183428019285,58.37856387346983,60.284796983003616,62.263048345223069,64.217388002201915,66.877154661342502,69.146228047087789,72.728709615767002,75.379458900541067
0.75789827704159607,48.444113222882152,48.266085018403828,48.706753314472735,48.668563932180405,49.132347195409238,49.412985849194229,49.932874044403434,50.481450509279966,50.85725106485188,51.79801949672401,52.511580258607864,53.690802568569779,54.505814053118229,55.838570697233081,57.009081637486815,58.717903653159738,60.258567167446017,62.202723626047373,64.293724570423365,66.340524885803461,69.139709699898958,71.531016364693642,75.224414544180036,78.035586681216955
0.75851337402601571,49.908262684009969,49.722017436288297,50.192205236293375,50.114694245159626,50.604169191792607,50.851291662082076,51.382600484415889,52.012798903509974,52.378041120246053,53.33734679967165,54.085833827033639,55.316311040893197,56.170013608410954,57.583111548796296,58.801460277289152,60.591173388063908,62.196398936212063,64.229988744482398,66.43113044463098,68.579414302483201,71.528921011835337,74.030848059803247,77.858662778511643,80.80893868021667
0.75914310858649048,51.467599086463451,51.215289242565632,51.71516483835876,51.637327667325735,52.109920289367437,52.405129538848996,52.964588314294815,53.69303367100656,53.935844203457236,54.93008952960372,55.70437559299171,57.00919952429831,57.815721150487661,59.450571058318019,60.669279189780354,62.528942132368684,64.224097937345505,66.395596418529749,68.638017451390624,70.932426422834396,74.01235007122159,76.603704510256648,80.605104977265,83.749559594318271
0.75978782905610986,53.042827038094401,52.767472099512815,53.282880958169699,53.205734252929688,53.709451055154204,53.987422792240977,54.578445566818118,55.275638811290264,55.540749657899141,56.645175829529762,57.369621435180306,58.593305990099907,59.610406184569001,61.297802623361349,62.599000660702586,64.53847124055028,66.321330357342958,68.559649746865034,70.912831639871001,73.32383131980896,76.562756318598986,79.251549370586872,83.447411479428411,86.753630913794041
0.76044789205730945,54.648151645436883,54.353695169091225,54.815622683614492,54.802638622000813,55.313327960669994,55.598800025880337,56.125331209972501,56.907949149608612,57.145031070336699,58.314689246937633,59.083464577794075,60.496341245248914,61.436776680871844,63.181529531255364,64.60041031613946,66.579947488382459,68.440571397542953,70.706974320113659,73.250322565436363,75.764587288722396,78.993021195754409,81.898736393079162,86.283718280494213,89.783040512353182
0.7611236626991349,56.183039888739586,55.955638851970434,56.37990752235055,56.419159727171063,56.991095069795847,57.316495317965746,57.752722604200244,58.673452464863658,58.750258129090071,59.987721057608724,60.830057840794325,62.268778193742037,63.438334243372083,65.068970218300819,66.559744447469711,68.643376989290118,70.567253965884447,72.874878883361816,75.564585540443659,78.207434892654419,81.563721358776093,84.629976518452168,89.179358419030905,92.819312464445829
0.76181551477919884,57.785996023565531,57.570616086944938,57.978538313880563,58.017470568418503,58.599845400080085,58.951756006106734,59.480443043634295,60.30036324262619,60.370062425732613,61.652635404840112,62.632829295471311,64.040961641818285,65.25118412822485,66.934712737798691,68.500071719288826,70.678764855489135,72.682365883141756,75.09001962095499,77.845622163265944,80.558877419680357,84.132785081863403,87.347530212253332,92.046716563403606,95.801630880683661
0.76252383099044441,59.356860559433699,59.128976326435804,59.563246224075556,59.597547406330705,60.224265882745385,60.523645129054785,61.097802607342601,62.037627598270774,61.964894089847803,63.279624188318849,64.249532721936703,65.792119381949306,67.024967836216092,68.757715633139014,70.399672398343682,72.608068406581879,74.760944975540042,77.310348518192768,80.097805939614773,82.964340846985579,86.631330847740173,89.987139016389847,94.848652202636003,98.809068910777569
0.76324900313282906,60.869627119973302,60.628465374931693,61.01603159494698,61.109342359006405,61.692335195839405,62.088023329153657,62.59827627055347,63.620501285418868,63.624284699559212,64.841357123106718,65.934688301756978,67.481484454125166,68.66042928956449,70.598464772105217,72.224767100065947,74.512443255633116,76.725551728159189,79.4377098120749,82.23242824524641,85.261075288057327,89.056806296110153,92.52296556904912,97.553740091621876,101.69186073169112
0.76399143233004596,62.18753027357161,62.090986317023635,62.435314655303955,62.531677672639489,63.122441234067082,63.599511735141277,64.073426781222224,65.071174433454871,65.075867924839258,66.327058224007487,67.451576333492994,69.05575942620635,70.276143316179514,72.273739758878946,73.940484549850225,76.311649348586798,78.5779644921422,81.348214205354452,84.265184070914984,87.392358921468258,91.360668830573559,94.922749742865562,100.11273765936494,104.40125399827957
0.76475152925140255,63.493353370577097,63.35855471342802,63.781470514833927,63.764454795047641,64.474390096962452,64.908802919089794,65.411748299375176,66.412572525441647,66.437015816569328,67.706807820126414,68.844945840537548,70.485078390687704,71.857404071837664,73.809769954532385,75.555158067494631,77.970505028963089,80.298051752150059,83.095226053148508,86.132442109286785,89.360652714967728,93.468399044126272,97.037806387990713,102.46708409115672,106.89781322330236
0.76552971433897932,64.664850143715739,64.525966504588723,64.946023231372237,64.924609614536166,65.600561710074544,66.042381169274449,66.587643440812826,67.611146923154593,67.622803036123514,69.025146093219519,70.122003104537725,71.744478460401297,73.117612194269896,75.169979192316532,76.970310475677252,79.454471085220575,81.817740488797426,84.646965891122818,87.802076131105423,91.091973979026079,95.177727073431015,98.993055712431669,104.45671188086271,109.1119823269546
0.7663264180401943,65.648020658642054,65.533178187906742,65.969778522849083,65.984409894794226,66.584335688501596,67.018485888838768,67.573734536767006,68.656812813133001,68.655171271413565,70.066681277006865,71.207334004342556,72.818995632231236,74.28827840834856,76.340746935456991,78.16423449665308,80.654009312391281,83.07349643856287,86.078727021813393,89.237674608826637,92.548360344022512,96.714281521737576,100.65412178263068,106.20910320058465,110.97999924048781
0.76714208104590165,66.423349164426327,66.296142421662807,66.709701921790838,66.757693983614445,67.361021909862757,67.914640847593546,68.420481372624636,69.341498795896769,69.458835087716579,70.895150903612375,72.062998346984386,73.761501144617796,75.147579822689295,77.277263104915619,79.128761850297451,81.651987891644239,84.071386270225048,87.13711192086339,90.329220328480005,93.722516674548388,97.929350152611732,101.95870440453291,107.57116702198982,112.3931825235486
0.76797715453415716,66.961826324462891,66.829881682991982,67.251631874591112,67.291629109531641,67.958920374512672,68.447742126882076,69.033775292336941,69.936174534261227,70.027816530317068,71.485162887722254,72.668123468756676,74.362888220697641,75.786050472408533,77.924223553389311,79.799172285944223,82.330452434718609,84.771568853408098,87.839164737612009,91.007272887974977,94.520375475287437,98.763313412666321,102.78810665011406,108.53481437265873,113.41429039090872
0.76883210041978367,67.329251244664192,67.090220928192139,67.519494373351336,67.588872618973255,68.234809461981058,68.710055358707905,69.343136955052614,70.084540758281946,70.340271823108196,71.808659743517637,73.003749545663595,74.679313939064741,76.112718489021063,78.254764497280121,80.127128399908543,82.684014689177275,85.109009005129337,88.192409306764603,91.38364302366972,94.895662516355515,99.154980767518282,103.21931803226471,108.90857120603323,113.92463049292564
0.76970739160987578,67.305757347494364,67.111919406801462,67.505856923758984,67.574948586523533,68.213558424264193,68.708116494119167,69.36114315316081,70.081557385623455,70.786098219454288,71.865202613174915,72.966110158711672,74.678856294602156,76.070560649037361,78.223335087299347,80.136170830577612,82.669740471988916,85.022948358207941,88.159710071980953,91.342485822737217,94.81874905526638,99.079373851418495,103.15788516402245,108.96343542635441,113.89074620604515
0.77060351226538559,66.966682828962803,66.911613810807467,67.18974732235074,67.230561621487141,67.894739877432585,68.384635910391808,69.007349252700806,69.836408957839012,70.487659223377705,71.587562903761864,72.661133579909801,74.336404755711555,75.776741739362478,77.897345814853907,79.772273823618889,82.28241752833128,84.610841140151024,87.676918767392635,90.87110111117363,94.333694785833359,98.513850390911102,102.59393607079983,108.24371574819088,113.25770428031683
0.77152095806893206,66.328291311860085,66.242866311222315,66.542496763169765,66.632551942020655,67.247956946492195,67.708629839122295,68.471234198659658,69.066221807152033,69.875908065587282,70.962996892631054,72.030956536531448,73.699378415942192,75.071667660027742,77.22704616189003,78.989932052791119,81.501300025731325,83.788566738367081,86.855470385402441,89.90915571898222,93.361174941062927,97.473923116922379,101.53122089803219,107.08183526992798,111.98859243094921
0.77246023649898476,65.477572571486235,65.282357357442379,65.606935076415539,65.688043441623449,66.33995233476162,66.826321184635162,67.496732238680124,68.1501330062747,68.867015901952982,70.007810670882463,71.171441674232483,72.722016260027885,74.072862979024649,76.185061030089855,77.872226309031248,80.316146530210972,82.558181665837765,85.581126727163792,88.536187417805195,91.872919738292694,95.92481754720211,99.829807564616203,105.34171172976494,110.13452633470297
0.77342186711057181,64.226802792400122,64.094359658658504,64.473249211907387,64.476429469883442,65.094257965683937,65.555465046316385,66.281984589993954,66.873670376837254,67.657350886613131,68.771224450320005,69.900252494961023,71.413386270403862,72.657046604901552,74.694178991019726,76.390656527131796,78.72439256682992,80.863451644778252,83.724876765161753,86.688381977379322,89.943004213273525,93.885838836431503,97.714892543852329,102.96415220201015,107.68057022988796
0.77440638182266774,62.705855626612902,62.591755498200655,62.962173346430063,63.002147473394871,63.574759259819984,64.038822520524263,64.723768386989832,65.25988769903779,66.167635060846806,67.236309759318829,68.333322074264288,69.791990276426077,71.000689554959536,72.942705076187849,74.561817657202482,76.828746765851974,78.886154528707266,81.635523468255997,84.479882560670376,87.628119401633739,91.374363966286182,95.096260026097298,100.17051029205322,104.65533448755741
0.7754143252124206,61.117557846009731,60.87618188560009,61.217492308467627,61.259591579437256,61.83248433843255,62.254477627575397,62.984685096889734,63.450412664562464,64.474031414836645,65.452314749360085,66.400778990238905,67.913680944591761,69.001583967357874,70.902237217873335,72.39180014282465,74.611949108541012,76.586105562746525,79.201472628861666,81.857092387974262,84.909240953624249,88.469276748597622,92.037027768790722,96.898667648434639,101.20108881592751
0.77644625481638141,59.179261788725853,58.989938426762819,59.279990650713444,59.380803465843201,59.90645857155323,60.312140196561813,61.034291081130505,61.512244585901499,62.501875553280115,63.471559852361679,64.414975132793188,65.851294413208961,66.894890330731869,68.614602297544479,70.031069736927748,72.138482816517353,73.922136347740889,76.507631577551365,78.984242632985115,81.861572854220867,85.259282998740673,88.599029906094074,93.217534378170967,97.282353579998016
0.77750274143890052,57.162136156111956,57.03789896890521,57.286481689661741,57.38289051130414,57.87949400395155,58.199682988226414,58.903089091181755,59.49432560428977,60.363591745495796,61.347096763551235,62.250889662653208,63.4537283629179,64.600055105984211,66.180779330432415,67.506960690021515,69.450942721217871,71.175910927355289,73.560479801148176,75.909828528761864,78.609175108373165,81.814619325101376,84.973882555961609,89.266553930938244,93.061804465949535
0.77858436946786469,55.067147713154554,54.892714440822601,55.178864479064941,55.297525849193335,55.778384599834681,56.102574750781059,56.807476475834846,57.311846777796745,58.163303196430206,59.125652063637972,59.9414082467556,61.137265119701624,62.084310282021761,63.636920869350433,64.840101629495621,66.711899347603321,68.337919488549232,70.553177081048489,72.710265830159187,75.281180657446384,78.221182905137539,81.17324847728014,85.268658347427845,88.71074266731739
0.77969173719794682,53.110909774899483,52.821223095059395,53.199110131710768,53.272231407463551,53.734182290732861,54.020255371928215,54.753146447241306,55.253269761800766,55.97029784694314,56.997842479497194,57.722828768193722,58.872288066893816,59.69692151248455,61.167063865810633,62.29429941251874,64.049525402486324,65.54183204472065,67.58103109896183,69.584317475557327,71.946013826876879,74.68529985845089,77.406519465148449,81.2004324644804,84.481111593544483
0.78082545716154772,51.229024320840836,50.982485696673393,51.356549177318811,51.377270441502333,51.892906937748194,52.124872919172049,52.773139610886574,53.272639933973551,54.041721060872078,54.960031196475029,55.651887971907854,56.695299111306667,57.579560503363609,58.869375720620155,59.888599094003439,61.469854727387428,62.861584521830082,64.80981694534421,66.651311293244362,68.783222146332264,71.378071904182434,73.930003449320793,77.361722491681576,80.36259725689888
0.78198615646761471,49.655485201627016,49.373617362231016,49.746459867805243,49.824625246226788,50.301592014729977,50.53685424849391,50.93622962385416,51.6830033659935,52.169128865003586,53.187679428607225,53.802514638751745,54.801706869155169,55.562451813369989,56.815611369907856,57.749810263514519,59.231554422527552,60.533087439835072,62.344716530293226,64.02673514187336,66.07913926243782,68.416339326649904,70.721220124512911,74.024076677858829,76.667044140398502
0.78317447714852217,48.424756228923798,48.175780266523361,48.507999803870916,48.575676631182432,48.987288177013397,49.23418577387929,49.688536889851093,50.30544938147068,50.846591133624315,51.809580165892839,52.400710582733154,53.392450392246246,53.984630804508924,55.204062301665545,56.059560328722,57.440541431307793,58.637656100094318,60.337657701224089,61.896407853811979,63.794579174369574,65.99049524217844,68.116403415799141,71.180992018431425,73.71685217320919
0.78439107651520656,47.696525506675243,47.449378550052643,47.757873211055994,47.852151371538639,48.236182119697332,48.433264259248972,48.865771345794201,49.556796032935381,49.714654415845871,50.919102046638727,51.433398690074682,52.356473188847303,52.959534086287022,54.103723477572203,54.896515697240829,56.228076383471489,57.402659703046083,58.92252778634429,60.408809319138527,62.230286989361048,64.27650073543191,66.263006933033466,69.136453803628683,71.466460071504116
0.78563662752075381,47.524246148765087,47.219163592904806,47.579964824020863,47.652552824467421,48.014597814530134,48.318506009876728,48.585326973348856,49.316192295402288,49.474321488291025,50.588422268629074,51.049122873693705,51.9748465269804,52.530313540250063,53.649784155189991,54.411921877413988,55.689024288207293,56.795337647199631,58.298880245536566,59.767400227487087,61.491126276552677,63.476828683167696,65.393290691077709,68.088356830179691,70.278852250427008
0.78691181913263841,47.925547249615192,47.673353921622038,48.051367949694395,48.11175786703825,48.517503913491964,48.743851609528065,49.057183958590031,49.749320354312658,49.88627340272069,50.891816098242998,51.378323141485453,52.323087729513645,52.789420537650585,53.933935560286045,54.686343155801296,55.924139559268951,56.994708236306906,58.544768050312996,60.007112726569176,61.691457994282246,63.652188457548618,65.507111862301826,68.254280749708414,70.299591574817896
0.78821735671381987,49.115979615598917,48.829410921782255,49.234523691236973,49.225244991481304,49.691573441028595,49.83409071713686,50.217424396425486,50.76746753975749,50.917086876928806,51.959986541420221,52.507074322551489,53.367981564253569,53.831997506320477,55.057632599025965,55.78269112855196,57.125527512282133,58.262706711888313,59.74800430983305,61.199920952320099,62.88874338939786,64.975451722741127,66.869326047599316,69.585540644824505,71.726904023438692
0.78955396241291065,50.939219087362289,50.637400969862938,51.136910445988178,51.126553304493427,51.540501974523067,51.728480488061905,52.014920100569725,52.656013641506433,52.763879686594009,53.751066543161869,54.323884677141905,55.193468537181616,55.737054500728846,56.984871320426464,57.791638802736998,59.150751084089279,60.357610605657101,61.908248104155064,63.411427859216928,65.283113118261099,67.419097114354372,69.381937127560377,72.315550029277802,74.462329130619764
0.79092237556362588,53.530296951532364,53.284379988908768,53.653219923377037,53.664873976260424,54.062363106757402,54.31012024730444,54.601379416882992,55.105514794588089,55.429128754884005,56.297361616045237,56.85387009754777,57.948105160146952,58.371255040168762,59.764497250318527,60.59512934088707,62.066025864332914,63.369440983980894,65.038322996348143,66.784604266285896,68.718034498393536,70.987693537026644,73.127038158476353,76.241201501339674,78.669619850814342
0.79232335309374124,56.75413054972887,56.435871236026287,56.856008607894182,56.854269403964281,57.26069850474596,57.509334668517113,57.845765169709921,58.354961443692446,58.842595782130957,59.466664012521505,60.102317124605179,61.285740673542023,61.927174720913172,63.292559955269098,64.243587553501129,65.860458299517632,67.27296930924058,69.169775009155273,70.983973812311888,73.135673653334379,75.626953035593033,78.039891585707664,81.3781423792243,84.111115001142025
0.79375766994378205,60.31359551474452,60.133991423994303,60.58761278912425,60.56999933347106,60.957284811884165,61.220816798508167,61.600044593214989,62.113144636154175,62.623645558953285,63.248550280928612,63.91085409373045,64.964560434222221,65.839388936758041,67.402518302202225,68.48126257956028,70.29347088560462,71.873512864112854,73.973394758999348,76.009349916130304,78.411396726965904,81.249273084104061,83.902831420302391,87.668131291866302,90.69399805366993
0.79522611949567579,64.376893527805805,64.114673607051373,64.60720132291317,64.537119075655937,64.992620456963778,65.248768009245396,65.780762106180191,66.125899206846952,66.863469339907169,67.419925324618816,68.219859100878239,69.527218196541071,70.261664349585772,72.020975634455681,73.188472345471382,75.289417736232281,76.996728576719761,79.400360196828842,81.698035329580307,84.40755207836628,87.477465026080608,90.544244565069675,94.669263489544392,98.161540240049362
0.7967295140116053,68.46894709020853,68.276472635567188,68.801500096917152,68.712903164327145,69.219618409872055,69.542690485715866,70.085984241217375,70.459894418716431,71.393357213586569,71.776757676154375,72.674042787402868,73.869675975292921,74.968021102249622,76.8496318385005,78.272590078413486,80.506033837795258,82.52713456004858,85.119127228856087,87.666305132210255,90.634111069142818,94.168129630386829,97.573575407266617,102.14810873568058,106.18063394725323
0.79826868508330628,72.625913165509701,72.462259110063314,72.781154654920101,72.820857401937246,73.312073558568954,73.644632138311863,74.273453742265701,74.774339646100998,75.738748610019684,76.120034381747246,77.115338824689388,78.741078548133373,79.62648319453001,81.696191683411598,83.235984928905964,85.702365688979626,87.858042351901531,90.853270217776299,93.716430313885212,97.026636719703674,100.84316293895245,104.73652225732803,109.76013784110546,114.28164690732956
0.79984448409205577,76.356040947139263,76.160060361027718,76.535737656056881,76.52156725525856,77.008356854319572,77.436517782509327,78.133418820798397,78.579979635775089,79.795142501592636,80.269729621708393,81.355558462440968,82.653404369950294,84.006400749087334,86.299550890922546,87.976906694471836,90.668758377432823,93.155529551208019,96.253443270921707,99.343231685459614,103.06823219358921,107.21788407117128,111.51764899492264,116.98318446427584,122.10466236621141
0.80145778267960754,79.37809532135725,79.240563943982124,79.689714327454567,79.646978057920933,80.184690959751606,80.585547402501106,81.336926594376564,82.055051654577255,83.041289076209068,83.745522156357765,84.996453315019608,86.826382100582123,87.794509530067444,90.24246858805418,92.06839045882225,94.953879527747631,97.698862433433533,100.97013055533171,104.36134837567806,108.2478059232235,112.79082893580198,117.52190033346415,123.47302384674549,129.00365570932627
0.80310947323033455,81.537778943777084,81.525983482599258,81.901888854801655,81.885279305279255,82.538830228149891,82.953742630779743,83.795958541333675,84.69368976354599,85.69422447681427,86.459208726882935,87.325012408196926,89.179750755429268,90.755859032273293,93.306794844567776,95.310460045933723,98.274146974086761,101.11739487946033,104.72031052410603,108.23009584099054,112.51044061034918,117.32207296043634,122.34408584237099,128.56806033104658,134.67702601850033
0.80480046936484506,82.694043733179569,82.772751905024052,83.018382512032986,83.129734762012959,83.778168112039566,84.237671740353107,85.091582968831062,85.949707545340061,87.00951960682869,88.087099730968475,89.567461036145687,91.561729431152344,92.551480732858181,95.206116043031216,97.333935372531414,100.41328641027212,103.4938233345747,107.11931545287371,110.84903843700886,115.24659167975187,120.2332114726305,125.60460616648197,132.19957971572876,138.52535897493362
0.80653170644534433,82.801406003534794,82.737562343478203,82.976288519799709,83.120949991047382,83.763541705906391,84.282827779650688,85.235345229506493,86.138227343559265,87.315451055765152,88.509364694356918,89.997761070728302,91.404311634600163,93.143477745354176,95.785401366651058,97.986921027302742,101.12946922332048,104.09081324189901,107.9779739677906,111.73351994901896,116.37179958820343,121.49068583548069,127.04573269933462,133.79616491496563,140.48299330472946
0.80830414209302459,81.51169877499342,81.434855848550797,81.707482144236565,81.938481822609901,82.553404092788696,83.130400590598583,83.948592275381088,85.308285117149353,86.211075402796268,87.491396240890026,89.007496200501919,91.072159856557846,92.226387731730938,94.825952000916004,97.128005892038345,100.27966758608818,103.34371489286423,107.17173432558775,110.99187944829464,115.65808612108231,120.69638011604548,126.47212220728397,133.18068486452103,140.16905310750008
0.81011875671776579,78.829074122011662,78.862767592072487,79.176699966192245,79.379036210477352,80.029644973576069,80.525090381503105,81.468116484582424,82.662373669445515,83.71446018666029,85.208183452486992,86.633160345256329,88.048037268221378,90.52610456943512,92.393672592937946,94.682532869279385,97.81616822630167,100.72565010935068,104.64699207246304,108.29672875255346,113.01920371502638,118.02464830875397,123.72254494577646,130.27030995488167,137.26502588391304
0.81197655406044122,75.016898907721043,75.1322206184268,75.351387344300747,75.689078263938427,76.327173873782158,76.922556109726429,77.803333550691605,78.971163116395473,80.058572314679623,81.437563449144363,82.993846096098423,84.85823131352663,86.092891238629818,88.457992233335972,90.738200016319752,93.799898259341717,96.610082730650902,100.37127728015184,103.99959233403206,108.63995090872049,113.32812377810478,118.9363074451685,125.34143353998661,132.27243500947952
0.81387856174813134,70.401708416640759,70.392198272049427,70.575364246964455,70.902911134064198,71.603435069322586,72.137234523892403,73.003333128988743,74.23689267039299,75.329029232263565,77.004431299865246,78.029092848300934,79.232927441596985,81.009515389800072,83.266382418572903,85.428361244499683,88.361445985734463,91.099468424916267,94.670843370258808,98.027945391833782,102.4828047528863,107.00267224013805,112.40017153322697,118.50339326262474,125.01847269386053
0.81582583186254676,64.967590395361185,64.874957464635372,65.180242650210857,65.451504465192556,66.04286765307188,66.672791380435228,67.523553594946861,68.373703628778458,69.808666288852692,71.086342796683311,72.211537025868893,73.856836438179016,74.915248937904835,77.010125227272511,79.068146362900734,81.839063204824924,84.339944459497929,87.672858521342278,90.892923414707184,95.018466308712959,99.238161392509937,104.37053982913494,109.90618966519833,116.23259992152452
0.81781944152197972,58.84954933822155,58.863644108176231,59.155492424964905,59.437124542891979,60.115805305540562,60.631464555859566,61.34432952478528,62.30922956392169,63.509293124079704,64.517974942922592,65.601842105388641,66.594573128968477,68.10125732049346,70.089417405426502,71.900408331304789,74.428402610123158,76.791570045053959,79.87875659018755,82.729699231684208,86.65841269493103,90.432651795446873,95.149456784129143,100.30808443576097,106.04380881786346
0.81986049347710532,52.761100854724646,52.680613107979298,52.885180111974478,53.289818797260523,53.832132432609797,54.33565030246973,55.110993333160877,55.642664972692728,56.94347295537591,57.666378509253263,58.254818610846996,59.640118908137083,60.952257111668587,62.733948636800051,64.393747992813587,66.65025407075882,68.773441389203072,71.545845378190279,74.183728825300932,77.625110279768705,81.079858276993036,85.386517234146595,89.917988665401936,95.205247938632965
0.82195011672095875,46.669077295809984,46.578186348080635,46.763195466250181,47.063414428383112,47.559846073389053,48.0769580937922,48.70898862183094,49.25073803588748,50.378222484141588,50.782151665538549,51.777187652885914,52.965069107711315,53.775887716561556,55.321377571672201,56.766685754060745,58.763447098433971,60.609988547861576,63.115577347576618,65.381766572594643,68.533901281654835,71.51398902758956,75.322988644242287,79.384143427014351,84.074981842190027
0.82408946711343001,40.727413091808558,40.709738060832024,40.967058412730694,41.198475677520037,41.617610719054937,41.974224522709846,42.602740190923214,43.001121532171965,43.780096247792244,44.259850423783064,45.058264207094908,45.761745013296604,46.811266288161278,48.154573772102594,49.399087943136692,51.096864733844995,52.701645351946354,54.878864254802465,56.868649937212467,59.552168410271406,62.15740654990077,65.57179606705904,69.028356332331896,73.166341662406921
0.82627972802061977,35.330717626959085,35.272515604272485,35.474989550188184,35.717958930879831,36.030846282839775,36.322304954752326,36.806640140712261,37.151764620095491,37.786822434514761,38.121563211083412,38.599550219252706,39.364435859024525,40.324612971395254,41.403886284679174,42.464118495583534,43.919036284089088,45.28553737141192,47.148327343165874,48.776559747755527,51.152383148670197,53.364426925778389,56.265830662101507,59.198817104101181,62.741874549537897
0.82852211096940931,30.436201730743051,30.351823776960373,30.532933695241809,30.676641566678882,30.936235029250383,31.157271021977067,31.542131459340453,31.848890759050846,32.103108571842313,32.547728041186929,33.121684016659856,33.607264069840312,34.38093033619225,35.257554983720183,36.130530215799809,37.334215443581343,38.498452851548791,40.025294007733464,41.389894099906087,43.369647128507495,45.210892332717776,47.683856261894107,50.115080883726478,53.149633163586259
0.83081785631760774,25.954819714650512,26.004642095416784,26.134350664913654,26.194921065121889,26.359178375452757,26.530277613550425,26.791837491095066,26.984629735350609,27.143527569249272,27.591953018680215,27.97632097452879,28.439463963732123,29.094642138108611,29.749396611005068,30.485565470531583,31.476991513743997,32.398168938234448,33.668102461844683,34.773029632866383,36.422504276037216,37.877743547782302,39.956739950925112,41.891700714826584,44.431405378505588
0.83316823394004724,22.07595332711935,22.051055878400803,22.179610231891274,22.213020307943225,22.320104498416185,22.409195881336927,22.543342001736164,22.744293089956045,22.781872631981969,23.199261359870434,23.56252577714622,23.950841138139367,24.434410508722067,24.94832750223577,25.526363061740994,26.343595623970032,27.04284237138927,28.080647060647607,28.916052803397179,30.268704701215029,31.41983188688755,33.128199284896255,34.659429918974638,36.715745735913515
0.83557454393100505,18.655993451364338,18.611957088112831,18.681116470135748,18.697027423419058,18.746922491118312,18.773475520312786,18.894375790841877,19.035179913975298,19.017586818896234,19.315512557514012,19.686088852584362,19.990388596430421,20.476073112338781,20.863478072918952,21.279477667063475,21.938820205628872,22.444381233304739,23.262601832859218,23.905637845396996,24.950453227385879,25.82317272387445,27.158291568048298,28.357662670314312,29.941297708079219
0.83803811732334055,15.72270118072629,15.739495662972331,15.727499660104513,15.679844950325787,15.763240095227957,15.733601941727102,15.780706604011357,15.805785156786442,15.996710097417235,16.090690697543323,16.492894290015101,16.862842884846032,17.175624379888177,17.44036778062582,17.746173056773841,18.27237300015986,18.609092461876571,19.219885528087616,19.654464419931173,20.486573375761509,21.10126968100667,22.136945534497499,22.982807425782084,24.182234360836446
0.8405603168247473,13.257492933422327,13.298285485245287,13.314150230959058,13.266686673276126,13.297662783414125,13.287148860283196,13.317400035448372,13.381665701046586,13.556333169341087,13.568892868235707,14.194585404358804,14.316904854029417,14.553889535367489,14.756305342540145,14.940102729946375,15.293474938720465,15.55946197733283,15.999432879500091,16.286226185038686,16.916621722280979,17.311785999685526,18.042230171151459,18.623012092895806,19.462857154197991
0.84314253757152413,11.451789299026132,11.477943303063512,11.4678406547755,11.465218130499125,11.469459688290954,11.457078580744565,11.514809319749475,11.525428389199078,11.783718857914209,11.778293303214014,12.403245025314391,12.294193495064974,12.632889842614532,12.80553518794477,12.926718826405704,13.161366165615618,13.331652437336743,13.658641718327999,13.817369802854955,14.239311852492392,14.48246581107378,14.993918326683342,15.31782585196197,15.863484740257263
0.84578620790028514,10.397653229534626,10.401099421083927,10.3885612571612,10.353980898857117,10.414906278252602,10.457797239534557,10.548595415428281,10.595934524200857,10.765426786616445,10.785924551077187,11.156947894021869,11.43076831754297,11.546270658262074,11.669265187345445,11.737896944396198,11.968545316718519,11.99241678416729,12.230311064980924,12.287314876914024,12.599759398959577,12.710637050680816,13.022687200456858,13.202860889956355,13.470657737925649
0.84849279013803369,10.031584609299898,10.002716726623476,10.070564649067819,10.039730733260512,10.128730736672878,10.158254724927247,10.287292089313269,10.360661777667701,10.468864600174129,10.688180018216372,10.850404837168753,11.107468154281378,11.192711864598095,11.310432756319642,11.362093084491789,11.486774580553174,11.536972350440919,11.732118813320994,11.75917328428477,11.943332808092237,11.983132331632078,12.161142753437161,12.255521351471543,12.3377032186836
0.85126378141103709,10.382592439651489,10.350948470644653,10.40629737265408,10.453110569156706,10.520402850583196,10.584785435348749,10.778766364790499,10.908448923379183,10.937394309788942,11.143192415125668,11.352386058308184,11.480001904070377,11.531855015084147,11.686466287821531,11.736256183125079,11.902559345588088,11.904597447253764,12.076860084198415,12.075538826175034,12.260287933982909,12.263111491687596,12.368290566839278,12.398651789873838,12.403601981699467
0.85410071447295244,11.381263723596931,11.321684448979795,11.391421643085778,11.406282069161534,11.541618905961514,11.619784171693027,11.772132899612188,11.936253087595105,11.943533983081579,12.160061358474195,12.227119499817491,12.375458262860775,12.436370867304504,12.611424432136118,12.686910784803331,12.883579538203776,12.910915839485824,13.102143215015531,13.131355901248753,13.295326801016927,13.318986763246357,13.412312556058168,13.455424807034433,13.395718737505376
0.85700515855265746,12.683971777558327,12.583914360031486,12.692201962694526,12.717928024940193,12.870616397820413,12.92273436486721,13.104576797224581,13.210258952341974,13.237103020772338,13.314912917092443,13.307660090737045,13.531241786666214,13.645813276059926,13.823776541277766,13.924968012608588,14.186360619030893,14.250054716132581,14.481162684038281,14.552361136302352,14.762234806083143,14.815612188540399,14.949947712942958,15.03301000315696,15.015206043608487
0.8599787202222573,14.018721773289144,13.902429978363216,14.034013527445495,14.039270555600524,14.19811256788671,14.235789269208908,14.325628566555679,14.450425621122122,14.555379056371748,14.514380420558155,14.547222904860973,14.67155606392771,14.848136210814118,15.053973896428943,15.185192782431841,15.4783537639305,15.565642729401588,15.85829403437674,15.96448512468487,16.249163503758609,16.38005742803216,16.566073953174055,16.725612481124699,16.776688167825341
0.86302304428574983,15.119684054516256,15.037611357867718,15.15014795679599,15.122540118172765,15.234626544639468,15.246035902760923,15.328065830282867,15.332344111055136,15.49263549875468,15.374737583100796,15.522664722055197,15.595894490368664,15.771627691574395,16.009343135170639,16.128585282713175,16.488705455325544,16.578258271329105,16.93701885920018,17.052932471968234,17.420122160576284,17.594727108255029,17.868695029057562,18.081192851066589,18.200178034603596
0.86613981468883594,15.741112638264894,15.674445948563516,15.793768698349595,15.759459472261369,15.836751093156636,15.841546420007944,15.828552736900747,15.768659040331841,15.909577705897391,15.919792288914323,16.198771252296865,16.108246012590826,16.244158311747015,16.49668135959655,16.644246578216553,16.974734888412058,17.089613205753267,17.476859883405268,17.651920060627162,18.024557445198298,18.22146513313055,18.54561348259449,18.807475555688143,18.997261237353086
0.86933075545038152,15.95605010073632,15.885971494950354,15.928963238373399,15.879673419520259,15.939103414304554,15.915187771432102,15.889353729784489,15.844754551537335,15.92878594622016,16.130048631690443,16.163295341655612,16.198092242702842,16.281292729079723,16.533532024361193,16.697893088683486,16.952248070389032,17.097297230735421,17.470568910241127,17.629695411771536,18.01566719263792,18.218577513471246,18.548589860089123,18.824908148497343,19.061323941685259
0.87259763161604709,15.70067878253758,15.695688421837986,15.738773484714329,15.662300225347281,15.678323469124734,15.590381966903806,15.589000114239752,15.560222807340324,15.556023579090834,15.880339470691979,15.86043069139123,15.96985596884042,16.016871627420187,16.235573831945658,16.36053884588182,16.603879646398127,16.701280576176941,17.057702876627445,17.195531408302486,17.551981410011649,17.736706920899451,18.057235590182245,18.296967687085271,18.52864651568234
0.87594225023460914,15.356800305657089,15.327304470352829,15.338541698642075,15.302736263722181,15.264203098602593,15.168855412863195,15.16647738777101,15.207683286629617,15.257726312614977,15.496794070117176,15.46191727090627,15.608923600055277,15.665698201395571,15.820667123422027,15.909209156408906,16.122275576926768,16.206443984992802,16.520101922564209,16.615952308289707,16.924186861142516,17.055300832726061,17.357754641212523,17.543094563297927,17.755003245547414
0.87936646135751584,14.943060922436416,14.948163041844964,14.952495361678302,14.907694511115551,14.90464566834271,14.828208577819169,14.8881700867787,14.957507568411529,15.064574866555631,15.110524026677012,15.232647686265409,15.319356121122837,15.36084080953151,15.490623635239899,15.556826814077795,15.71605628170073,15.765504835173488,16.011393941938877,16.091685046441853,16.367314916104078,16.465160449035466,16.726946564391255,16.864718514494598,17.030966876074672
0.88287215906223049,14.627591896802187,14.607927017845213,14.648148545064032,14.599625990726054,14.637434648349881,14.618391818366945,14.692373726516962,14.79058756865561,14.956390935927629,14.870484037324786,15.050449694506824,15.105502611026168,15.161217639222741,15.284856190904975,15.334873566403985,15.480687553063035,15.492195180617273,15.725840219296515,15.770032699219882,16.011355239897966,16.080291111022234,16.301292945630848,16.391404689289629,16.52420439850539
0.88646128249992606,14.336515820585191,14.313008876517415,14.348308013752103,14.354745085351169,14.40365637652576,14.4513482125476,14.568593137897551,14.639836830087006,14.849335297942162,14.776744823902845,14.868584460578859,14.922207033261657,14.950771879404783,15.095436349511147,15.124652469530702,15.306990376673639,15.308171572163701,15.533897397108376,15.566582730039954,15.792771104723215,15.815095673315227,16.036810644902289,16.085979430936277,16.19515279494226
0.89013581696811173,13.858884941786528,13.823483401909471,13.918573467992246,13.942047838121653,14.03821936622262,14.138360819779336,14.299590663053095,14.334872159175575,14.501696188002825,14.568677798844874,14.467778966762125,14.558983621187508,14.598797871731222,14.775874665006995,14.818556134589016,14.989169158041477,14.997261389158666,15.231315354816616,15.245050237514079,15.475628458894789,15.489819708280265,15.672548455186188,15.731502213515341,15.82270972058177
0.89389779500878774,13.169554319232702,13.14697043504566,13.243336748331785,13.284101848490536,13.412376750260592,13.557549607008696,13.671701608225703,13.716577834449708,13.787682872265577,13.912058474496007,13.789697169326246,13.939050893299282,13.982893411070108,14.150283855386078,14.248898530378938,14.380363316275179,14.421419742517173,14.648994005285203,14.653574410825968,14.865083897486329,14.875023382715881,15.035376322455704,15.049183008261025,15.153090669773519
0.8977492975327297,12.272994798608124,12.228363458998501,12.334883459843695,12.397323717363179,12.535490337759256,12.619795477949083,12.771300669759512,12.779642682522535,12.776922066695988,12.945021351799369,12.941206471994519,13.041495218873024,13.120549958199263,13.25243104621768,13.357014183886349,13.468380017206073,13.52037709672004,13.748660363256931,13.735763519071043,13.919444312341511,13.915317557752132,14.061810472048819,14.064010211266577,14.13009116705507
0.90169245497052919,11.356714099645615,11.319345878437161,11.38327906280756,11.425098896026611,11.544234205037355,11.620711675845087,11.676296250894666,11.712444313801825,11.726081282831728,11.783928851597011,12.034031845629215,12.171724102459848,12.148614158853889,12.276107222773135,12.314837626181543,12.462048227898777,12.500094627961516,12.6833839956671,12.668503095395863,12.83579024951905,12.79793103504926,12.915343784727156,12.871684733778238,12.88127045147121
0.90572944845102676,10.644246934913099,10.615301153622568,10.653146029449999,10.672255281358957,10.743290574289858,10.721062465570867,10.739714000374079,10.769740473479033,10.883946670219302,10.892238010652363,11.203340575098991,11.261517480015755,11.299319699406624,11.42492663115263,11.43730858899653,11.575433103367686,11.606954028829932,11.748320451006293,11.747123134322464,11.882331107743084,11.812867226544768,11.914175350684673,11.823621097486466,11.808611477259547
0.90986251100778748,10.280375041998923,10.263697917573154,10.258695314638317,10.246739250607789,10.24322983622551,10.182068053632975,10.177245192229748,10.223617764189839,10.372118684463203,10.435969163663685,10.559336610138416,10.642200021073222,10.742945867590606,10.858745373785496,10.887698980048299,11.005643638782203,11.03026311378926,11.159333596937358,11.137320940382779,11.27346425363794,11.19080251455307,11.270681852474809,11.154963798820972,11.134416708257049
0.91409392881428575,10.130785756744444,10.153667057864368,10.145164888352156,10.102548982948065,10.046697719488293,9.9863197659142315,10.01439327839762,10.033055958803743,10.111855264753103,10.289297996554524,10.279472170397639,10.391869410872459,10.458750403486192,10.557747463230044,10.598452752456069,10.732285892125219,10.731102330610156,10.870606014505029,10.841762941330671,10.981159437447786,10.894647302106023,10.969618720002472,10.864834254141897,10.83794149197638
0.91842604244848758,10.064736120868474,10.056717341765761,10.043317195959389,9.9683573073707521,9.9077817932702601,9.8784064496867359,9.9073394895531237,9.951646531932056,9.9925817637704313,10.092421803623438,10.062226692214608,10.145188812166452,10.218783224467188,10.277288706041873,10.359902611002326,10.46355029148981,10.484896901063621,10.631463947240263,10.603472569491714,10.749975023325533,10.673650991171598,10.749388216529042,10.656299729831517,10.647520581725985
0.92286124818752313,9.6670772600919008,9.6761365504935384,9.6762619102373719,9.6328262882307172,9.59983920911327,9.6157509097829461,9.6784688387997448,9.7107349992729723,9.7079731770791113,9.6435635858215392,9.7387506533414125,9.6274111620150506,9.7756211622618139,9.8298435281030834,9.8958982862532139,9.9984284210950136,10.02770687174052,10.168588508851826,10.143254098948091,10.280619852710515,10.211840045638382,10.308156631421298,10.211432283278555,10.208577461540699
0.92740199933316925,9.0820517255924642,9.0680196774192154,9.0815103384666145,9.0604615597985685,9.0708087529055774,9.1023349040187895,9.1809626813046634,9.1439547510817647,9.1584878657013178,8.9603715478442609,9.0823419489897788,8.9956798562780023,9.1120672831311822,9.1762855807319283,9.1805696180090308,9.2878964426927269,9.2866345131769776,9.4183249394409359,9.3820922025479376,9.5055071818642318,9.4336838982999325,9.520256913267076,9.4140170137397945,9.3956848895177245
0.93205080756887715,8.3854534104466438,8.3667462728917599,8.4233385915867984,8.4446107554249465,8.4886856176890433,8.4858745853416622,8.5607284181751311,8.4933796189725399,8.525867628864944,8.3816733295097947,8.4035812416113913,8.4794431109912694,8.4478416317142546,8.481331794988364,8.4600167437456548,8.5374631211161613,8.5087910769507289,8.5942118330858648,8.5515425065532327,8.6377646354958415,8.5521158277988434,8.5972357210703194,8.4811935569159687,8.438152635935694
0.96596257916836192,6.2607812341302633,6.2463820916600525,6.223947131074965,6.1756500978954136,6.1873895826283842,6.127688531531021,6.1696293165441602,6.1500940800178796,6.1048190826550126,6.1146452620159835,6.1644551383797079,6.1018656569067389,6.254983238177374,6.2047227707225829,6.2172958059236407,6.2406003472860903,6.1766365938819945,6.1608674791641533,6.0271601488348097,5.9993684531655163,5.7948259355034679,5.7138270973227918,5.4580847143661231,5.2777488782303408
1.0011081979397787,4.7306576855480671,4.7253808071836829,4.6943802474997938,4.6442124817986041,4.638675790745765,4.6245095913764089,4.6919250020291656,4.6972719673067331,4.7202270040288568,4.638928443659097,4.6146253291517496,4.6493138673249632,4.5884616333059967,4.4912008913233876,4.4745865406002849,4.4080803308170289,4.2930457866750658,4.2435651498381048,4.0968405853491277,4.0447406634921208,3.8634754973463714,3.7889464703621343,3.568887987639755,3.4169635906000622
1.037532556224986,3.4302333414088935,3.447718383744359,3.4523020015330985,3.4556650767335668,3.431227506371215,3.4285432840697467,3.4362869146279991,3.4118156481999904,3.3908952778438106,3.3135747259948403,3.3109806549036875,3.2644612318836153,3.1966683282516897,3.1784549220465124,3.1029536697315052,3.0802433987846598,3.0130036101327278,2.9793141626287252,2.8640249109012075,2.8021003748872317,2.6312082848744467,2.5338143694680184,2.3022946010460146,2.1382423219329212
1.0752821797304957,2.3020578664145432,2.3175940806977451,2.3287439591949806,2.336808824155014,2.310128103941679,2.2820028759888373,2.252574254758656,2.2114335303194821,2.2210039302008227,2.1813355435733683,2.1469012420857325,2.1000770487007685,2.1411721828044392,2.0565574311767705,1.968895141093526,1.9368416780198459,1.8840255382820033,1.8128331057669129,1.6799752464867197,1.5963742882886436,1.4337501510308357,1.3551835631806171,1.1787433519348269,1.0588415028178133
1.1144052869558729,1.6351152918941807,1.6578258870868012,1.6429161831038073,1.6357340828690212,1.6148563603055663,1.602034831099445,1.5665152035071515,1.5595969019923359,1.5633058458915912,1.5244729192345403,1.498933569091605,1.4458274500793777,1.4540056664554868,1.3362952701572794,1.2861023561272305,1.2582700622442644,1.1729170018661534,1.117851064846036,1.0257604881044244,0.97285682152141817,0.84853746657609008,0.78085773676866665,0.64424931017492781,0.54915386312131886
1.154951850784383,1.0939301626203815,1.1174405374622438,1.0799786118586781,1.0757996910251677,1.0670131681545172,1.0684478703769855,1.0638125377881806,1.0369640846474795,1.0285476743156323,0.9861317322938703,0.9607465398585191,0.90714868543727789,0.89774472074350342,0.81037748941889731,0.79951567810348934,0.7735975240211701,0.68719947397039505,0.66140793900558492,0.58511445221665781,0.52654487467225408,0.42843751390682883,0.36702650112874835,0.26441860437262221,0.20468144423853118
1.1969736623145533,0.67929373062361265,0.68386377461138181,0.66915710568719078,0.67043421986454632,0.65702726176095894,0.65943989277729997,0.6497083804133581,0.61377563182031736,0.59974576511012856,0.56657600154721877,0.55570488602825208,0.51750625091153779,0.505474330191646,0.45907696697395295,0.44737777105910936,0.39923917533451458,0.33182918091370084,0.30763997202484461,0.2560766271153625,0.2180569671700141,0.15642790653964767,0.12385469347827893,0.070595911506757147,0.040541799889524555
1.2405243970141853,0.39848713289757143,0.41125591863237787,0.41059974432573654,0.41186849083896959,0.39627612330878037,0.38191773742801161,0.37590729109979293,0.35968719710217556,0.34742769000331464,0.33068736021414225,0.32646402990303613,0.28633480980533932,0.27137933196445374,0.23288117271931696,0.2206326954483302,0.19014884549642375,0.15191204440111505,0.13018372782676124,0.10269857390053971,0.080617448369707745,0.045626644549258799,0.026503648338227492,0.0045651850400960647,0.00012098242519442692
1.2856596832813181,0.21440295721276925,0.22463987654009543,0.21903586851658474,0.22059200069179496,0.2062885965933674,0.19693589617600082,0.19263005342600081,0.18672036618409038,0.17887850212264311,0.15668082450338261,0.15132445854305843,0.12663366367769413,0.11863945708910251,0.099602835545283597,0.085841302668995922,0.071262745508192893,0.046568468802433927,0.031991611735293191,0.015538785749470208,0.0084280033660206755,0.00051142031614404004,0.0011734662948867935,0.01484159260903084,0.03459852714314593
1.3324371734997151,0.091398293654492591,0.09226537935990109,0.085352065154438606,0.087057040916874939,0.082573313570946993,0.078275002676548411,0.074569839471450905,0.067310833396049929,0.06285605790566251,0.048707326997487144,0.046418616424382719,0.033777558958206555,0.031533617127571745,0.021200855173148625,0.014845249286870921,0.0072292085848175702,0.0012575368935615894,2.1882992957245051e-05,0.0040857981352360184,0.0076111627657695635,0.025349605063725633,0.039295409348767407,0.080199722369229676,0.12266441112228677
1.3809166176796359,0.032496231751764526,0.033154404778302116,0.026810658394378351,0.028599997344654016,0.027093975294258499,0.025692997286374974,0.021182843784061767,0.016388696884642284,0.014315459890053006,0.009721542042129272,0.0090362947445541408,0.0039956001857284207,0.0021193949054456596,0.00012271404411774711,0.00035254451304922441,0.0018634420676080232,0.0060381743522555098,0.013445405289374435,0.02940702938598605,0.045922310453335058,0.082429011307340261,0.10647131922792141,0.1747299450198625,0.23409256698869285
1.4311599397779586,0.0024954541543422692,0.003279248196247142,0.0022324613480764199,0.0025860245975479756,0.0016299082577546642,0.0011300255624120403,0.00047073665734043146,5.5294379048831388e-05,2.6738771786494198e-05,0.00045333986905227164,0.0010334025192659801,0.0042282195435348058,0.0064460922620495076,0.012909243138096826,0.017021712216946483,0.026547864238835928,0.038038626070289183,0.055229041472330209,0.086049243654088059,0.11246488648248487,0.17072096649553714,0.20754939854759868,0.2872370157892874,0.34830352600329206
1.4832313167951348,0.0057202060212517836,0.0037745088230058954,0.0044074981816066838,0.0044717114561159121,0.0072537103440168949,0.0077457559767779571,0.0085341940683676398,0.011836327469218588,0.013407659264160543,0.019806225915942832,0.02347818645262123,0.034290372588316131,0.037178187155973319,0.053088897234033539,0.061615656355115789,0.0826052716945469,0.10333337698489231,0.1309622092603604,0.16482791764065041,0.19904484962808056,0.25761419603622926,0.30692497134259611,0.42822604262983077,0.5097011307370849
1.5371972607500117,0.030265067193511186,0.027061001618164937,0.030776970599276865,0.02968383895927218,0.034194248554740625,0.036129013161456669,0.038270059487729213,0.045827665208264534,0.05167979022326108,0.061336869898809709,0.063326278310341877,0.079272020791222531,0.086559655791234036,0.11008121918212055,0.12512260044377399,0.15087444760956714,0.1776620662667483,0.21279215088543424,0.26353809076317702,0.30551502402522601,0.38226008986384841,0.43377244142538984,0.55137591303355293,0.62688089854782447
1.5931267036372287,0.066944317826028055,0.065208205155045107,0.072904352319937971,0.069569101096249142,0.072085050967643838,0.078459650405648063,0.084642117811199569,0.09125529777270458,0.095863381669232695,0.10958705076382103,0.11445561167238338,0.14065430363598352,0.14901551161710813,0.17590570075208234,0.19200625067696819,0.22041988636010501,0.25393233579779917,0.29886213881400181,0.34983039043072495,0.40214289392679348,0.47209185193059966,0.53434274512983393,0.65143842772522476,0.74467296041257214
1.6510910854757086,0.11491308799804756,0.10935157226822412,0.11739503037415489,0.11628863129817546,0.12092996061483063,0.12695735004263042,0.13588729997218252,0.14083438993020536,0.14633656091427838,0.16895222476705385,0.17472868332242797,0.19983052524548839,0.20934275045874529,0.23995378951985913,0.26114107490320748,0.29970299747219542,0.33734077078406699,0.37624238692296785,0.42326653053896734,0.4741875897088903,0.56691359153046506,0.63764797938347328,0.76478118625527713,0.85015399802068714
1.711164445560706,0.16913023477354727,0.15836075114202686,0.16275733384190971,0.16530688911188918,0.17541470721971564,0.17594946664303279,0.18274480581567332,0.19605380655593763,0.20272654626933218,0.22556381667709502,0.23224478523843572,0.25606927468470531,0.27013392374647083,0.30529312456928892,0.32643567184277344,0.36919582224800251,0.40308145469316514,0.44978570834064158,0.5044505627520266,0.56419213450863026,0.65320489878649823,0.71697156272421125,0.84050454628595617,0.91737165924860165
1.7734235170359758,0.2158505050392705,0.20944192834031128,0.21745751336675312,0.21570406181672297,0.22644122058409266,0.22883621927030617,0.23598467398915091,0.25480976339895278,0.26186134632735047,0.27721163069873,0.28829952033629525,0.31843778214170015,0.33318774837971432,0.37182928057882236,0.3863907022314379,0.43229071003588615,0.46501631176943192,0.51881844324816484,0.58285023836651817,0.63702958408975974,0.70869737856264692,0.77764386989292689,0.91669230570551008,1.0128459116385784
1.8379478249068584,0.26872474980336847,0.26533009535705787,0.27922876452430501,0.27184710381698096,0.28026753821541206,0.29011315287425532,0.29632301931997063,0.30919493150577182,0.31880793869277113,0.33864274504958303,0.35081559306854615,0.38754476374742808,0.3924533066820004,0.43614697593875462,0.45642340448102914,0.5064971963656717,0.54173838903079741,0.58700292329012882,0.64790004055248573,0.70246222772402689,0.79651660105446354,0.86179845329024829,0.975230301002739,1.0694943473790772
1.9048197876194761,0.32240904970240081,0.31308411197460373,0.32468805863391026,0.32177793074515648,0.33122278342489153,0.33872216955933254,0.34845281669549877,0.35879767650476424,0.37074987414234784,0.39829024807841051,0.40182705796905793,0.43549930578592466,0.44487506434961688,0.48756378551479429,0.51398916114703752,0.56083134280925151,0.59609711416123901,0.64303157140966505,0.70484215364558622,0.7587684070749674,0.85263998311711475,0.90996284558787011,1.0375512690807227,1.1224527833983302
1.9741248223357917,0.36729196759551996,0.35525698965648189,0.36255537206307054,0.36573879177012714,0.37638075772701995,0.37525162356905639,0.38784567245602375,0.40443225188937504,0.41020790672337171,0.43661461953888647,0.44248921678081388,0.47723053212394007,0.49712205484684091,0.53386220968968701,0.55288447071507107,0.59114798699738458,0.63209494801412802,0.68781210176530294,0.74813934694975615,0.79441393841989338,0.87723416241351515,0.94900667545152828,1.0559665422188118,1.1473801241372712
2.0459514540389971,0.4042206054655253,0.39956016266660299,0.41081536815181607,0.40714923589257523,0.41867966733116191,0.42326203161792364,0.43215943180257455,0.45000393243390135,0.45594268311106134,0.47752048443362582,0.49198843666817993,0.52204498241189867,0.5333553893287899,0.5761786005605245,0.59848963310651015,0.64822203750372864,0.67588233720744029,0.73014614003477618,0.77870246904785745,0.84151718395878561,0.91326205269433558,0.98331792111275718,1.1015184358693659,1.1593394841765985
2.120391428608599,0.43760303582530469,0.43235929733782541,0.44588541003759019,0.4378147360694129,0.44901538880367298,0.45842233185248915,0.46645511621318292,0.47644276094797533,0.49037903793214355,0.51260388192895334,0.52483413204026874,0.55719362139643636,0.56563391193049029,0.60928518912987784,0.62420592526905239,0.67509701912058517,0.70806664455449209,0.75770151489996351,0.80852387772756629,0.86715930356876925,0.93664612108841538,0.99351459118770435,1.1030945540987886,1.1784831443801522
2.1975398300096316,0.46882236901728902,0.45807028512354009,0.46774995456507895,0.4670224423171021,0.4770751224423293,0.48048278366331942,0.49343163133016787,0.50543397419096436,0.51517363768653013,0.53878526303742547,0.54136655280308332,0.57759989079204388,0.59137237435788848,0.62926105441874824,0.65000651677837595,0.6844941457384266,0.72553794874693267,0.7711955209961161,0.82490023458376527,0.87078558810753748,0.95413419202668592,0.99515977600822225,1.0998107873019762,1.1743370653712191
2.2774952017456838,0.48943365797458682,0.4827571802015882,0.49204814127006102,0.49002023614593782,0.50106664783379529,0.50292551192978863,0.51347074258956127,0.52895427907060366,0.53296915380633436,0.55900384910637513,0.57021295381127857,0.59736361930845305,0.60987882371409796,0.64452592458110303,0.6678978142736014,0.70991775844595395,0.73589719907613471,0.78336094896076247,0.82909767833189107,0.88094538624864072,0.95439695689128712,1.009219361061696,1.0993147628032602,1.1603755241958424
2.3603596727308824,0.50475824285240378,0.49969875429815147,0.51127546711359173,0.50477567849156912,0.51732030471612234,0.52533570904051885,0.53295373404398561,0.5444710454903543,0.55418371630366892,0.57264917905558832,0.5836455461976584,0.61195366102037951,0.62303064702427946,0.66098412527935579,0.67552752763731405,0.7209114896832034,0.74504941960913129,0.78970003433641978,0.83245023124618456,0.88382612832356244,0.94225332862697542,1.0040014038095251,1.078019798384048,1.1484028132399544
2.4462390877416023,0.52194188183057122,0.51277750381268561,0.52192316451692022,0.52201688347849995,0.53109765466069803,0.53416403094888665,0.54352058697259054,0.55243776738643646,0.56332854341599159,0.58569608360994607,0.58999418083112687,0.6196746852947399,0.62968182269833051,0.6663815941719804,0.68083880815538578,0.7158910887374077,0.74965182907180861,0.78563521680189297,0.82991825364297256,0.86986575234914199,0.93215003819204867,0.98076559416949749,1.0665231823222712,1.110976196883712
2.5352431426145392,0.52793010210734792,0.52076906975707971,0.52948109427234158,0.52654807415092364,0.53628830949310213,0.53801002289401367,0.54922141885617748,0.56180003215558827,0.5645815551688429,0.58448718741419725,0.59655036212643608,0.62120521123870276,0.63152909261407331,0.66076895894366316,0.68095304688904434,0.71481709042564034,0.73791013995651156,0.78052362584276125,0.81379900156753138,0.86063159152399749,0.91181784926448017,0.95851788925938308,1.0351719666505232,1.0780750381527469
2.6274855243638315,0.52680329140275717,0.52346640918403864,0.53384228772483766,0.52929390108329244,0.53990773603436537,0.54528651380678639,0.54989035610924475,0.55988461954984814,0.5708206914132461,0.58732838238938712,0.59502762387273833,0.61956800814368762,0.62941082241013646,0.66092263764585368,0.67209274691413157,0.71102113608503714,0.72813946730457246,0.76841347740264609,0.80529864126583561,0.83975973876658827,0.89350003254367039,0.93167391361203045,1.0057509707403369,1.0524607873521745
2.7230840563962109,0.5314947581209708,0.52371441363357008,0.53081540527637117,0.52973730146186426,0.53655464472831227,0.53948610238148831,0.55002939855330624,0.5593754363944754,0.56511875361320563,0.58316721633309498,0.59034031824558042,0.61477292340714484,0.62343903424334712,0.6514039387984667,0.66500942799029872,0.69484318693866953,0.722106916771736,0.74881245841970667,0.78798538498813286,0.81957202323246747,0.86881748394807801,0.90788157930364832,0.97132371639600024,1.0169784667086788
2.8221608490096681,0.52396162899094634,0.51809994666837156,0.52471711972611956,0.52247397162136622,0.5318245961680077,0.53365627984749153,0.53945585421752185,0.55068606400163844,0.55691682564793155,0.57217422898975201,0.57998132964712568,0.60182679153513163,0.61052986644790508,0.63536021209438331,0.64954509047674946,0.67796134098898619,0.69678309210576117,0.731883178523276,0.75619585526874289,0.79734780482249334,0.83234658557921648,0.87565310252830386,0.92556459415936843,0.97649291733978316
2.924842455367862,0.51319954698556103,0.50921543501317501,0.51871832922915928,0.51613615793758072,0.52202766042319126,0.52581869598361664,0.53289840181241743,0.54000262456247583,0.54656191705726087,0.56195446208585054,0.56785374839091673,0.58756193277076818,0.59689047170104459,0.6213357282395009,0.63217212213203311,0.66017891775118187,0.67688425304368138,0.70781126513611525,0.73568664101185277,0.76543296192539856,0.80541310313856229,0.83793004631297663,0.89286595571320504,0.9288683490594849
3.031260033149513,0.50750320474617183,0.50047416251618415,0.5046911133104004,0.50473764553316869,0.51350962492870167,0.51526301781996153,0.52152324665803462,0.53026189110823907,0.53530689681065269,0.54790730541571975,0.55502297120983712,0.57259773308760487,0.58009023283375427,0.60359194467309862,0.61370092595461756,0.64114069030620158,0.65574665722670034,0.68320132186636329,0.70721014158334583,0.73798076587263495,0.77389238303294405,0.80265350686386228,0.85328598786145449,0.88758264348143712
3.1415495120792514,0.49101169634377584,0.48740481672575697,0.49443195987259969,0.49093062107567675,0.49653768845018931,0.50030071343644522,0.50792602813453414,0.51395385054638609,0.51984207978239283,0.53208381414879113,0.53646589099662378,0.55497734560049139,0.56029713977477513,0.58178242589929141,0.59273685328662395,0.6139944126480259,0.63344512955518439,0.65413112787064165,0.68153736647218466,0.70217690133722499,0.73978843138320372,0.76459581276867539,0.81340423494111747,0.83873336232500151
3.2558517675539145,0.47561085963388905,0.47197053433046676,0.47799452790059149,0.47609270410612226,0.48208744250587188,0.4839040418737568,0.4889974398247432,0.49713621471892111,0.50203088877606206,0.51381585741182789,0.51927327914745547,0.53266248037107289,0.54139124901848845,0.55733094830065966,0.56890614837175235,0.5897015375085175,0.60334707604488358,0.62875429115956649,0.64655160170514137,0.67568158125504851,0.69995505450060591,0.72993918316205963,0.76508798898430541,0.79976710741175339
3.3743128005860736,0.45982517863740213,0.45448346619377844,0.45871066849213094,0.45897187505033799,0.46466395325842313,0.46611387017765082,0.47103262133896351,0.47613457447732799,0.48284511442761868,0.49207142001250759,0.49803861431428231,0.51192426573834382,0.51608542579924688,0.5358544412010815,0.54077404708368704,0.56398539850488305,0.57383749855216593,0.59717604774050415,0.61504429252818227,0.6386215906823054,0.66392061172518879,0.69113349792314693,0.72396020084852353,0.75407805864233524
3.4970839242946243,0.43783403962152079,0.43702896291506477,0.44155270644114353,0.43815703989821486,0.44440800044685602,0.44676803494803607,0.45141129498369992,0.45633955500670709,0.45982537110103294,0.47155000088969246,0.47456694309948944,0.48897227557608858,0.49334375880425796,0.50792256710701622,0.51729759856243618,0.53371260370477103,0.54611112031852826,0.56516395474318415,0.5820811876328662,0.60379278985783458,0.62618541211122647,0.64949514280306175,0.68022478895727545,0.70827947586076334
3.6243219571806642,0.4231565653171856,0.41762992145959288,0.42178598526515998,0.42306409735465422,0.42531308773322962,0.42756515022483654,0.43255410526762716,0.4379715422692243,0.44144521519774571,0.44850440890877508,0.45563709206180647,0.46527130974573083,0.47236448409967124,0.48452279492630623,0.4924292330397293,0.507475069782231,0.52057059423532337,0.53586051648017019,0.5554101683665067,0.56985663867089897,0.5955958318663761,0.61250210815342143,0.64412888092920184,0.66570339543977752
3.7561894234355293,0.39992509328294545,0.39941209272365086,0.40254854355589487,0.40026841560029425,0.40657211191137321,0.40651481421082281,0.41108303095097654,0.4154961135936901,0.4201387855282519,0.42689925452577882,0.43020562882884406,0.44287045890814625,0.44649372156709433,0.45950363072915934,0.46512404113309458,0.48079701425740495,0.48989444359904155,0.50780207215575501,0.52039794909069315,0.53836582927033305,0.55876596132293344,0.57468526199227199,0.60471022088313475,0.61995251837652177
3.8928547605368364,0.38200227488414384,0.37726207982632332,0.38170892387279309,0.38157474005129188,0.38375759607879445,0.38710273380274884,0.38914911684696563,0.39401157619431615,0.39728067713440396,0.40520124507020228,0.40746264945482835,0.41738479165360332,0.42185980820795521,0.43523575528524816,0.43831482841051184,0.45342688748496585,0.46116794776753522,0.47796081466367468,0.48921473271911964,0.50593765574740246,0.52121143025578931,0.5393860304611735,0.5619318486424163,0.58068023028317839
4.0344925343977183,0.35968096638680436,0.35941731117782183,0.36119701809366234,0.36072472008527257,0.36471855110721663,0.36462257584207691,0.37004423618782312,0.37174165589385666,0.3764225919439923,0.38171647561830468,0.38611409912118688,0.39315990591421723,0.39932297274935991,0.40812972318963148,0.41503441706299782,0.42563338077161461,0.4345984198153019,0.44882755447179079,0.45843223750125617,0.47404049098258838,0.48775497294263914,0.50470718403812498,0.52490928210318089,0.5421762295300141
4.1812836623440468,0.34207377818529494,0.33832823263946921,0.3423253350192681,0.34099595321458764,0.34446978266350925,0.3459469968220219,0.34794524131575599,0.35298583231633529,0.35431267236708663,0.36081143483170308,0.364300553657813,0.37107741707586683,0.37459158760611899,0.38571976288221776,0.39048308963538148,0.39959438281948678,0.40913819574052468,0.41931724199093878,0.43178532470483333,0.44341726100537926,0.45606211849371903,0.4728359303844627,0.48927771963644773,0.50773334386758506
4.3334156442044778,0.32051299826707691,0.3202219215745572,0.32129626953974366,0.32174703737837262,0.32353234538459219,0.32552475354168564,0.32809853463550098,0.33071694997488521,0.33429343451280147,0.33869853973737918,0.34097606907016598,0.35009341896511614,0.35139093053294346,0.36108965103630908,0.36502162960823625,0.37606087521999143,0.38108526263386011,0.39295219734776765,0.40293497807579115,0.41173014644300565,0.42744242722983472,0.43910534918541089,0.4556349522608798,0.47200549292028882
4.491082801808477,0.30272437803796493,0.29942137192119844,0.30297410601633601,0.30128207299276255,0.30537232497590594,0.30455992920906283,0.30847536766668782,0.31023342261323705,0.31338406470604241,0.31754993795766495,0.32085474915220402,0.32607969784294255,0.32996732936589979,0.33747154494631104,0.34192748565692455,0.351190510293236,0.35536930695525371,0.36758144639316015,0.37450835682102479,0.3853766001702752,0.39725954865571111,0.40697359913610853,0.42506233739550225,0.43581085244659334
4.6544865271982525,0.28144398774020374,0.28176179883303121,0.2825269099266734,0.28329996627871878,0.28375976698589511,0.2868409966758918,0.28735003570909612,0.29108658438781276,0.29236361521179788,0.29710796431754716,0.29944651166442782,0.30420014151604846,0.30912295370944776,0.31376366791664623,0.31848009285749868,0.32715652967453934,0.33166586345760152,0.3410480702877976,0.34797346705454402,0.35827309740125202,0.36733094291412272,0.37889966048533097,0.39295842035789974,0.40197377867298201
4.8238355398716433,0.26517102142679505,0.26210884246393107,0.26501246640691534,0.26342648227000609,0.2673757249431219,0.26623918756376952,0.26956285466440022,0.27090690375189297,0.27381216039066203,0.27709136757766828,0.27894947153981775,0.28502051043324172,0.28600397187983617,0.29366386294714175,0.29713479152997024,0.30335059849312529,0.30897223684587516,0.31641139124985784,0.32343739189673215,0.33272681478410959,0.34044287062715739,0.35084310371894389,0.3630614421563223,0.37232917931396514
4.9993461533845398,0.24551932788745034,0.24630997671920341,0.24673706945031881,0.24748353702307213,0.24770763015840203,0.24969385983422399,0.25141342403367162,0.2531474060670007,0.25492866823333316,0.25841082108672708,0.26049847499234602,0.26512073192861862,0.26679248863365501,0.27376492426265031,0.27527742137317546,0.28249251033412293,0.28806038372567855,0.29308658855734393,0.30026603952865116,0.30837305515888147,0.31496928547858261,0.32563226425554603,0.33573736302787438,0.34350718339555897
5.1812425516533773,0.23046833353873808,0.22778127246419899,0.22988785666530021,0.22920385100587737,0.2316874689568067,0.23188948408642318,0.23302820876415353,0.23527988951536827,0.23746062656573486,0.23962890089023858,0.24216266216535587,0.24503268202533945,0.24889135437842924,0.25253704894566908,0.255881562596187,0.26237259784829803,0.2649011338071432,0.27180846832925454,0.27832350131939165,0.28425769443856552,0.29115850615198724,0.30063470956520177,0.30802387397852726,0.31725537963211536
5.369757075310627,0.2124760201695608,0.212826298258733,0.21359156462131068,0.21364019397879019,0.21462878075544722,0.21524931426392868,0.21746268827700987,0.21889823429228272,0.21953190723434091,0.22299003173247911,0.22443747002398595,0.22852455532120075,0.22998169930360746,0.23416000731231179,0.23751893390726764,0.24259389522194397,0.24498868703085463,0.25300770126341376,0.25579982093768194,0.26223924590158276,0.2704428395954892,0.27644115296425298,0.28404251328902319,0.29345633447519504
5.5651305184790614,0.19789962694630958,0.1969199903687695,0.19795503343630116,0.19779768805892672,0.1993358229228761,0.19966791353363078,0.20128093728271779,0.20183756454207469,0.20450523638282903,0.20644213273772039,0.20731833018362522,0.21118723241670523,0.21256392083887476,0.21732400276232511,0.21914814756019041,0.22325801727129146,0.22720344949630089,0.23274901320110075,0.23577590342028998,0.24277437232376542,0.24875662637350615,0.25280340024619363,0.26247481280006468,0.26997707388363779
5.767612436343863,0.18319357531436253,0.18207769827859011,0.1831263474014122,0.18310522290994413,0.18397318292409182,0.18512710939103272,0.18546976588550024,0.1875210407160921,0.1886527591268532,0.18998059201112483,0.1926142485026503,0.19478504119615536,0.19649658381240442,0.19982050207909197,0.20222938184451777,0.20630449277814478,0.20985704920894932,0.21308128474629484,0.2176302836596733,0.22343990142690018,0.22789306605409365,0.23311042686691508,0.2415890412958106,0.24651259185338859
5.9774614639154509,0.16790022244094871,0.16849372806609608,0.16920192899124231,0.16862426557054278,0.17017863622459117,0.16964996643946506,0.17193896546086762,0.17285770234593656,0.17326275666709989,0.17585765599505976,0.17687314625072759,0.17926124561927281,0.18083101788943168,0.18454498825303745,0.18554261930694338,0.18986735645739827,0.19203365080466028,0.19646508403820917,0.20027823794225696,0.20470080920495093,0.20827618803014047,0.21448801610677037,0.22067385925038252,0.22564265374967363
6.194945646390174,0.15637224393140059,0.15484217890480068,0.15555998595664278,0.15593252975668292,0.15648676111595705,0.15761729200312402,0.1579861881036777,0.15848105242184829,0.16045355623646174,0.16210475575644523,0.1628400573390536,0.16476561751915142,0.16698538896162063,0.16913690358342137,0.17103399583720602,0.17487163563782815,0.17647030139050912,0.18055292082135566,0.18336892075603828,0.18792587783536874,0.19157307216664776,0.19698200673155952,0.20144194716704078,0.2066385126527166
6.4203427815308789,0.14281414191646036,0.14286952366819605,0.14364041942462791,0.14338384199072607,0.14418580738129094,0.14434449307736941,0.14549193630227819,0.14644536309060641,0.14756184833822772,0.14833939159871079,0.14938934097881429,0.15257115173153579,0.15304572801687755,0.155154301202856,0.15722727467073128,0.16013069654582068,0.16212376377370674,0.16545340059383307,0.16857284314755816,0.17168807066627778,0.17550529309664853,0.17984556184092071,0.18467448979208712,0.18890956812538207
6.6539407745046546,0.13119764412113,0.13130390114383772,0.13192315724154469,0.13151960914547089,0.1324870774988085,0.13273074287280906,0.1333159631176386,0.13467149074131157,0.13507028798630927,0.13618466905609239,0.13808506529312581,0.13903362803102937,0.13988755094760563,0.14282129249477293,0.14435362948279362,0.14660255606577266,0.14783906567026861,0.15185711857338902,0.15401945971825626,0.1570349622197682,0.16061647466267459,0.1643576191709144,0.16836257172690239,0.17185007034277078
6.8960380056310022,0.1213760033424478,0.12032384408666985,0.12046526839549188,0.12113998815766536,0.12147249026747886,0.12185552599839866,0.12295632356835995,0.122783539503871,0.1237978594363085,0.12565370382071706,0.12612523190182401,0.12728899859212106,0.1286004341673106,0.13086658615793567,0.13185821170918643,0.13371816137805581,0.13624318725487683,0.13911551161436364,0.14020041833282448,0.14354469650425017,0.14675363956484944,0.15049565712979529,0.15324477704416495,0.15720824593154248
7.146943711510179,0.11015318978024879,0.11041074653621763,0.11105260973999975,0.11070760270376923,0.11127229834528407,0.1114866482312209,0.11206840900558745,0.11300241350545548,0.11385090947442222,0.11452620937052416,0.11508797937858617,0.11656340390618425,0.1182659111218527,0.11963550105429022,0.1198581775825005,0.12275487654551398,0.12456533197837416,0.12641858080314705,0.12821339402580634,0.13131358764803736,0.13423475371382665,0.13639515663089696,0.13929560719407164,0.14384881340083666
7.4069783800185238,0.10088973489473574,0.100887288004742,0.10134270875278162,0.10111600592063041,0.10164726839866489,0.10210610336798709,0.10245891840168042,0.10298525746475207,0.10397905934951268,0.10444255334004993,0.10514072589285206,0.10697350651025772,0.1074266038267524,0.1083831224241294,0.11008893588586943,0.11233934917981969,0.11313675036944915,0.11482475895900279,0.11664501823543105,0.12010188009298872,0.12182033738645259,0.12368637214967748,0.12733940497855656,0.13083805986389052
7.6764741596753083,0.092875703492609318,0.092139555606991053,0.092020739102736115,0.092538794808206148,0.09308311252243584,0.093038985454768408,0.09379043587250635,0.0942240913718706,0.094339890994888265,0.095388863883272279,0.096609547377738636,0.097260644681227859,0.097724647348513827,0.099243365439178888,0.1004642875486752,0.10215296129172202,0.10279071105469484,0.10477581586019369,0.1070726881880546,0.10906221222830936,0.1099864287825767,0.11276492950855754,0.11612300590059021,0.1190396366364439
7.955775283904007,0.083882832106610294,0.084032765611482318,0.08447585700196214,0.084335588755493518,0.084612358092272189,0.084820286348985974,0.085264288733014837,0.085788157579372637,0.08645216185686877,0.087012272437277716,0.087540156564500649,0.08831432292208774,0.089049418107606471,0.090693772312079091,0.091661236430809367,0.092357972353056539,0.093232082814211026,0.095842616916343104,0.097216967355052475,0.098607532941969112,0.10010531964508118,0.10269881290878402,0.10554426031740149,0.10737335274461657
8.245238510729914,0.076334742218023166,0.076500730523548555,0.077009289270790759,0.076790061655628961,0.076945381304540206,0.077314791626122314,0.077789074726752006,0.077893851441331208,0.078589550648757722,0.079405172233236954,0.079594444803660735,0.080212347449560184,0.081347677034500521,0.082442594044550788,0.08272866636980325,0.08406059184926562,0.08542728608881589,0.087048372399294749,0.087844215791847091,0.089198546622355934,0.090901387688063551,0.093742056647897698,0.095599588574259542,0.096739697684824932
8.5452335784757096,0.070052805371233262,0.06960379938755068,0.069417364731634734,0.069643930099118734,0.07021938662728644,0.070275353795295814,0.070606563862384064,0.07098031049099518,0.071295596102572745,0.071616357701714151,0.07239229211336351,0.073311611973622348,0.073779375918093137,0.074472396780038252,0.07502171587839257,0.076307479808747303,0.077538055673358031,0.078912378172390163,0.079342705896124244,0.080873461658484302,0.082855098480649758,0.08467911140905926,0.085872964824375231,0.087630973568593618
8.8561436780371032,0.063323668662633281,0.063174610135320108,0.063224706682376564,0.063342229310364928,0.063687479618238285,0.063759500026208116,0.063973283336963505,0.064373477460321737,0.064901931786153,0.065182536440261174,0.065543915799935348,0.066346511073788861,0.066922798254381632,0.067468512697814731,0.068149519644066459,0.06957355719350744,0.070129526244272711,0.070885764074773761,0.071837493607745273,0.073743020500842249,0.075068137226480758,0.076425186372944154,0.077516040768387029,0.079143048929836368
9.178365942341749,0.056947703931655269,0.057182137068593875,0.057714505081094103,0.057639004684460815,0.057507924339006422,0.057641912597318878,0.058134569437243044,0.058356576446385588,0.058642838885134552,0.059196528207394294,0.059687542940082494,0.059952664036245551,0.060278213590208907,0.061218910272145877,0.061976358909305418,0.062832844658260001,0.063302687387476908,0.064272559113305761,0.065096844286017586,0.066626765456021531,0.067766067160846433,0.068812179139058571,0.069949730397638632,0.071916330158273922
9.5123119536166563,0.051955926846858347,0.051871160514565418,0.051983473713335115,0.051999561492266366,0.052169693932228256,0.052330215487017995,0.052670741610199912,0.052867855374643113,0.053072574370162329,0.053374849729152629,0.053885621517110849,0.054422732486273162,0.054738294416893041,0.055353636529616779,0.055959809178602882,0.056692539743380621,0.057066482237132732,0.058106370306632016,0.059190138392295921,0.060311642606393434,0.060819864283985225,0.061901680561277317,0.063349628493597265,0.064993550324288663
9.8584082691120543,0.047229031770257279,0.046984668322693324,0.046726465359824942,0.046797974846413126,0.047273888878407888,0.047464374540140852,0.047538812952552689,0.047625114624679554,0.048026207714428892,0.048325377847504569,0.048558907194092171,0.04896299969550455,0.049545757101441268,0.05017125616359408,0.050422917276591761,0.050977073125977768,0.051571817391959485,0.052574024026398547,0.053209580291877501,0.054196421533561079,0.054911958242882974,0.055900328625284601,0.057064058084506541,0.058524024567304878
10.217096965953182,0.042331110518716741,0.042341193951870082,0.042465778067708015,0.042504502805968514,0.042645808895031223,0.042719980050605955,0.042885572896921076,0.043022749821830075,0.043358147864637431,0.043711854381399462,0.043985553234961117,0.044208751955011394,0.044529026738018729,0.04511168471435667,0.045567204891995061,0.046143425592163112,0.046540789728169329,0.047421841623872751,0.047977151192753809,0.048669459902157541,0.049292938441794831,0.050493334576458437,0.051645142750203377,0.052655566276371246
10.588836205816014,0.037944261643133359,0.038097076019766973,0.038451537553555681,0.03852768200886203,0.038415864277340006,0.038349805005054804,0.038604140812822152,0.038905578783669625,0.039146404749772046,0.039278209042095114,0.039575195269208052,0.039966333144548116,0.040238851122921915,0.040554509516368853,0.040874441368941916,0.041550715737685096,0.042050047843076754,0.042656123085180297,0.043062035674665822,0.043842124305228936,0.044454063274315558,0.045345401864324231,0.046227117574744625,0.047257683825591812
10.974100820148156,0.03445288375041855,0.034434710842106142,0.034497174581701984,0.0345191016112949,0.034606776705913944,0.034678550582611933,0.034874919272624538,0.03506389471294824,0.035251197228717501,0.035356628759473097,0.035550433956814231,0.035897528563509695,0.036301020165410591,0.03667650262832467,0.036856453627478913,0.037279267411577166,0.037693968977691839,0.038368293035091483,0.03877531966281822,0.039390603857100359,0.040005247228691587,0.040877850955439499,0.041559871939170989,0.042291408995879465
11.37338291668245,0.031213424839734216,0.031083925143320812,0.030894427896782872,0.030852861593302805,0.03109989487711573,0.031345875660917955,0.031498811522396863,0.031502330677540158,0.031595327352988534,0.03179252097470453,0.032063303609902505,0.032298638223437592,0.032520566315724864,0.032887600948015461,0.033226538023882313,0.033636560365266632,0.033870364291942678,0.034354775749307009,0.034773906570990221,0.035438885701296385,0.035903409570892109,0.036593374354197294,0.037279310821759282,0.038072634219133761
11.78719250801797,0.027896301015061908,0.027875502957613207,0.027853034251165809,0.027868801107615582,0.027997498873446602,0.028123857706304989,0.028238477218110347,0.028268660857065697,0.028387787200699677,0.028571116848979727,0.028876153297460405,0.029098068405801314,0.029247425991343334,0.029422981971947593,0.029694549088162603,0.03019000283893547,0.030530565083608963,0.030950882754041231,0.031176904025414842,0.031706592277259915,0.032186597469262779,0.03283854148867249,0.033384887059582979,0.034057464579746011
12.216058163071356,0.024840053005391383,0.02493018188761198,0.025125700905846315,0.025241741792342509,0.025234184404325788,0.025159962759062182,0.02519951277099608,0.025338722956803394,0.025562857043041731,0.025741473420566763,0.025904302272465429,0.026065254991408437,0.02624992017626937,0.026465783981620916,0.026663941380320466,0.026991035540049779,0.027305572519253474,0.027766595043431153,0.028041157154802931,0.028448662396840518,0.02880201792504522,0.029392487660516053,0.029939494506834308,0.030507772429700708
12.660527682230573,0.022326120662910398,0.022381192195098265,0.022529714953634539,0.022618912133111735,0.022630602836215985,0.022569441094674403,0.022606939362958656,0.02273790689650923,0.022968693407165119,0.023113858624128625,0.0232275149992347,0.023289652561288676,0.023461392274839454,0.023749348581986851,0.024020094957450056,0.024297931151522789,0.024434519815258682,0.024738107102166396,0.025012722102474072,0.025521509460304515,0.025877501951981685,0.026365276307842578,0.026770542532176478,0.027284125662845327
13.12116879707348,0.020200740466862044,0.020178938118988299,0.020123032714764122,0.020099952555028722,0.020167892115750874,0.020262313247258135,0.020397841205522127,0.020481831534198136,0.020582227014529053,0.020645569722546497,0.020756645400979323,0.020857829353190027,0.021029334336162719,0.021263250993797556,0.021510610952645948,0.021787535360999755,0.021938894621598592,0.022159819788612367,0.022333237458042277,0.022750972141693637,0.02314224708970869,0.023644863624213031,0.023977303987521736,0.024355082680813211
13.598569895544994,0.018169692510127788,0.018120810471373261,0.018002203508331149,0.017941722432624374,0.018002776617322525,0.018160112492296321,0.018331469990698679,0.018409533362500952,0.018428393952490296,0.018426642476697452,0.01852646438874217,0.018695031804782047,0.01889865429893689,0.019090123854766716,0.019220233304622525,0.019407987812883221,0.019567655819628271,0.019857872770444374,0.020073053538908425,0.020421378600076423,0.020664222335653903,0.021058495294710156,0.02138047278731392,0.02176163682997867
14.09334077351912,0.016161507630386041,0.016155426738805545,0.016142877565471281,0.016143462120453478,0.016197969383938471,0.016263782294117846,0.016354016438526742,0.01640068381675519,0.016458756503197947,0.016491977125951962,0.016606220364337787,0.016745254421039135,0.016929260041251837,0.017097049460971903,0.017206924869242357,0.017330790964479093,0.017420408717043756,0.017700296262773918,0.017969954382351716,0.01833802563669451,0.018551441092313325,0.018807148835549015,0.019000475051143439,0.019329588632899686
14.606113413705872,0.014362842576701951,0.014402579236957536,0.014478064331342466,0.014555596960235562,0.014583804929316102,0.014581189679120143,0.014571265422091528,0.014571410164535337,0.014660795421150397,0.014773734054870147,0.014925920901987411,0.015041649747217889,0.015152229334489675,0.015249407059855002,0.015336202529397269,0.015477931377063214,0.015600167934280762,0.015839536456041969,0.016035716696023883,0.016351396465324797,0.016558860729674052,0.016817166471810197,0.016990040380733262,0.017267937339966011
15.137542792897909,0.012812775133170362,0.01285044312953687,0.012941641652105318,0.013029407889007416,0.013070239297121589,0.013046835064415063,0.013017997697716055,0.013011029281187803,0.013097698563797167,0.013208144408963562,0.013346948641810741,0.013443524362628523,0.013521918432161328,0.013579774426943914,0.013656221794008161,0.013816985320772801,0.013985422478981491,0.014220577491869335,0.014370998373124166,0.014564856727702136,0.014691755304738763,0.014922437587301829,0.015142268274757953,0.015466315122466767
15.688307718588129,0.011543367191279685,0.011550628008535568,0.011558214783235599,0.011573765132197877,0.011593533165978442,0.011612961057835491,0.011651801525204064,0.01169310154455161,0.011773172442190116,0.011838019840979541,0.011932135284951073,0.011991207536084403,0.012051093605805363,0.012107255118735338,0.012192845706977096,0.012344605944690556,0.012503428387844906,0.012727195445677353,0.012858966899784718,0.013017449571634643,0.013082374644454831,0.013275328909912787,0.013469668819652725,0.013784085825136572
16.259111696026753,0.010397235866548726,0.010381822590261436,0.010326012585210265,0.010284792914262653,0.010283779352448619,0.010326687862743711,0.010421599507481005,0.010502731332962867,0.010586728800717538,0.01061056801563609,0.010641301688792737,0.010654696497113036,0.010711944320519251,0.010801269462263008,0.010914204958226037,0.011066457651395467,0.011188977419351431,0.011347519582614041,0.011442219107266283,0.011590306699417852,0.01168082563799544,0.011851922373807611,0.012024675803331775,0.012290646043766174
16.850683826825456,0.0092857300792275055,0.0092748108122577833,0.0092258848585515807,0.0091874280660704244,0.0091844409171244479,0.0092226687579568534,0.0093108140322328836,0.0093870071355013351,0.00946163900243846,0.009477924024395179,0.0094936934619909152,0.0094984060992828745,0.0095495850514453196,0.0096460871945964755,0.0097673309742276615,0.0099120694476368953,0.010013481211444741,0.010121802703451976,0.010166399069930776,0.010285378048592975,0.010385487541043403,0.010590488861453196,0.010784462517221982,0.011031005151380668
17.463779740256346,0.00823425249882348,0.0082358024906170613,0.00823603919479865,0.0082466655494499719,0.0082638446360761009,0.0082873917122014973,0.0083268189041518781,0.008358711998880608,0.0084005967728444375,0.0084191789073884138,0.0084592170310315851,0.008489452032790723,0.0085562930430569395,0.008639188220968208,0.0087388854331038601,0.0088524414031780907,0.0089270665525873483,0.0090132586519757751,0.0090480330477475945,0.0091505801433413581,0.0092409150406638219,0.0094365578092947544,0.0096331840027232829,0.0098715085268850089
18.099182558435352,0.0072930221326714673,0.0073120921169902431,0.0073502218933754193,0.0074001808338834962,0.0074372044296069362,0.0074556986728566699,0.0074573524925654056,0.007445016524343373,0.0074546411669871304,0.0074663030900410376,0.0075273777565598721,0.0075898181989941804,0.007677237319512642,0.0077561279313158593,0.0078278335713548586,0.0078979582417559868,0.0079402193327950954,0.0080109258487937041,0.0080564883201077464,0.008165609322986711,0.0082646914188444498,0.0084357913106032356,0.008592561433033552,0.0087944533156587568
18.7577038966229,0.006498695244999908,0.006517408884519682,0.0065586577029534965,0.0066126541025823826,0.0066537070556478284,0.0066695251673536404,0.0066643683542224608,0.0066413749832463509,0.0066394432935794612,0.0066479054978572094,0.0067089279343690578,0.0067771905478366534,0.0068672074246478587,0.0069429214552201302,0.0069942614461524499,0.0070393391608831735,0.0070613030482036265,0.0071160888228405383,0.0071671276621145807,0.0072857946036037902,0.0073948608635419077,0.0075586340310564992,0.0076879350592662377,0.0078313679728125862
19.440184899919522,0.0058354970963137021,0.0058450151268516493,0.0058625752137686504,0.0058904381401134742,0.0059121445040091203,0.0059234121254121419,0.0059328550910322519,0.0059289330818046437,0.0059447743731197988,0.0059614174645048479,0.0060100439513917081,0.0060612699933244585,0.0061288256058560364,0.0061824754302506335,0.00622597473238784,0.00626658460487306,0.0062864375224762625,0.0063412048384634545,0.006392477411282016,0.0065075750483174488,0.0066119931211687799,0.00676367632649999,0.0068746296944937058,0.0069915578042127891
20.147497317680724,0.0052593207494737726,0.0052579452781174041,0.0052464240368408355,0.0052427845939746476,0.005241132072342225,0.0052445911946961132,0.005264877325089401,0.0052887552326410514,0.0053282304627373378,0.0053600108531099977,0.005404398515338471,0.0054342236583124759,0.0054704335518636071,0.0054970414246326982,0.0055251004894216749,0.0055627699985052459,0.0055951094041120086,0.0056601571270675777,0.0057213336622226052,0.005828071095947962,0.0059139045549727598,0.0060395496998353337,0.0061268474310054444,0.0062258785540052486
20.88054461702329,0.0047213570903750224,0.004719191192634753,0.0046950408473094285,0.0046727666497190512,0.0046569494895720709,0.0046575311218930437,0.0046783271877757215,0.0047144667289558129,0.0047672119981143624,0.0048074099197492615,0.0048524135797833878,0.0048712325208271068,0.0048872162408315489,0.0048948110211313178,0.004908006968207701,0.0049361415553903498,0.0049787698665113567,0.0050525420372196095,0.0051206534933498915,0.0052225088309114653,0.0052936832528303057,0.0053900086682006076,0.0054537537146188697,0.0055266332078645064
21.640263136845526,0.004212617490793491,0.0042106964936010627,0.0041918824870208482,0.004174352469817677,0.0041617284291532997,0.0041614094400301838,0.004180029431836374,0.0042098735436866264,0.0042572150903197326,0.0042924741771912522,0.0043318813661699096,0.0043478966367729299,0.0043616847235625755,0.0043649162896599591,0.0043759408636105945,0.0044024170872489776,0.0044417937240268657,0.0045128337117148476,0.0045781955161601218,0.0046710415363122593,0.0047348128634894238,0.0048093176435486384,0.0048529779353430058,0.0049093495711076685
22.427623283835395,0.003739005388752048,0.0037403521141641249,0.0037341213509307636,0.0037336160652330364,0.0037342542751730434,0.0037406848699674811,0.0037560051305263187,0.0037724820555240512,0.0038019366729713511,0.003821514788796776,0.0038477841426356463,0.003861417050984528,0.0038800074992195732,0.0038913497143084896,0.0039109369615744072,0.003943529439879967,0.0039805893671882586,0.0040407720446182793,0.0040952495418196122,0.0041711158434054596,0.0042198565417947975,0.0042834046504367507,0.0043181944404295791,0.0043661335872684504
23.243630771994255,0.0033099179722739791,0.0033168930862075285,0.0033237671192409834,0.0033393013737850197,0.0033538720546175682,0.0033686502246155214,0.0033816456177646614,0.0033893450487312293,0.0033997462548995827,0.0034025824553509665,0.0034145132160574576,0.0034225237346845461,0.0034420507303138947,0.0034637748245813782,0.0034948884251662093,0.0035360157884269938,0.0035753238106508434,0.003629632042020603,0.0036693552480073777,0.0037260677657968699,0.0037578099278334776,0.0038064426198616275,0.0038340453115779383,0.0038813119093674686
24.089327907259467,0.0029418141061796632,0.0029488168648867941,0.0029624205516256552,0.0029851323387219963,0.0030064030986522994,0.0030247168582491213,0.0030389283774638898,0.0030409638583250853,0.0030426969533436932,0.0030352160628126512,0.0030386523457082149,0.0030399774485658781,0.0030574355968155942,0.0030845611423728769,0.0031207875802010676,0.0031651771257656947,0.0032075654841037249,0.0032580793634906513,0.0032873973952973756,0.0033297396632860909,0.0033494919158556513,0.0033837399234926124,0.0034048133101123312,0.0034474605276955117
24.965794918866774,0.0026296603142554886,0.0026362403946222912,0.0026469540158586824,0.0026679946319063674,0.002687606077415694,0.0027037492346835279,0.0027166850838966639,0.0027191486534547948,0.0027194871926212727,0.0027119075660948511,0.0027136720555063221,0.0027147235610982534,0.0027307337684305821,0.0027542974481775673,0.0027882902658120656,0.0028299631826484983,0.0028685898315643499,0.0029135104657598276,0.0029413393466484195,0.0029732855142583503,0.0029867828825445031,0.0030145053165142599,0.0030308598694546163,0.0030692952703930132
25.874151339153041,0.0023634645551737776,0.0023683131277039138,0.0023725220416963566,0.0023852846385352677,0.0023964575508443886,0.0024073278322020997,0.002415816220832312,0.0024193699882744113,0.0024241887753078117,0.0024226544954899509,0.0024296096221405605,0.0024348057103225074,0.0024509815831379456,0.0024706307282258422,0.0024985109944282158,0.0025315445742535303,0.0025615023421323713,0.0025964392466448771,0.0026184996050915288,0.0026485289347419894,0.0026601656768434623,0.0026872904028323319,0.0027037027987262263,0.0027412293276256605
26.815557433561711,0.0021301356563867557,0.0021329827430918158,0.0021316237376822755,0.0021342795045029561,0.0021353592479727013,0.0021386119053090624,0.0021429752573567384,0.0021453482367519427,0.0021560149359629577,0.0021614226567976402,0.0021755333073087968,0.0021864383344905036,0.0022063475940967692,0.0022241156524387407,0.0022451008827601981,0.0022682198195980163,0.0022882882282146966,0.002312090866496419,0.0023268471924211553,0.0023508415491733103,0.0023637343059590421,0.0023913536365398613,0.0024113852359164412,0.0024507108939815225
27.79121568267772,0.0019194755289504428,0.0019208438140481121,0.0019153192564544952,0.0019106642604356239,0.0019055608165103877,0.0019025872617817186,0.0019034547891010334,0.0019049802422728135,0.0019161452737535001,0.0019278233241379894,0.0019469444218316312,0.0019627470559271387,0.0019849875577051534,0.0020028240187457413,0.002020084998719085,0.0020361239206181381,0.0020477203336213279,0.0020632172114005698,0.002070520456925351,0.0020883296890019665,0.002098366470761448,0.0021278777962265849,0.0021504288413893846,0.0021904671358470296
28.802372318184783,0.0017237815376347498,0.0017244256065964692,0.001717350921239813,0.0017108450129512676,0.0017030075986781412,0.0016977272041458491,0.0016971185604575112,0.001698419910269422,0.0017084821321873278,0.0017204792425786763,0.0017409743765597341,0.0017583138391046305,0.0017803683176680352,0.0017982582269837621,0.001814696481574174,0.0018271467910722095,0.0018338362000349662,0.0018438356354977259,0.001846908068216635,0.0018607326825303971,0.0018685758305423406,0.0018941105004728342,0.0019178216003297166,0.0019571973183474256
29.850318914707021,0.0015405857721475513,0.0015415428875940052,0.0015359857584940073,0.0015311279061052119,0.0015242444557657109,0.0015197308451320168,0.001519643533413273,0.0015210832364118687,0.001530007760038643,0.0015398780064970197,0.0015581106858917337,0.0015733747624722128,0.0015927349811022395,0.0016077924925639309,0.00162265196303224,0.0016339803098048833,0.001639504954766835,0.0016479327408660538,0.0016503944524401959,0.0016625151855578224,0.0016699761701488569,0.0016919716783263539,0.0017147132036825496,0.0017504379393926683
30.936394039568196,0.0013722981657338096,0.0013733390479728769,0.0013701588487151639,0.0013687085556171041,0.0013657338374173378,0.0013644335265325935,0.0013663801652796792,0.001368539020688786,0.0013764778909148845,0.0013833983247195647,0.0013971395657677022,0.0014080828155442759,0.0014229162161427666,0.0014337685676082401,0.0014459929777785874,0.001455309812968153,0.0014622704890143723,0.0014710114817262365,0.0014750807371797237,0.0014880538265629184,0.0014969580066690469,0.0015180753147205905,0.0015376122919406043,0.0015698058993507402
32.06198496257587,0.0012190980057766865,0.0012205756611649576,0.0012202339174507415,0.0012223275010967427,0.0012236591167322786,0.0012263531085352497,0.0012303669845152854,0.0012343939963557204,0.0012413898700458503,0.0012465580941238841,0.0012555253083235129,0.0012616395374038802,0.0012711529586511006,0.0012778996789393204,0.0012855287863260401,0.0012934370093375946,0.0012995098847454756,0.0013099071231579273,0.0013165114823436852,0.0013312676690873104,0.0013422074689231067,0.0013641911886850266,0.0013833698690177698,0.0014126579617368407
33.228529428014404,0.0010830184460246528,0.0010852786806481163,0.0010863454949969764,0.0010912095610535744,0.0010959745000604926,0.0011015837616525914,0.0011081153673444533,0.001112865065351798,0.0011202272408752378,0.0011236546225177335,0.0011298410498170597,0.0011319089452968001,0.0011370825819199126,0.0011399169318622171,0.0011444173412940017,0.0011498161153156161,0.0011547228594110948,0.0011649765966694758,0.0011734718488014551,0.0011897036448260678,0.0012021923884617536,0.0012246958287107645,0.0012442878771139476,0.0012715903164064457
34.437517491110206,0.00096510535365723626,0.00096692471080928044,0.00096924260145669905,0.00097531909307235765,0.00098137478619264584,0.00098841417784001351,0.00099567495414021323,0.0010013626535112508,0.0010082354867790855,0.0010112397931720807,0.0010160361794646633,0.0010159738963864129,0.0010183357592836728,0.0010186156994507201,0.0010208824339770217,0.0010239393859023949,0.0010280456453131137,0.0010369488184096554,0.001045777300220152,0.0010620279077784289,0.0010755888299058824,0.001097845619653981,0.0011170112262561815,0.0011429793159720703
35.690493421315054,0.00086255209504315644,0.00086446469651946245,0.00086678193267175629,0.00087235606019930856,0.00087842108879954139,0.00088568691796808707,0.00089295333037853197,0.00089819487828890487,0.00090477075190165124,0.00090743777911939105,0.00091117649938610157,0.00091099504234648521,0.0009122868697204467,0.00091147611576047893,0.0009126584216687661,0.00091504995515379051,0.00091833812879826837,0.00092579553910354662,0.00093365419115798431,0.00094917275563943804,0.00096215704959945469,0.00098270028422575706,0.0010006783504366012,0.0010247784425132522
36.989057674838449,0.00077411611738398278,0.00077577535029149658,0.0007772612288192704,0.00078193877357080055,0.00078704160631559716,0.00079269488395539156,0.00079883972779271062,0.00080340101206388681,0.00080860321332920648,0.00081108239569971374,0.0008147427457458889,0.00081473405012388866,0.00081617167850822625,0.00081597873057148718,0.00081739387718471335,0.00081970461815217277,0.00082294948970229598,0.0008298122878045433,0.00083648935498104038,0.00085013497442787411,0.00086177138766174721,0.00088004577770561809,0.000895925314324586,0.00091703806734244608
38.334868938948745,0.000696612546249753,0.00069785729982640987,0.00069896033468808128,0.0007020962491139926,0.0007051771256669781,0.00070913895787327874,0.0007134517655771333,0.00071668401969304796,0.00072074710479341775,0.00072246546677945389,0.0007259509303167988,0.00072672787123906346,0.00072893594338552248,0.00072979033319597875,0.00073204690393424698,0.00073509102256252845,0.00073881802171626987,0.00074589246304412882,0.00075193652432403724,0.00076363866452311413,0.00077344299651826987,0.00078929459894538923,0.00080249691410472224,0.00082030986752101853
39.729646250654199,0.00062850817069204368,0.00062934589398366825,0.00062928299018949474,0.0006310351393210567,0.00063236450488091123,0.00063441473524505909,0.00063680885010342081,0.00063830283467325444,0.00064128126545881514,0.00064258556409413359,0.00064561201655521927,0.00064656461717049751,0.000649690181219853,0.00065180051583979548,0.00065530809713720828,0.00065927990041814155,0.00066402208273075303,0.00067120099970452429,0.00067730172688129642,0.00068777189436275421,0.00069598879497334565,0.00070939240514178437,0.00071991911215718574,0.0007346055744790192
41.175171192470152,0.00056666481192735318,0.000567228214308102,0.0005667624681535699,0.00056721089740108255,0.0005672993886776112,0.00056757639816851224,0.00056836251738445753,0.00056860444442463631,0.00057043099231179895,0.00057085163572878628,0.00057329097100478066,0.00057472484168386018,0.00057830038811346185,0.00058129482469837512,0.00058562278547924507,0.00059049955275725097,0.00059581304998346241,0.00060343013336705553,0.00060983703529871036,0.00061946464957429725,0.00062704393116064239,0.00063838570868313127,0.00064681158713142395,0.00065879268072421837
42.673290168077123,0.00051026888269234405,0.00051066749722394889,0.00050988079954095156,0.00050978732107864744,0.00050871415064079883,0.00050787623493420142,0.00050753705254180659,0.00050690774462225363,0.00050757933429679269,0.0005074348257494421,0.00050960416994882962,0.00051078579173235994,0.00051428433340561241,0.00051776109914669632,0.00052283430689215038,0.00052816233899477538,0.00053401820940734979,0.00054167901495816295,0.00054812909677082189,0.00055741752005644685,0.0005645500690860672,0.00057443965519610174,0.00058153648686243287,0.00059118995110907235
44.225916760776492,0.00045837228310574574,0.00045870275479842348,0.00045779193045802913,0.00045727400664929974,0.00045579290706143638,0.00045438963277888433,0.00045345139835717418,0.00045218851583683772,0.00045246254541098097,0.00045220014878566417,0.00045367673986618229,0.00045475480577295002,0.00045813953606455016,0.00046152213757011396,0.00046628265744175224,0.00047193298948400297,0.00047777449995578536,0.00048513273317496441,0.00049160388006441735,0.00050025991251345658,0.00050692904936511241,0.0005160711336031909,0.00052235583579829381,0.00053056617731783717
45.835034177756413,0.00041044269997314586,0.00041077050336468801,0.00040988472707681467,0.00040926656286899288,0.00040778014067655022,0.00040628559543165466,0.00040523824587523904,0.00040389826355635705,0.00040393945140237975,0.00040333887936583324,0.00040479884482635953,0.00040566289223420426,0.00040865883306651085,0.00041157141588143986,0.00041625130322131554,0.00042149997227625136,0.0004269876274491935,0.00043386907690035059,0.00043976079203389418,0.0004477215721436778,0.00045366841138161362,0.00046209778386696598,0.00046774485643652497,0.00047537191976232407
47.50269778328984,0.00036625092664621661,0.00036661151662542579,0.00036578541829612732,0.00036535473744692126,0.00036413967476534026,0.00036289635099251427,0.00036204527297911682,0.00036091878937583033,0.00036105621317261694,0.00036058424124263411,0.00036196093849838462,0.00036265622586029167,0.00036534676745247907,0.00036786533824795242,0.00037198695991946806,0.00037642363631107401,0.00038137437432084198,0.00038745798438810652,0.00039266379695845899,0.00039981451348580777,0.00040499793438897314,0.0004123399243383119,0.00041743312925746068,0.00042433164584565475
49.231037724100673,0.00032569354741696088,0.00032609419515239324,0.00032550977316248009,0.0003252580399788485,0.0003244598938749732,0.00032376622488072826,0.00032320618277736912,0.00032250599335270635,0.00032277850435491473,0.0003227115317443463,0.00032405402669155592,0.00032483970215935187,0.00032719519452939494,0.00032932769083515723,0.00033285292666818123,0.00033661162888165563,0.00034071895349541137,0.00034584719940511377,0.0003503020671260515,0.00035630916284645764,0.00036073034258521375,0.00036702274641697841,0.00037150402062025023,0.00037745657490262374
51.022261650251231,0.00028895929382599661,0.00028920615559258067,0.00028885170729608944,0.0002889030271759907,0.00028849095811978032,0.00028829290613430203,0.00028821444846727218,0.00028801430997305033,0.00028862487070568932,0.00028878281329269839,0.0002903270635030708,0.00029124612418485185,0.00029336637254573361,0.00029521846420976772,0.00029810167951183075,0.00030114821986160223,0.0003045746616407996,0.00030877498759451782,0.00031230354354505607,0.00031727216756394228,0.00032090958430330829,0.00032617167978088446,0.00032974576384248167,0.00033496642308250557
52.878657535026633,0.0002555974324707222,0.00025597892896200847,0.00025566381786035208,0.00025604820913116555,0.00025598542256233259,0.00025620560433736728,0.0002566087755440094,0.00025685975452205412,0.00025781402626279259,0.00025833109511808061,0.00025985420927554514,0.00026091729662880425,0.00026300240220678006,0.00026461071865213626,0.00026717017926358722,0.0002696349799649056,0.00027231277547201671,0.00027560505024837312,0.00027839706334020775,0.00028240731302986433,0.0002852076068364795,0.0002894602375249633,0.00029237962306183363,0.00029668436331320436
54.802596597418052,0.00022561276512789163,0.00022604591981689737,0.00022590511768783017,0.00022638835964983173,0.00022662958335217809,0.00022725008823698545,0.0002279987701143682,0.00022862299620385329,0.00022983156366507274,0.00023058169257694772,0.00023233486314921947,0.00023340169779118014,0.00023539066688016419,0.00023700179427521562,0.00023902171697187669,0.00024118822862817524,0.00024330457419097229,0.00024601399782397948,0.00024801320153500228,0.00025118085873998552,0.00025332055835747269,0.00025676726138357253,0.00025899954036390227,0.00026239730502908287
56.796536330937336,0.00019906171160855024,0.00019926789380875221,0.00019933217799561476,0.00019990616763720936,0.00020042836115408136,0.00020121898585401254,0.0002021588278395825,0.00020304167271945062,0.00020445522293499607,0.00020542037802684376,0.00020717184825258528,0.00020830017408002277,0.00021021363190598663,0.00021170545916149308,0.0002135311330988543,0.00021549230528350449,0.0002171322535531317,0.00021933304894972139,0.00022079773114569434,0.00022333173050270716,0.00022482431088022281,0.00022753319186463727,0.00022920717730201545,0.00023200734281303426
58.863023642632825,0.00017523814094033696,0.00017560407581385107,0.00017567187208555879,0.00017625361319417721,0.00017681059179608383,0.0001777358348000746,0.0001787789488005842,0.00017984841811014007,0.00018131467145110491,0.00018241380212202785,0.00018410581909478196,0.00018534966509520245,0.00018708071310413743,0.00018847645601027807,0.00019026338632244233,0.00019186080134048211,0.0001932871467928976,0.00019510322114868472,0.00019624711959309593,0.00019815407504353288,0.00019926164784678235,0.00020148713787904171,0.00020266773815436068,0.00020492782143932686
61.004698106314358,0.0001542496677906513,0.00015444726262359154,0.00015456060685892226,0.00015519789186058119,0.00015581368706207854,0.00015667257315499228,0.00015781036447037877,0.00015881702221420824,0.00016029074388512754,0.00016137310544195316,0.0001630521672559837,0.00016426475335862278,0.00016587763069253469,0.00016716425840357374,0.00016871469458124011,0.00017011222225349343,0.00017140247044267198,0.00017293040730947951,0.0001739481262674758,0.0001754689740636195,0.00017631113685823152,0.00017802185904258749,0.00017889330419151861,0.00018072629414689345
63.224295334144671,0.00013551033070413609,0.000135778692516908,0.00013590169912802708,0.00013647229096136471,0.0001369835352917903,0.00013785234843410876,0.00013883936500036498,0.00013985718462450336,0.00014122666361160441,0.00014227511961806272,0.00014381132686480669,0.0001448794792544561,0.00014641667452863771,0.00014752051150423995,0.00014891700051933299,0.00015013852411982498,0.00015138759766486487,0.00015269622882740919,0.00015347505128104899,0.00015487344339248921,0.00015541900682336518,0.00015685694590317212,0.00015756728850746526,0.00015902158572700387
65.524650470901975,0.00011894347957763785,0.00011916335318318261,0.00011927859917904016,0.0001197189197874593,0.00012022483607410095,0.00012098212289401999,0.00012185679791087978,0.00012275115419058125,0.00012396482347654114,0.00012488833137069832,0.00012624715278874987,0.00012722459924319196,0.00012853345242902492,0.00012957667809487816,0.00013074781625377341,0.00013189487761167129,0.00013293153164184446,0.00013408442669060605,0.00013483521482982042,0.00013602672780876901,0.0001365021787336218,0.00013774495507234974,0.00013826513080772429,0.00013952055573085431
67.908701815378791,0.00010416774718535748,0.00010437503319060681,0.00010438005142354712,0.00010483282597739674,0.00010523020246466785,0.00010584696305038221,0.00010659759879594333,0.00010735582299936652,0.00010837966175891722,0.00010915927213694943,0.0001103143883796065,0.00011113240553406456,0.00011225823399207968,0.0001131489557977261,0.00011419266330214839,0.00011515635553571713,0.00011602211429462272,0.00011708223716411226,0.00011773302277084952,0.00011878921411856425,0.00011929636973739832,0.00012032415273566244,0.00012083122515171851,0.00012191019209417675
70.37949457354128,9.096308246014928e-05,9.1123223787903385e-05,9.1133539559251631e-05,9.1504191695790382e-05,9.1807590951731299e-05,9.2304500803663814e-05,9.2919349574671628e-05,9.3517591823299995e-05,9.4324037469561972e-05,9.4974556843041569e-05,9.5932519174724007e-05,9.6583998155708173e-05,9.7567067035342347e-05,9.8260726462129355e-05,9.9163554489578587e-05,9.9959824598983005e-05,0.00010070042232435128,0.00010156607801192763,0.00010220112921999203,0.00010314394886457023,0.00010358777935337571,0.00010455936805264798,0.00010498765762712026,0.00010597203061912808
72.940184748243709,7.9146790977091541e-05,7.9293417929449106e-05,7.9280311179985574e-05,7.9573478602767977e-05,7.9829693270028201e-05,8.0199279745230001e-05,8.0657809686357496e-05,8.1108701177612375e-05,8.1742752326974255e-05,8.2212143777127267e-05,8.2999106131964595e-05,8.3520533054937118e-05,8.429611351523647e-05,8.4879710204432968e-05,8.5592365508091461e-05,8.6213417725744534e-05,8.6872826875250553e-05,8.760591738621315e-05,8.816479905604524e-05,8.8970839382085387e-05,8.9384122349045469e-05,9.0249884733495378e-05,9.0684604980850736e-05,9.155412193528889e-05
75.594043170467017,6.8564388541858534e-05,6.8696765190168207e-05,6.8717643596727385e-05,6.8891699996243005e-05,6.9073970607291812e-05,6.9321757504070547e-05,6.968637303295111e-05,6.999889572334439e-05,7.048924121200173e-05,7.0827388467975538e-05,7.1426477488145679e-05,7.1815420016108078e-05,7.2425621997496137e-05,7.2869690091792449e-05,7.3444435534142372e-05,7.3967865544588562e-05,7.4439025178563156e-05,7.5087973288034959e-05,7.5504239767099079e-05,7.6258681451335519e-05,7.662397644381258e-05,7.737010216857243e-05,7.7785555621545655e-05,7.8581525029264299e-05
78.344459677229182,5.9088080655911313e-05,5.9205972541498397e-05,5.9208580649894316e-05,5.9333467541833329e-05,5.9454788482682375e-05,5.9623880301451493e-05,5.9888382003769891e-05,6.0103005290912392e-05,6.0455964097982928e-05,6.0684510263975255e-05,6.1131306916095696e-05,6.1400766861119394e-05,6.1867772957135969e-05,6.2190626082703204e-05,6.2642867644235878e-05,6.3044324383199069e-05,6.3412477776303433e-05,6.3944059494502881e-05,6.4284544013304412e-05,6.4868444681565052e-05,6.5237745156210281e-05,6.5874016041078676e-05,6.6255978659945924e-05,6.6961302677803758e-05
81.19494744150586,5.0619657841366461e-05,5.0703707407784293e-05,5.0712455311519022e-05,5.0800282526353158e-05,5.0874401591016749e-05,5.0983145442273781e-05,5.1150677114364385e-05,5.1302077864967544e-05,5.1547640391724769e-05,5.1690114283076127e-05,5.2012582152372033e-05,5.2182565551284199e-05,5.2530089557301096e-05,5.2757242706036322e-05,5.3094968653688568e-05,5.3400816626414382e-05,5.3707004602721042e-05,5.4099041698840722e-05,5.4371290876709111e-05,5.4852116056380851e-05,5.5160909451679174e-05,5.5718253622494274e-05,5.6032552978813044e-05,5.6647556741395988e-05
84.149147459689956,4.3079691072200887e-05,4.3148071779519626e-05,4.3105872810755841e-05,4.3210787599612388e-05,4.3250574567998967e-05,4.3315369716800944e-05,4.3423810013543118e-05,4.3490682460678443e-05,4.3664069192317356e-05,4.3755199135020462e-05,4.3980399457410613e-05,4.4079931591944899e-05,4.4326343725309414e-05,4.4486173218061253e-05,4.4723932254520093e-05,4.4949361159396517e-05,4.5175725250423682e-05,4.5477147462058554e-05,4.5702816259485246e-05,4.6091856005681109e-05,4.6321394989057296e-05,4.6785387284309365e-05,4.7051996192593037e-05,4.7607051219422658e-05
87.210833202324253,3.6403858679534551e-05,3.6441420474098152e-05,3.6417529497789758e-05,3.6478405983864093e-05,3.6496990764689485e-05,3.6549066711799583e-05,3.6615369287673616e-05,3.6641675855264566e-05,3.6756997388032175e-05,3.6797579126890412e-05,3.694970954093435e-05,3.6999147066119065e-05,3.7182333942897827e-05,3.7270744080775131e-05,3.744456708654198e-05,3.7598469761146447e-05,3.7760791494090284e-05,3.7987298631136923e-05,3.8158699744439417e-05,3.8465988630775882e-05,3.8633650702113442e-05,3.9017073290903426e-05,3.9236144995680178e-05,3.9699024315442699e-05
90.383915434045193,3.0535648424034889e-05,3.0567351068988557e-05,3.0541823581309302e-05,3.0574540780037296e-05,3.0576330323217604e-05,3.0605826054852514e-05,3.0643920978068451e-05,3.0658023631335851e-05,3.0732639441755083e-05,3.0731905381831126e-05,3.0835433171283455e-05,3.0853093585303526e-05,3.0981310760846981e-05,3.1029219060396684e-05,3.114927960057301e-05,3.1263868101039094e-05,3.1377912097063643e-05,3.1545464402871204e-05,3.1659692024899044e-05,3.1898187397683131e-05,3.2043465899800339e-05,3.2347092216333806e-05,3.2523361210401447e-05,3.2879373499827835e-05
93.672447208896912,2.5399778742496437e-05,2.5435369799708951e-05,2.5427758826968017e-05,2.5451612062354911e-05,2.5445001797130828e-05,2.5452907991940776e-05,2.5472579321395017e-05,2.5471771515572783e-05,2.5523330750232276e-05,2.5503813205762782e-05,2.5572970501652748e-05,2.5571291424331122e-05,2.5651942392457272e-05,2.5674791554575194e-05,2.5757552394978234e-05,2.5833891782234275e-05,2.5911564332847803e-05,2.604792153393376e-05,2.6126303763529535e-05,2.6308848398493012e-05,2.6402809869097155e-05,2.6640594764870684e-05,2.6777727387017336e-05,2.7077202070291406e-05
97.080629047394183,2.100656266401657e-05,2.1030605300786931e-05,2.1007723300936476e-05,2.1028369077580322e-05,2.1017764896047453e-05,2.1035092871102279e-05,2.104391471480227e-05,2.1035184338380475e-05,2.105666938057027e-05,2.1039842388770325e-05,2.1080018932195799e-05,2.1067618650505437e-05,2.1122888961278008e-05,2.1129650504603248e-05,2.1192660633273519e-05,2.1234204951037228e-05,2.1300335296015049e-05,2.1388112708686791e-05,2.1438628271974736e-05,2.1576772351483697e-05,2.1657020123022619e-05,2.1843388027908972e-05,2.1948535183780038e-05,2.2183889491378395e-05
100.61281430194772,1.7258982644152709e-05,1.7281662444190715e-05,1.7273503509107613e-05,1.7289429502076459e-05,1.727790354322245e-05,1.7279497229294449e-05,1.7281131467150601e-05,1.7269411672460322e-05,1.7287732516191312e-05,1.7262582326260656e-05,1.7293846686028402e-05,1.7277092663192661e-05,1.7315345415713779e-05,1.731370132107557e-05,1.7352096139955364e-05,1.7378919167754248e-05,1.7424433065293954e-05,1.7487350035594318e-05,1.7523791521645293e-05,1.7640495151960423e-05,1.7689451125235678e-05,1.7832878131507357e-05,1.7923410272624452e-05,1.8086697767261128e-05
104.27351471750627,1.4133924497006234e-05,1.4152025848090943e-05,1.4134850455649328e-05,1.4145749373417615e-05,1.4138361063675831e-05,1.4137783838297224e-05,1.413754633716735e-05,1.4132981166925518e-05,1.4140345360846851e-05,1.4121716331638723e-05,1.4138826324616716e-05,1.4121780742559764e-05,1.4148692825122211e-05,1.4143799667687418e-05,1.4174365668528921e-05,1.419037487693231e-05,1.4214727563688356e-05,1.4270280464190321e-05,1.4295497858807238e-05,1.4374176998455113e-05,1.4408903873164292e-05,1.4526214615173672e-05,1.4585794980925826e-05,1.4723495403545783e-05
108.06740619451595,1.1546903524228824e-05,1.1561378910895925e-05,1.1548549181172874e-05,1.1556763616638044e-05,1.155664357588293e-05,1.1556369891474461e-05,1.1555279345154545e-05,1.1544652243511422e-05,1.1552777469447939e-05,1.1534004219160288e-05,1.1549821648859648e-05,1.153420987498599e-05,1.1550908727508968e-05,1.1544193780577139e-05,1.1563577129836133e-05,1.1574516207146779e-05,1.1596826752890976e-05,1.1630785601735028e-05,1.1648652357476585e-05,1.171797536492214e-05,1.1743299893285375e-05,1.1828357995513628e-05,1.1872543785429457e-05,1.1985116375790028e-05
111.99933476156073,9.4460646278271554e-06,9.4575909449501339e-06,9.4513798906126212e-06,9.4621431780961274e-06,9.4541143917936665e-06,9.4529791302422339e-06,9.4515865669553278e-06,9.444815194492584e-06,9.4508575716467647e-06,9.4369376592018384e-06,9.4453210456313386e-06,9.4322733873442033e-06,9.4475266838589533e-06,9.441714716729166e-06,9.4566599921908079e-06,9.464262422875791e-06,9.4776054364587026e-06,9.5100256982671993e-06,9.5228673664404795e-06,9.5689557352285348e-06,9.5873463852313989e-06,9.6598789891544357e-06,9.693527274756697e-06,9.7765896873713842e-06
116.07432276531028,7.764529569964651e-06,7.773787962683798e-06,7.7682449034499612e-06,7.7736185550847381e-06,7.7714825351682393e-06,7.7706801787646995e-06,7.7695748920136865e-06,7.7650223976322152e-06,7.7699562468502847e-06,7.7588397107142271e-06,7.7682431154357801e-06,7.7551091873795386e-06,7.7674518036419116e-06,7.7626631285188097e-06,7.7748125936194512e-06,7.7805946590014941e-06,7.7911508864492163e-06,7.8117168614832977e-06,7.8222396040494857e-06,7.863440347088968e-06,7.8775986812607002e-06,7.9294666880391773e-06,7.9601111742100272e-06,8.0256366879472019e-06
120.29757528568456,6.4363441112380571e-06,6.4467957256453268e-06,6.4390113403423044e-06,6.4435246056038231e-06,6.4384468952405349e-06,6.4421994110386294e-06,6.4415500753423061e-06,6.4360854939993217e-06,6.4429720638692345e-06,6.4334620473172066e-06,6.4420057288572252e-06,6.4337994554741762e-06,6.4441656303926287e-06,6.4385913250419868e-06,6.4488865007539253e-06,6.4540564186366112e-06,6.4624702200699602e-06,6.4799545397287162e-06,6.488181186425912e-06,6.5175296706243557e-06,6.5324848179115769e-06,6.5741929687890277e-06,6.5946095069713273e-06,6.6468904627026149e-06
124.67448678442648,5.3995981373899937e-06,5.4083036507002191e-06,5.4019245104841573e-06,5.4058491309461054e-06,5.4018649102149929e-06,5.4056975057892309e-06,5.4055292355581486e-06,5.4014810141889136e-06,5.4073690531342145e-06,5.4001201061915083e-06,5.407769594734102e-06,5.4015761988823741e-06,5.4107614200216148e-06,5.4065261194113923e-06,5.4156391099957624e-06,5.420371823217085e-06,5.4268726263906331e-06,5.44253158918373e-06,5.4497363454197867e-06,5.4741433634930559e-06,5.4837577240229862e-06,5.5206674767216413e-06,5.5374516624850934e-06,5.5803753744587681e-06
129.21064799557803,4.5991643343734623e-06,4.6061343793590837e-06,4.600842181290421e-06,4.6043661345307463e-06,4.6012652666349574e-06,4.6050510091322217e-06,4.6053355796660256e-06,4.6024383008047565e-06,4.6063659929762579e-06,4.6033642693288357e-06,4.6092209060599743e-06,4.604671973995611e-06,4.6131384004444165e-06,4.609989518122859e-06,4.6183978741343168e-06,4.6230162388805063e-06,4.6304747461922702e-06,4.6419695898247681e-06,4.6493474309405869e-06,4.6703512633361477e-06,4.6788911911010977e-06,4.7082439508794316e-06,4.7241927885743884e-06,4.7604651607913162e-06
133.91185306665858,3.9834197922972159e-06,3.9901753975113419e-06,3.9857149343180964e-06,3.9889813862048484e-06,3.989503657098048e-06,3.9902751930998015e-06,3.990967697681258e-06,3.9889978729890085e-06,3.9929731542598379e-06,3.9908953549383508e-06,3.9963680890930942e-06,3.9931526289449515e-06,4.0012274336309606e-06,3.9989826280950602e-06,4.0070278618797861e-06,4.0117400425532246e-06,4.0189453895944638e-06,4.0305574414145617e-06,4.0359446213666939e-06,4.0550680685813578e-06,4.0630263780649933e-06,4.0888657453219679e-06,4.1026575734459669e-06,4.134320982923656e-06
138.78410695966824,3.5115644940464374e-06,3.5157546520170335e-06,3.5120261711596434e-06,3.5161220859336595e-06,3.5168148993236503e-06,3.5178868000584895e-06,3.5189517229861078e-06,3.517736617802969e-06,3.5230354168969136e-06,3.5204782188047457e-06,3.5270402398146494e-06,3.5247314336961377e-06,3.5315833178672928e-06,3.5301331174630857e-06,3.5380589734901324e-06,3.5430109691092504e-06,3.5501989230080078e-06,3.5599353195581163e-06,3.566568475221743e-06,3.5840672627240888e-06,3.5919845647047755e-06,3.6156939025311363e-06,3.6278282443125143e-06,3.656377802779831e-06
143.83363312137053,3.1439336616034819e-06,3.1477698192450276e-06,3.1445172811173094e-06,3.148981085165925e-06,3.1491888951296065e-06,3.1505347544980022e-06,3.1519419827763517e-06,3.1513599347832155e-06,3.1565469899297316e-06,3.1548679923776302e-06,3.1614993291073645e-06,3.1601411309145622e-06,3.1670509455794527e-06,3.1680989902860279e-06,3.1741377080896083e-06,3.1812253477314645e-06,3.1867589442291511e-06,3.1962390602269242e-06,3.2030429710783181e-06,3.219660253961365e-06,3.2275768812040084e-06,3.2497648097817855e-06,3.2605103137128832e-06,3.287040012789344e-06
149.06688143264944,2.8497960029016944e-06,2.8533659653939836e-06,2.8517174893438746e-06,2.8547194003414322e-06,2.8537345836410211e-06,2.8553051548141362e-06,2.8586432251620497e-06,2.8589049084759566e-06,2.8634911283242914e-06,2.8625593810061023e-06,2.8693265656798417e-06,2.8687879158328933e-06,2.8756871528756722e-06,2.8774251479013468e-06,2.8854981865833462e-06,2.8911330923198086e-06,2.8966042592004637e-06,2.9073364122278456e-06,2.9133748319920549e-06,2.9294878576557881e-06,2.9375630195005442e-06,2.9587683263443409e-06,2.9692993834540271e-06,2.9944408402871048e-06
154.49053644709775,2.6034177321443419e-06,2.6078031442888783e-06,2.6052012924715484e-06,2.6081761617113841e-06,2.6075251196577831e-06,2.6093121650305751e-06,2.612645938315783e-06,2.6130618981656806e-06,2.6177607416189019e-06,2.6173761169256959e-06,2.624467372980277e-06,2.624598708256265e-06,2.6317091327276998e-06,2.6340620701836848e-06,2.6423264961328297e-06,2.6483538035915188e-06,2.654111597166775e-06,2.6648947686891411e-06,2.6723723104693509e-06,2.6882845503561903e-06,2.6947945283850583e-06,2.7152480792658196e-06,2.7266415671134414e-06,2.750320630712233e-06
160.1115259293569,2.3844098777925371e-06,2.3875946932316872e-06,2.3853453946232062e-06,2.388877823333857e-06,2.3885187978578415e-06,2.3904898671933683e-06,2.3939542347084508e-06,2.3947616638042568e-06,2.3996054160368985e-06,2.3998109010547886e-06,2.4067918492909346e-06,2.407539388793456e-06,2.4156615919534996e-06,2.4184392795889575e-06,2.4254847174887129e-06,2.4317814255048198e-06,2.439716624891286e-06,2.4490237834073891e-06,2.4567474636305597e-06,2.4723344545507508e-06,2.4791190364470417e-06,2.4989314469925361e-06,2.5102894249950936e-06,2.5336177086610068e-06
165.93702970411763,2.1780804540239007e-06,2.1815597626706484e-06,2.1795339198438235e-06,2.1824169246786873e-06,2.1822947705030238e-06,2.1843768635843031e-06,2.1867523359031527e-06,2.1884422205242782e-06,2.1933377663818643e-06,2.193944291295491e-06,2.2008539337925459e-06,2.2017731836632137e-06,2.2091487151265632e-06,2.2123665511519786e-06,2.2207347156188995e-06,2.2272241960719086e-06,2.2352482700049858e-06,2.2459206888703065e-06,2.2517325360682516e-06,2.2668206124398793e-06,2.2754029536387055e-06,2.2945583663391833e-06,2.3040195221146753e-06,2.3262624291031653e-06
171.97448882708204,1.9749529142354394e-06,1.9777199451592731e-06,1.9759894739623807e-06,1.9787896200773591e-06,1.9799870924347429e-06,1.9821261511010491e-06,1.9845538959117892e-06,1.9858779866516185e-06,1.9907018621451167e-06,1.9916533734454234e-06,1.9980288767651455e-06,1.9995916938353453e-06,2.0074695118721397e-06,2.0108717957711963e-06,2.0190013116372363e-06,2.0241302418760876e-06,2.0308295559379186e-06,2.0423261317403796e-06,2.0500278141710737e-06,2.063279571806742e-06,2.0717510250956028e-06,2.0882890907902851e-06,2.09908948822779e-06,2.1200614940264373e-06
178.23161508960192,1.7725659594847176e-06,1.7751648492825289e-06,1.7736373931348526e-06,1.7762360611656147e-06,1.7764345366932943e-06,1.7785314490315063e-06,1.7810039857624194e-06,1.7824417089112865e-06,1.7870678418463459e-06,1.7882290088144792e-06,1.7946461340068165e-06,1.7963964723255454e-06,1.8041115632666527e-06,1.8063108140897732e-06,1.8145326218244051e-06,1.8203722571830117e-06,1.8279551241839886e-06,1.837731211956628e-06,1.8435140019951168e-06,1.8569573322080313e-06,1.8650410050502497e-06,1.8818584681667971e-06,1.8921761370110923e-06,1.9116645320477188e-06
184.71640086913607,1.570958395341604e-06,1.5732077887770091e-06,1.571728807048256e-06,1.5741231521315679e-06,1.5744095475805908e-06,1.5764114131844309e-06,1.5787084192697698e-06,1.5801793710606971e-06,1.5852212379985353e-06,1.5859204654106174e-06,1.5915030238400352e-06,1.593724457557566e-06,1.6006572007148945e-06,1.6040444573567347e-06,1.6100927117124186e-06,1.6159567820528409e-06,1.6230162369068601e-06,1.6320113501583355e-06,1.6389669404703877e-06,1.6512678706892547e-06,1.6588299122516359e-06,1.6726757534474279e-06,1.6821503872610499e-06,1.6997710347715911e-06
191.43712933810426,1.3750319544508782e-06,1.3770203026175487e-06,1.3759468257545926e-06,1.377730178372949e-06,1.3780579704164575e-06,1.3799080519766305e-06,1.3820260661989714e-06,1.3834497223225162e-06,1.3873730647651072e-06,1.3894169621636587e-06,1.3947853953755196e-06,1.395972922341171e-06,1.4022298002458466e-06,1.4053957516912963e-06,1.4119250014016371e-06,1.4172745403523423e-06,1.4226978222453557e-06,1.430771600891001e-06,1.4370921449929908e-06,1.4480566287167207e-06,1.4549039966671451e-06,1.4684858246488686e-06,1.4763787726246314e-06,1.4910034907694714e-06
198.40238504418352,1.1903952337466439e-06,1.1921218479732376e-06,1.1912262348062752e-06,1.1931295297862299e-06,1.1934851194828067e-06,1.1946748989521971e-06,1.1965732549107377e-06,1.1986457641721682e-06,1.2021097097192346e-06,1.2033387319643207e-06,1.2075078081735802e-06,1.2091873532182884e-06,1.2147104854892676e-06,1.217576643591789e-06,1.223354107085517e-06,1.2281049778795072e-06,1.2337954822944086e-06,1.2409056078799274e-06,1.2457491323641934e-06,1.2553276457216711e-06,1.2613868030642017e-06,1.272852351560938e-06,1.2803571423219973e-06,1.293933833940164e-06
205.62106487555539,1.0221218139441768e-06,1.0235995315313606e-06,1.0228556768798747e-06,1.0245039751485829e-06,1.024840749139222e-06,1.0269080679761733e-06,1.0281795320352116e-06,1.0293706696890004e-06,1.0323846758378274e-06,1.0335129563970868e-06,1.0376308615597796e-06,1.0391651392369083e-06,1.043453818440343e-06,1.0459869174000991e-06,1.0510095529159269e-06,1.0551470085232162e-06,1.060105867825567e-06,1.0662491240556737e-06,1.0711623195797104e-06,1.0788506165648748e-06,1.0839970850523573e-06,1.0941261525190815e-06,1.1006070056232553e-06,1.1122376336880624e-06
213.10238942511577,8.736248882437736e-07,8.7487761554760901e-07,8.7425962916332089e-07,8.7567066466703869e-07,8.7553523685918178e-07,8.7740940376418441e-07,8.788464811379515e-07,8.7989868225585299e-07,8.8248960546793986e-07,8.8349955910949074e-07,8.8703392501360279e-07,8.8839376256172331e-07,8.9210336462475226e-07,8.9430742337970326e-07,8.9862465235679423e-07,9.0218363965610671e-07,9.064547302137238e-07,9.1170549917224397e-07,9.1559584088074519e-07,9.2261423694645073e-07,9.2714252963865817e-07,9.3578328945465028e-07,9.4132160001481058e-07,9.5119928378295526e-07
220.8559147681589,7.4620687714327394e-07,7.4726568558003414e-07,7.4675115131761505e-07,7.4795342282218957e-07,7.4783316834220459e-07,7.4892349022359639e-07,7.5015895263652599e-07,7.5107698642440379e-07,7.5329418355862821e-07,7.5418277351718688e-07,7.577214130236043e-07,7.5891240682718353e-07,7.6211553096117157e-07,7.6401924060248705e-07,7.6771246374646163e-07,7.7075788116470756e-07,7.7441792846466573e-07,7.788875880307411e-07,7.8251940939522147e-07,7.8829344254266465e-07,7.9216908945023423e-07,7.9948514727923303e-07,8.0420572044076488e-07,8.1258846857529266e-07
228.89154466858096,6.3925200975006868e-07,6.401486911597476e-07,6.3971759327666189e-07,6.4040895101508122e-07,6.4063929696919764e-07,6.4157770721107177e-07,6.4263876977874168e-07,6.434382497540192e-07,6.4533497337246337e-07,6.4611476336198792e-07,6.4849228590194152e-07,6.4951101227950225e-07,6.5251390173742818e-07,6.5458727122741367e-07,6.5775033522563753e-07,6.6035925328639111e-07,6.6349883126592957e-07,6.6731104350278847e-07,6.7035673056298206e-07,6.75429135926775e-07,6.7875153349564177e-07,6.849708296362278e-07,6.8900066085494927e-07,6.9612178634978483e-07
237.21954322919666,5.5032498892312876e-07,5.5108367001677205e-07,5.5070493059500292e-07,5.5187422351443693e-07,5.5207886802757788e-07,5.5289073700587332e-07,5.5380723619838368e-07,5.5450588175992577e-07,5.5598503406750766e-07,5.5665859954173724e-07,5.5887305341895122e-07,5.5976643809421689e-07,5.6235165178664115e-07,5.6377182973410545e-07,5.6649602832650747e-07,5.6877174386613105e-07,5.7146865330495733e-07,5.7473225794149596e-07,5.7740873183817487e-07,5.8175328657150693e-07,5.8461308775209497e-07,5.9035039079100016e-07,5.9381605269429039e-07,5.999118006874693e-07
245.85054800232226,4.7812415995829305e-07,4.7877763960368913e-07,4.7845386376074717e-07,4.7920938179776829e-07,4.7938550903209309e-07,4.8009112752281369e-07,4.8075678861503324e-07,4.8135829459200474e-07,4.8304003893301362e-07,4.8363836470735611e-07,4.8556356416901147e-07,4.8635384896147937e-07,4.8860228072863943e-07,4.8990591880460066e-07,4.9227153002540103e-07,4.9422217794289902e-07,4.9657450518561519e-07,4.9941020399332792e-07,5.0174729403565377e-07,5.0551481668714704e-07,5.080102914480078e-07,5.1262240186381036e-07,5.1590601671952507e-07,5.211860830377224e-07
254.79558357737798,4.1923319613057508e-07,4.197054373419884e-07,4.1942124506810785e-07,4.200791667852144e-07,4.202345733859969e-07,4.2085142952508203e-07,4.2154764312574144e-07,4.2208450111436147e-07,4.2332485662363584e-07,4.2385607054024055e-07,4.2558252275753938e-07,4.2627674519055136e-07,4.2824743732780557e-07,4.2934028390839707e-07,4.3142107410132358e-07,4.3313438303355101e-07,4.3520620551101841e-07,4.376923954454992e-07,4.3997990597718917e-07,4.4328344251179375e-07,4.4585982267655866e-07,4.4991216867004691e-07,4.5256395022827411e-07,4.5719837543298225e-07
264.06607566285891,3.7072994682474381e-07,3.7122575995314488e-07,3.7097004845255965e-07,3.7154990965154733e-07,3.7172629891238373e-07,3.7226859800169876e-07,3.7288195256675316e-07,3.7335599979530787e-07,3.7445245591738452e-07,3.7502004772774211e-07,3.7641882686019479e-07,3.7704031922471126e-07,3.787902547337102e-07,3.7989504964551501e-07,3.8195012531591632e-07,3.8348528508432012e-07,3.8533550621513979e-07,3.8755624743799788e-07,3.8939813904251275e-07,3.9234097509027732e-07,3.9430689305341993e-07,3.9790517354990063e-07,4.006306300805007e-07,4.047521031322332e-07
273.67386568066814,3.303270832387406e-07,3.3076187060630813e-07,3.3052846859678298e-07,3.3096746132610377e-07,3.3109262421483765e-07,3.315839093211842e-07,3.321396681351535e-07,3.3257227160382596e-07,3.3367975620958445e-07,3.3411070286815114e-07,3.3545773743537399e-07,3.360261055206093e-07,3.3760233211603541e-07,3.3848856114543358e-07,3.4015625502599456e-07,3.4153509844911389e-07,3.432001059091444e-07,3.4519189970848296e-07,3.4710511883501161e-07,3.4974785163496835e-07,3.5152118920897535e-07,3.5475150197451788e-07,3.5687899026422276e-07,3.605741671509205e-07
283.63122589144717,2.9505393116593948e-07,2.9553656450895249e-07,2.9533144455667903e-07,2.9579342418310783e-07,2.9590423867957572e-07,2.9634363108918538e-07,2.968417126790468e-07,2.9723071615431196e-07,2.9811853680117295e-07,2.9850916559610863e-07,2.998690114310032e-07,3.0038579397657916e-07,3.0180454859730921e-07,3.026076956496454e-07,3.0411075446941382e-07,3.0535675859914846e-07,3.0685979870472002e-07,3.0865653823791694e-07,3.1015650586024845e-07,3.1253395262401118e-07,3.1413566649665658e-07,3.174666428525097e-07,3.1940147005027342e-07,3.2274180745625602e-07
293.95087507023055,2.6306170067616486e-07,2.6340742555197583e-07,2.6334171555203456e-07,2.6375238450053462e-07,2.6385136716114421e-07,2.6424385894154023e-07,2.6468916956325084e-07,2.6503857319080948e-07,2.6583249455348901e-07,2.6618505189965336e-07,2.6726778259295036e-07,2.6773231774634976e-07,2.6900149818244457e-07,2.6985509018855047e-07,2.7120276136979871e-07,2.7232270184869567e-07,2.7367252087434624e-07,2.752845994682257e-07,2.7663386557505443e-07,2.7876493292715299e-07,2.8021751227735869e-07,2.8283077186351535e-07,2.8478513736801547e-07,2.8777571594619522e-07
304.64599475244148,2.3276163965690877e-07,2.3306418222429626e-07,2.3290056771867185e-07,2.3337111518598186e-07,2.3345906162430818e-07,2.3380583629578622e-07,2.3419905110025341e-07,2.3450918494941075e-07,2.3520978023779116e-07,2.355238081595129e-07,2.3647934023485195e-07,2.3689283015423945e-07,2.3801342206690446e-07,2.3865272810556781e-07,2.3984198766445475e-07,2.4091268906178964e-07,2.4210703456449545e-07,2.4353127118376117e-07,2.4472650113349648e-07,2.465394805129667e-07,2.4782031825439088e-07,2.5012481966527056e-07,2.5165794867616775e-07,2.542947455993344e-07
315.73024607098245,2.0374749928019076e-07,2.0400875580008082e-07,2.0386796469214208e-07,2.0513984705025634e-07,2.0433464461774853e-07,2.0463566644327025e-07,2.0497631733097654e-07,2.0524631197393894e-07,2.0585282786179937e-07,2.0612668616415419e-07,2.0695387951269462e-07,2.0731398510213939e-07,2.082843786176819e-07,2.0883966517573627e-07,2.0987003517512759e-07,2.1074381723398816e-07,2.1263851459479843e-07,2.1386147002963596e-07,2.148874673861545e-07,2.1556468691834307e-07,2.1667331897429198e-07,2.1866296544444108e-07,2.1998876126826106e-07,2.2226584492010537e-07
327.21778720592988,1.7826617545839418e-07,1.7848836575233562e-07,1.7836854768714383e-07,1.7863225864212656e-07,1.7874789033124616e-07,1.7900056337519232e-07,1.792859172988423e-07,1.795106861724946e-07,1.8002032773235116e-07,1.8024684877993025e-07,1.8094239467424805e-07,1.8124068548817235e-07,1.8205631337458311e-07,1.8251892610222226e-07,1.8338398172744463e-07,1.8410079684252206e-07,1.8495697242174036e-07,1.8598949470816084e-07,1.8685574322378773e-07,1.8822171636220797e-07,1.8904643811316901e-07,1.9071708252157288e-07,1.9182403792651626e-07,1.9373684532857094e-07
339.1232914691148,1.5408712924699919e-07,1.5427615771782671e-07,1.541756824759849e-07,1.5439969327721292e-07,1.5447003050717695e-07,1.5468454450228569e-07,1.549258208683596e-07,1.5511652509073853e-07,1.5554727888882069e-07,1.5573912832359676e-07,1.5632699856393123e-07,1.5657906362025881e-07,1.5726846570602443e-07,1.5765888341807283e-07,1.5839011730488239e-07,1.5899474892656223e-07,1.5972677547011066e-07,1.6054690146153489e-07,1.6127804198465961e-07,1.6242887472366074e-07,1.6311038400582817e-07,1.6451628369069243e-07,1.6544708672863728e-07,1.670571737289947e-07
351.46196604669831,1.3387750511482943e-07,1.3404241719881804e-07,1.3396000849135586e-07,1.341546142603553e-07,1.3419059066797218e-07,1.343768472545151e-07,1.3458531250305078e-07,1.3475102166125158e-07,1.3512102170487594e-07,1.3528737540565577e-07,1.357913473436223e-07,1.3600868712694558e-07,1.3659924849931948e-07,1.3693414602656412e-07,1.3748844528062992e-07,1.3800384071442628e-07,1.3863013859603812e-07,1.3937214611830367e-07,1.3999736531156159e-07,1.4097881271581125e-07,1.4164538938987725e-07,1.4275681397505485e-07,1.4354944528633534e-07,1.4492048132537516e-07
364.24957142367305,1.1762350623709117e-07,1.1776340559047777e-07,1.1768803759217711e-07,1.1785356890392507e-07,1.1786171208883617e-07,1.1801963518010689e-07,1.1819653023947135e-07,1.1833631065587963e-07,1.1865352914607052e-07,1.1879358751895608e-07,1.1922717344046291e-07,1.1941125682615045e-07,1.1992003097309467e-07,1.2020601362211503e-07,1.2074568299293847e-07,1.2110747835310243e-07,1.2164673487188166e-07,1.2228567828221487e-07,1.2282361277083514e-07,1.236705326687626e-07,1.2424393455376381e-07,1.2528054557647827e-07,1.259657453726859e-07,1.2706996908862234e-07
377.50244151511083,1.0413169466419112e-07,1.0426480585639872e-07,1.0420764590644838e-07,1.043224657749052e-07,1.043663928820826e-07,1.0451755514274269e-07,1.0468589695371983e-07,1.0482194091193664e-07,1.0511563113988973e-07,1.0525281851333015e-07,1.0565062587243254e-07,1.0582763793629338e-07,1.0629297894464151e-07,1.0656103814361134e-07,1.0705457731104498e-07,1.073778207734237e-07,1.0787151800062053e-07,1.0845357071263828e-07,1.08946595688518e-07,1.0971365614707157e-07,1.1023846522087433e-07,1.1117426735761035e-07,1.117984395550449e-07,1.1286840147532382e-07
391.23750452986189,9.2954339297405403e-08,9.3051468870886805e-08,9.2978607678546876e-08,9.3051179368957432e-08,9.3068540620282886e-08,9.3181828447318898e-08,9.3310669604246277e-08,9.3410946509948911e-08,9.3652361359865266e-08,9.3754432849580543e-08,9.4089678363221824e-08,9.4228322544426951e-08,9.4625000238157675e-08,9.4846172439370935e-08,9.5269384060500673e-08,9.5537200632805214e-08,9.5962102276189037e-08,9.6466636526938709e-08,9.6892667362114687e-08,9.7564187652443568e-08,9.8020437662871968e-08,9.8844587201416673e-08,9.9391449688134709e-08,1.0033750927904497e-07
405.4723045933643,8.2656101107678182e-08,8.274005002624138e-08,8.2671856078790629e-08,8.2773529770825693e-08,8.2781739076456806e-08,8.2876881858998108e-08,8.2985500951884839e-08,8.3068541455177947e-08,8.3276739077948331e-08,8.336106959881337e-08,8.3652463901164043e-08,8.3769209693017321e-08,8.4115278228824586e-08,8.4305473031873884e-08,8.4604457553909967e-08,8.4906374993309885e-08,8.5278364153271169e-08,8.5721156522881869e-08,8.609478270018775e-08,8.6686639139913618e-08,8.7087814694061794e-08,8.7816110397320735e-08,8.8298504916182324e-08,8.9136082175034215e-08
420.2250241571752,7.2831065284564844e-08,7.2910063025205529e-08,7.2855714237582414e-08,7.2950229152140417e-08,7.2965812019168408e-08,7.3053070068045123e-08,7.3153505301959409e-08,7.3231588862843894e-08,7.341915088474732e-08,7.3498198038118856e-08,7.3758527941152757e-08,7.3865696456967833e-08,7.4173788885273373e-08,7.4344913914784622e-08,7.4611809345453972e-08,7.4880461112952768e-08,7.521072371624235e-08,7.5602317583384204e-08,7.5933466917466746e-08,7.6455109161190082e-08,7.6809635443219476e-08,7.7450190650620032e-08,7.7874865255563724e-08,7.8610393809425833e-08
435.51450722385113,6.3655080423732913e-08,6.3743192904152507e-08,6.3715849238626249e-08,6.3816841337424601e-08,6.384891195138423e-08,6.3944325614465752e-08,6.4049099708814172e-08,6.4129394954093311e-08,6.4305764406122345e-08,6.4386915966420377e-08,6.4573261387718822e-08,6.4674423591332825e-08,6.4947910665032194e-08,6.5100239745805033e-08,6.5387659347378863e-08,6.5621018634134248e-08,6.5905894737310067e-08,6.6241120954754762e-08,6.6522392266118308e-08,6.696565151790429e-08,6.7262757235970333e-08,6.7804615162987691e-08,6.8158097058651501e-08,6.877817134961009e-08
451.36028341684715,5.5322337334231739e-08,5.5400846984835286e-08,5.538144981932086e-08,5.5473130348374783e-08,5.5506592444966654e-08,5.5595245602264518e-08,5.5692471149755909e-08,5.5772541536708645e-08,5.5933127641669134e-08,5.6012088401474758e-08,5.6184134458346288e-08,5.6280742158050859e-08,5.652495835371113e-08,5.6664873671974716e-08,5.6920040529886973e-08,5.712824206706088e-08,5.7362738264477367e-08,5.765459662855979e-08,5.7899516717327057e-08,5.8281596716476883e-08,5.8537684540383578e-08,5.9001642617635686e-08,5.930325474960696e-08,5.983155592780183e-08
467.78259292617025,4.8386361715729506e-08,4.8453845857051453e-08,4.8434617327692414e-08,4.8508794539808137e-08,4.8530437498717563e-08,4.8597526120268061e-08,4.8669762785268425e-08,4.8725431529839103e-08,4.8848529541224012e-08,4.8899905552741985e-08,4.9031430817379762e-08,4.9095577639131707e-08,4.9286057895916308e-08,4.9386146439922909e-08,4.9585456063632599e-08,4.9744154050242184e-08,4.9940899601950278e-08,5.0174303176196006e-08,5.0368483795262819e-08,5.0662197078124582e-08,5.0867670565090881e-08,5.125303667607474e-08,5.1501276905445426e-08,5.1937363199907813e-08
484.80241236166279,4.2487433134013805e-08,4.2538274547124569e-08,4.2514431003448649e-08,4.2573042322371912e-08,4.2586951302025708e-08,4.2641725659818205e-08,4.2702185985149521e-08,4.2749591106210766e-08,4.2856998213073802e-08,4.2874826564499174e-08,4.3021134328146554e-08,4.3081057284066748e-08,4.3252250528759764e-08,4.334569228981594e-08,4.3526671707466019e-08,4.3672935085828021e-08,4.3853235519916017e-08,4.406577959166838e-08,4.4244739835427871e-08,4.4527557412944729e-08,4.4717554984006341e-08,4.5043468640095299e-08,4.5268941371509608e-08,4.5660014441704228e-08
502.4414815469259,3.7678842181509617e-08,3.7720579999355602e-08,3.7695741050532486e-08,3.7743082400122988e-08,3.7726288006773023e-08,3.7769415469311729e-08,3.7817147789144523e-08,3.7853225886468403e-08,3.7942229028998034e-08,3.7977254018850895e-08,3.810085663852672e-08,3.8148484601515167e-08,3.8294822543496337e-08,3.8372974701852275e-08,3.8529138264185511e-08,3.8655246312885305e-08,3.8812306921761491e-08,3.8998554481670805e-08,3.9156100709253697e-08,3.9406198515650609e-08,3.9575183045361881e-08,3.9883812648355832e-08,4.0086888286692407e-08,4.0442294034709683e-08
520.7223312881207,3.3327070228950789e-08,3.3364515696033756e-08,3.3344843277608588e-08,3.3390897157285424e-08,3.3382365468475131e-08,3.342795201473174e-08,3.3478957755378458e-08,3.3520911656018462e-08,3.3610593705999184e-08,3.3653263451774093e-08,3.3774653065846497e-08,3.382898349705947e-08,3.3970397238670264e-08,3.4051038109170553e-08,3.4199847925202656e-08,3.4321052910703947e-08,3.4468272525241261e-08,3.4639802915610238e-08,3.4784180885042565e-08,3.4991404360617748e-08,3.5141995390281303e-08,3.541433476333955e-08,3.559093244816583e-08,3.590057572814935e-08
539.66831215310629,2.9336008962972324e-08,2.9372524506924604e-08,2.9358501596162337e-08,2.9401752566784144e-08,2.9413166281375656e-08,2.9454629122131933e-08,2.9500128334710926e-08,2.9537081470141016e-08,2.9614884956450857e-08,2.9650990723481541e-08,2.9754968337977403e-08,2.9799771847187351e-08,2.9919813289793797e-08,2.9986240105556172e-08,3.0111587720005675e-08,3.0212348964839611e-08,3.0335521115486958e-08,3.047953658994601e-08,3.059988635915889e-08,3.0774757153110947e-08,3.0900617368264521e-08,3.1132744964163829e-08,3.1281869159794674e-08,3.1547448401010592e-08
559.30362429767843,2.5706830331963249e-08,2.5736051575768991e-08,2.5720949748970351e-08,2.5754731718488112e-08,2.5761947314338965e-08,2.5793479098792406e-08,2.5824883011899523e-08,2.5851922503855769e-08,2.5914156011482524e-08,2.5940558923348914e-08,2.6025782742886833e-08,2.6060282543364198e-08,2.616025023991983e-08,2.6214422473350672e-08,2.6306977239935921e-08,2.6392000083844472e-08,2.649738280700864e-08,2.66212445462332e-08,2.6725633135368798e-08,2.6890623655529897e-08,2.7001117821213311e-08,2.7203631929235451e-08,2.7335212800976352e-08,2.7567477832836709e-08
579.65334837701255,2.251221030045384e-08,2.2534128863230252e-08,2.2518828668200049e-08,2.2546888316121207e-08,2.2553172895640322e-08,2.2581613514966077e-08,2.2613969158737958e-08,2.2640820955782508e-08,2.269916578095596e-08,2.2727158394391517e-08,2.2806809210824432e-08,2.2842843903740639e-08,2.2935928029868199e-08,2.2989253479067766e-08,2.3076512971776514e-08,2.3156114157662361e-08,2.325288051311606e-08,2.3364865791588273e-08,2.3449184652617888e-08,2.3594162924843801e-08,2.3690928882828984e-08,2.3866186923114131e-08,2.3978762145370272e-08,2.4177486647285196e-08
600.74347758178226,1.9838042645994695e-08,1.9868235088724671e-08,1.9865425390395638e-08,1.9899813258816498e-08,1.9914011129234903e-08,1.9946232720732295e-08,1.9980199902880878e-08,2.0007521155454566e-08,2.0060404408569696e-08,2.0075244795193271e-08,2.0142726838150334e-08,2.0169864557088683e-08,2.0245188252828589e-08,2.0283826348372822e-08,2.0360224175781753e-08,2.041918832260646e-08,2.0492363146770894e-08,2.0578289464047612e-08,2.0648660919997397e-08,2.0764295787564085e-08,2.0826948928811227e-08,2.0969971414592885e-08,2.1059686033139506e-08,2.1226164134626087e-08
622.60095083988949,1.7529632437133548e-08,1.7550871364850791e-08,1.7542698812805964e-08,1.7566856337961588e-08,1.7573235493303571e-08,1.7595523866598996e-08,1.7619652788549746e-08,1.7638456626810524e-08,1.7680297602698514e-08,1.7689723487250564e-08,1.7745998514098228e-08,1.7768009717179789e-08,1.7833249150718371e-08,1.7867485819773703e-08,1.7935857688920927e-08,1.7989979517359089e-08,1.8057521640295338e-08,1.8137011394917663e-08,1.8203617984085402e-08,1.8310328675692246e-08,1.8380993757117527e-08,1.8512867525966904e-08,1.8597788135790543e-08,1.8749951201466747e-08
645.25368722619839,1.547330292118055e-08,1.5485328938894764e-08,1.5470822169899069e-08,1.5477592359397063e-08,1.5474867317850482e-08,1.5486207806674097e-08,1.5499400350736485e-08,1.5508643326533119e-08,1.5538853628837591e-08,1.5549009008033587e-08,1.5594272956926877e-08,1.5611088442291695e-08,1.5667171189461936e-08,1.5697743693950886e-08,1.5759678017993918e-08,1.5810587111015836e-08,1.5874583902172196e-08,1.5950078294539507e-08,1.6015304446764106e-08,1.6116111000786301e-08,1.6185871268281637e-08,1.6309073118858566e-08,1.6391067723269849e-08,1.6531205367759875e-08
668.73062162424412,1.3555620576987532e-08,1.3570965389647638e-08,1.3563751755064305e-08,1.3575361312401051e-08,1.3578578258858533e-08,1.3593822624741007e-08,1.3610256031026079e-08,1.3622707298636353e-08,1.3652574453338479e-08,1.3664166435649588e-08,1.3705223365044483e-08,1.3720507161462617e-08,1.3768801251543786e-08,1.3793806414956738e-08,1.3845055449269918e-08,1.3885686459165492e-08,1.393692672380098e-08,1.3997351380832385e-08,1.4048440248072818e-08,1.4129987524924992e-08,1.4184540051808813e-08,1.428548687296919e-08,1.4351007445389478e-08,1.4462320739583572e-08
693.06174168545101,1.1911583868730573e-08,1.1919796353567717e-08,1.1907930065450673e-08,1.191705358222564e-08,1.1910385794484425e-08,1.191816197110545e-08,1.1927403799978815e-08,1.1933882668906711e-08,1.1956240028631118e-08,1.1963739155818401e-08,1.1997776863475161e-08,1.2010605372129828e-08,1.2053116570846876e-08,1.2076531649804663e-08,1.2123672664583491e-08,1.2162481977443223e-08,1.2211231848174159e-08,1.2268449924642422e-08,1.2317971802831319e-08,1.2393957624741089e-08,1.2446520715068878e-08,1.2538908468386761e-08,1.2600121596865587e-08,1.2704685951382168e-08
718.27812613307788,1.0460722952025832e-08,1.0469730146863906e-08,1.0462304392950227e-08,1.0474145712812809e-08,1.0476401116901127e-08,1.0488595998073714e-08,1.0502543144137646e-08,1.0514204680240734e-08,1.0539765846000713e-08,1.0552001000947199e-08,1.0587008626109645e-08,1.0602711620569943e-08,1.0643547832748634e-08,1.0666626384188329e-08,1.0709362802758995e-08,1.0738253307764675e-08,1.0779825868046083e-08,1.0827559852508682e-08,1.0867548585807765e-08,1.0929649805156965e-08,1.0965512596734523e-08,1.1040442578766959e-08,1.108767082606734e-08,1.1172729239559195e-08
744.41198445982059,9.2220751154916542e-09,9.2315456647008767e-09,9.2261670832502127e-09,9.2371467199650007e-09,9.2392000955010111e-09,9.2494402172398505e-09,9.2606994799406331e-09,9.2695146826588058e-09,9.2900912584481868e-09,9.2987037106167202e-09,9.3270165946635238e-09,9.3383304297590865e-09,9.3716206182089395e-09,9.3894831620098054e-09,9.4247466295843945e-09,9.4486600320925745e-09,9.4837006880434116e-09,9.5245906333088753e-09,9.5592201336937386e-09,9.613745552487481e-09,9.6502446506920025e-09,9.7171877349872936e-09,9.7604589759071273e-09,9.8372094012582224e-09
771.49669806976499,8.1324131290358599e-09,8.1435429476466471e-09,8.1416432569283298e-09,8.153849380355873e-09,8.1580085082861697e-09,8.1689588113148699e-09,8.1803803964010033e-09,8.1891894993977535e-09,8.2044095704237371e-09,8.2118845657372201e-09,8.2359737672095448e-09,8.2447049477287968e-09,8.2721217202486041e-09,8.2856043484298269e-09,8.3139416633462842e-09,8.3357187358147275e-09,8.3634414119930587e-09,8.3961516292318811e-09,8.4234283929517789e-09,8.4681302572864846e-09,8.4973263900212353e-09,8.553329430415358e-09,8.5890285418069746e-09,8.6543305020708901e-09
799.56686291725964,7.152254206748386e-09,7.1591218898199235e-09,7.155156892571209e-09,7.1641941442582204e-09,7.1668797710713883e-09,7.1732694473215178e-09,7.1835961320599641e-09,7.1923799318379927e-09,7.2102380569457995e-09,7.2190531441422307e-09,7.2428113457657147e-09,7.2534170005207361e-09,7.2805303430705914e-09,7.2954387067580319e-09,7.323234544682122e-09,7.3449870966173919e-09,7.3715832709904741e-09,7.4020107382582589e-09,7.4271357752375786e-09,7.4668437085765541e-09,7.4923426329732111e-09,7.5406177918815615e-09,7.5705017821292315e-09,7.6257139357987537e-09
828.65833369715347,6.2956686582439202e-09,6.3026182021302425e-09,6.3000654784456812e-09,6.3088027359181099e-09,6.311893026718059e-09,6.3206983311311828e-09,6.3303207618859401e-09,6.3383873533887775e-09,6.3542241956430351e-09,6.3619406651148954e-09,6.3825113048973821e-09,6.3913885871617025e-09,6.4144634805574779e-09,6.4241950195370774e-09,6.4474062295093691e-09,6.4651758420052226e-09,6.4870600502908108e-09,6.5121685097375981e-09,6.5326100905929111e-09,6.5624108523589658e-09,6.5830374087842963e-09,6.6235161144039077e-09,6.6480412697750811e-09,6.694746561048022e-09
858.80826964286234,5.5465163260881578e-09,5.553893262525084e-09,5.5521756884169705e-09,5.5594397108083785e-09,5.5609770530291348e-09,5.5667334021211861e-09,5.5725402838707229e-09,5.5764588648252351e-09,5.5867411784813522e-09,5.5897380204865919e-09,5.6038510060064071e-09,5.6079198172665455e-09,5.6246188004458603e-09,5.6323499171638102e-09,5.6502692034985248e-09,5.6611143183166526e-09,5.6792667002037757e-09,5.7010146487792516e-09,5.7195672434340317e-09,5.7499008663088394e-09,5.770260806632144e-09,5.8085251952244912e-09,5.8334648010249356e-09,5.8780502224799972e-09
890.05518199074425,4.8722395532035034e-09,4.8784078303962339e-09,4.8779397698693735e-09,4.885654478502038e-09,4.8885808641034372e-09,4.8954252286154349e-09,4.902387887512679e-09,4.9077858313504707e-09,4.9186754201823715e-09,4.9231150684570348e-09,4.9370780450653075e-09,4.9420181756317568e-09,4.9577199162393476e-09,4.9652143637118982e-09,4.9812974744529873e-09,4.9934473810627628e-09,5.0090660422529845e-09,5.027457400079839e-09,5.0427485555202189e-09,5.0680499487842576e-09,5.084414373234653e-09,5.1162676991469173e-09,5.1363729661126241e-09,5.173641325707844e-09
922.43898317142953,4.2986333800100257e-09,4.3026204086399084e-09,4.2998858945138144e-09,4.3043270799025552e-09,4.3047016167705463e-09,4.3086628677483892e-09,4.3130049478699514e-09,4.316257566882838e-09,4.3246973568060844e-09,4.3278549282868431e-09,4.3397650357492826e-09,4.3441745880082056e-09,4.3583954942126709e-09,4.3658008624150027e-09,4.3786987498036552e-09,4.3906704314520574e-09,4.4058919284613958e-09,4.4236627607117983e-09,4.4387953814135645e-09,4.4626656078470498e-09,4.4786499153796856e-09,4.5080311501566371e-09,4.5269482025700946e-09,4.5606216919955424e-09
956.00103779092444,3.7740343683995191e-09,3.7776024058394598e-09,3.7755020797144165e-09,3.7790295567716138e-09,3.7798600406466426e-09,3.7839354215078724e-09,3.7883724157911428e-09,3.79191521773434e-09,3.7999253511979787e-09,3.8033064020355023e-09,3.8142006664757195e-09,3.8184438350634788e-09,3.8310872394397774e-09,3.837606327890806e-09,3.8507913697756035e-09,3.8610022192619607e-09,3.8738884004384418e-09,3.8888148840986354e-09,3.9013260983447812e-09,3.922781110468794e-09,3.9343920788404568e-09,3.9590895535237701e-09,3.9746794011603437e-09,4.0031814525873666e-09
990.7842154666115,3.331303774012969e-09,3.3341023497287549e-09,3.3315062441608215e-09,3.3341113654525778e-09,3.3333919115642943e-09,3.3352124138364466e-09,3.3357421463036481e-09,3.3367424047463451e-09,3.3416063244923709e-09,3.3424960965943969e-09,3.3500713164376188e-09,3.3520756350508257e-09,3.3616761185991609e-09,3.3662876060605845e-09,3.3770756162213381e-09,3.3856766179952025e-09,3.3970106854959263e-09,3.4105095183796594e-09,3.4222734419280584e-09,3.4408647685263806e-09,3.4536901038161559e-09,3.4768256879764113e-09,3.4921449187236275e-09,3.5187473441592029e-09
1026.8329455856465,2.9365258263761886e-09,2.9382367586346884e-09,2.9354850538461808e-09,2.9376035403847183e-09,2.937097551552071e-09,2.9391197477510829e-09,2.9415320609930398e-09,2.9433820593241077e-09,2.9488513910444838e-09,2.9509618314612013e-09,2.9590693116160948e-09,2.9623067989613611e-09,2.9722219559949904e-09,2.9776721383739657e-09,2.9884313310779434e-09,2.997101873524941e-09,3.0079530729940811e-09,3.0204856141881386e-09,3.0312080093414327e-09,3.0476914192475394e-09,3.0570894592922906e-09,3.0769770662479731e-09,3.0897507931077622e-09,3.1122590532696058e-09
1064.1932740556724,2.57841972391284e-09,2.5812197574333145e-09,2.5801914251745591e-09,2.5833989712739452e-09,2.5842657460452062e-09,2.5872287588420226e-09,2.590377222035198e-09,2.5928479644975471e-09,2.5982470103590844e-09,2.600481779227253e-09,2.6076853270305417e-09,2.6103967240012019e-09,2.6186792548242295e-09,2.6228514412920674e-09,2.6314507873536892e-09,2.6380701748394747e-09,2.6464701978601139e-09,2.6562534764581623e-09,2.6644385588172324e-09,2.6767045493544177e-09,2.6852918432891649e-09,2.7016385177914561e-09,2.7119435710092716e-09,2.7308601439614234e-09
1102.9129221203705,2.2642096260717406e-09,2.2658511435329795e-09,2.2634263948376936e-09,2.2657308916681444e-09,2.2661931713780989e-09,2.268714303674626e-09,2.2716012074440505e-09,2.2741328728934323e-09,2.2793938609633169e-09,2.2820927435710588e-09,2.2892463122969387e-09,2.2926012013631454e-09,2.3008671126814638e-09,2.3055607902027668e-09,2.3140918988700295e-09,2.3207962739825601e-09,2.3289552850673132e-09,2.3381252217617829e-09,2.3457358918244249e-09,2.3574703820553326e-09,2.3649807398152937e-09,2.3790046586822928e-09,2.3875156267695423e-09,2.4033080323201342e-09
1143.0413473149401,1.9997233348322224e-09,2.0010760202519525e-09,1.9989439717604763e-09,2.000702458068162e-09,2.0007566507346838e-09,2.002541828941115e-09,2.0045816280433114e-09,2.0062588352581117e-09,2.0102992051305502e-09,2.0120766176305008e-09,2.017773814007274e-09,2.0201647048508705e-09,2.0269202778128007e-09,2.0306080417606376e-09,2.0377580142963317e-09,2.0434029470461934e-09,2.0504456023641665e-09,2.0584902043021581e-09,2.0652965309361868e-09,2.0758385978572082e-09,2.0827890909354274e-09,2.0955578424727622e-09,2.1035688355528696e-09,2.118041690968883e-09
1184.6298066394043,1.7563796393844922e-09,1.7589225868519455e-09,1.7588921986030621e-09,1.7616370861790309e-09,1.7627538075726647e-09,1.7651803162668897e-09,1.7676250392323518e-09,1.7695072473803732e-09,1.7726488925139767e-09,1.7741038555967709e-09,1.7787298731765681e-09,1.7802484059194234e-09,1.7853633040688195e-09,1.7876347954608814e-09,1.7927833173285077e-09,1.7965286058858779e-09,1.8014420227814468e-09,1.8072235445068443e-09,1.8119758189949443e-09,1.8200592330464525e-09,1.8251574341503554e-09,1.8354696977869564e-09,1.8418503983880859e-09,1.8540563644843413e-09
1227.7314220303958,1.5478741431228672e-09,1.5496362624836126e-09,1.5491861917507057e-09,1.5512277594848011e-09,1.5516220504011784e-09,1.5535333078151763e-09,1.5555411657521652e-09,1.5571656387014434e-09,1.5604711771141492e-09,1.5619202713495974e-09,1.5662285966864392e-09,1.5678768771230033e-09,1.5727301816895038e-09,1.5751158151554507e-09,1.5800394042932999e-09,1.5837144706616038e-09,1.5883888352489508e-09,1.5937662693833233e-09,1.5981792208871076e-09,1.6054242819513241e-09,1.6099636780388072e-09,1.6189685600771363e-09,1.6244280765152449e-09,1.6348867592022327e-09
1272.4012482150895,1.3640737391524074e-09,1.3653925032133059e-09,1.3647215739960388e-09,1.3661922631941757e-09,1.3662705918138078e-09,1.3675849040524946e-09,1.3689842665543189e-09,1.370065534574182e-09,1.3726493199733587e-09,1.3736587811850822e-09,1.3772287796113278e-09,1.3785499269451131e-09,1.3827543461438396e-09,1.3848959019228512e-09,1.3893486289723669e-09,1.392807741864866e-09,1.3972320688585016e-09,1.4023577315599891e-09,1.4067168489293575e-09,1.4136154833200123e-09,1.4181959506934076e-09,1.4267131039304344e-09,1.4321366496710937e-09,1.4419289261578393e-09
1318.6963430339215,1.1989412932067618e-09,1.1998188924017912e-09,1.198974121107045e-09,1.1999291102262417e-09,1.1999160631541385e-09,1.2008746547823869e-09,1.2019426829454479e-09,1.2027745953686474e-09,1.2049537197795395e-09,1.2058020058510529e-09,1.2089156083936207e-09,1.210100979994979e-09,1.2138234579449152e-09,1.2157626832653599e-09,1.2197264787945509e-09,1.2228180139604384e-09,1.2267445965506002e-09,1.232197848617634e-09,1.236033571630176e-09,1.2410638831111191e-09,1.2449975231052586e-09,1.2523071647328656e-09,1.256879361215778e-09,1.2652031851592585e-09
1366.6758403219349,1.0579153951347203e-09,1.0591733865975917e-09,1.0589189817020042e-09,1.0603113926789694e-09,1.0607598226548473e-09,1.0620057516638184e-09,1.063284379475087e-09,1.0642659220505763e-09,1.0663458747360848e-09,1.0671494366378909e-09,1.0698486385397844e-09,1.0707485661534959e-09,1.0737866965764616e-09,1.0751739083127306e-09,1.0782664491676126e-09,1.0805435700558385e-09,1.0835112530162435e-09,1.0869850584846474e-09,1.0898496061712937e-09,1.0946538927683418e-09,1.0976948001888251e-09,1.1037705854731906e-09,1.1075245805060427e-09,1.1146677328273131e-09
1416.4010254418536,9.2975017163427496e-10,9.305762243885774e-10,9.3008806956358398e-10,9.31048675615752e-10,9.3121358431795141e-10,9.3210870009334361e-10,9.3307742797852462e-10,9.3384047853401863e-10,9.3561644861817517e-10,9.3634455702155148e-10,9.3878265215748924e-10,9.3971869435583084e-10,9.4257118583967992e-10,9.4404145270380116e-10,9.4703995026204136e-10,9.4936510032056194e-10,9.5231760739483869e-10,9.5572385528058627e-10,9.5860314844881524e-10,9.6344309904962313e-10,9.6644548743337775e-10,9.7206623720285995e-10,9.7560922764476925e-10,9.8206813682740965e-10
1467.9354135653359,8.1970717005761299e-10,8.2053498368499255e-10,8.2017009935713477e-10,8.2102462515784048e-10,8.2113493826672132e-10,8.2183742578352753e-10,8.2279655507779773e-10,8.2329770098262846e-10,8.2465172067576215e-10,8.2506146517971352e-10,8.2695459625804681e-10,8.2751931101656328e-10,8.2977077226815575e-10,8.3081441050374756e-10,8.3322528311884406e-10,8.3506521449043893e-10,8.3749852160323575e-10,8.4036184971829201e-10,8.4281502402613613e-10,8.4677968967161624e-10,8.4943063160367754e-10,8.5441268312834093e-10,8.5762471632716683e-10,8.6341977036273805e-10
1521.3448308024374,7.2100285543848295e-10,7.2158741007015198e-10,7.2119877437432924e-10,7.2196194825612631e-10,7.2214842235278831e-10,7.2293044686812323e-10,7.2379627674702652e-10,7.2452833287450845e-10,7.260544912059602e-10,7.2678476691423271e-10,7.2883114140783779e-10,7.2971503322249076e-10,7.3205950653521684e-10,7.3331620041815193e-10,7.3572214658967731e-10,7.375712542164733e-10,7.3986703701252007e-10,7.4246401213939493e-10,7.446149302972393e-10,7.4800655189079831e-10,7.5015981459179498e-10,7.5427659704959912e-10,7.5676759426522642e-10,7.6145971317475572e-10
1576.6974982828699,6.3657995947769843e-10,6.3634650985535356e-10,6.3590204176597212e-10,6.3643269477841626e-10,6.364311369188078e-10,6.3692770356023776e-10,6.374814788950167e-10,6.3790848923724974e-10,6.3902811884227503e-10,6.3945610706879908e-10,6.4104797109783393e-10,6.4164051329932347e-10,6.4353692199197495e-10,6.4450935278841104e-10,6.4652338438094014e-10,6.4808385006074947e-10,6.5007637665904139e-10,6.5236727616615163e-10,6.5430777559863775e-10,6.5736648818360904e-10,6.5937332875779528e-10,6.6312547067737639e-10,6.6547345085388784e-10,6.6976646209084727e-10
1634.0641192964952,5.6001367544878885e-10,5.6044205438620048e-10,5.6010763608009724e-10,5.6064357485595905e-10,5.6072101555297538e-10,5.6124356601595861e-10,5.6181834682762289e-10,5.6228289769718329e-10,5.6335246316405717e-10,5.6380977978440715e-10,5.6528304010870377e-10,5.65870328512105e-10,5.6759577176636268e-10,5.6850063244574887e-10,5.7031451825555895e-10,5.7172271458426891e-10,5.7350727803282171e-10,5.7554979332234636e-10,5.7728523270379392e-10,5.8000151311755064e-10,5.8179852849761136e-10,5.8512887955974304e-10,5.8723336730503995e-10,5.9104646730422886e-10
1693.5179696043303,4.9293978532590247e-10,4.9354827663940465e-10,4.9347768029555684e-10,4.9415607578976958e-10,4.944113682776299e-10,4.9503230023169081e-10,4.9566939712514745e-10,4.9617710514160429e-10,4.9718018505274272e-10,4.9760952255701197e-10,4.9889271631293531e-10,4.9936198262338341e-10,5.0079432166452655e-10,5.0147423708482423e-10,5.0292222983015745e-10,5.0398917270684377e-10,5.0536650005142706e-10,5.0695493814559246e-10,5.0826597160444375e-10,5.1043374028676323e-10,5.117997184435623e-10,5.1451890290469648e-10,5.1559587810737272e-10,5.1876175677905833e-10
1755.1349910354293,4.337852541057318e-10,4.3410878091999794e-10,4.3385082357161786e-10,4.3425239065347798e-10,4.3430692806071527e-10,4.3470112207991151e-10,4.3513771978478662e-10,4.3549397612323531e-10,4.3631199280999881e-10,4.3666846565599806e-10,4.3779661253814402e-10,4.382529163027537e-10,4.3957058020507303e-10,4.4052478485487009e-10,4.4190588054739176e-10,4.4296859325005994e-10,4.4430881660183886e-10,4.4583197529146878e-10,4.4710898473871851e-10,4.4911765409684842e-10,4.5041199041279774e-10,4.5286019022065647e-10,4.5436018971491333e-10,4.5715244803366779e-10
1818.993888489214,3.820025179951278e-10,3.8230207795285907e-10,3.8206160737267022e-10,3.8235847343359231e-10,3.8232105853565058e-10,3.8254894506497942e-10,3.8278807794975159e-10,3.829384411387535e-10,3.8347557740066822e-10,3.8360679978974961e-10,3.8440771047588968e-10,3.8463514218071309e-10,3.856242326532428e-10,3.8609278319882761e-10,3.8718165897978465e-10,3.8802868234879038e-10,3.8915151644716765e-10,3.904700288393309e-10,3.9161627844270998e-10,3.9343036634865205e-10,3.9466627280978155e-10,3.9692687929314641e-10,3.9839958956864663e-10,4.0100409486077424e-10
1885.1762304671172,3.3613595544736483e-10,3.3642290715958699e-10,3.3624896093686587e-10,3.3655729435090348e-10,3.3658069190558307e-10,3.3684280882016185e-10,3.371171326865325e-10,3.3731362459866299e-10,3.3784521370363956e-10,3.3801477559742833e-10,3.3876165605933113e-10,3.3899442522538113e-10,3.3988086749774289e-10,3.4029630540056483e-10,3.4123958404870845e-10,3.4195518935046946e-10,3.4289770346413378e-10,3.4399771713288305e-10,3.4493585357952915e-10,3.4644954797616908e-10,3.4745198654106491e-10,3.4934911434859498e-10,3.5055881980468838e-10,3.5262481092151321e-10
1953.766553261999,2.963536690895642e-10,2.965619613751308e-10,2.9636391110533648e-10,2.9658697781898973e-10,2.9656025283344322e-10,2.9674354517619973e-10,2.9693967685707622e-10,2.9707084832761901e-10,2.9749990385631418e-10,2.9761714510770972e-10,2.9824633105140515e-10,2.9843216495548341e-10,2.9919841737768025e-10,2.9955994438457247e-10,3.0039271315130534e-10,3.0103409726221395e-10,3.0188318878921535e-10,3.0287775824015426e-10,3.037385373725544e-10,3.0510985014200825e-10,3.0603897948762687e-10,3.0775669592861575e-10,3.0887433541617893e-10,3.1086775787209125e-10
2024.852468938368,2.6066984172985449e-10,2.6089911290055407e-10,2.6079151061220071e-10,2.6107710434002601e-10,2.6116010022554691e-10,2.6144435923951151e-10,2.6175177593181317e-10,2.6201011450007665e-10,2.6253600558900605e-10,2.6278615047638085e-10,2.6348522932169612e-10,2.6378363687924419e-10,2.6458416310136466e-10,2.6501079707806012e-10,2.658369552650946e-10,2.6647260887370142e-10,2.6727059030306945e-10,2.6817370005269829e-10,2.6893520171866276e-10,2.7012548332183564e-10,2.7090219151365119e-10,2.7235708915467988e-10,2.7326220895753826e-10,2.7492833201608132e-10
2098.524777241385,2.3027212126772523e-10,2.3039752442738007e-10,2.3021629390681278e-10,2.3037518302876505e-10,2.303522227501858e-10,2.305070947535877e-10,2.3068608099810432e-10,2.3082927455803936e-10,2.3121828933541082e-10,2.3137785301788515e-10,2.3194798760777066e-10,2.3218267189329154e-10,2.328776852227114e-10,2.3326210676699122e-10,2.340168577302909e-10,2.3462086289641827e-10,2.3538393208155493e-10,2.3625237456751546e-10,2.3700710898910872e-10,2.3814633816742755e-10,2.3865592399409505e-10,2.4003016678476817e-10,2.409171816005803e-10,2.4246535398883537e-10
2174.8775815775493,2.0124932544381558e-10,2.0144705437133257e-10,2.0139022532789143e-10,2.0162694451054172e-10,2.017081372683234e-10,2.0193724189921655e-10,2.0217909593408297e-10,2.0237929950393075e-10,2.0277513611652336e-10,2.0295774173621173e-10,2.0347219212222322e-10,2.0367879139983946e-10,2.0425760356910147e-10,2.0454865542900811e-10,2.0513560136851844e-10,2.0557336107808333e-10,2.0612992120054186e-10,2.067609560642717e-10,2.0728389340489491e-10,2.0812654438093307e-10,2.0865862476120739e-10,2.0969997910586462e-10,2.1033076715986374e-10,2.1153523125570062e-10
2254.0084092152333,1.7831525607015118e-10,1.7849018946826772e-10,1.7843085011097376e-10,1.7862757708448799e-10,1.786795364719879e-10,1.7885878461189203e-10,1.7904543255910184e-10,1.7919226179662824e-10,1.7951211989181829e-10,1.7964159089289749e-10,1.8006814587953545e-10,1.8022244250573825e-10,1.8071208169456184e-10,1.8094944111680619e-10,1.8145574350834508e-10,1.8183448968623874e-10,1.823250749617365e-10,1.8288761612232548e-10,1.8335935128139901e-10,1.8412081896821328e-10,1.8460940644450714e-10,1.8555524948489857e-10,1.8613625952212311e-10,1.8723011030154441e-10
2336.0183358586128,1.5590616359715577e-10,1.5599193790448015e-10,1.5588234892025427e-10,1.5600037721010045e-10,1.5600319247910768e-10,1.5612574804951912e-10,1.5626600089190283e-10,1.5638417133251228e-10,1.5666324517076279e-10,1.5679140230346212e-10,1.571865865736304e-10,1.5735960286259566e-10,1.5783099138190585e-10,1.5809503830721823e-10,1.5859789375365893e-10,1.5899726682028589e-10,1.5949714606992971e-10,1.6006116314307763e-10,1.605477464060106e-10,1.6128181353878711e-10,1.6177806848352742e-10,1.6266242190996082e-10,1.6322637236608503e-10,1.6422355879688877e-10
2421.012114754074,1.3794585405284859e-10,1.3807691409832475e-10,1.3802856384282716e-10,1.3817264728964736e-10,1.3820541292242094e-10,1.3833326121081408e-10,1.3846529449460554e-10,1.3856591181554486e-10,1.3879639642700996e-10,1.3888147515596025e-10,1.3919056629263819e-10,1.3929230807861411e-10,1.3964734014825162e-10,1.3981021260738626e-10,1.4017649865915175e-10,1.4044536181083761e-10,1.4079914740415411e-10,1.4120709778602056e-10,1.4154714295486231e-10,1.4210702574828611e-10,1.4246176983265078e-10,1.4316420256590707e-10,1.4359250491798774e-10,1.444117171252642e-10
2509.0983104940628,1.2124411025445709e-10,1.2139784397792677e-10,1.2139565443968625e-10,1.2156187496785733e-10,1.2163024406144022e-10,1.2178075265063554e-10,1.2193311232954017e-10,1.2205590113788519e-10,1.222895180185322e-10,1.2239288917339084e-10,1.2268886863582144e-10,1.2279962067654026e-10,1.2312835701109442e-10,1.2328471247793048e-10,1.2361540272669978e-10,1.2385651569244066e-10,1.2416844718364184e-10,1.2452371743534422e-10,1.2481632897788598e-10,1.2529779472990834e-10,1.2559692381976703e-10,1.2619741671422718e-10,1.2655574833570094e-10,1.2725394788098409e-10
2600.3894376892281,1.0702643177110475e-10,1.0713814197147011e-10,1.0710787667174835e-10,1.0722046294325622e-10,1.0724259326380188e-10,1.0733255843307477e-10,1.0742057512820163e-10,1.0747981725246598e-10,1.0763409580531504e-10,1.0767326150574742e-10,1.0771662963415145e-10,1.077629815841312e-10,1.0800124655807627e-10,1.0809270006143452e-10,1.0834034364505773e-10,1.0851528040441276e-10,1.0875845102748185e-10,1.0904624872296568e-10,1.092878351718655e-10,1.0970185324926214e-10,1.0996639356089015e-10,1.1050200456252994e-10,1.1083593201854596e-10,1.1147457374720895e-10
2695.0021046860479,9.4243738395660031e-11,9.4318559149466773e-11,9.4270548171957415e-11,9.4350760528913205e-11,9.4355503388045644e-11,9.442467018295342e-11,9.4497838073512823e-11,9.4552189122066774e-11,9.4696820620591421e-11,9.4747534762297438e-11,9.4953389478471281e-11,9.5024680630740222e-11,9.5271842416940841e-11,9.5394965825534636e-11,9.56607689192914e-11,9.586577954595748e-11,9.6133242642178779e-11,9.6440757631806933e-11,9.6706406772666852e-11,9.7122044310354793e-11,9.7401095820605056e-11,9.7914357903459566e-11,9.8241681838949786e-11,9.8830434623615174e-11
2793.0571625134503,8.3275125961640727e-11,8.3305096317290463e-11,8.3229223281324337e-11,8.3266065456879987e-11,8.32394624470425e-11,8.3271469184882158e-11,8.3310013558060369e-11,8.3335994042092062e-11,8.3444039325712225e-11,8.3475145166085447e-11,8.3644856934307423e-11,8.3702717103777786e-11,8.3917103450257356e-11,8.4028613514736724e-11,8.4267539169510211e-11,8.4457725113413115e-11,8.470524624698886e-11,8.4990296305658176e-11,8.5241581299591747e-11,8.5624196906100548e-11,8.589012331599597e-11,8.6358819580470346e-11,8.6667068569887075e-11,8.7200241022540514e-11
2894.6798592487494,7.3100934066689855e-11,7.3164954447381758e-11,7.3140740644108592e-11,7.3218235437307619e-11,7.3242159505126122e-11,7.3317993161048223e-11,7.3398822841121687e-11,7.3466561580408523e-11,7.3602824479811657e-11,7.3667007352127788e-11,7.3847069076071604e-11,7.392230755074079e-11,7.412763130748802e-11,7.4234620975027117e-11,7.4445478250423269e-11,7.46051314638566e-11,7.480739614692702e-11,7.503486323972818e-11,7.5226122787727334e-11,7.5526620637089012e-11,7.5720048558516434e-11,7.6087912355682883e-11,7.6312783829943115e-11,7.6734527668593635e-11
2999.9999999999977,6.4886462831088635e-11,6.4944098220672928e-11,6.491439969049558e-11,6.4967102566882413e-11,6.4964391422258961e-11,6.5001159297884423e-11,6.503657278529728e-11,6.5055856023442885e-11,6.5132831910600018e-11,6.5144021536435218e-11,6.525774714274895e-11,6.5279561491523805e-11,6.541919343842838e-11,6.5475393005629002e-11,6.5628421416621972e-11,6.5741907639354591e-11,6.5899540247116039e-11,6.6086544701281859e-11,6.6248656775445742e-11,6.6514762367114344e-11,6.669306524694258e-11,6.7032359498312573e-11,6.7250904039115102e-11,6.7648801601558874e-11
